timeframe,preset,cross_lb,exit,sl_atr,trades,win_rate,exposure,is_ret,is_sharpe,is_bh,oos_ret,oos_sharpe,oos_dd,oos_bh,oos_trades,oos_excess,full_ret,full_sharpe,full_dd,full_bh
1h,standard,1,tp + no trail,2.0,240,0.32083333333333336,0.11383006932080761,-0.17772015265549457,-0.8158599007544591,2.6918738645915243,-0.19633025096801549,-2.6584095137089587,-0.20488026722724573,-0.20250797394969577,63,0.006177722981680289,-0.33915856145058276,-1.298799770219704,-0.3722839475140065,1.9735278327594155
1h,standard,1,tp + no trail,4.0,238,0.29831932773109243,0.16087730595855904,-0.011688949757008738,-0.03322345400336441,2.6918738645915243,-0.1731940031870256,-3.648871629644712,-0.17465927856138008,-0.20250797394969577,61,0.029313970762670172,-0.18285849694256606,-0.8946275216117318,-0.23078863054168675,1.9735278327594155
1h,standard,1,no tp + kijun,2.0,243,0.25102880658436216,0.11360278798439334,0.046739002461767765,0.22682696244286982,2.6918738645915243,-0.06999810191724043,-0.63788484971009,-0.19993007629804582,-0.20250797394969577,64,0.13250987203245534,-0.026530740913301654,-0.003358287421650258,-0.3899938008709565,1.9735278327594155
1h,standard,1,no tp + kijun,4.0,241,0.25311203319502074,0.11489071555740747,-0.0001459540204085119,0.03598685865133458,2.6918738645915243,0.01573884284164917,0.2417824212099617,-0.11996755909632395,-0.20250797394969577,62,0.21824681679134494,0.01559059167385124,0.10464797088251675,-0.25198543510386784,1.9735278327594155
1h,standard,1,no tp + atr,2.0,241,0.29045643153526973,0.12651994393727034,-0.04046186745084901,-0.08625437624667383,2.6918738645915243,-0.16447877926691556,-1.9387652815372656,-0.195234301810579,-0.20250797394969577,63,0.03802919468278021,-0.19828552815258915,-0.5426917695519742,-0.34858784502747053,1.9735278327594155
1h,standard,1,no tp + atr,4.0,242,0.29338842975206614,0.1325428993522482,-0.05251177732629497,-0.32123938045796263,2.6918738645915243,-0.08357049365764047,-1.4499745334869716,-0.11751018973592464,-0.20250797394969577,63,0.11893748029205531,-0.13169383582993688,-0.6371541356166828,-0.22380449401800673,1.9735278327594155
1h,standard,1,tp + kijun,2.0,244,0.26639344262295084,0.07909390507216182,-0.18395535972254007,-1.0069939496543117,2.6918738645915243,-0.17045444299486345,-2.6918819054989864,-0.18667747393683753,-0.20250797394969577,65,0.03205353095483232,-0.3230537943399783,-1.4429424352081432,-0.3596465281124388,1.9735278327594155
1h,standard,1,tp + kijun,4.0,243,0.25102880658436216,0.09913254289935225,-0.06980075128926877,-0.5310467143818494,2.6918738645915243,-0.10313891122841667,-2.5814148457744728,-0.11741209771015426,-0.20250797394969577,64,0.0993690627212791,-0.16574048902678473,-1.0258277094330976,-0.22834760849571,1.9735278327594155
1h,standard,3,tp + no trail,2.0,322,0.32298136645962733,0.1572786847986666,-0.24053124459858832,-0.962575359321195,2.6918738645915243,-0.2097266319000618,-2.4746569234910374,-0.21637420481893865,-0.20250797394969577,79,-0.007218657950366025,-0.3998120687022584,-1.34682591947032,-0.4187306686625857,1.9735278327594155
1h,standard,3,tp + no trail,4.0,307,0.2964169381107492,0.21364445622940262,-0.054322266489650106,-0.2608631523857853,2.6918738645915243,-0.1605339649552976,-2.7443425201760605,-0.16202238465805585,-0.20250797394969577,76,0.04197400899439818,-0.20613566262000582,-0.8910124781068804,-0.2580413161715175,1.9735278327594155
1h,standard,3,no tp + kijun,2.0,336,0.25892857142857145,0.1536800636387742,0.08103207419448455,0.3143845064993329,2.6918738645915243,-0.14569689208242653,-1.3376403037646212,-0.2327687216335409,-0.20250797394969577,85,0.05681108186726924,-0.07647093925707082,-0.10555127496568516,-0.42547929879975444,1.9735278327594155
1h,standard,3,no tp + kijun,4.0,334,0.25748502994011974,0.15508163187999546,0.014868227168751025,0.1252401356304008,2.6918738645915243,-0.036320146778213824,-0.40744597225064144,-0.15093427634496215,-0.20250797394969577,83,0.16618782717148195,-0.021991935802563645,-0.04294181172666934,-0.29015379760984283,1.9735278327594155
1h,standard,3,no tp + atr,2.0,313,0.2939297124600639,0.1673169438236297,-0.006734119308204778,0.05346495933268146,2.6918738645915243,-0.22094866127147983,-2.433915630390545,-0.22410568154699662,-0.20250797394969577,79,-0.018440687321784055,-0.2261948859336943,-0.5406378846960165,-0.43026738861043057,1.9735278327594155
1h,standard,3,no tp + atr,4.0,311,0.3022508038585209,0.17387022235690747,-0.018982569801097582,-0.06955380542639698,2.6918738645915243,-0.12203318948787611,-2.0817681277473645,-0.1390273659605834,-0.20250797394969577,76,0.08047478446181966,-0.13869925575146957,-0.5946199055771623,-0.26485150352939857,1.9735278327594155
1h,standard,3,tp + kijun,2.0,344,0.2703488372093023,0.11174665707034358,-0.24737523761539115,-1.1753315747318478,2.6918738645915243,-0.202607888230535,-2.7828097786165547,-0.20867172914554544,-0.20250797394969577,87,-9.99142808392195e-05,-0.399862951352145,-1.5822747932572816,-0.427147697423201,1.9735278327594155
1h,standard,3,tp + kijun,4.0,335,0.2626865671641791,0.1360657600666692,-0.07021527197437771,-0.4552886541242293,2.6918738645915243,-0.14711737914195377,-3.2613565570068435,-0.14853273980059334,-0.20250797394969577,84,0.055390594807742,-0.20700276432772158,-1.1372523977310998,-0.2844294417084823,1.9735278327594155
1h,crypto,1,tp + no trail,2.0,202,0.3316831683168317,0.10746619190120837,-0.14554196993744284,-0.6744416099874156,2.6918738645915243,-0.14775730310270907,-1.9717235778909852,-0.1503739785250836,-0.20250797394969577,50,0.054750670846986704,-0.27179438407393974,-1.0195568973199125,-0.2911771112678958,1.9735278327594155
1h,crypto,1,tp + no trail,4.0,205,0.3073170731707317,0.15905905526724498,-0.0053225213497789525,0.001693923285711373,2.6918738645915243,-0.09182944343965371,-1.6823516699720025,-0.09240371516314894,-0.20250797394969577,54,0.11067853051004206,-0.09666320061618683,-0.4481739319197562,-0.16379932395526176,1.9735278327594155
1h,crypto,1,no tp + kijun,2.0,207,0.2463768115942029,0.11091329217015795,0.14343494154086733,0.5425761396394003,2.6918738645915243,-0.017126615460807737,-0.10443095232403383,-0.15229745998477318,-0.20250797394969577,55,0.18538135848888804,0.12385177099264566,0.3648419151731548,-0.31633076612939537,1.9735278327594155
1h,crypto,1,no tp + kijun,4.0,207,0.2463768115942029,0.11273154286147202,0.06325900154985353,0.4387074589647025,2.6918738645915243,0.04949188126025694,0.657839376992809,-0.0892495113471733,-0.20250797394969577,55,0.2519998552099527,0.11588168980345825,0.5113124982258456,-0.19408876614613157,1.9735278327594155
1h,crypto,1,no tp + atr,2.0,205,0.3073170731707317,0.12049698852229251,0.0614249126054951,0.2873583751117983,2.6918738645915243,-0.08122706919465794,-0.8989040721427497,-0.096652759281177,-0.20250797394969577,53,0.12128090475503783,-0.02479152221564529,-0.011418976551516996,-0.22712695678255934,1.9735278327594155
1h,crypto,1,no tp + atr,4.0,206,0.3058252427184466,0.12401984923671351,0.02554616631052853,0.2077109377565321,2.6918738645915243,-0.043186556684337685,-0.7367991968656732,-0.06809714500798092,-0.20250797394969577,54,0.1593214172653581,-0.018743641333246353,-0.0595145985204279,-0.13917906472142627,1.9735278327594155
1h,crypto,1,tp + kijun,2.0,203,0.27586206896551724,0.06973749005644153,-0.13258799750056915,-0.7406090970914514,2.6918738645915243,-0.12109934248058607,-1.885166710250843,-0.12688828948630582,-0.20250797394969577,50,0.0814086314691097,-0.23763102066301867,-1.0474377334258889,-0.28661757542417343,1.9735278327594155
1h,crypto,1,tp + kijun,4.0,207,0.2463768115942029,0.0930717072616387,-0.006950179758708375,-0.030102877456987073,2.6918738645915243,-0.07051789129916408,-1.7353061278133337,-0.0852452157368695,-0.20250797394969577,55,0.1319900826505317,-0.07697795903713811,-0.4685531469784692,-0.1670133279318019,1.9735278327594155
1h,crypto,3,tp + no trail,2.0,263,0.3231939163498099,0.14261903859994696,-0.17648976298685626,-0.7259441571006988,2.6918738645915243,-0.19840812141101694,-2.4631343942418584,-0.20087140160235972,-0.20250797394969577,65,0.004099852538678839,-0.3398808820753755,-1.1778142922573323,-0.3663757020816396,1.9735278327594155
1h,crypto,3,tp + no trail,4.0,256,0.30078125,0.19955301337171863,-0.04579192028005985,-0.23244918468802,2.6918738645915243,-0.09064040417152663,-1.5017077825085594,-0.09994657858003353,-0.20250797394969577,64,0.11186756977816914,-0.13228172628961143,-0.5670836732851819,-0.19561964247870378,1.9735278327594155
1h,crypto,3,no tp + kijun,2.0,276,0.2463768115942029,0.1443236486230539,0.10252815115537306,0.3866248402805029,2.6918738645915243,-0.031529702301640206,-0.21422259258096077,-0.1382029201657986,-0.20250797394969577,71,0.17097827164805557,0.06776576677026647,0.22393471286310396,-0.33914575892184773,1.9735278327594155
1h,crypto,3,no tp + kijun,4.0,274,0.24817518248175183,0.1458009773097466,0.03166970379925438,0.2251451265875963,2.6918738645915243,0.050810404520712726,0.6488251944059266,-0.07883883845741435,-0.20250797394969577,69,0.2533183784704085,0.08408925878105844,0.3633944720826981,-0.2124667454233372,1.9735278327594155
1h,crypto,3,no tp + atr,2.0,262,0.30916030534351147,0.1513693700518959,0.049188715351760504,0.23261925445355763,2.6918738645915243,-0.14050048065145693,-1.5227114651759763,-0.14122793853144378,-0.20250797394969577,67,0.06200749329823885,-0.09822280344924661,-0.1976408792588861,-0.2942644270240863,1.9735278327594155
1h,crypto,3,no tp + atr,4.0,261,0.31417624521072796,0.1556498352210311,0.005855524093787867,0.07438619766129165,2.6918738645915243,-0.034432929222209085,-0.5247261835370309,-0.08130713636154652,-0.20250797394969577,66,0.1680750447274867,-0.028779027975101457,-0.09288707448375082,-0.1773226596112527,1.9735278327594155
1h,crypto,3,tp + kijun,2.0,280,0.26785714285714285,0.09496571839842419,-0.19844139885905565,-1.017910228752639,2.6918738645915243,-0.14740882090248342,-2.0244403669127813,-0.1500283967768613,-0.20250797394969577,72,0.05509915304721236,-0.3165982071374863,-1.2883646353477785,-0.3457126295691201,1.9735278327594155
1h,crypto,3,tp + kijun,4.0,275,0.24727272727272728,0.12303496344558507,-0.05306992254191756,-0.370298391522648,2.6918738645915243,-0.07694245935020194,-1.6977780052844358,-0.08234152269156036,-0.20250797394969577,70,0.12556551459949383,-0.12592905153421963,-0.705843104509333,-0.19884357458766933,1.9735278327594155
1h,crypto_slow,1,tp + no trail,2.0,138,0.2826086956521739,0.09720065153983105,-0.2800068236478571,-1.7485189696873926,2.6918738645915243,-0.09473809587640014,-1.2977800922941602,-0.11086807830007595,-0.20250797394969577,37,0.10776987807329563,-0.3482176062194603,-1.617989970150833,-0.36449176417907325,1.9735278327594155
1h,crypto_slow,1,tp + no trail,4.0,138,0.3115942028985507,0.18678737830978445,-0.05272986414647984,-0.3372426862082098,2.6918738645915243,-0.07038036892202681,-1.113751566691708,-0.08428593722825672,-0.20250797394969577,38,0.13212760502766896,-0.11939908577666902,-0.5729823330017474,-0.17018657599290998,1.9735278327594155
1h,crypto_slow,1,no tp + kijun,2.0,139,0.19424460431654678,0.12307284366832077,-0.17651653834927294,-0.7109079386204549,2.6918738645915243,-0.04590251365815046,-0.3515459912668761,-0.16063489367653416,-0.20250797394969577,38,0.15660546029154532,-0.21431649919495643,-0.5991604345220498,-0.3918512934742716,1.9735278327594155
1h,crypto_slow,1,no tp + kijun,4.0,141,0.22695035460992907,0.15148301072010303,-0.026423512120882564,-0.143858215780805,2.6918738645915243,0.0018889004202178317,0.06661181477537334,-0.08476625163221685,-0.20250797394969577,39,0.2043968743699136,-0.024584523083813425,-0.07279794494228649,-0.16139429130016136,1.9735278327594155
1h,crypto_slow,1,no tp + atr,2.0,140,0.29285714285714287,0.08587446494185386,-0.09907925272566753,-0.4452016436848027,2.6918738645915243,-0.07393185570846861,-1.0403700217879341,-0.08879207661022204,-0.20250797394969577,38,0.12857611824122717,-0.16568599541791917,-0.5922180440125369,-0.2547183009074886,1.9735278327594155
1h,crypto_slow,1,no tp + atr,4.0,141,0.3049645390070922,0.08962460699268912,-0.0394255439065575,-0.31303197325938475,2.6918738645915243,-0.06539931268893096,-1.590695634749763,-0.07295963286944285,-0.20250797394969577,39,0.13710866126076482,-0.10224645312161229,-0.6457484409081924,-0.1650644989081218,1.9735278327594155
1h,crypto_slow,1,tp + kijun,2.0,140,0.24285714285714285,0.07924542596310466,-0.26009916406519873,-1.751524768093412,2.6918738645915243,-0.12528694658722495,-1.7909838869508754,-0.14087251681409574,-0.20250797394969577,39,0.07722102736247083,-0.3527990805768052,-1.763476581901175,-0.3573809024032304,1.9735278327594155
1h,crypto_slow,1,tp + kijun,4.0,141,0.22695035460992907,0.12216371832266373,-0.10728165454502125,-0.9463125608673156,2.6918738645915243,-0.059564466249712233,-1.1488652497942766,-0.07112833484362191,-0.20250797394969577,39,0.14294350769998354,-0.16045594630337323,-1.0087518529798574,-0.17492738663456708,1.9735278327594155
1h,crypto_slow,3,tp + no trail,2.0,166,0.29518072289156627,0.11947422250842835,-0.29775946633486927,-1.723585649609444,2.6918738645915243,-0.08546828785657679,-0.9951491360156527,-0.11801210326394429,-0.20250797394969577,46,0.11703968609311899,-0.3577787624107168,-1.50479846322689,-0.3597113977914921,1.9735278327594155
1h,crypto_slow,3,tp + no trail,4.0,162,0.32098765432098764,0.2162960718209023,-0.018528646433127127,-0.0831847274594349,2.6918738645915243,-0.06863498586665251,-1.0028811993164328,-0.09566476479061348,-0.20250797394969577,47,0.13387298808304327,-0.08589191891371373,-0.3636286190068634,-0.14212120766601288,1.9735278327594155
1h,crypto_slow,3,no tp + kijun,2.0,172,0.19767441860465115,0.15068752604265312,-0.22022163513825965,-0.8689177983761466,2.6918738645915243,-0.03985077478327381,-0.25608458642799625,-0.15315912720751212,-0.20250797394969577,49,0.16265719916642196,-0.25129640713723433,-0.6726739748552905,-0.3818365650471839,1.9735278327594155
1h,crypto_slow,3,no tp + kijun,4.0,172,0.22674418604651161,0.18273419447706352,-0.007516759968895115,-0.007215252569175832,2.6918738645915243,-0.007284379386055528,-0.047579919305209294,-0.08540012013754628,-0.20250797394969577,48,0.19522359456364025,-0.014746384423583336,-0.020403369636479523,-0.13917782262918243,1.9735278327594155
1h,crypto_slow,3,no tp + atr,2.0,170,0.3058823529411765,0.1020872002727376,-0.1492186846143322,-0.6634436445324152,2.6918738645915243,-0.05695232031398878,-0.6521862367273811,-0.09663314805562684,-0.20250797394969577,48,0.145555653635707,-0.19767265460533356,-0.6591102037656729,-0.2409343856324918,1.9735278327594155
1h,crypto_slow,3,no tp + atr,4.0,168,0.32142857142857145,0.10867835902875109,-0.037589291114807244,-0.27009629796778384,2.6918738645915243,-0.060373008857902755,-1.2753959373112511,-0.0792835970256004,-0.20250797394969577,48,0.14213496509179302,-0.09569292136727348,-0.5432724730222267,-0.14320202903345802,1.9735278327594155
1h,crypto_slow,3,tp + kijun,2.0,176,0.23863636363636365,0.09447327550285996,-0.302726156792534,-1.9723867979705427,2.6918738645915243,-0.1421889890639746,-1.7762988588420145,-0.17271445478206793,-0.20250797394969577,50,0.06031898488572118,-0.401870819658956,-1.9079404610078972,-0.4048792929112952,1.9735278327594155
1h,crypto_slow,3,tp + kijun,4.0,172,0.22674418604651161,0.14417212773211108,-0.0970554157038861,-0.7779147074433168,2.6918738645915243,-0.06627516833832747,-1.1937764255913375,-0.08403149124643416,-0.20250797394969577,48,0.1362328056113683,-0.15689822002829223,-0.9055018949299363,-0.1673278710802747,1.9735278327594155
1h,dynamic,1,tp + no trail,2.0,171,0.27485380116959063,0.08113943709989015,-0.21476524255622398,-1.1898849971954373,2.6918738645915243,-0.18269209449311208,-3.4298685759385714,-0.18597941235826165,-0.20250797394969577,38,0.019815879456583696,-0.3582214250624183,-1.6842843742222935,-0.3582214250624183,1.9735278327594155
1h,dynamic,1,tp + no trail,4.0,171,0.2982456140350877,0.13587635895299063,0.0154064534822691,0.13555380979136208,2.6918738645915243,-0.08169226109114824,-1.6114674855861684,-0.084805720543217,-0.20250797394969577,39,0.12081571285854753,-0.06754439562924142,-0.30240603965033136,-0.1358597615387982,1.9735278327594155
1h,dynamic,1,no tp + kijun,2.0,172,0.20348837209302326,0.08401833402780408,-0.065075509409245,-0.20141726009888483,2.6918738645915243,-0.049883341916438395,-0.5008834824977068,-0.17168744368337496,-0.20250797394969577,40,0.15262463203325738,-0.11171266743943564,-0.28012727051808833,-0.34143456912628456,1.9735278327594155
1h,dynamic,1,no tp + kijun,4.0,173,0.19653179190751446,0.08363953180044699,-0.05643868752911507,-0.37219989053032215,2.6918738645915243,-0.10743755569105573,-3.868964120314249,-0.1094190797443525,-0.20250797394969577,39,0.09507041825864004,-0.1578126085856315,-0.9290605210010737,-0.22001369697845552,1.9735278327594155
1h,dynamic,1,no tp + atr,2.0,172,0.2558139534883721,0.08867760142429637,-0.1101861199578219,-0.44445628832654355,2.6918738645915243,-0.13397918896798078,-1.9447475812544843,-0.15503763700877615,-0.20250797394969577,38,0.068528784981715,-0.22940266193832515,-0.7922537372798987,-0.28890183972622674,1.9735278327594155
1h,dynamic,1,no tp + atr,4.0,173,0.2543352601156069,0.09049585211561044,-0.08012036762671837,-0.6002948165344603,2.6918738645915243,-0.07218693863820047,-1.4298587804111424,-0.10121451621457,-0.20250797394969577,39,0.1303210353114953,-0.14652366220337876,-0.8316815507796808,-0.18534785039130242,1.9735278327594155
1h,dynamic,1,tp + kijun,2.0,172,0.22093023255813954,0.05057009735217243,-0.21400708164474058,-1.4836533604519135,2.6918738645915243,-0.1725586699468713,-3.71867306689955,-0.1761796636716162,-0.20250797394969577,40,0.029949304002824473,-0.3496369742237839,-2.0086261144949678,-0.358481574153957,1.9735278327594155
1h,dynamic,1,tp + kijun,4.0,174,0.20689655172413793,0.07053297473389143,-0.11596640993218166,-1.0726119731609336,2.6918738645915243,-0.06959233811360699,-2.0721230324102318,-0.08648520472553689,-0.20250797394969577,40,0.13291563583608879,-0.1774883744359671,-1.294881320030159,-0.21031681761345045,1.9735278327594155
1h,dynamic,3,tp + no trail,2.0,228,0.2894736842105263,0.10867835902875109,-0.2849510218314274,-1.3921409751619378,2.6918738645915243,-0.1646477700213127,-2.579828444175022,-0.1680105530550391,-0.20250797394969577,50,0.037860203928383074,-0.4026822415429012,-1.6439805134332557,-0.4026822415429012,1.9735278327594155
1h,dynamic,3,tp + no trail,4.0,218,0.2889908256880734,0.1697033978559794,-0.03417863863529347,-0.16392899834541472,2.6918738645915243,-0.06998548675972094,-1.1946605623076234,-0.08826700540096266,-0.20250797394969577,49,0.13252248718997484,-0.10177211673333875,-0.4277672092116805,-0.1720340235891975,1.9735278327594155
1h,dynamic,3,no tp + kijun,2.0,241,0.21161825726141079,0.10932232281525815,-0.13369207335266797,-0.422866830758544,2.6918738645915243,-0.08769531871726421,-0.8727419494094006,-0.18991043817898445,-0.20250797394969577,54,0.11481265523243156,-0.20966322308729812,-0.5341135041377265,-0.3635469486298767,1.9735278327594155
1h,dynamic,3,no tp + kijun,4.0,240,0.225,0.11761809159437857,-0.07127033556545137,-0.41160948685456983,2.6918738645915243,0.02674878449485374,0.38283747878688773,-0.09661622502206091,-0.20250797394969577,51,0.2292567584445495,-0.04642794591751376,-0.15649742366200875,-0.21538182546485485,1.9735278327594155
1h,dynamic,3,no tp + atr,2.0,226,0.26991150442477874,0.11579984090306451,-0.12493686784196156,-0.4337846131347241,2.6918738645915243,-0.1401777156217816,-1.7732919431629062,-0.16289192929474416,-0.20250797394969577,51,0.06233025832791417,-0.24760121873271668,-0.7431593260098943,-0.3287075948929775,1.9735278327594155
1h,dynamic,3,no tp + atr,4.0,222,0.26576576576576577,0.1165574453577787,-0.07190722912640268,-0.4554100955461053,2.6918738645915243,-0.12905577087070386,-3.530214369238033,-0.13106859949527538,-0.20250797394969577,48,0.07345220307899192,-0.19168295711102223,-1.0593972617316747,-0.22393845860419748,1.9735278327594155
1h,dynamic,3,tp + kijun,2.0,249,0.23293172690763053,0.07242698587067692,-0.2745809942842832,-1.6173609127274458,2.6918738645915243,-0.15868149309661217,-2.8265201007573113,-0.16236469543921084,-0.20250797394969577,55,0.043826480853083605,-0.38969156523191295,-1.8886265915981846,-0.38969156523191295,1.9735278327594155
1h,dynamic,3,tp + kijun,4.0,241,0.22406639004149378,0.09413235349823856,-0.10086073475868906,-0.7955619832521715,2.6918738645915243,-0.08829120506138444,-2.270646799432509,-0.10190705267641842,-0.20250797394969577,52,0.11421676888831134,-0.18024682400485215,-1.1371921548689556,-0.20925636584983776,1.9735278327594155
2h,standard,1,tp + no trail,2.0,120,0.35833333333333334,0.11681818181818182,-0.07136161691724918,-0.43250537509629045,2.735725685109885,-0.010946630239288435,-0.13665801510976872,-0.05317529671380972,-0.2051269834857783,27,0.19418035324648986,-0.08152707792286673,-0.34696256222379174,-0.18497417031208263,1.9792114453864427
2h,standard,1,tp + no trail,4.0,119,0.3697478991596639,0.1806818181818182,-0.0036975009685477067,-0.006544035271679414,2.735725685109885,0.007140516147871923,0.20476856783745115,-0.03419352048125113,-0.2051269834857783,26,0.21226749963365021,0.003416613113951472,0.04762675667281723,-0.12022020361319918,1.9792114453864427
2h,standard,1,no tp + kijun,2.0,121,0.2396694214876033,0.11204545454545455,0.0069066196155520565,0.08178833559415873,2.735725685109885,0.1412537765610571,1.372425205797069,-0.050949033129800925,-0.2051269834857783,26,0.3463807600468354,0.14913598228057645,0.5098537567813631,-0.17251180380834819,1.9792114453864427
2h,standard,1,no tp + kijun,4.0,121,0.24793388429752067,0.11621212121212121,0.029052405621195154,0.297743381720989,2.735725685109885,0.08318637511663884,1.4561802112961273,-0.0290499220136492,-0.2051269834857783,26,0.28831335860241714,0.1146555450498794,0.6972539847455674,-0.07106979838184035,1.9792114453864427
2h,standard,1,no tp + atr,2.0,119,0.2857142857142857,0.12409090909090909,-0.06511444065590999,-0.30611894639693676,2.735725685109885,-0.06833271267984953,-1.2420183170456682,-0.09239456231003329,-0.2051269834857783,25,0.13679427080592876,-0.12899770697111013,-0.5099055266332095,-0.23833569282593592,1.9792114453864427
2h,standard,1,no tp + atr,4.0,120,0.30833333333333335,0.13568181818181818,-0.02398321540810211,-0.2215647034255292,2.735725685109885,-0.027386311768734184,-0.85140038071195,-0.04011908627472305,-0.2051269834857783,26,0.1777406717170441,-0.050712715362453364,-0.3723865009742224,-0.11191343200998205,1.9792114453864427
2h,standard,1,tp + kijun,2.0,122,0.2540983606557377,0.07901515151515151,-0.12699261518320526,-0.9696285359167481,2.735725685109885,0.009069820696766984,0.19489469278460467,-0.03470566418123133,-0.2051269834857783,27,0.21419680418254528,-0.1190745947359636,-0.6340140665204596,-0.17070174182778164,1.9792114453864427
2h,standard,1,tp + kijun,4.0,121,0.24793388429752067,0.09795454545454546,-0.02667309920424854,-0.30258700213577594,2.735725685109885,0.00804957688788388,0.26839711368893066,-0.01801052123905844,-0.2051269834857783,26,0.21317656037366217,-0.018838229479247293,-0.14476665503827682,-0.08153409056542926,1.9792114453864427
2h,standard,3,tp + no trail,2.0,148,0.3783783783783784,0.15113636363636362,-0.08686455321101294,-0.47569321337792647,2.735725685109885,0.015401044641518258,0.23800500895770582,-0.04955482029006952,-0.2051269834857783,38,0.22052802812729655,-0.07280131343126306,-0.2552125077600257,-0.16078357183603587,1.9792114453864427
2h,standard,3,tp + no trail,4.0,143,0.38461538461538464,0.2184090909090909,0.001016661008122588,0.03703824910206991,2.735725685109885,0.021401446627062226,0.4588952351831597,-0.029184671427229025,-0.2051269834857783,36,0.22652843011284052,0.022439865651487922,0.158692697333729,-0.10812420864704009,1.9792114453864427
2h,standard,3,no tp + kijun,2.0,159,0.2389937106918239,0.14204545454545456,-0.03982750440749916,-0.13783165790787008,2.735725685109885,0.16492500631972584,1.4110034210385127,-0.0426610045730661,-0.2051269834857783,41,0.37005198980550413,0.11852895049612111,0.3938352210287428,-0.17602907426103787,1.9792114453864427
2h,standard,3,no tp + kijun,4.0,158,0.2468354430379747,0.1459848484848485,0.012716167392581301,0.13843734764928728,2.735725685109885,0.09375236882192883,1.4780606991175491,-0.023914149537971996,-0.2051269834857783,41,0.2988793523077071,0.10766070702990072,0.6086463262785266,-0.07446506009189247,1.9792114453864427
2h,standard,3,no tp + atr,2.0,146,0.3150684931506849,0.16272727272727272,-0.06255269259994789,-0.2574855225476614,2.735725685109885,-0.0013478682786773888,0.029001331382257852,-0.04993616148531521,-0.2051269834857783,36,0.2037791152071009,-0.06381624808852393,-0.1767446670147211,-0.18572689126602726,1.9792114453864427
2h,standard,3,no tp + atr,4.0,144,0.3263888888888889,0.16886363636363635,-0.015095151814050745,-0.11411945609282885,2.735725685109885,-0.005419584200068495,-0.1058032456364717,-0.029011865664078207,-0.2051269834857783,36,0.1997073992857098,-0.020432926567850118,-0.11168627515301797,-0.08863472197347433,1.9792114453864427
2h,standard,3,tp + kijun,2.0,159,0.2578616352201258,0.10454545454545454,-0.1600504354263197,-1.1165321087258533,2.735725685109885,0.03979409796478972,0.6262296033967514,-0.034400910423446396,-0.2051269834857783,40,0.244921081450568,-0.12662540016819224,-0.58634976296922,-0.20271698254670278,1.9792114453864427
2h,standard,3,tp + kijun,4.0,158,0.2468354430379747,0.12522727272727271,-0.03018219535044575,-0.3059958867965176,2.735725685109885,0.018631403304226746,0.47355836654392663,-0.021705157423756005,-0.2051269834857783,41,0.22375838679000504,-0.012113128700400155,-0.06846251985814895,-0.0765063756141896,1.9792114453864427
2h,crypto,1,tp + no trail,2.0,102,0.3235294117647059,0.09924242424242424,-0.12748185481318197,-0.8563650228354474,2.735725685109885,-0.00636569938650855,-0.07745889534452106,-0.04012280630406273,-0.2051269834857783,23,0.19876128409926974,-0.13303604303471528,-0.6405113918326342,-0.1793351849952951,1.9792114453864427
2h,crypto,1,tp + no trail,4.0,99,0.3434343434343434,0.16303030303030303,-0.02067988534488796,-0.17129545406390875,2.735725685109885,-0.01531828930087653,-0.3711780462757646,-0.025956348448231914,-0.2051269834857783,23,0.18980869418490176,-0.035681394179342574,-0.22473862499124578,-0.09060384344026384,1.9792114453864427
2h,crypto,1,no tp + kijun,2.0,103,0.22330097087378642,0.11181818181818182,-0.057964133985676014,-0.2777526070766222,2.735725685109885,0.14921521143386762,1.4238069527944943,-0.061771117724083835,-0.2051269834857783,23,0.3543421949196459,0.08260194693993794,0.3220849054212213,-0.15705512762915919,1.9792114453864427
2h,crypto,1,no tp + kijun,4.0,103,0.22330097087378642,0.11318181818181818,-0.032760360662926535,-0.3299540623580136,2.735725685109885,0.08206790069024139,1.4266331426802916,-0.037358334590459785,-0.2051269834857783,23,0.2871948841760197,0.046618966001853446,0.32305488370734475,-0.08321414531064719,1.9792114453864427
2h,crypto,1,no tp + atr,2.0,103,0.2621359223300971,0.10462121212121211,-0.07812232819356413,-0.36905731789332974,2.735725685109885,-0.028733426468559142,-0.4441805131439596,-0.05102547886941711,-0.2051269834857783,23,0.17639355701721915,-0.10461103248942094,-0.38336614522905943,-0.1925483257866335,1.9792114453864427
2h,crypto,1,no tp + atr,4.0,103,0.27184466019417475,0.11234848484848485,-0.034202466561996325,-0.31649248405177366,2.735725685109885,-0.019449216143663794,-0.6050106133837098,-0.02882512286862371,-0.2051269834857783,23,0.1856777673421145,-0.052986471540849345,-0.3808935164771096,-0.10136965948649046,1.9792114453864427
2h,crypto,1,tp + kijun,2.0,103,0.23300970873786409,0.07287878787878788,-0.16054383160051688,-1.3116937446178991,2.735725685109885,0.008419336724218907,0.18862020140292526,-0.03017776719801446,-0.2051269834857783,23,0.2135463202099972,-0.1534761674535392,-0.8804412094984869,-0.18486302277092992,1.9792114453864427
2h,crypto,1,tp + kijun,4.0,103,0.22330097087378642,0.09333333333333334,-0.06301741132006666,-0.7937028494679992,2.735725685109885,0.010315640580313756,0.33104480705060996,-0.016444460443358677,-0.2051269834857783,23,0.21544262406609205,-0.05335183570523261,-0.4668654430251929,-0.09528147575760726,1.9792114453864427
2h,crypto,3,tp + no trail,2.0,135,0.31851851851851853,0.13833333333333334,-0.14211277755139706,-0.8507931610129922,2.735725685109885,-0.04469788203104452,-0.6011070634771332,-0.05598016157201191,-0.2051269834857783,35,0.16042910145473377,-0.18045851941634516,-0.7774850374073888,-0.2030583767055174,1.9792114453864427
2h,crypto,3,tp + no trail,4.0,131,0.33587786259541985,0.20946969696969697,0.006348783698796101,0.08221564978818534,2.735725685109885,-0.04658246329327875,-1.0143391579559167,-0.06250554651043949,-0.2051269834857783,37,0.15854452019249954,-0.04052942157808881,-0.22992894885604026,-0.09168586193832795,1.9792114453864427
2h,crypto,3,no tp + kijun,2.0,146,0.2191780821917808,0.14681818181818182,-0.06503922096823733,-0.27521829650061086,2.735725685109885,0.05942649575189418,0.5901701828532937,-0.07886112411815238,-0.2051269834857783,39,0.2645534792376725,-0.009477778204918685,0.022442456409427075,-0.15501600549996142,1.9792114453864427
2h,crypto,3,no tp + kijun,4.0,145,0.2206896551724138,0.1481060606060606,-0.037223674251942285,-0.3353831410060153,2.735725685109885,0.033634748598489805,0.5831196411145357,-0.047994247730616224,-0.2051269834857783,39,0.2387617320842681,-0.004840934578828615,-0.001441274487218296,-0.08798825409884614,1.9792114453864427
2h,crypto,3,no tp + atr,2.0,139,0.2589928057553957,0.1409090909090909,-0.05001084081066254,-0.18767631097937734,2.735725685109885,-0.0926354639982111,-1.3149863090354614,-0.10278401403996607,-0.2051269834857783,37,0.1124915194875672,-0.13801352736543726,-0.4669562448587072,-0.17526643740414838,1.9792114453864427
2h,crypto,3,no tp + atr,4.0,137,0.27007299270072993,0.1481060606060606,-0.011145103414395674,-0.07447557797862306,2.735725685109885,-0.05691375947822375,-1.555108666773165,-0.06221604656166568,-0.2051269834857783,37,0.14821322400755454,-0.06742455315753249,-0.44300179383276794,-0.08952991957657053,1.9792114453864427
2h,crypto,3,tp + kijun,2.0,147,0.23129251700680273,0.1043939393939394,-0.1920894466534775,-1.4213741231759331,2.735725685109885,-0.05829196810000836,-0.8680426102793378,-0.06972228864004693,-0.2051269834857783,40,0.14683501538576993,-0.2391841428568131,-1.2484456129686758,-0.2465156221280178,1.9792114453864427
2h,crypto,3,tp + kijun,4.0,145,0.2206896551724138,0.12431818181818181,-0.06446547925804602,-0.7214656521896261,2.735725685109885,-0.03490234597647024,-0.8969432499271282,-0.04079221300417957,-0.2051269834857783,39,0.17022463750930805,-0.09711782877391306,-0.7743590483340366,-0.10775990593430396,1.9792114453864427
2h,crypto_slow,1,tp + no trail,2.0,70,0.3142857142857143,0.08075757575757576,-0.04806626609578146,-0.36644702685246994,2.735725685109885,-0.10835745771991656,-1.8471894579829897,-0.13131743340775692,-0.2051269834857783,23,0.09676952576586173,-0.1512153854194701,-0.8517341220214204,-0.17094108962187238,1.9792114453864427
2h,crypto_slow,1,tp + no trail,4.0,70,0.32857142857142857,0.17924242424242423,0.03890418304648757,0.3704839763572329,2.735725685109885,-0.049897818352660606,-1.1169364179256311,-0.08024931975398808,-0.2051269834857783,23,0.15522916513311769,-0.012934869164985319,-0.057753233658075116,-0.09395727936594211,1.9792114453864427
2h,crypto_slow,1,no tp + kijun,2.0,70,0.2714285714285714,0.13356060606060607,0.11060652042766961,0.5577716838114802,2.735725685109885,0.07894576518690455,0.7396919472051627,-0.132926567595113,-0.2051269834857783,23,0.28407274867268284,0.19828420200439756,0.6178721517160471,-0.19620522190394085,1.9792114453864427
2h,crypto_slow,1,no tp + kijun,4.0,70,0.3142857142857143,0.1550757575757576,0.09222555212103445,0.7953491450908496,2.735725685109885,0.06667828418983723,0.9962971701854205,-0.06849901571040173,-0.2051269834857783,23,0.2718052676756155,0.16505327788476265,0.8598084078587227,-0.10423929250900055,1.9792114453864427
2h,crypto_slow,1,no tp + atr,2.0,70,0.3,0.07492424242424242,0.028535020753014395,0.21843605965185386,2.735725685109885,-0.14527727785070177,-2.9758873041182277,-0.14836075428483886,-0.2051269834857783,23,0.05984970563507652,-0.12088774723609863,-0.5847173246660077,-0.18014003842669213,1.9792114453864427
2h,crypto_slow,1,no tp + atr,4.0,70,0.32857142857142857,0.08871212121212121,0.04919164255889452,0.5655005189287228,2.735725685109885,-0.06114581373662875,-2.052980631694745,-0.0751379386037383,-0.2051269834857783,23,0.14398116974914954,-0.014962034191039364,-0.10673137862574074,-0.0847335093123559,1.9792114453864427
2h,crypto_slow,1,tp + kijun,2.0,70,0.3,0.07022727272727272,-0.04130120707090168,-0.34221103056375957,2.735725685109885,-0.07931428385703909,-1.394325573204386,-0.10696352349032312,-0.2051269834857783,23,0.1258126996287392,-0.11733971526668097,-0.6940718947342943,-0.1416410688278411,1.9792114453864427
2h,crypto_slow,1,tp + kijun,4.0,70,0.3142857142857143,0.11068181818181819,0.016348814046899474,0.21652040642524634,2.735725685109885,-0.0217024430128282,-0.5453500627513883,-0.056337016039213705,-0.2051269834857783,23,0.1834245404729501,-0.005708438171108887,-0.02717192066508501,-0.07440622195243352,1.9792114453864427
2h,crypto_slow,3,tp + no trail,2.0,90,0.3111111111111111,0.10575757575757576,-0.1265887357163188,-0.9224742354342272,2.735725685109885,-0.08732829542038778,-1.3948692262784255,-0.10503302917584556,-0.2051269834857783,28,0.11779868806539051,-0.2028622526271785,-1.0690994964860885,-0.21239593934657286,1.9792114453864427
2h,crypto_slow,3,tp + no trail,4.0,86,0.313953488372093,0.20719696969696969,0.02900052138542275,0.26894564067605886,2.735725685109885,-0.062479449626122285,-1.326998205636962,-0.08209723123614276,-0.2051269834857783,25,0.142647533859656,-0.035290864855731297,-0.18823571448565415,-0.09288096245285482,1.9792114453864427
2h,crypto_slow,3,no tp + kijun,2.0,92,0.2391304347826087,0.15803030303030302,0.06969377457763803,0.36072289835815496,2.735725685109885,0.0795433519845945,0.7273992891402767,-0.1257096983767072,-0.2051269834857783,28,0.2846703354703728,0.1547808030045965,0.4851349413125592,-0.20485480901796227,1.9792114453864427
2h,crypto_slow,3,no tp + kijun,4.0,90,0.2777777777777778,0.18333333333333332,0.11472640413406676,0.8980210851132951,2.735725685109885,0.055046868134701166,0.8254721417382291,-0.06897275778029432,-0.2051269834857783,26,0.26017385162047946,0.17608860150870442,0.866906786332114,-0.08024606926544453,1.9792114453864427
2h,crypto_slow,3,no tp + atr,2.0,91,0.3076923076923077,0.09977272727272728,0.027946419278614743,0.20416372964065005,2.735725685109885,-0.13521245630571654,-2.311364600284049,-0.15031050843582805,-0.2051269834857783,29,0.06991452718006175,-0.11104474102271267,-0.47379692647895943,-0.18137546506831637,1.9792114453864427
2h,crypto_slow,3,no tp + atr,4.0,88,0.32954545454545453,0.10909090909090909,0.05287255955291292,0.5734804415786255,2.735725685109885,-0.06753029492398521,-2.123463552933142,-0.08460876466933553,-0.2051269834857783,27,0.13759668856179308,-0.01822823491106651,-0.12431263889155261,-0.09753221140493773,1.9792114453864427
2h,crypto_slow,3,tp + kijun,2.0,92,0.2608695652173913,0.09037878787878788,-0.08707926373312913,-0.6776172045302277,2.735725685109885,-0.08222126455367529,-1.3983231565588743,-0.09950285502634437,-0.2051269834857783,28,0.122905718932103,-0.16214076110626352,-0.905995076073627,-0.175799113564437,1.9792114453864427
2h,crypto_slow,3,tp + kijun,4.0,90,0.2777777777777778,0.13136363636363638,0.02482691282608407,0.2946738579752611,2.735725685109885,-0.03236522111377682,-0.8020160160570443,-0.057348102178802596,-0.2051269834857783,26,0.17276176237200147,-0.008341836810881409,-0.04312147807293357,-0.07104843939963734,1.9792114453864427
2h,dynamic,1,tp + no trail,2.0,78,0.34615384615384615,0.06507575757575758,-0.03165758007528585,-0.21434047843294735,2.735725685109885,-0.04471369370415601,-0.9067214622968369,-0.04471369370415601,-0.2051269834857783,17,0.16041328978162228,-0.0749557464405407,-0.4019508741426136,-0.12682220015175794,1.9792114453864427
2h,dynamic,1,tp + no trail,4.0,77,0.3116883116883117,0.11772727272727272,-0.039374283221509154,-0.4037249034654826,2.735725685109885,-0.002326967585111417,-0.05397835827376675,-0.026184945640739032,-0.2051269834857783,17,0.20280001590066687,-0.041609628125877096,-0.31280545912314256,-0.12611947974149573,1.9792114453864427
2h,dynamic,1,no tp + kijun,2.0,78,0.23076923076923078,0.0821969696969697,0.0334054098077885,0.21428610394783373,2.735725685109885,0.17809763233638565,1.6740150209550193,-0.05474148158378467,-0.2051269834857783,17,0.38322461582216394,0.21745246653816808,0.7093314820546233,-0.1426972930027055,1.9792114453864427
2h,dynamic,1,no tp + kijun,4.0,78,0.24358974358974358,0.08772727272727272,0.047801690499647,0.4775249493756275,2.735725685109885,0.1051656155935341,1.7627059035804622,-0.03137759533199325,-0.2051269834857783,17,0.3102925990793124,0.15799440030098788,0.931416256863472,-0.04681871123410497,1.9792114453864427
2h,dynamic,1,no tp + atr,2.0,78,0.2692307692307692,0.07272727272727272,-0.024139147179226383,-0.10981277220073205,2.735725685109885,-0.06340509749096646,-1.3014874689218991,-0.06638972077548622,-0.2051269834857783,17,0.14172188599481184,-0.0860136996899451,-0.3805085889451824,-0.18930838026486685,1.9792114453864427
2h,dynamic,1,no tp + atr,4.0,78,0.2948717948717949,0.0825,-0.00427305489908536,-0.029760123392700222,2.735725685109885,-0.03751807880823954,-1.4771401578419125,-0.03751807880823954,-0.2051269834857783,17,0.16760890467753875,-0.041630816896869094,-0.35930484890342174,-0.10258956746274028,1.9792114453864427
2h,dynamic,1,tp + kijun,2.0,78,0.2564102564102564,0.04560606060606061,-0.041668033124205195,-0.34020310356530176,2.735725685109885,-0.02155310772441088,-0.47582797832703777,-0.02711272569749268,-0.2051269834857783,17,0.1835738757613674,-0.0623230652420258,-0.3766803168703035,-0.07522285220130964,1.9792114453864427
2h,dynamic,1,tp + kijun,4.0,78,0.24358974358974358,0.06363636363636363,-0.014097206806573337,-0.17360507913946394,2.735725685109885,0.010437545603440679,0.38526128201655646,-0.013884128993351563,-0.2051269834857783,17,0.21556452908921897,-0.0038068014420574725,-0.020226382555288774,-0.04800458283700748,1.9792114453864427
2h,dynamic,3,tp + no trail,2.0,99,0.3333333333333333,0.08742424242424242,-0.03912580142289701,-0.2418741254054683,2.735725685109885,-0.08246842689174039,-1.3053112673347378,-0.10094298153561965,-0.2051269834857783,25,0.1226585565940379,-0.11836758502041245,-0.5688206235220233,-0.1496362803568404,1.9792114453864427
2h,dynamic,3,tp + no trail,4.0,94,0.2978723404255319,0.13522727272727272,-0.040919721330308634,-0.3982339744914655,2.735725685109885,-0.026902416602854196,-0.6570235403317803,-0.05259169677374287,-0.2051269834857783,24,0.1782245668829241,-0.06672129854266218,-0.4727299308208193,-0.10837513601528259,1.9792114453864427
2h,dynamic,3,no tp + kijun,2.0,99,0.2222222222222222,0.0953030303030303,-0.00040302711397888213,0.045884378027053405,2.735725685109885,0.16689764242598448,1.5156970666314422,-0.0656442416549512,-0.2051269834857783,24,0.3720246259117628,0.1664273510368488,0.5483448799269621,-0.1356396197196782,1.9792114453864427
2h,dynamic,3,no tp + kijun,4.0,98,0.23469387755102042,0.09992424242424243,0.03532848293450508,0.35200097879467424,2.735725685109885,0.09790998001920315,1.5915698222335035,-0.037606966018750465,-0.2051269834857783,24,0.30303696350498144,0.13669747401193422,0.7921714368736922,-0.048212564046767215,1.9792114453864427
2h,dynamic,3,no tp + atr,2.0,97,0.26804123711340205,0.09053030303030303,-0.03452479108000628,-0.15688220655635898,2.735725685109885,-0.08249699427559265,-1.3680087837655068,-0.09568702720336153,-0.2051269834857783,24,0.12262998921018564,-0.11417359386350567,-0.4671430210956203,-0.1961158927893475,1.9792114453864427
2h,dynamic,3,no tp + atr,4.0,95,0.28421052631578947,0.09659090909090909,-0.00662661068478354,-0.05188043905542168,2.735725685109885,-0.04791330628510393,-1.5262028755812678,-0.053128143057427635,-0.2051269834857783,24,0.15721367720067436,-0.054222414142515274,-0.43313541350857615,-0.09715704791418989,1.9792114453864427
2h,dynamic,3,tp + kijun,2.0,101,0.25742574257425743,0.06121212121212121,-0.05098443269207287,-0.3847973664666176,2.735725685109885,-0.02211288410876533,-0.39430934977243587,-0.055032534551912926,-0.2051269834857783,25,0.18301409937701296,-0.07196990394936731,-0.3875946438410338,-0.08314625134333142,1.9792114453864427
2h,dynamic,3,tp + kijun,4.0,98,0.23469387755102042,0.07522727272727273,-0.013691665347685178,-0.15799170579645416,2.735725685109885,0.003807097879870991,0.1355045484118885,-0.020223132626437823,-0.2051269834857783,24,0.20893408136564928,-0.009936692977931316,-0.07214464239922294,-0.04571450580272851,1.9792114453864427
4h,standard,1,tp + no trail,2.0,52,0.38461538461538464,0.09619754582638994,0.0314284469160786,0.32698123883497043,2.699300347218449,-0.03653320842950114,-0.7518615780379022,-0.05302839089870459,-0.2051269834857783,16,0.16859377505627715,-0.006252943515223208,-0.01690177810980835,-0.0822255578211385,1.9792114453864427
4h,standard,1,tp + no trail,4.0,51,0.35294117647058826,0.16209665202242085,0.04837968522072322,0.6935340699495504,2.699300347218449,-0.05458442622642534,-1.8037796979707696,-0.055794480809755576,-0.2051269834857783,16,0.15054255725935295,-0.008845518364490323,-0.071593084048467,-0.059655559233378286,1.9792114453864427
4h,standard,1,no tp + kijun,2.0,52,0.3269230769230769,0.0975609756097561,0.06616520887757082,0.5615902510174531,2.699300347218449,-0.06030038148042949,-1.3417895848951418,-0.06727154807004854,-0.2051269834857783,16,0.1448266020053488,0.0018750400610916262,0.03878785142673389,-0.10447388092272492,1.9792114453864427
4h,standard,1,no tp + kijun,4.0,52,0.3269230769230769,0.09771246780790789,0.03258587086618858,0.5410840471656136,2.699300347218449,-0.03214367714867672,-1.4107951484167152,-0.03571299036146336,-0.2051269834857783,16,0.17298330633710157,-0.0006052359952193331,0.0067150149973139,-0.0556624684083078,1.9792114453864427
4h,standard,1,no tp + atr,2.0,52,0.3269230769230769,0.11892137554915921,0.107930179990811,0.7808472767729128,2.699300347218449,-0.08307036216403496,-1.9745490028682033,-0.09292025024715656,-0.2051269834857783,16,0.12205662132174333,0.015894018686509748,0.11682828003090902,-0.1196228658163816,1.9792114453864427
4h,standard,1,no tp + atr,4.0,51,0.37254901960784315,0.13058627480684745,0.07604756876555663,1.0545776626112315,2.699300347218449,-0.04754583894095232,-2.1373866443916514,-0.05168598504923061,-0.2051269834857783,16,0.15758114454482597,0.02488598436822609,0.2769948462640067,-0.056414843526645164,1.9792114453864427
4h,standard,1,tp + kijun,2.0,52,0.3269230769230769,0.06862596576276321,0.027379548836448553,0.35108334262877805,2.699300347218449,-0.03695118174994472,-0.8855930966086467,-0.04885983173645747,-0.2051269834857783,16,0.16817580173583357,-0.010583339598783326,-0.06591141236504233,-0.06581038105722603,1.9792114453864427
4h,standard,1,tp + kijun,4.0,52,0.3269230769230769,0.08725950613543403,0.030754246349215197,0.6109832683299762,2.699300347218449,-0.03214356366115079,-1.4107904702460312,-0.035712889757419264,-0.2051269834857783,16,0.1729834198246275,-0.002377868387312465,-0.020171753114713843,-0.044342505738942606,1.9792114453864427
4h,standard,3,tp + no trail,2.0,76,0.3815789473684211,0.14603847901833056,0.026132575548288406,0.23384691611212732,2.699300347218449,-0.0276958782272253,-0.45003323297223435,-0.06552425721874389,-0.2051269834857783,22,0.177431105258553,-0.0022870673090860105,0.01823544976192199,-0.11827520680069026,1.9792114453864427
4h,standard,3,tp + no trail,4.0,73,0.3698630136986301,0.23102560218148765,0.07401624325,0.864553674789916,2.699300347218449,-0.0424004904177665,-1.077765432273882,-0.05572179039153913,-0.2051269834857783,21,0.1627264930680118,0.02847742781955276,0.24688333873044987,-0.06169343679843842,1.9792114453864427
4h,standard,3,no tp + kijun,2.0,79,0.3291139240506329,0.15543099530374185,0.13971882052649676,0.8902160700673685,2.699300347218449,0.08399948855233919,0.9308909180415748,-0.08163309541579411,-0.2051269834857783,22,0.2891264720381175,0.2354546185441977,0.8939248543974675,-0.12498138866809771,1.9792114453864427
4h,standard,3,no tp + kijun,4.0,79,0.3291139240506329,0.15573397970004546,0.06916710475318433,0.8790645547952574,2.699300347218449,0.04280803618285667,0.9191259659849,-0.04343823817963188,-0.2051269834857783,22,0.24793501966863496,0.11493604885897879,0.8820647522560129,-0.06677275551284323,1.9792114453864427
4h,standard,3,no tp + atr,2.0,76,0.35526315789473684,0.17800333282835934,0.14273147147233223,0.851764003011639,2.699300347218449,0.038167468337227284,0.4823675905171662,-0.09939736711363045,-0.2051269834857783,22,0.24329445182300558,0.18634663872770552,0.7215386839130826,-0.13276065579889862,1.9792114453864427
4h,standard,3,no tp + atr,4.0,74,0.40540540540540543,0.19830328738069988,0.11557393053094134,1.2780329881810601,2.699300347218449,0.019313019718576685,0.4579891652295509,-0.051508270454419525,-0.2051269834857783,21,0.22444000320435498,0.13711903184881558,0.9990853696665444,-0.06216206563094373,1.9792114453864427
4h,standard,3,tp + kijun,2.0,79,0.3291139240506329,0.10195424935615816,0.02155516381210809,0.2328915331874481,2.699300347218449,-0.03208372234746215,-0.6110555306856434,-0.05413874987056155,-0.2051269834857783,22,0.17304326113831614,-0.01122012842625586,-0.04804049152447638,-0.09172900006774942,1.9792114453864427
4h,standard,3,tp + kijun,4.0,79,0.3291139240506329,0.13028329041054384,0.03905841317250225,0.6326100424766721,2.699300347218449,-0.02518449780754517,-0.767080142957835,-0.04343616029650921,-0.2051269834857783,22,0.17994248567823312,0.01289024884404788,0.15063171394938654,-0.06074032687061004,1.9792114453864427
4h,crypto,1,tp + no trail,2.0,52,0.38461538461538464,0.09953037418572944,0.05070394035464565,0.480840752031659,2.699300347218449,-0.01870457198068365,-0.3418313206144832,-0.06669427331521827,-0.2051269834857783,17,0.18642241150509464,0.031050972871894178,0.2177716396076478,-0.07033802055605143,1.9792114453864427
4h,crypto,1,tp + no trail,4.0,51,0.35294117647058826,0.18163914558400243,0.06478193349856953,0.8394499665412137,2.699300347218449,-0.029941456122055343,-0.8166297478048357,-0.0432198017923362,-0.2051269834857783,17,0.17518552736372295,0.032900811957164766,0.3054418515347701,-0.048231674479139675,1.9792114453864427
4h,crypto,1,no tp + kijun,2.0,52,0.25,0.09937888198757763,0.013851295366148486,0.14151968384080932,2.699300347218449,0.11178370750211064,1.2246166390145854,-0.06552481842030178,-0.2051269834857783,17,0.31691069098788893,0.12718335201799413,0.5803092633669464,-0.1099021922963559,1.9792114453864427
4h,crypto,1,no tp + kijun,4.0,52,0.25,0.09968186638388123,0.007713625813509761,0.13887197664392,2.699300347218449,0.055665811156168976,1.1915896014850957,-0.033640760086237176,-0.2051269834857783,17,0.26079279464194727,0.0638088222075428,0.5683590644462012,-0.05957426563673074,1.9792114453864427
4h,crypto,1,no tp + atr,2.0,52,0.36538461538461536,0.14013028329041055,0.21505233939742974,1.345161874864824,2.699300347218449,0.08119402524514552,0.9701255301284025,-0.06901455713032323,-0.2051269834857783,17,0.2863210087309238,0.31370732971663773,1.1984380443303122,-0.1013671258075155,1.9792114453864427
4h,crypto,1,no tp + atr,4.0,52,0.38461538461538464,0.15209816694440237,0.10767710955230503,1.3449515844719437,2.699300347218449,0.03834274414058392,0.8887001946010298,-0.037839324461834356,-0.2051269834857783,17,0.2434697276263622,0.15014848955425064,1.1702461042839405,-0.04958988487404925,1.9792114453864427
4h,crypto,1,tp + kijun,2.0,52,0.2692307692307692,0.0630207544311468,-0.013534524938931591,-0.1520924818475718,2.699300347218449,-0.02455194585437137,-0.5608561632304727,-0.052646036769521176,-0.2051269834857783,17,0.18057503763140692,-0.03775417186983776,-0.29276396459027754,-0.06685515121107999,1.9792114453864427
4h,crypto,1,tp + kijun,4.0,52,0.25,0.08044235721860324,-0.002208150636254902,-0.03130636057285678,2.699300347218449,-0.01827047591052744,-0.6296940415445677,-0.0336403108025507,-0.2051269834857783,17,0.18685650757525085,-0.02043828258377578,-0.2442620946008997,-0.04817328809725907,1.9792114453864427
4h,crypto,3,tp + no trail,2.0,64,0.375,0.12058778972882897,0.08635207234632025,0.7046294436801819,2.699300347218449,-0.03392342075494337,-0.6143224737613316,-0.06669519391108181,-0.2051269834857783,19,0.17120356273083492,0.049499293908111364,0.3033746784918425,-0.08735472883315554,1.9792114453864427
4h,crypto,3,tp + no trail,4.0,61,0.36065573770491804,0.20360551431601273,0.09407054207098753,1.0769572505718124,2.699300347218449,-0.03941828901601885,-1.043583509843591,-0.052566607712484115,-0.2051269834857783,19,0.16570869446975944,0.05094415323972101,0.4247052731483278,-0.05752963134319744,1.9792114453864427
4h,crypto,3,no tp + kijun,2.0,67,0.26865671641791045,0.1325556733828208,0.09455201410871417,0.6386107303326476,2.699300347218449,0.09035196089450581,1.0036600013733141,-0.07782879789007024,-0.2051269834857783,19,0.2954789443802841,0.19344693488446718,0.7655928391950564,-0.1297882765682794,1.9792114453864427
4h,crypto,3,no tp + kijun,4.0,67,0.26865671641791045,0.13285865777912437,0.047427620005620064,0.6273910679610961,2.699300347218449,0.045473887100328625,0.9779386801280919,-0.04220400280200598,-0.2051269834857783,19,0.2506008705861069,0.09505822534352149,0.7493890374167732,-0.07010570691629936,1.9792114453864427
4h,crypto,3,no tp + atr,2.0,64,0.375,0.1664899257688229,0.2587478623918755,1.3980671601430685,2.699300347218449,0.07119491929743704,0.8474505474944835,-0.07140645763234377,-0.2051269834857783,19,0.27632190278321533,0.3483643148706863,1.2091801537445523,-0.11452993709305326,1.9792114453864427
4h,crypto,3,no tp + atr,4.0,63,0.3968253968253968,0.1766399030449932,0.12883920807488747,1.4108237696868873,2.699300347218449,0.032222040670637275,0.740723439619868,-0.04184739656696079,-0.2051269834857783,19,0.23734902415641557,0.16521271094808654,1.1814716678902484,-0.05519197743029958,1.9792114453864427
4h,crypto,3,tp + kijun,2.0,67,0.2835820895522388,0.07998788062414786,0.01830949732003817,0.2152923155092837,2.699300347218449,-0.04334549237151708,-0.993189082843183,-0.057772934298865763,-0.2051269834857783,19,0.1617814911142612,-0.025829629227891004,-0.16733085203822737,-0.10083174931384753,1.9792114453864427
4h,crypto,3,tp + kijun,4.0,67,0.26865671641791045,0.10240872595061354,0.023047265203989253,0.3981891780338321,2.699300347218449,-0.027747275014886497,-0.9560943342213835,-0.042202694089614634,-0.2051269834857783,19,0.1773797084708918,-0.0053395086168533945,-0.04589617914408959,-0.06940262388646856,1.9792114453864427
4h,crypto_slow,1,tp + no trail,2.0,32,0.4375,0.08347220118163914,0.07632891414325194,0.8438729609406538,2.699300347218449,0.0062655273606984085,0.16566692733191932,-0.041881928283251546,-0.2051269834857783,11,0.2113925108464767,0.0830726824039274,0.6181444780610211,-0.045490603455407896,1.9792114453864427
4h,crypto_slow,1,tp + no trail,4.0,31,0.3870967741935484,0.17073170731707318,0.04690561729043319,0.7074864823220551,2.699300347218449,-0.005059131107517212,-0.15256910223103212,-0.023799892062884798,-0.2051269834857783,11,0.20006785237826108,0.04160918451536477,0.43940318836036735,-0.03807494735942907,1.9792114453864427
4h,crypto_slow,1,no tp + kijun,2.0,32,0.40625,0.1416452052719285,0.08570473343369556,0.5818259070349785,2.699300347218449,0.03573401634738005,0.6206311954414292,-0.0337897468489442,-0.2051269834857783,11,0.24086099983315834,0.12450132412664305,0.5925249633391204,-0.07242208961757557,1.9792114453864427
4h,crypto_slow,1,no tp + kijun,4.0,32,0.40625,0.14588698682017875,0.042546765851509516,0.5560560092058497,2.699300347218449,0.01639275730908718,0.5496646875039999,-0.018834912096641787,-0.2051269834857783,11,0.22151974079486547,0.0596369819674869,0.5538821147297656,-0.03743222120399792,1.9792114453864427
4h,crypto_slow,1,no tp + atr,2.0,32,0.4375,0.08347220118163914,0.09347360357550216,0.8676984952245422,2.699300347218449,0.029718735162470145,0.6449288149726263,-0.030588833095556045,-0.2051269834857783,11,0.23484571864824844,0.12597025600731437,0.798891206876593,-0.05339073803218175,1.9792114453864427
4h,crypto_slow,1,no tp + atr,4.0,32,0.4375,0.08529010755946069,0.04082977229948259,0.7516735949550594,2.699300347218449,0.013259244143196458,0.558164147260174,-0.015630913971632854,-0.2051269834857783,11,0.21838622762897475,0.05463038836190903,0.6918878708929886,-0.03203603663072485,1.9792114453864427
4h,crypto_slow,1,tp + kijun,2.0,32,0.40625,0.0596879260718073,0.07256491065272863,0.9297038277179616,2.699300347218449,0.026696087030088522,0.7016526155513924,-0.033789299974422815,-0.2051269834857783,11,0.2318230705158668,0.10119819685293296,0.8508959985599465,-0.034734600146326566,1.9792114453864427
4h,crypto_slow,1,tp + kijun,4.0,32,0.40625,0.11346765641569459,0.046619401326270626,0.8054249696604746,2.699300347218449,0.004597573097538277,0.19011957078330471,-0.018834970282864738,-0.2051269834857783,11,0.20972455658331657,0.05143131052916994,0.6132321069029766,-0.027545309795622308,1.9792114453864427
4h,crypto_slow,3,tp + no trail,2.0,41,0.4146341463414634,0.0975609756097561,0.05669553704880048,0.568173662390312,2.699300347218449,0.013858991797982778,0.3182605861155748,-0.03657461364981407,-0.2051269834857783,13,0.21898597528376107,0.07134027182972491,0.4885860698328138,-0.06584492613409698,1.9792114453864427
4h,crypto_slow,3,tp + no trail,4.0,40,0.4,0.22799575821845175,0.04550134031452591,0.5654139113272635,2.699300347218449,0.0013141916213119664,0.05658451819218392,-0.022589597098850667,-0.2051269834857783,13,0.20644117510709026,0.04687532941603778,0.4109206573361357,-0.04944266537678266,1.9792114453864427
4h,crypto_slow,3,no tp + kijun,2.0,42,0.38095238095238093,0.16967126193001061,0.07464995619199022,0.47175065659020293,2.699300347218449,0.02806665197618452,0.468083232628663,-0.03385490482405151,-0.2051269834857783,14,0.2331936354619628,0.10481178250865275,0.47018912953631603,-0.09147870894359567,1.9792114453864427
4h,crypto_slow,3,no tp + kijun,4.0,42,0.38095238095238093,0.17997273140433268,0.03457585713459754,0.4178582527053807,2.699300347218449,0.017771588785783887,0.5414771060554915,-0.01712450345517913,-0.2051269834857783,14,0.22289857227156218,0.05296191383529347,0.4525040512082719,-0.04849514749991146,1.9792114453864427
4h,crypto_slow,3,no tp + atr,2.0,41,0.4146341463414634,0.10165126495985456,0.08566636702501063,0.7123720018658978,2.699300347218449,0.03407729723199071,0.688782025611261,-0.0305887375360403,-0.2051269834857783,13,0.239204280717769,0.12266294250889742,0.7054056868230172,-0.05456043751203088,1.9792114453864427
4h,crypto_slow,3,no tp + atr,4.0,41,0.4146341463414634,0.10437812452658687,0.03489381721244089,0.5706058891935407,2.699300347218449,0.015436132048169737,0.6068180591690907,-0.015630873148966495,-0.2051269834857783,13,0.22056311553394803,0.050868574830766455,0.5813109740814849,-0.03247291271237118,1.9792114453864427
4h,crypto_slow,3,tp + kijun,2.0,42,0.38095238095238093,0.07271625511286169,0.06092600643313251,0.6854617515649193,2.699300347218449,0.03421107515036059,0.8242517096734253,-0.028437355857060975,-0.2051269834857783,14,0.23933805863613888,0.09722142576818849,0.7292814088382374,-0.05032860669538519,1.9792114453864427
4h,crypto_slow,3,tp + kijun,4.0,42,0.38095238095238093,0.14103923647932132,0.058875423685922135,0.8938552074548466,2.699300347218449,0.00595931784054482,0.2161229482307235,-0.01712472757805139,-0.2051269834857783,14,0.2110863013263231,0.06518559888920827,0.6810659663711707,-0.03178300440177895,1.9792114453864427
4h,dynamic,1,tp + no trail,2.0,38,0.3157894736842105,0.07907892743523709,-0.017117507153807443,-0.16981137959588896,2.699300347218449,-0.012661015243071172,-0.23603172397889643,-0.041601633833959095,-0.2051269834857783,13,0.19246596824270712,-0.029561797377881005,-0.191859265369567,-0.0669194093794685,1.9792114453864427
4h,dynamic,1,tp + no trail,4.0,35,0.37142857142857144,0.14528101802757157,0.05927903172288196,0.9505059489720463,2.699300347218449,-0.03512931823263288,-1.1025129049036464,-0.03770624555392754,-0.2051269834857783,12,0.1699976652531454,0.022067281520333548,0.24813066597591724,-0.04286794718931253,1.9792114453864427
4h,dynamic,1,no tp + kijun,2.0,39,0.28205128205128205,0.08407816997424633,0.05053936736280584,0.4321897087094829,2.699300347218449,-0.04454813331372354,-0.9860548052505741,-0.051806937273843334,-0.2051269834857783,13,0.16057885017205475,0.0037397995742127765,0.05005362712256604,-0.09451179967951129,1.9792114453864427
4h,dynamic,1,no tp + kijun,4.0,39,0.28205128205128205,0.08438115437054991,0.025724634993405937,0.4241572908221564,2.699300347218449,-0.023164275262866463,-1.0212293577854112,-0.026853216596090412,-0.2051269834857783,13,0.18196270822291183,0.0019644672045155964,0.0371904322766034,-0.04958134336172637,1.9792114453864427
4h,dynamic,1,no tp + atr,2.0,38,0.2894736842105263,0.09059233449477352,0.08350767202907705,0.6605153681878885,2.699300347218449,-0.05323238347916448,-1.2371860033317033,-0.0646081866139655,-0.2051269834857783,13,0.1518946000066138,0.025829976129008392,0.17712414893645612,-0.09133487856464173,1.9792114453864427
4h,dynamic,1,no tp + atr,4.0,37,0.35135135135135137,0.1004393273746402,0.06423785784592329,0.9573421034492359,2.699300347218449,-0.03267537459475078,-1.4489414688369089,-0.03616944823604251,-0.2051269834857783,13,0.1724516088910275,0.02946348718289271,0.3400599527027269,-0.04220310343040168,1.9792114453864427
4h,dynamic,1,tp + kijun,2.0,39,0.28205128205128205,0.04953794879563703,-0.01004700345023879,-0.1192153708541617,2.699300347218449,-0.021288046217719958,-0.515703096918093,-0.03308791101264463,-0.2051269834857783,13,0.18383893726805833,-0.031121168594160586,-0.2569411702404827,-0.05418796243947688,1.9792114453864427
4h,dynamic,1,tp + kijun,4.0,39,0.28205128205128205,0.06620209059233449,0.00970302611535856,0.2206591797920791,2.699300347218449,-0.02316337901774157,-1.0211912592321484,-0.026852441024479368,-0.2051269834857783,13,0.18196360446803672,-0.013685107773912075,-0.18871487302932843,-0.03382110569658914,1.9792114453864427
4h,dynamic,3,tp + no trail,2.0,54,0.3333333333333333,0.09513710043932737,0.002528243220355275,0.048901841085438325,2.699300347218449,-0.020406939562197746,-0.3304494970534476,-0.05883421609836281,-0.2051269834857783,19,0.18472004392358055,-0.017930290048438824,-0.0844199912904457,-0.08347456893600924,1.9792114453864427
4h,dynamic,3,tp + no trail,4.0,49,0.3877551020408163,0.18739584911377064,0.09633784281119451,1.2506467624021456,2.699300347218449,-0.03475533162117095,-0.8592552396598793,-0.05527043221469574,-0.2051269834857783,17,0.17037165186460734,0.05823425751545219,0.509515906841111,-0.06033803725637732,1.9792114453864427
4h,dynamic,3,no tp + kijun,2.0,58,0.25862068965517243,0.12225420390849871,0.12911046686513505,0.8533954129718045,2.699300347218449,0.09163902522911149,0.9874290846863496,-0.08275634662925235,-0.2051269834857783,19,0.2967660087148898,0.23258104942464297,0.8895255782511767,-0.13617495722704065,1.9792114453864427
4h,dynamic,3,no tp + kijun,4.0,58,0.25862068965517243,0.1227086805029541,0.06486747111919966,0.8508656169372931,2.699300347218449,0.04671347513675972,0.9745165253798366,-0.04379231055944055,-0.2051269834857783,19,0.251840458622538,0.11461113125527045,0.8824563571550939,-0.0725792751016916,1.9792114453864427
4h,dynamic,3,no tp + atr,2.0,55,0.2909090909090909,0.1255870322678382,0.12394828739988806,0.8138649384325627,2.699300347218449,0.051820112461580026,0.641269233232094,-0.09248798937704861,-0.2051269834857783,19,0.2569470959473583,0.18219141405395067,0.7449840619579297,-0.13443342246855094,1.9792114453864427
4h,dynamic,3,no tp + atr,4.0,53,0.3584905660377358,0.14376609604605362,0.10726621510326773,1.28421833322352,2.699300347218449,0.022491891428312316,0.5321732543556943,-0.051485447573040855,-0.2051269834857783,18,0.2276188749140906,0.1321707265956087,1.0129950712291804,-0.0663257036184286,1.9792114453864427
4h,dynamic,3,tp + kijun,2.0,58,0.27586206896551724,0.06074837145886987,-0.008819523979184618,-0.08378708288625988,2.699300347218449,-0.025744998438371636,-0.49897370652966894,-0.055293920325939716,-0.2051269834857783,19,0.17938198504740666,-0.034337463786485056,-0.23394123943429107,-0.08597861636438298,1.9792114453864427
4h,dynamic,3,tp + kijun,4.0,58,0.25862068965517243,0.08710801393728224,0.020740544543404793,0.3926886165162084,2.699300347218449,-0.021534073277246657,-0.6577190548347172,-0.04378943641392141,-0.2051269834857783,19,0.18359291020853163,-0.0012401571398495959,0.00025523423018792494,-0.06293495206514521,1.9792114453864427
6h,standard,1,tp + no trail,2.0,38,0.3684210526315789,0.11386363636363636,0.06390635687083224,0.7450192194328344,2.719866924814829,-0.026511467564951152,-0.6167949629942034,-0.05852095272693314,-0.20096360377514288,14,0.17445213621019173,0.03570063799850587,0.29581691772835667,-0.06046059152309313,1.9665642105080923
6h,standard,1,tp + no trail,4.0,37,0.3783783783783784,0.16363636363636364,0.03820397223969829,0.713624194611926,2.719866924814829,-0.013109880264622231,-0.49448606294762404,-0.02235459568642162,-0.20096360377514288,13,0.18785372351052065,0.024593242473380572,0.3185865526044562,-0.026486854666141535,1.9665642105080923
6h,standard,1,no tp + kijun,2.0,39,0.3333333333333333,0.11136363636363636,0.08613383345189796,0.7691533072075375,2.719866924814829,-0.043010712061246514,-1.0546300689588042,-0.05660320203335001,-0.20096360377514288,14,0.15795289171389637,0.03941844388132054,0.278906709875798,-0.09420043160862945,1.9665642105080923
6h,standard,1,no tp + kijun,4.0,39,0.3333333333333333,0.11159090909090909,0.043337031325973774,0.7656140266335816,2.719866924814829,-0.02362173410334567,-1.1388306932461807,-0.03059762064057958,-0.20096360377514288,14,0.17734186967179721,0.01869160139181769,0.25221070604398715,-0.05037183469010453,1.9665642105080923
6h,standard,1,no tp + atr,2.0,39,0.358974358974359,0.1409090909090909,0.17879297881435585,1.4572589174210004,2.719866924814829,-0.04563410610653751,-1.024832904609862,-0.06748695544165828,-0.20096360377514288,14,0.15532949766860538,0.12499981494150014,0.7637368607066188,-0.08261200489862852,1.9665642105080923
6h,standard,1,no tp + atr,4.0,39,0.358974358974359,0.14727272727272728,0.08534798217083961,1.423813604323553,2.719866924814829,-0.022876733413876638,-0.9679011905353522,-0.03240173810434299,-0.20096360377514288,14,0.17808687036126625,0.060518765721428336,0.732531445176789,-0.04217466179005558,1.9665642105080923
6h,standard,1,tp + kijun,2.0,39,0.3333333333333333,0.07295454545454545,0.03610793636562848,0.5111901394775565,2.719866924814829,-0.0072620503682278015,-0.19296560282497313,-0.04153283886348502,-0.20096360377514288,14,0.19370155340691508,0.028583668344820845,0.2827391239121287,-0.0473431156523374,1.9665642105080923
6h,standard,1,tp + kijun,4.0,39,0.3333333333333333,0.09204545454545454,0.029459031595520768,0.6965625727489672,2.719866924814829,-0.023621144308005437,-1.1388035203546572,-0.03059710633681767,-0.20096360377514288,14,0.17734245946713745,0.005142031251023305,0.09162213921540364,-0.037846826066759376,1.9665642105080923
6h,standard,3,tp + no trail,2.0,44,0.36363636363636365,0.1293181818181818,0.057117573871011684,0.6320826730042953,2.719866924814829,-0.03732989170564338,-0.84043686534263,-0.06898386967377879,-0.20096360377514288,15,0.1636337120694995,0.01765548931827432,0.1518602500873289,-0.09535229966596648,1.9665642105080923
6h,standard,3,tp + no trail,4.0,42,0.35714285714285715,0.17954545454545454,0.023035695948368184,0.4261494411711475,2.719866924814829,-0.01852889777509581,-0.685276076579892,-0.026443066656884784,-0.20096360377514288,14,0.18243470600004708,0.004079972117867037,0.0632610068180587,-0.03890994513797963,1.9665642105080923
6h,standard,3,no tp + kijun,2.0,50,0.32,0.13340909090909092,0.1125698652908107,0.8997809349648582,2.719866924814829,-0.048039042573252755,-1.1507611959750739,-0.06155983563487011,-0.20096360377514288,16,0.15292456120189013,0.05912307416638729,0.37496891525659715,-0.1148305047075282,1.9665642105080923
6h,standard,3,no tp + kijun,4.0,50,0.32,0.13363636363636364,0.056218724425202815,0.8954635569156686,2.719866924814829,-0.026179327023358123,-1.2317746900151778,-0.033136888920357155,-0.20096360377514288,16,0.17478427675178476,0.028567629030281427,0.3498709907011691,-0.0609671903700183,1.9665642105080923
6h,standard,3,no tp + atr,2.0,44,0.3181818181818182,0.15227272727272728,0.14957220205825617,1.203366717190957,2.719866924814829,-0.053464022886955065,-1.169897130098757,-0.07513909249081241,-0.20096360377514288,15,0.14749958088818782,0.08811144753720623,0.5397510307433045,-0.0946081018402034,1.9665642105080923
6h,standard,3,no tp + atr,4.0,44,0.3181818181818182,0.15863636363636363,0.0703465465360189,1.1478992211003833,2.719866924814829,-0.026881863304832,-1.1088314446967533,-0.03636815605461208,-0.20096360377514288,15,0.1740817404703109,0.041573636983238904,0.4971865536345527,-0.04844073557357542,1.9665642105080923
6h,standard,3,tp + kijun,2.0,51,0.3333333333333333,0.08954545454545454,0.05074105843226007,0.6363224674289313,2.719866924814829,-0.012476066602709057,-0.33176666073695554,-0.046566594213334866,-0.20096360377514288,16,0.18848753717243383,0.03763194300505823,0.3379200425876302,-0.07607350337537122,1.9665642105080923
6h,standard,3,tp + kijun,4.0,50,0.32,0.10795454545454546,0.037002796665626114,0.7900310168769813,2.719866924814829,-0.026178373609839323,-1.2317319014993964,-0.03313604014339799,-0.20096360377514288,16,0.17478523016530356,0.009855750020065113,0.1554649883579228,-0.05250260702897125,1.9665642105080923
6h,crypto,1,tp + no trail,2.0,40,0.425,0.12136363636363637,0.08920308902650498,0.8720099853115054,2.719866924814829,-0.034325228566396415,-0.8843774980257231,-0.055005712519039296,-0.20096360377514288,13,0.16663837520874647,0.051815944040445094,0.3852672571238828,-0.07566764810520143,1.9665642105080923
6h,crypto,1,tp + no trail,4.0,39,0.38461538461538464,0.19613636363636364,0.06386406881155149,0.9322770203058626,2.719866924814829,-0.031340466846029646,-1.2283343268470015,-0.03652725861219608,-0.20096360377514288,13,0.16962313692911324,0.03052207223428094,0.33755951532873796,-0.050494464268757366,1.9665642105080923
6h,crypto,1,no tp + kijun,2.0,41,0.21951219512195122,0.11136363636363636,0.07663174771680348,0.7101620682216179,2.719866924814829,-0.05748076759935894,-1.4186314429872044,-0.07012911247224352,-0.20096360377514288,13,0.14348283617578395,0.014746128436202266,0.12286881442763331,-0.09245894198011584,1.9665642105080923
6h,crypto,1,no tp + kijun,4.0,41,0.21951219512195122,0.11159090909090909,0.03878641443744746,0.7084163762014813,2.719866924814829,-0.030514185373268,-1.4741955054349332,-0.03705597006339045,-0.20096360377514288,13,0.17044941840187489,0.007088693224070797,0.1058714518430242,-0.04866591229742068,1.9665642105080923
6h,crypto,1,no tp + atr,2.0,40,0.35,0.145,0.21565769622166164,1.5438055858553301,2.719866924814829,-0.05476799147524947,-1.333668827158063,-0.06687721046844963,-0.20096360377514288,13,0.14619561229989342,0.14907856587817214,0.8366772272826488,-0.10089871338116041,1.9665642105080923
6h,crypto,1,no tp + atr,4.0,40,0.35,0.14863636363636365,0.09930872479356734,1.459416818147343,2.719866924814829,-0.03327710217521307,-1.5688692999397147,-0.03950236308453936,-0.20096360377514288,13,0.16768650159992982,0.06272691603650848,0.7088201658960049,-0.06044954735963459,1.9665642105080923
6h,crypto,1,tp + kijun,2.0,42,0.23809523809523808,0.07340909090909091,0.00691715787361602,0.11223824419579935,2.719866924814829,-0.02476657538961846,-0.7168520636937821,-0.04565175669603261,-0.20096360377514288,13,0.17619702838552442,-0.018020731827961156,-0.15275512197175833,-0.06856713849732354,1.9665642105080923
6h,crypto,1,tp + kijun,4.0,41,0.21951219512195122,0.09318181818181819,0.017356445794886266,0.42020832124144997,2.719866924814829,-0.030513396348406663,-1.4741604074410593,-0.03705521888229979,-0.20096360377514288,13,0.17045020742673622,-0.01368655466325941,-0.20842951021612874,-0.04866492097300423,1.9665642105080923
6h,crypto,3,tp + no trail,2.0,46,0.45652173913043476,0.13454545454545455,0.15311790088976585,1.3838490966727077,2.719866924814829,-0.03571625584348859,-0.7626638227512678,-0.05947216226732044,-0.20096360377514288,16,0.1652473479316543,0.1119328469238805,0.7275691677087102,-0.08003692670012796,1.9665642105080923
6h,crypto,3,tp + no trail,4.0,44,0.38636363636363635,0.21704545454545454,0.08235663412845362,1.139495146744568,2.719866924814829,-0.022900367434060542,-0.6907991633632615,-0.040521458249825115,-0.20096360377514288,16,0.17806323634108234,0.057570269512218886,0.5592198388266971,-0.05443083968618789,1.9665642105080923
6h,crypto,3,no tp + kijun,2.0,48,0.2708333333333333,0.14545454545454545,0.15692385298764266,1.2018714752605426,2.719866924814829,0.05692631088433986,0.7493982163355386,-0.07311463822144426,-0.20096360377514288,16,0.25788991465948274,0.22278325991232562,1.009189758219188,-0.09785143892995629,1.9665642105080923
6h,crypto,3,no tp + kijun,4.0,48,0.2708333333333333,0.1456818181818182,0.07721457753384575,1.1948974739992926,2.719866924814829,0.028589802515573526,0.7206346885628283,-0.038596230798621844,-0.20096360377514288,16,0.2295534062907164,0.10801192957243533,0.9908426086671249,-0.051482347208721024,1.9665642105080923
6h,crypto,3,no tp + atr,2.0,45,0.37777777777777777,0.17272727272727273,0.2632881069315307,1.747729935051386,2.719866924814829,0.06452438413125794,0.8375570029833777,-0.060940931620751315,-0.20096360377514288,16,0.2654879879064008,0.34480099401163034,1.4000792389020529,-0.09517943786863092,1.9665642105080923
6h,crypto,3,no tp + atr,4.0,45,0.37777777777777777,0.17636363636363636,0.12077688938832543,1.6645885992045322,2.719866924814829,0.027900221638108347,0.6988352073729637,-0.03645652508554098,-0.20096360377514288,16,0.22886382541325123,0.15204681300912948,1.292012926245866,-0.057470266113136104,1.9665642105080923
6h,crypto,3,tp + kijun,2.0,50,0.3,0.08363636363636363,0.08323961806860103,1.0092380185699796,2.719866924814829,-0.014652468382388983,-0.3380673798571827,-0.04871467980982258,-0.20096360377514288,16,0.1863111353927539,0.06736748381429969,0.5543123981576097,-0.07409927809386496,1.9665642105080923
6h,crypto,3,tp + kijun,4.0,48,0.2708333333333333,0.10954545454545454,0.05747261819244387,1.1614169666274754,2.719866924814829,-0.015801403109287016,-0.5428453177790651,-0.038595530128584854,-0.20096360377514288,16,0.18516220066585587,0.04076306707535182,0.5250877604623595,-0.051481321003149505,1.9665642105080923
6h,crypto_slow,1,tp + no trail,2.0,18,0.5555555555555556,0.07090909090909091,0.05961119313444185,0.8358072679909843,2.719866924814829,0.04648326920196233,1.6027530897838997,-0.011325932177932208,-0.20096360377514288,4,0.24744687297710521,0.10886538547432267,1.0566066307330952,-0.05892888877565372,1.9665642105080923
6h,crypto_slow,1,tp + no trail,4.0,18,0.4444444444444444,0.1725,-0.001688493765483523,-0.01297325255883876,2.719866924814829,0.03791678421538469,1.6814058264950287,-0.008770242489955171,-0.20096360377514288,4,0.23888038799052758,0.036164268196146265,0.43731331246161165,-0.03916588600457449,1.9665642105080923
6h,crypto_slow,1,no tp + kijun,2.0,18,0.5,0.1765909090909091,0.0951692574604821,0.8284688629265922,2.719866924814829,0.08946586435303994,1.5707084828768547,-0.022102267478866677,-0.20096360377514288,4,0.2904294681281828,0.19314952169206112,1.0706747709480544,-0.051391834691410176,1.9665642105080923
6h,crypto_slow,1,no tp + kijun,4.0,18,0.5,0.18454545454545454,0.0403556187187486,0.6582904274208418,2.719866924814829,0.044396608483392,1.55243830560119,-0.01145475023233955,-0.20096360377514288,4,0.24536021225853488,0.08654387980650213,0.9395151188600274,-0.027897820827583075,1.9665642105080923
6h,crypto_slow,1,no tp + atr,2.0,18,0.3333333333333333,0.08681818181818182,0.055045771248138475,0.6616228576358206,2.719866924814829,0.04914781929487644,1.1539121709034974,-0.020983607319409736,-0.20096360377514288,4,0.2501114230700193,0.10689897016126548,0.8249316530719335,-0.043229369153775954,1.9665642105080923
6h,crypto_slow,1,no tp + atr,4.0,18,0.3333333333333333,0.0875,0.024503256675465934,0.5808937284150776,2.719866924814829,0.024560874602582272,1.1371247722177207,-0.010654826118639216,-0.20096360377514288,4,0.22552447837772516,0.049665952692609094,0.7659605150964932,-0.023208611867783113,1.9665642105080923
6h,crypto_slow,1,tp + kijun,2.0,18,0.5555555555555556,0.06477272727272727,0.04865447024685765,0.7406245451651485,2.719866924814829,0.046483481095732415,1.6027597103641602,-0.01132585944270359,-0.20096360377514288,4,0.2474470848708753,0.09739958049053277,1.0028103077938597,-0.051391834691410176,1.9665642105080923
6h,crypto_slow,1,tp + kijun,4.0,18,0.5,0.12295454545454546,0.022652684062868245,0.4618759132728298,2.719866924814829,0.031159671247208198,1.4744966598881948,-0.010737593712483728,-0.20096360377514288,4,0.23212327502235108,0.05451820549834219,0.7621172905434769,-0.027897820827583075,1.9665642105080923
6h,crypto_slow,3,tp + no trail,2.0,22,0.5,0.09477272727272727,0.0575411753331081,0.7525982876649838,2.719866924814829,0.03817396094834491,1.0922745939744034,-0.014448953504372697,-0.20096360377514288,5,0.2391375647234878,0.09791171086154105,0.8590372250568064,-0.0607673686476905,1.9665642105080923
6h,crypto_slow,3,tp + no trail,4.0,21,0.38095238095238093,0.21022727272727273,-0.0122375250794019,-0.1660605315499486,2.719866924814829,0.0379169215197348,1.6814115990900285,-0.008770228229912691,-0.20096360377514288,4,0.2388805252948777,0.025215387162301317,0.2901843020998514,-0.05148296308479372,1.9665642105080923
6h,crypto_slow,3,no tp + kijun,2.0,22,0.5,0.20045454545454544,0.08882877020146474,0.7256198522448866,2.719866924814829,0.08946609302121655,1.5707123200509014,-0.022102267189243574,-0.20096360377514288,4,0.29042969679635944,0.18624202624048602,0.9897513013369794,-0.05870259371997222,1.9665642105080923
6h,crypto_slow,3,no tp + kijun,4.0,22,0.5454545454545454,0.2225,0.04610929490388771,0.6867035378392765,2.719866924814829,0.04439651448280513,1.5524348962729415,-0.011454750283347859,-0.20096360377514288,4,0.245360118257948,0.09255290136568539,0.943048663914732,-0.028700202288131527,1.9665642105080923
6h,crypto_slow,3,no tp + atr,2.0,21,0.3333333333333333,0.09863636363636363,0.042116301460402905,0.48313649872779574,2.719866924814829,0.04914828755683498,1.1539236613960964,-0.020983473415634668,-0.20096360377514288,4,0.25011189133197786,0.09333453311224416,0.698480090883201,-0.05495500873814285,1.9665642105080923
6h,crypto_slow,3,no tp + atr,4.0,21,0.3333333333333333,0.10022727272727272,0.016641051483647917,0.374096002460238,2.719866924814829,0.024561004258599084,1.1371314006844209,-0.010654768424476213,-0.20096360377514288,4,0.22552460803374197,0.041610776678604466,0.6190616451468673,-0.030704797118349836,1.9665642105080923
6h,crypto_slow,3,tp + kijun,2.0,23,0.5217391304347826,0.09272727272727273,0.06736977113776565,0.907529299980831,2.719866924814829,0.045920005511758344,1.3190273716757872,-0.014333458615345185,-0.20096360377514288,5,0.24688360928690123,0.11638339691149602,1.0384644735247304,-0.052902961582218744,1.9665642105080923
6h,crypto_slow,3,tp + kijun,4.0,22,0.5454545454545454,0.16090909090909092,0.028308493828760106,0.5056838896623256,2.719866924814829,0.031159583472430974,1.4744924207674222,-0.010737636305697129,-0.20096360377514288,4,0.23212318724757386,0.06035015817762712,0.7656632179348062,-0.028700202288131527,1.9665642105080923
6h,dynamic,1,tp + no trail,2.0,32,0.34375,0.09068181818181818,0.039714826518644,0.4749160777163795,2.719866924814829,-0.005256758225971159,-0.12667280331673939,-0.04944063092736106,-0.20096360377514288,10,0.19570684554917173,0.034249297051677896,0.2970358960933713,-0.04944063092736106,1.9665642105080923
6h,dynamic,1,tp + no trail,4.0,29,0.3103448275862069,0.1509090909090909,0.03036657882291305,0.5200420906417129,2.719866924814829,-0.006877886669634736,-0.2824604087247943,-0.02091441804496108,-0.20096360377514288,9,0.19408571710550815,0.02327983426558977,0.29252898445393305,-0.03328696177866586,1.9665642105080923
6h,dynamic,1,no tp + kijun,2.0,33,0.30303030303030304,0.09431818181818181,0.033088500849486335,0.31689938253510913,2.719866924814829,-0.022200096748031917,-0.537406218736062,-0.050116541400895054,-0.20096360377514288,10,0.17876350702711097,0.010153836181348463,0.09154022513789305,-0.07501650290522188,1.9665642105080923
6h,dynamic,1,no tp + kijun,4.0,33,0.30303030303030304,0.09454545454545454,0.016922073477697364,0.30774418354319555,2.719866924814829,-0.012039948482830187,-0.5851130184069462,-0.025393954387046502,-0.20096360377514288,10,0.1889236552923127,0.0046783841019730765,0.07303696924050024,-0.03968773260468228,1.9665642105080923
6h,dynamic,1,no tp + atr,2.0,32,0.375,0.11227272727272727,0.12882733200406427,1.2044103198468372,2.719866924814829,-0.030159083951083576,-0.7586812973678614,-0.06100472672153601,-0.20096360377514288,10,0.1708045198240593,0.09478293373187596,0.6606458802750489,-0.07497843387187098,1.9665642105080923
6h,dynamic,1,no tp + atr,4.0,32,0.375,0.11704545454545455,0.061406323749536806,1.1597933755023697,2.719866924814829,-0.014095177481146082,-0.6642225350557751,-0.029614548771930038,-0.20096360377514288,10,0.1868684262939968,0.046445613236676175,0.6342291551219555,-0.03980455227557267,1.9665642105080923
6h,dynamic,1,tp + kijun,2.0,33,0.30303030303030304,0.05886363636363636,0.02189886442097344,0.3408569182901149,2.719866924814829,0.011642855960179777,0.3652247040249712,-0.037798439913201975,-0.20096360377514288,10,0.21260645973532266,0.033796685705298035,0.348091981423631,-0.0382927662669964,1.9665642105080923
6h,dynamic,1,tp + kijun,4.0,33,0.30303030303030304,0.08477272727272728,0.01735335423438711,0.42843452846033514,2.719866924814829,-0.012039962885885602,-0.585113710568983,-0.025393962493436395,-0.20096360377514288,10,0.18892364088925728,0.005104457607573831,0.09293863442102518,-0.02641326921878473,1.9665642105080923
6h,dynamic,3,tp + no trail,2.0,39,0.3333333333333333,0.10954545454545454,0.033169964385721507,0.3772797461989113,2.719866924814829,-0.02495708211263381,-0.5982101974575886,-0.06000465547793821,-0.20096360377514288,12,0.17600652166250907,0.007385056748240082,0.07750699085703551,-0.06912542091544738,1.9665642105080923
6h,dynamic,3,tp + no trail,4.0,35,0.2857142857142857,0.16977272727272727,0.01619002182102247,0.27799513903872236,2.719866924814829,-0.01666960878558399,-0.6531754154994431,-0.022792493541752723,-0.20096360377514288,11,0.1842939949895589,-0.000749468294548028,0.005590399660158168,-0.04343836997921613,1.9665642105080923
6h,dynamic,3,no tp + kijun,2.0,45,0.3111111111111111,0.12227272727272727,0.0627863064115719,0.5160435896785487,2.719866924814829,-0.02904564774985463,-0.674017282506738,-0.05510573990297907,-0.20096360377514288,13,0.17191795602528825,0.03191698972217227,0.21456457753169367,-0.09513293070087525,1.9665642105080923
6h,dynamic,3,no tp + kijun,4.0,45,0.3111111111111111,0.1225,0.03170801924695876,0.5058044076789797,2.719866924814829,-0.01549115260027778,-0.7186361433846998,-0.02794655400800694,-0.20096360377514288,13,0.1854724511748651,0.015725672881873765,0.19676720315789947,-0.050207740229478603,1.9665642105080923
6h,dynamic,3,no tp + atr,2.0,38,0.3157894736842105,0.12636363636363637,0.09725937914598792,0.8948388849450915,2.719866924814829,-0.040717397094582886,-0.9434614028630735,-0.06870969758768097,-0.20096360377514288,12,0.16024620668056,0.052581833289545354,0.36692636734172723,-0.08707355672419148,1.9665642105080923
6h,dynamic,3,no tp + atr,4.0,38,0.3157894736842105,0.1315909090909091,0.04411976545784846,0.809673781589521,2.719866924814829,-0.01946149063700675,-0.8508570948025188,-0.033032016346614124,-0.20096360377514288,12,0.18150211313813613,0.023799638418476876,0.3184090072120023,-0.04553290692115575,1.9665642105080923
6h,dynamic,3,tp + kijun,2.0,46,0.32608695652173914,0.07954545454545454,0.05118550956688739,0.6621487998423368,2.719866924814829,0.0045602667148327836,0.14645808434400207,-0.042852416611378286,-0.20096360377514288,13,0.20552387048997567,0.05597919585727973,0.4985624909218818,-0.05325074660990603,1.9665642105080923
6h,dynamic,3,tp + kijun,4.0,45,0.3111111111111111,0.1065909090909091,0.027028195784290165,0.5806160361775922,2.719866924814829,-0.01549095096873121,-0.718626966319796,-0.0279464315556186,-0.20096360377514288,13,0.18547265280641168,0.011118552359891343,0.17336760833232284,-0.0371595940184839,1.9665642105080923
12h,standard,1,tp + no trail,2.0,21,0.47619047619047616,0.13221263062244434,0.037782241739309,0.5060619915917195,2.666433789901636,0.03955543287840313,1.213075534512611,-0.021791835856771358,-0.20096360377514288,7,0.24051903665354601,0.07883216754482691,0.7177809689002734,-0.03447432273698614,1.9665642105080923
12h,standard,1,tp + no trail,4.0,21,0.42857142857142855,0.20218082689686506,0.03719353377448997,0.7274898984968232,2.666433789901636,0.024634845555556062,1.150237363047162,-0.010980547111430261,-0.20096360377514288,7,0.22559844933069895,0.06274463629024596,0.8523828641715331,-0.0219355515474704,1.9665642105080923
12h,standard,1,no tp + kijun,2.0,22,0.5,0.1481144934120854,0.03142041350990743,0.37347690923242083,2.666433789901636,0.050877273097836406,1.2484021873403164,-0.02441145733680139,-0.20096360377514288,8,0.2518408768729793,0.0838962715667344,0.6494052501795643,-0.048371516318120866,1.9665642105080923
12h,standard,1,no tp + kijun,4.0,22,0.5,0.1485688323489323,0.01566205470994464,0.36180717997369377,2.666433789901636,0.025347933542433143,1.2408985857235804,-0.012402277293636632,-0.20096360377514288,8,0.22631153731757603,0.041406988974303394,0.6385959024475006,-0.024595290031341976,1.9665642105080923
12h,standard,1,no tp + atr,2.0,21,0.6190476190476191,0.18673330304407088,0.09870899468679517,1.0439059857527797,2.666433789901636,0.03602245987339736,0.909062896117627,-0.02654819484946358,-0.20096360377514288,7,0.23698606364854025,0.1382871953604412,1.0033717187679227,-0.04045405011389114,1.9665642105080923
12h,standard,1,no tp + atr,4.0,21,0.6190476190476191,0.19082235347569287,0.04568108693599071,0.9607423578249009,2.666433789901636,0.020319539166891554,1.0133857176057832,-0.012378761824727413,-0.20096360377514288,7,0.22128314294203444,0.06692884473806449,0.9767025311317409,-0.022239549175249174,1.9665642105080923
12h,standard,1,tp + kijun,2.0,22,0.5454545454545454,0.09404815992730577,0.04568613794554044,0.734990074588827,2.666433789901636,0.04823368829208574,1.5263839027700137,-0.018124909169875858,-0.20096360377514288,8,0.24919729206722863,0.09612343717456051,0.997238670917436,-0.018659916166182566,1.9665642105080923
12h,standard,1,tp + kijun,4.0,22,0.5,0.12358019082235347,0.01095743256458448,0.2752767376706983,2.666433789901636,0.027644085011845787,1.347759131462331,-0.009121869661579574,-0.20096360377514288,8,0.22860768878698867,0.03890442577375719,0.6299300679457613,-0.024595290031341976,1.9665642105080923
12h,standard,3,tp + no trail,2.0,25,0.4,0.15538391640163562,0.005377746169288988,0.08491762308882858,2.666433789901636,0.03453375057715502,1.0250827229212127,-0.02651802930406988,-0.20096360377514288,8,0.2354973543522979,0.040097210491321755,0.3592652768072507,-0.03650933677947288,1.9665642105080923
12h,standard,3,tp + no trail,4.0,25,0.36,0.2344388914129941,0.025361781307950748,0.47876271814487803,2.666433789901636,0.02216062736534785,1.0144339570853564,-0.013368920857947164,-0.20096360377514288,8,0.22312423114049074,0.04808444165818537,0.6336079613449043,-0.026330297863213836,1.9665642105080923
12h,standard,3,no tp + kijun,2.0,29,0.4482758620689655,0.17264879600181735,0.013107873934341763,0.16194302584273051,2.666433789901636,0.04700672197409128,1.1311264738032907,-0.028943253679934,-0.20096360377514288,11,0.24797032574923417,0.0607307540941362,0.46042148787925663,-0.056608322932400146,1.9665642105080923
12h,standard,3,no tp + kijun,4.0,29,0.4482758620689655,0.17310313493866425,0.006628959311059335,0.1519354676979324,2.666433789901636,0.023463450281650644,1.1242593617233267,-0.014694300518807601,-0.20096360377514288,11,0.22442705405679353,0.030247947849924017,0.4509768437145715,-0.028816015732231914,1.9665642105080923
12h,standard,3,no tp + atr,2.0,25,0.52,0.20354384370740572,0.07180218739252386,0.742136311796474,2.666433789901636,0.03539756522058268,0.8769178659573571,-0.02654803341784806,-0.20096360377514288,8,0.23636116899572557,0.10974137522431415,0.782305134110072,-0.05002704506001188,1.9665642105080923
12h,standard,3,no tp + atr,4.0,25,0.52,0.2121762835074966,0.03440595852202888,0.6981645833886986,2.666433789901636,0.020012376511358232,0.9789750190552058,-0.012378736176785643,-0.20096360377514288,8,0.22097598028650112,0.05510688002956421,0.7806799534336986,-0.027116329583009913,1.9665642105080923
12h,standard,3,tp + kijun,2.0,29,0.4827586206896552,0.1185824625170377,0.027120274844568915,0.40174586033683846,2.666433789901636,0.044372592016929335,1.355241791454764,-0.018124692454529634,-0.20096360377514288,11,0.24533619579207222,0.07269626375256322,0.7049845573630138,-0.02815025937260096,1.9665642105080923
12h,standard,3,tp + kijun,4.0,29,0.4482758620689655,0.1481144934120854,0.0019661890085245215,0.05513438085772923,2.666433789901636,0.025755384304877227,1.2289424021567246,-0.009121832122395701,-0.20096360377514288,11,0.2267189880800201,0.027772213266932244,0.43296394071188227,-0.028816015732231914,1.9665642105080923
12h,crypto,1,tp + no trail,2.0,15,0.4666666666666667,0.08359836437982734,0.010815889433837933,0.18543800184362416,2.666433789901636,0.047753772568305264,1.8625823894964917,-0.011261767292132796,-0.20096360377514288,4,0.24871737634344815,0.05908616152629054,0.6641262129230469,-0.04205469511982052,1.9665642105080923
12h,crypto,1,tp + no trail,4.0,15,0.4666666666666667,0.16174466151749206,-0.008357210288706507,-0.16719603338060818,2.666433789901636,0.025477257138302623,1.2960151739127053,-0.01228210707052868,-0.20096360377514288,4,0.2264408609134455,0.016907128054111764,0.26264046085158915,-0.02471086120413102,1.9665642105080923
12h,crypto,1,no tp + kijun,2.0,15,0.4666666666666667,0.141753748296229,0.025602490956375235,0.3383033351070529,2.666433789901636,0.062110810017339535,1.5872637013347264,-0.014641321930450646,-0.20096360377514288,4,0.2630744137924824,0.08930349242547697,0.745699880949626,-0.037896676105126925,1.9665642105080923
12h,crypto,1,no tp + kijun,4.0,15,0.4666666666666667,0.14220808723307587,0.011950127997881088,0.3069341585399149,2.666433789901636,0.030873578975457505,1.5770580631443856,-0.007494249927176955,-0.20096360377514288,4,0.2318371827506004,0.04319265019384799,0.721142021354504,-0.02041007915325832,1.9665642105080923
12h,crypto,1,no tp + atr,2.0,15,0.4666666666666667,0.11403907314856883,0.02345452700755879,0.33042192068355575,2.666433789901636,0.0346200183977714,0.9827411058210764,-0.020420877638728574,-0.20096360377514288,4,0.2355836221729143,0.05888654156184292,0.5404744433044478,-0.03628406258044814,1.9665642105080923
12h,crypto,1,no tp + atr,4.0,15,0.4666666666666667,0.12358019082235347,0.01022825612161915,0.26724646834110233,2.666433789901636,0.016850059510007176,0.947928122125874,-0.010735939922379867,-0.20096360377514288,4,0.21781366328515006,0.027250662355959188,0.4788986600074872,-0.02116220928392143,1.9665642105080923
12h,crypto,1,tp + kijun,2.0,15,0.5333333333333333,0.0708768741481145,0.029706059814724073,0.5206716757482682,2.666433789901636,0.0525454808897905,2.133136505717488,-0.008927892191339826,-0.20096360377514288,4,0.2535090846649334,0.08381245990282005,0.9961332372574088,-0.03551677367094486,1.9665642105080923
12h,crypto,1,tp + kijun,4.0,15,0.4666666666666667,0.10222626079054975,0.01577455835770869,0.45075483702142183,2.666433789901636,0.028584323004965162,1.6015654992518331,-0.006454413573391382,-0.20096360377514288,4,0.22954792678010805,0.04480978643403133,0.8323948290085449,-0.018991227965717505,1.9665642105080923
12h,crypto,3,tp + no trail,2.0,18,0.3888888888888889,0.09177646524307133,-0.0036764123759330802,-0.04116691646212988,2.666433789901636,0.036688631425037865,1.4059547229073353,-0.011261784935879704,-0.20096360377514288,5,0.23765223520018075,0.03287733651047775,0.3703777445651484,-0.04424492464518914,1.9665642105080923
12h,crypto,3,tp + no trail,4.0,17,0.4117647058823529,0.16992276238073603,-0.015598239246721768,-0.3150769416693576,2.666433789901636,0.025477319134858734,1.2960179772270302,-0.012282087894221583,-0.20096360377514288,4,0.22644092291000162,0.009481678568906249,0.15051737725376582,-0.031032132249418365,1.9665642105080923
12h,crypto,3,no tp + kijun,2.0,17,0.4117647058823529,0.1449341208541572,0.013454076754544353,0.18460718185698197,2.666433789901636,0.06211113706110627,1.5872715596544598,-0.014641321646381877,-0.20096360377514288,4,0.26307474083624915,0.07640086182098282,0.6364331638080156,-0.037896582278007074,1.9665642105080923
12h,crypto,3,no tp + kijun,4.0,17,0.4117647058823529,0.1453884597910041,0.005951200152737091,0.15525010164601222,2.666433789901636,0.030873634792017546,1.5770607992168313,-0.007494249901087935,-0.20096360377514288,4,0.23183723856716043,0.037008570124844375,0.6132152567082245,-0.020410059754161436,1.9665642105080923
12h,crypto,3,no tp + atr,2.0,17,0.4117647058823529,0.12039981826442527,0.009510467929769506,0.1429230719123322,2.666433789901636,0.03462031723666237,0.9827493675457312,-0.020420793939314952,-0.20096360377514288,4,0.23558392101180525,0.04446004058322983,0.40984726608503064,-0.045786537001974215,1.9665642105080923
12h,crypto,3,no tp + atr,4.0,17,0.4117647058823529,0.1299409359382099,0.0033389012806090967,0.0923971383593534,2.666433789901636,0.01685012486019355,0.9479318117281001,-0.010735911857174374,-0.20096360377514288,4,0.21781372863533643,0.02024528704427686,0.354985890878126,-0.025986976651732663,1.9665642105080923
12h,crypto,3,tp + kijun,2.0,18,0.4444444444444444,0.07587460245343026,0.01750896761329135,0.3035736757129423,2.666433789901636,0.04142972357357744,1.647503947445542,-0.010561027538091738,-0.20096360377514288,5,0.24239332734872032,0.05966408287514602,0.6971013262086346,-0.03707720985164875,1.9665642105080923
12h,crypto,3,tp + kijun,4.0,17,0.4117647058823529,0.10540663334847797,0.009752948887658652,0.2759445527890401,2.666433789901636,0.028584371186282542,1.6015679299940424,-0.006454389229381019,-0.20096360377514288,4,0.22954797496142543,0.03861610198510679,0.7091961501192577,-0.018991211978651723,1.9665642105080923
12h,crypto_slow,1,tp + no trail,2.0,14,0.2857142857142857,0.06497046796910495,-0.037583064556953816,-0.6459907976551785,2.666433789901636,0.008494369390882994,0.48978922951004544,-0.017205340278460324,-0.20096360377514288,2,0.20945797316602588,-0.029407939599259025,-0.3775144958442341,-0.06588303308071375,1.9665642105080923
12h,crypto_slow,1,tp + no trail,4.0,13,0.3076923076923077,0.13130395274875056,0.002729632947415128,0.06582634256476187,2.666433789901636,0.016537950081213282,1.2027981434584787,-0.006943023970261031,-0.20096360377514288,2,0.21750155385635617,0.019312725562052657,0.30275878303474035,-0.0282519828470853,1.9665642105080923
12h,crypto_slow,1,no tp + kijun,2.0,13,0.3076923076923077,0.13902771467514766,0.024063511016161776,0.24880503869542764,2.666433789901636,0.039592434237196716,1.0781487870341742,-0.023974412855621408,-0.20096360377514288,2,0.2405560380123396,0.06460867823078198,0.4595814870903458,-0.09890107609324583,1.9665642105080923
12h,crypto_slow,1,no tp + kijun,4.0,13,0.38461538461538464,0.19718309859154928,0.08133834634799486,1.0598252862754927,2.666433789901636,0.019911696322126193,1.070472549086443,-0.012297563238704456,-0.20096360377514288,2,0.22087530009726908,0.10286962712194625,1.036837660206313,-0.04569466280521772,1.9665642105080923
12h,crypto_slow,1,no tp + atr,2.0,13,0.3076923076923077,0.09086778736937756,0.05032931779159466,0.6115304789358096,2.666433789901636,0.026653492694674208,0.9737802029016432,-0.020908132660637513,-0.20096360377514288,2,0.2276170964698171,0.07832426259035508,0.6972583926831397,-0.07559010079108497,1.9665642105080923
12h,crypto_slow,1,no tp + atr,4.0,13,0.3076923076923077,0.09223080417991822,0.02378393349094976,0.5642819138742463,2.666433789901636,0.013367855481794422,0.9667485834709074,-0.01066233004862871,-0.20096360377514288,2,0.2143314592569373,0.0374697291584396,0.6588632649453051,-0.040921680932156534,1.9665642105080923
12h,crypto_slow,1,tp + kijun,2.0,14,0.2857142857142857,0.05497501135847342,-0.018763634221271808,-0.3440156561659261,2.666433789901636,0.009927526808738651,0.581932124336678,-0.015808614636192098,-0.20096360377514288,2,0.21089113058388154,-0.009022383894294217,-0.11613590829003932,-0.05317630982993282,1.9665642105080923
12h,crypto_slow,1,tp + kijun,4.0,13,0.38461538461538464,0.09768287142208087,0.032806471173036256,0.8117932651422781,2.666433789901636,0.014950889155647351,1.0814667339716921,-0.007930405043531041,-0.20096360377514288,2,0.21591449293079024,0.04824784624277956,0.8767518710534815,-0.020519779560810858,1.9665642105080923
12h,crypto_slow,3,tp + no trail,2.0,15,0.4,0.09586551567469333,-0.008335676920459667,-0.12228192453064,2.666433789901636,0.028110062623734944,1.2079670165531695,-0.017205333507115506,-0.20096360377514288,3,0.22907366639887783,0.019540069303030094,0.2429521348039751,-0.03749529134462104,1.9665642105080923
12h,crypto_slow,3,tp + no trail,4.0,14,0.35714285714285715,0.1717401181281236,0.002782023093274244,0.06771497061047223,2.666433789901636,0.01802946294812302,1.0516407951839881,-0.010626572222166009,-0.20096360377514288,3,0.2189930667232659,0.020861644423678216,0.31875419553685846,-0.029244440049169262,1.9665642105080923
12h,crypto_slow,3,no tp + kijun,2.0,15,0.4,0.22626079054975012,0.15272066436783738,1.0681543264849789,2.666433789901636,0.05065027600300476,1.2138849730646748,-0.02397441802951883,-0.20096360377514288,3,0.25161387977814764,0.21110628417243538,1.0901634841125076,-0.08075828447654443,1.9665642105080923
12h,crypto_slow,3,no tp + kijun,4.0,15,0.4,0.23171285779191278,0.07694876092067959,1.0594516138395653,2.666433789901636,0.025338085193158832,1.2040043559846925,-0.012297563247907761,-0.20096360377514288,3,0.22630168896830172,0.10423658037355454,1.0791734400075297,-0.041721730112610156,1.9665642105080923
12h,crypto_slow,3,no tp + atr,2.0,14,0.35714285714285715,0.1113130395274875,0.059880096158535734,0.7128568469234915,2.666433789901636,0.028579265459643066,0.9226026680988025,-0.020908231093771934,-0.20096360377514288,3,0.22954286923478595,0.09017069078204254,0.7681310862307298,-0.06718415814695777,1.9665642105080923
12h,crypto_slow,3,no tp + atr,4.0,14,0.35714285714285715,0.1113130395274875,0.03009790719836891,0.7029819013823487,2.666433789901636,0.014319692375837967,0.9153105291985336,-0.010662352585575796,-0.20096360377514288,3,0.21528329615098085,0.044848592346444116,0.7582042228075152,-0.03500672486249101,1.9665642105080923
12h,crypto_slow,3,tp + kijun,2.0,16,0.375,0.08632439800090867,0.007530449968083941,0.14573214790685368,2.666433789901636,0.02957097653746321,1.284103858047476,-0.01580870838010051,-0.20096360377514288,3,0.2305345803126061,0.037324109264869954,0.473275352497193,-0.0341133750409387,1.9665642105080923
12h,crypto_slow,3,tp + kijun,4.0,15,0.4,0.13221263062244434,0.031061192313165842,0.7924301440661435,2.666433789901636,0.020350946069370046,1.201484928964808,-0.007930407691733254,-0.20096360377514288,3,0.22131454984451293,0.052044263032151594,0.9161478442190192,-0.016442046382246334,1.9665642105080923
12h,dynamic,1,tp + no trail,2.0,14,0.5,0.08405270331667423,0.0010519909605608557,0.032175686633856504,2.666433789901636,0.05060133211924511,1.564617059291966,-0.021791689417474447,-0.20096360377514288,6,0.251564935894388,0.05170655522378764,0.5902276040999126,-0.04207799187830885,1.9665642105080923
12h,dynamic,1,tp + no trail,4.0,14,0.42857142857142855,0.1403907314856883,-0.019235683876504095,-0.4681236384048203,2.666433789901636,0.027733594130059158,1.3040301368991956,-0.010980466879886519,-0.20096360377514288,6,0.22869719790520204,0.007964435604109976,0.13805018621396403,-0.03211007221763784,1.9665642105080923
12h,dynamic,1,no tp + kijun,2.0,14,0.5714285714285714,0.10631531122217174,-0.03403820633314503,-0.6198339650332853,2.666433789901636,0.07222940573764225,1.651787932983762,-0.018123817762394467,-0.20096360377514288,6,0.27319300951278513,0.03573263998867904,0.3610664923947471,-0.03734281981496468,1.9665642105080923
12h,dynamic,1,no tp + kijun,4.0,14,0.5714285714285714,0.10676965015901863,-0.017410488040963568,-0.6345315215079882,2.666433789901636,0.03578617897388625,1.6405008454862244,-0.009121743846888464,-0.20096360377514288,6,0.23674978274902914,0.01775263609186606,0.35168353443939404,-0.019095915988806778,1.9665642105080923
12h,dynamic,1,no tp + atr,2.0,14,0.6428571428571429,0.10177192185370286,-0.003007445001865783,-0.03973953874850028,2.666433789901636,0.047033776850968545,1.1868438866770439,-0.01953896279712397,-0.20096360377514288,6,0.24799738062611143,0.04388488035199356,0.4508581358690786,-0.0385418539747272,1.9665642105080923
12h,dynamic,1,no tp + atr,4.0,14,0.6428571428571429,0.10222626079054975,-0.0029344639190989064,-0.09606049993300037,2.666433789901636,0.023405232875127746,1.1766263079541313,-0.009836473856994377,-0.20096360377514288,6,0.22436883665027063,0.020402087144638648,0.41386616098918927,-0.020947840138277773,1.9665642105080923
12h,dynamic,1,tp + kijun,2.0,14,0.6428571428571429,0.06769650159018628,-0.012102351370191222,-0.22538982413855083,2.666433789901636,0.06021195375696187,1.9439254934711285,-0.018124189459736484,-0.20096360377514288,6,0.26117555753210475,0.04738089616571828,0.5738485063574931,-0.03734281981496468,1.9665642105080923
12h,dynamic,1,tp + kijun,4.0,14,0.5714285714285714,0.09086778736937756,-0.017410488040963568,-0.6345315215079882,2.666433789901636,0.033486010839185454,1.6522459798556275,-0.009121743846888464,-0.20096360377514288,6,0.23444961461432834,0.01549251500696669,0.320797919289165,-0.019095915988806778,1.9665642105080923
12h,dynamic,3,tp + no trail,2.0,15,0.4666666666666667,0.09041344843253067,-0.00974704018405459,-0.1487516388409722,2.666433789901636,0.05060163551296393,1.564625472864732,-0.02179164585379123,-0.20096360377514288,6,0.2515652392881068,0.04036137915418547,0.44307153347300426,-0.04207799187830885,1.9665642105080923
12h,dynamic,3,tp + no trail,4.0,15,0.4,0.14766015447523853,-0.024016951287769706,-0.5581893439200124,2.666433789901636,0.027733651333941456,1.3040326182316249,-0.01098045997700059,-0.20096360377514288,6,0.22869725510908434,0.0030506222930524185,0.05814857617019062,-0.03211007221763784,1.9665642105080923
12h,dynamic,3,no tp + kijun,2.0,15,0.5333333333333333,0.10949568378009995,-0.03797000506085968,-0.6401183180554938,2.666433789901636,0.07222957120995477,1.6517916628316358,-0.01812376766644508,-0.20096360377514288,6,0.27319317498509765,0.031517008964709436,0.3115884006824839,-0.04010068581259851,1.9665642105080923
12h,dynamic,3,no tp + kijun,4.0,15,0.5333333333333333,0.10995002271694684,-0.019408819772598673,-0.6544396376038187,2.666433789901636,0.035786207452061625,1.6405021620941367,-0.009121734916021196,-0.20096360377514288,6,0.2367498112272045,0.0156828196286809,0.30227739206261306,-0.020496543663453215,1.9665642105080923
12h,dynamic,3,no tp + atr,2.0,15,0.6,0.10495229441163108,-0.007227509703540469,-0.1044226518297733,2.666433789901636,0.04703394333771738,1.1868480400949764,-0.019538913534539737,-0.20096360377514288,6,0.24799754711286026,0.03946649535230784,0.3946338283231567,-0.0385418539747272,1.9665642105080923
12h,dynamic,3,no tp + atr,4.0,15,0.6,0.10540663334847797,-0.00504318231222356,-0.1571393500269402,2.666433789901636,0.023405261608527406,1.1766277655495732,-0.009836465136542905,-0.20096360377514288,6,0.2243688653836703,0.018244042294946805,0.3588713535212961,-0.020947840138277773,1.9665642105080923
12h,dynamic,3,tp + kijun,2.0,15,0.6,0.0708768741481145,-0.01612344314484926,-0.27705706189123636,2.666433789901636,0.06021208309422432,1.9439296309790488,-0.01812413860641604,-0.20096360377514288,6,0.2611756868693672,0.043117813850972464,0.5000690379621319,-0.03734281981496468,1.9665642105080923
12h,dynamic,3,tp + kijun,4.0,15,0.5333333333333333,0.09404815992730577,-0.019408819772598673,-0.6544396376038187,2.666433789901636,0.033486036670286934,1.6522472347229598,-0.009121734916021196,-0.20096360377514288,6,0.23444964044542982,0.013427292447055983,0.2700280873905328,-0.020496543663453215,1.9665642105080923
1d,standard,1,tp + no trail,2.0,8,0.375,0.06993642143505904,0.00029684417511988137,0.0174275760733068,2.7086072106234163,0.014629080084427315,0.9713790586677201,-0.009486752137029208,-0.1749589385389121,2,0.1895880186233394,0.014930266816757909,0.2465617970407419,-0.026417797961043932,2.0006873306071165
1d,standard,1,tp + no trail,4.0,8,0.375,0.11625794732061762,0.0004381191962206099,0.021824853337645965,2.7086072106234163,0.017300928732608023,1.279376656266228,-0.00475285697003458,-0.1749589385389121,2,0.1922598672715201,0.01774662779781888,0.4159900946452123,-0.01938506036429999,2.0006873306071165
1d,standard,1,no tp + kijun,2.0,8,0.375,0.11807447774750227,0.05325034013537677,0.7538933739458613,2.7086072106234163,0.012205340487130956,0.4362533681574728,-0.024335488052022347,-0.1749589385389121,2,0.18716427902604305,0.06610561915491564,0.661641980887793,-0.024335488052022347,2.0006873306071165
1d,standard,1,no tp + kijun,4.0,8,0.375,0.11807447774750227,0.026104796662290264,0.7257062748780173,2.7086072106234163,0.0061375683249673685,0.4285616705889174,-0.012357546021344867,-0.1749589385389121,2,0.18109650686387946,0.03240258496038195,0.6400901358292228,-0.012827216063685087,2.0006873306071165
1d,standard,1,no tp + atr,2.0,8,0.25,0.09990917347865577,-0.027561993467245194,-0.6639318134635311,2.7086072106234163,0.012553788238858887,0.45037910911997664,-0.02399971796462841,-0.1749589385389121,2,0.18751272677777098,-0.01535421265781478,-0.20271007540572086,-0.029795251150697366,2.0006873306071165
1d,standard,1,no tp + atr,4.0,8,0.25,0.09990917347865577,-0.013894328931732147,-0.667759602831361,2.7086072106234163,0.006317416960445632,0.4431628268921591,-0.01218102126203835,-0.1749589385389121,2,0.18127635549935772,-0.007664688240533901,-0.2062377498965796,-0.015028218557003425,2.0006873306071165
1d,standard,1,tp + kijun,2.0,8,0.375,0.04904632152588556,0.014383555834798,0.33587356070837415,2.7086072106234163,0.012459980998729359,0.813783717894667,-0.010836002541427692,-0.1749589385389121,2,0.18741891953764145,0.02702275566592327,0.4582235488764697,-0.02096414803278812,2.0006873306071165
1d,standard,1,tp + kijun,4.0,8,0.375,0.08174386920980926,0.01234546461972097,0.5057925689604174,2.7086072106234163,0.01621610052769573,1.1928018399811926,-0.005428521158951316,-0.1749589385389121,2,0.19117503906660782,0.02876176044275125,0.7452215351162618,-0.012748569839153845,2.0006873306071165
1d,standard,3,tp + no trail,2.0,11,0.36363636363636365,0.11534968210717529,0.01262973717850513,0.25461346428238574,2.7086072106234163,0.0090523152125348,0.430460654404189,-0.01752808713394427,-0.1749589385389121,3,0.1840112537514469,0.021796380753031253,0.30634618658797047,-0.026417825318166055,2.0006873306071165
1d,standard,3,tp + no trail,4.0,10,0.4,0.14986376021798364,0.016597338552634122,0.5049634420320338,2.7086072106234163,0.017300897895830003,1.2793750773587642,-0.004752857005243971,-0.1749589385389121,2,0.1922598364347421,0.034185385308105776,0.7290678166730219,-0.01938509431721791,2.0006873306071165
1d,standard,3,no tp + kijun,2.0,11,0.36363636363636365,0.16439600363306087,0.10629906756424945,1.038909369431189,2.7086072106234163,0.012205030294382357,0.4362424879167931,-0.024335724372192113,-0.1749589385389121,2,0.18716396883329445,0.11980148119851819,0.8914504767761697,-0.051681834524320736,2.0006873306071165
1d,standard,3,no tp + kijun,4.0,11,0.36363636363636365,0.16439600363306087,0.05209563648152837,1.0076111291061665,2.7086072106234163,0.006137513744657319,0.42855785007903074,-0.012357588190199054,-0.1749589385389121,2,0.1810964522835694,0.05855288791112789,0.8665677884367745,-0.026864957960049618,2.0006873306071165
1d,standard,3,no tp + atr,2.0,10,0.3,0.1307901907356948,0.021622919762116277,0.31004058186400524,2.7086072106234163,0.012553488577585092,0.4503685753412572,-0.023999946314327003,-0.1749589385389121,2,0.18751242711649718,0.03444785141594919,0.3494712794235105,-0.05674635026200414,2.0006873306071165
1d,standard,3,no tp + atr,4.0,10,0.3,0.1307901907356948,0.011140504634135517,0.30654227942363055,2.7086072106234163,0.006317363271487908,0.4431590599472153,-0.012181062753052863,-0.1749589385389121,2,0.1812763018104,0.01752824652042495,0.3445869683196152,-0.029189226124547774,2.0006873306071165
1d,standard,3,tp + kijun,2.0,12,0.3333333333333333,0.08628519527702089,0.024218938599832374,0.5064709814888607,2.7086072106234163,0.005455698302047951,0.2617314432464282,-0.020269013817031056,-0.1749589385389121,3,0.18041463684096004,0.029806768124076788,0.4305407490600846,-0.022933203859707763,2.0006873306071165
1d,standard,3,tp + kijun,4.0,11,0.36363636363636365,0.10899182561307902,0.02736054488423645,0.9519389589715543,2.7086072106234163,0.016216072295183848,1.1928002767363635,-0.0054285266979018365,-0.1749589385389121,2,0.19117501083409594,0.044020297753298854,1.028866321598221,-0.013740708880050523,2.0006873306071165
1d,crypto,1,tp + no trail,2.0,11,0.36363636363636365,0.10899182561307902,0.004795159357787515,0.10042970485090125,2.7086072106234163,0.015207875600341536,1.0085165546659332,-0.009599307148407732,-0.1749589385389121,2,0.19016681413925363,0.020075959145126054,0.29195340988531093,-0.02324345836969577,2.0006873306071165
1d,crypto,1,tp + no trail,4.0,11,0.36363636363636365,0.16348773841961853,0.015209294222673586,0.4326766347563332,2.7086072106234163,0.01759039404220686,1.3002217653876587,-0.004810865967107003,-0.1749589385389121,2,0.19254933258111895,0.03306722574336107,0.6702607894301156,-0.022724503305501242,2.0006873306071165
1d,crypto,1,no tp + kijun,2.0,11,0.36363636363636365,0.18982742960944596,0.10468698513903973,1.051809255096621,2.7086072106234163,0.030254865010931775,0.958673143375797,-0.017146722532315417,-0.1749589385389121,2,0.20521380354984387,0.1381091407537547,1.0221027903515767,-0.04385761843520375,2.0006873306071165
1d,crypto,1,no tp + kijun,4.0,11,0.36363636363636365,0.1907356948228883,0.05260082585098136,1.0516141458475057,2.7086072106234163,0.015187921816111949,0.9524690395405365,-0.008730952042280138,-0.1749589385389121,2,0.19014686035502404,0.06858764489758085,1.020132471866306,-0.022723082878693734,2.0006873306071165
1d,crypto,1,no tp + atr,2.0,11,0.36363636363636365,0.1362397820163488,0.011422429744352813,0.1780791738060526,2.7086072106234163,0.013095939382608224,0.46884522605012435,-0.023477090550126367,-0.1749589385389121,2,0.1880548779215203,0.024667956574495165,0.26238285862128446,-0.05527713870294837,2.0006873306071165
1d,crypto,1,no tp + atr,4.0,11,0.36363636363636365,0.1407811080835604,0.005442873329949638,0.1613936403878268,2.7086072106234163,0.006585883093855438,0.4614010468224047,-0.011917481482039638,-0.1749589385389121,2,0.18154482163276753,0.012064602551250747,0.24836275448146988,-0.02884039811611383,2.0006873306071165
1d,crypto,1,tp + kijun,2.0,11,0.36363636363636365,0.08628519527702089,0.025042663259918774,0.5395000693304908,2.7086072106234163,0.013011537699148645,0.8482657638961443,-0.010964590285880815,-0.1749589385389121,2,0.18797047623806074,0.03838004451616106,0.6120364969823754,-0.014484927651874036,2.0006873306071165
1d,crypto,1,tp + kijun,4.0,11,0.36363636363636365,0.12170753860127158,0.02789760911724759,0.9959681650235678,2.7086072106234163,0.016491953365807888,1.2123836351857797,-0.0054947872108795925,-0.1749589385389121,2,0.19145089190471998,0.044849648551634536,1.0655539132715561,-0.011618234645197734,2.0006873306071165
1d,crypto,3,tp + no trail,2.0,13,0.38461538461538464,0.14168937329700274,-0.005677655271146387,-0.08893028150136773,2.7086072106234163,0.021492903250174056,0.90761716345251,-0.013154310304708039,-0.1749589385389121,3,0.19645184178908615,0.015693218683596966,0.20903101311135272,-0.033391631529398724,2.0006873306071165
1d,crypto,3,tp + no trail,4.0,11,0.36363636363636365,0.16348773841961853,0.015209294222673586,0.4326766347563332,2.7086072106234163,0.01759039404220686,1.3002217653876587,-0.004810865967107003,-0.1749589385389121,2,0.19254933258111895,0.03306722574336107,0.6702607894301156,-0.022724503305501242,2.0006873306071165
1d,crypto,3,no tp + kijun,2.0,12,0.3333333333333333,0.1907356948228883,0.1024650805666778,1.03058902534213,2.7086072106234163,0.03025487926386461,0.9586735665322393,-0.017146722486684807,-0.1749589385389121,2,0.2052138178027767,0.13582002847184937,1.0062091425560349,-0.04385761843520375,2.0006873306071165
1d,crypto,3,no tp + kijun,4.0,11,0.36363636363636365,0.1907356948228883,0.05260082585098136,1.0516141458475057,2.7086072106234163,0.015187921816111949,0.9524690395405365,-0.008730952042280138,-0.1749589385389121,2,0.19014686035502404,0.06858764489758085,1.020132471866306,-0.022723082878693734,2.0006873306071165
1d,crypto,3,no tp + atr,2.0,12,0.3333333333333333,0.14168937329700274,0.0008805564676268585,0.02922113617662714,2.7086072106234163,0.01309600388292309,0.46884748521560105,-0.023477041291068868,-0.1749589385389121,2,0.18805494242183518,0.013988092121469231,0.1555780890018364,-0.0651238144266979,2.0006873306071165
1d,crypto,3,no tp + atr,4.0,11,0.36363636363636365,0.1407811080835604,0.005442873329949638,0.1613936403878268,2.7086072106234163,0.006585883093855438,0.4614010468224047,-0.011917481482039638,-0.1749589385389121,2,0.18154482163276753,0.012064602551250747,0.24836275448146988,-0.02884039811611383,2.0006873306071165
1d,crypto,3,tp + kijun,2.0,13,0.38461538461538464,0.11444141689373297,0.022981130612285572,0.49573560237704517,2.7086072106234163,0.019282853419599455,0.8100587644927479,-0.013154310647947809,-0.1749589385389121,3,0.19424179195851154,0.04270712580489833,0.6003250858001886,-0.015404180534463907,2.0006873306071165
1d,crypto,3,tp + kijun,4.0,11,0.36363636363636365,0.12170753860127158,0.02789760911724759,0.9959681650235678,2.7086072106234163,0.016491953365807888,1.2123836351857797,-0.0054947872108795925,-0.1749589385389121,2,0.19145089190471998,0.044849648551634536,1.0655539132715561,-0.011618234645197734,2.0006873306071165
1d,crypto_slow,1,tp + no trail,2.0,6,0.16666666666666666,0.07538601271571299,-0.029988150420340753,-0.8263071695734808,2.7086072106234163,0.0,,0.0,-0.1749589385389121,0,0.1749589385389121,-0.029988150420340753,-0.6909646924162155,-0.0333041320833537,2.0006873306071165
1d,crypto_slow,1,tp + no trail,4.0,6,0.3333333333333333,0.19618528610354224,0.006117686539045097,0.17933707913765215,2.7086072106234163,0.0,,0.0,-0.1749589385389121,0,0.1749589385389121,0.006117686539045097,0.15000333380164244,-0.020823717913146966,2.0006873306071165
1d,crypto_slow,1,no tp + kijun,2.0,6,0.16666666666666666,0.1044504995458674,-0.034823039533632305,-0.7917386486272985,2.7086072106234163,0.0,,0.0,-0.1749589385389121,0,0.1749589385389121,-0.034823039533632305,-0.6620734798521768,-0.03812249314737515,2.0006873306071165
1d,crypto_slow,1,no tp + kijun,4.0,6,0.16666666666666666,0.1298819255222525,-0.018918499006473577,-0.7466504595802386,2.7086072106234163,0.0,,0.0,-0.1749589385389121,0,0.1749589385389121,-0.018918499006473577,-0.6243873552039155,-0.02059857505874807,2.0006873306071165
1d,crypto_slow,1,no tp + atr,2.0,6,0.16666666666666666,0.07447774750227067,-0.021725635500146168,-0.5539577724933142,2.7086072106234163,0.0,,0.0,-0.1749589385389121,0,0.1749589385389121,-0.021725635500146168,-0.46329572145269843,-0.027538151502136676,2.0006873306071165
1d,crypto_slow,1,no tp + atr,4.0,6,0.16666666666666666,0.07447774750227067,-0.011078833276005562,-0.5626391574378939,2.7086072106234163,0.0,,0.0,-0.1749589385389121,0,0.1749589385389121,-0.011078833276005562,-0.47055440974816576,-0.014069624070188747,2.0006873306071165
1d,crypto_slow,1,tp + kijun,2.0,6,0.16666666666666666,0.07266121707538602,-0.028389173160902614,-0.779980468192228,2.7086072106234163,0.0,,0.0,-0.1749589385389121,0,0.1749589385389121,-0.028389173160902614,-0.6522459363125774,-0.03171062092133925,2.0006873306071165
1d,crypto_slow,1,tp + kijun,4.0,6,0.16666666666666666,0.1298819255222525,-0.018918499006473577,-0.7466504595802386,2.7086072106234163,0.0,,0.0,-0.1749589385389121,0,0.1749589385389121,-0.018918499006473577,-0.6243873552039155,-0.02059857505874807,2.0006873306071165
1d,crypto_slow,3,tp + no trail,2.0,7,0.14285714285714285,0.08083560399636694,-0.03535618694304299,-0.9652598511299099,2.7086072106234163,0.0,,0.0,-0.1749589385389121,0,0.1749589385389121,-0.03535618694304299,-0.8070752410242266,-0.03865381799448009,2.0006873306071165
1d,crypto_slow,3,tp + no trail,4.0,7,0.2857142857142857,0.2016348773841962,0.0033341618037716625,0.10140519040686412,2.7086072106234163,0.0,,0.0,-0.1749589385389121,0,0.1749589385389121,0.0033341618037716625,0.08481934652124838,-0.020823715105658835,2.0006873306071165
1d,crypto_slow,3,no tp + kijun,2.0,7,0.14285714285714285,0.10535876475930972,-0.038810340917462605,-0.8778923341242598,2.7086072106234163,0.0,,0.0,-0.1749589385389121,0,0.1749589385389121,-0.038810340917462605,-0.7340740254493168,-0.04209616395722904,2.0006873306071165
1d,crypto_slow,3,no tp + kijun,4.0,7,0.14285714285714285,0.1307901907356948,-0.020944691383832703,-0.8228191984088427,2.7086072106234163,0.0,,0.0,-0.1749589385389121,0,0.1749589385389121,-0.020944691383832703,-0.6880496540275418,-0.022621297635395332,2.0006873306071165
1d,crypto_slow,3,no tp + atr,2.0,7,0.14285714285714285,0.07992733878292461,-0.027139380746827424,-0.6878654025961313,2.7086072106234163,0.0,,0.0,-0.1749589385389121,0,0.1749589385389121,-0.027139380746827424,-0.5752482746136917,-0.03291977439014737,2.0006873306071165
1d,crypto_slow,3,no tp + atr,4.0,7,0.14285714285714285,0.07992733878292461,-0.01381477068796344,-0.695475662900255,2.7086072106234163,0.0,,0.0,-0.1749589385389121,0,0.1749589385389121,-0.01381477068796344,-0.5816100613641852,-0.016797295121405487,2.0006873306071165
1d,crypto_slow,3,tp + kijun,2.0,7,0.14285714285714285,0.07356948228882834,-0.0324030601749975,-0.8822647798128412,2.7086072106234163,0.0,,0.0,-0.1749589385389121,0,0.1749589385389121,-0.0324030601749975,-0.7377278273974419,-0.03571078647858594,2.0006873306071165
1d,crypto_slow,3,tp + kijun,4.0,7,0.14285714285714285,0.1307901907356948,-0.020944691383832703,-0.8228191984088427,2.7086072106234163,0.0,,0.0,-0.1749589385389121,0,0.1749589385389121,-0.020944691383832703,-0.6880496540275418,-0.022621297635395332,2.0006873306071165
1d,dynamic,1,tp + no trail,2.0,8,0.5,0.07992733878292461,0.03163081938213885,0.6558467884723084,2.7086072106234163,0.015207772666080865,1.0085115818623989,-0.009599307487917375,-0.1749589385389121,2,0.19016671120499296,0.0473196263586253,0.7332105599605152,-0.026417867142826124,2.0006873306071165
1d,dynamic,1,tp + no trail,4.0,8,0.5,0.12352406902815623,0.02699402119871297,0.8543725492132518,2.7086072106234163,0.017590371469643484,1.3002206359942798,-0.0048108659935520715,-0.1749589385389121,2,0.19254931000855557,0.045059227528701395,0.9885835553156171,-0.019385116019689286,2.0006873306071165
1d,dynamic,1,no tp + kijun,2.0,8,0.5,0.1989100817438692,0.11878625443110491,1.012511315357608,2.7086072106234163,0.030254774899949988,0.9586704680622097,-0.017146722820803872,-0.1749589385389121,2,0.20521371343886208,0.15263488072007614,0.9850269124407152,-0.044188099006039816,2.0006873306071165
1d,dynamic,1,no tp + kijun,4.0,8,0.5,0.1989100817438692,0.05797464924340612,0.9782350259030892,2.7086072106234163,0.015187909451179316,0.9524683028635428,-0.00873095206297092,-0.1749589385389121,2,0.1901468479900914,0.07404307241775832,0.9563058319956464,-0.022935781237085173,2.0006873306071165
1d,dynamic,1,no tp + atr,2.0,8,0.375,0.1080835603996367,0.029327566818965423,0.4494525259417624,2.7086072106234163,0.013095830595823088,0.46884141572172866,-0.023477173630877424,-0.1749589385389121,2,0.18805476913473518,0.04280746626163756,0.4554973421159103,-0.03855277919539868,2.0006873306071165
1d,dynamic,1,no tp + atr,4.0,8,0.375,0.1080835603996367,0.014795841662106124,0.44169035793217565,2.7086072106234163,0.006585862977958934,0.46139964022920776,-0.011917497062606586,-0.1749589385389121,2,0.18154480151687102,0.021479148025895123,0.44779318716141187,-0.01980634432466688,2.0006873306071165
1d,dynamic,1,tp + kijun,2.0,8,0.5,0.07266121707538602,0.04086499303464053,0.8462885084282806,2.7086072106234163,0.013011478228194928,0.848262488685185,-0.010964607067890153,-0.1749589385389121,2,0.18797041676710702,0.054408185230000905,0.8404343655963145,-0.02096421025287909,2.0006873306071165
1d,dynamic,1,tp + kijun,4.0,8,0.5,0.10717529518619437,0.03566126295073757,1.253961153346742,2.7086072106234163,0.01649193870916532,1.2123828380546076,-0.00549479011133458,-0.1749589385389121,2,0.1914508772480774,0.05274132502277795,1.2391657279064476,-0.012748619732980249,2.0006873306071165
1d,dynamic,3,tp + no trail,2.0,9,0.5555555555555556,0.10717529518619437,0.03163081938213885,0.6558467884723084,2.7086072106234163,0.02149265205416051,0.9076074785087821,-0.013154310750595921,-0.1749589385389121,3,0.1964515905930726,0.053803301631467626,0.7377212076079763,-0.026417867142826124,2.0006873306071165
1d,dynamic,3,tp + no trail,4.0,8,0.5,0.12352406902815623,0.02699402119871297,0.8543725492132518,2.7086072106234163,0.017590371469643484,1.3002206359942798,-0.0048108659935520715,-0.1749589385389121,2,0.19254931000855557,0.045059227528701395,0.9885835553156171,-0.019385116019689286,2.0006873306071165
1d,dynamic,3,no tp + kijun,2.0,9,0.4444444444444444,0.19981834695731154,0.11653593368426107,0.9945416725754717,2.7086072106234163,0.030254789243917335,0.9586708939218339,-0.01714672277488194,-0.1749589385389121,2,0.20521372778282942,0.15031649304113892,0.9711749615275124,-0.044188099006039816,2.0006873306071165
1d,dynamic,3,no tp + kijun,4.0,9,0.4444444444444444,0.19981834695731154,0.05691144900434009,0.9607568055272622,2.7086072106234163,0.015187911895060191,0.9524684484648593,-0.008730952058881636,-0.1749589385389121,2,0.19014685043397228,0.07296372697269837,0.9427971485412016,-0.022935781237085173,2.0006873306071165
1d,dynamic,3,no tp + atr,2.0,8,0.375,0.1080835603996367,0.029327566818965423,0.4494525259417624,2.7086072106234163,0.013095830595823088,0.46884141572172866,-0.023477173630877424,-0.1749589385389121,2,0.18805476913473518,0.04280746626163756,0.4554973421159103,-0.03855277919539868,2.0006873306071165
1d,dynamic,3,no tp + atr,4.0,8,0.375,0.1080835603996367,0.014795841662106124,0.44169035793217565,2.7086072106234163,0.006585862977958934,0.46139964022920776,-0.011917497062606586,-0.1749589385389121,2,0.18154480151687102,0.021479148025895123,0.44779318716141187,-0.01980634432466688,2.0006873306071165
1d,dynamic,3,tp + kijun,2.0,10,0.5,0.1008174386920981,0.038771580928145255,0.8031058772982879,2.7086072106234163,0.01928274892084625,0.810054618368169,-0.013154310835013172,-0.1749589385389121,3,0.19424168745975834,0.0588019525092931,0.8038489982451067,-0.02293327001438905,2.0006873306071165
1d,dynamic,3,tp + kijun,4.0,9,0.4444444444444444,0.1080835603996367,0.0346205045003134,1.216746750947994,2.7086072106234163,0.016491940670768868,1.2123829447404113,-0.0054947897231458764,-0.1749589385389121,2,0.19145087920968096,0.05168340447729336,1.21413609959682,-0.013740730043042881,2.0006873306071165
