timestamp,equity,cash,quantity,position,halted,close,returns,benchmark_equity,benchmark_returns,drawdown
2026-03-15 14:00:00+00:00,10000.0,10000.0,0.0,0,False,71622.03,0.0,9987.0,0.0,0.0
2026-03-15 15:00:00+00:00,10000.0,10000.0,0.0,0,False,71481.24,0.0,9967.368194953424,-0.0019657359614074776,0.0
2026-03-15 16:00:00+00:00,10000.0,10000.0,0.0,0,False,71437.35,0.0,9961.248158562388,-0.0006140072556097831,0.0
2026-03-15 17:00:00+00:00,10000.0,10000.0,0.0,0,False,71819.95,0.0,10014.598031499527,0.005355741779335288,0.0
2026-03-15 18:00:00+00:00,10000.0,10000.0,0.0,0,False,71390.53,0.0,9954.719561983931,-0.005979118615370926,0.0
2026-03-15 19:00:00+00:00,10000.0,10000.0,0.0,0,False,71549.94,0.0,9976.947746105492,0.0022329292134404266,0.0
2026-03-15 20:00:00+00:00,10000.0,10000.0,0.0,0,False,71730.81,0.0,10002.168319859127,0.002527884719400353,0.0
2026-03-15 21:00:00+00:00,10000.0,10000.0,0.0,0,False,72109.58,0.0,10054.984136305548,0.005280436677070899,0.0
2026-03-15 22:00:00+00:00,10000.0,10000.0,0.0,0,False,72749.44,0.0,10144.206430339938,0.008873439562399277,0.0
2026-03-15 23:00:00+00:00,10000.0,10000.0,0.0,0,False,72815.24,0.0,10153.3816045147,0.0009044743162283098,0.0
2026-03-16 00:00:00+00:00,10000.0,10000.0,0.0,0,False,72531.26,0.0,10113.783337612744,-0.003900007745631151,0.0
2026-03-16 01:00:00+00:00,10000.0,10000.0,0.0,0,False,72752.9,0.0,10144.688893905966,0.0030557858777027214,0.0
2026-03-16 02:00:00+00:00,10000.0,10000.0,0.0,0,False,72514.69,0.0,10111.472811228612,-0.0032742337418851797,0.0
2026-03-16 03:00:00+00:00,10000.0,10000.0,0.0,0,False,73573.32,0.0,10259.088535189523,0.014598835077416883,0.0
2026-03-16 04:00:00+00:00,10000.0,10000.0,0.0,0,False,73835.62,0.0,10295.663735585265,0.0035651510629122196,0.0
2026-03-16 05:00:00+00:00,10000.0,10000.0,0.0,0,False,74207.49,0.0,10347.51741370637,0.005036458013083722,0.0
2026-03-16 06:00:00+00:00,10000.0,10000.0,0.0,0,False,73714.36,0.0,10278.75520032035,-0.006645286075569912,0.0
2026-03-16 07:00:00+00:00,10000.0,10000.0,0.0,0,False,73456.68,0.0,10242.824214281556,-0.003495655391975161,0.0
2026-03-16 08:00:00+00:00,10000.0,10000.0,0.0,0,False,73135.0,0.0,10197.969046674605,-0.004379179674333322,0.0
2026-03-16 09:00:00+00:00,10000.0,10000.0,0.0,0,False,73260.92,0.0,10215.527373909954,0.0017217474533397503,0.0
2026-03-16 10:00:00+00:00,10000.0,10000.0,0.0,0,False,73783.42,0.0,10288.384949993737,0.007132042567852048,0.0
2026-03-16 11:00:00+00:00,10000.0,10000.0,0.0,0,False,73552.77,0.0,10256.223036264122,-0.0031260410536674277,0.0
2026-03-16 12:00:00+00:00,10000.0,10000.0,0.0,0,False,73864.8,0.0,10299.732604619,0.00424226035266928,0.0
2026-03-16 13:00:00+00:00,10000.0,10000.0,0.0,0,False,74109.55,0.0,10333.86062710035,0.003313486261385723,0.0
2026-03-16 14:00:00+00:00,10000.0,10000.0,0.0,0,False,73565.54,0.0,10258.003689367642,-0.007340619393856995,0.0
2026-03-16 15:00:00+00:00,10000.0,10000.0,0.0,0,False,73274.76,0.0,10217.45722817407,-0.003952665881335138,0.0
2026-03-16 16:00:00+00:00,10000.0,10000.0,0.0,0,False,73760.63,0.0,10285.207104713452,0.006630796197762967,0.0
2026-03-16 17:00:00+00:00,10000.0,10000.0,0.0,0,False,73943.18,0.0,10310.66193823325,0.0024748975164663456,0.0
2026-03-16 18:00:00+00:00,10000.0,10000.0,0.0,0,False,73913.6,0.0,10306.537293064719,-0.000400036893192679,0.0
2026-03-16 19:00:00+00:00,10000.0,10000.0,0.0,0,False,73963.0,0.0,10313.42564571264,0.0006683479089097943,0.0
2026-03-16 20:00:00+00:00,10000.0,10000.0,0.0,0,False,74236.9,0.0,10351.618354017612,0.0037032029528276666,0.0
2026-03-16 21:00:00+00:00,10000.0,10000.0,0.0,0,False,74401.36,0.0,10374.550711841037,0.002215340349610573,0.0
2026-03-16 22:00:00+00:00,10000.0,10000.0,0.0,0,False,74772.66,0.0,10426.32490897005,0.004990500173652768,0.0
2026-03-16 23:00:00+00:00,10000.0,10000.0,0.0,0,False,74884.67,0.0,10441.943621117693,0.0014980074267785248,0.0
2026-03-17 00:00:00+00:00,10000.0,10000.0,0.0,0,False,75318.48,0.0,10502.434233712727,0.005793041486328088,0.0
2026-03-17 01:00:00+00:00,10000.0,10000.0,0.0,0,False,75623.91,0.0,10545.023495843388,0.0040551800832944185,0.0
2026-03-17 02:00:00+00:00,10000.0,10000.0,0.0,0,False,75198.02,0.0,10485.637250717413,-0.005631684476510079,0.0
2026-03-17 03:00:00+00:00,10000.0,10000.0,0.0,0,False,74463.98,0.0,10383.282465744129,-0.009761427229068143,0.0
2026-03-17 04:00:00+00:00,10000.0,10000.0,0.0,0,False,74252.01,0.0,10353.725297509718,-0.0028466112071904304,0.0
2026-03-17 05:00:00+00:00,10000.0,10000.0,0.0,0,False,74036.74,0.0,10323.7079761632,-0.0028991807763857347,0.0
2026-03-17 06:00:00+00:00,10000.0,10000.0,0.0,0,False,74085.45,0.0,10330.50011497859,0.000657916596543906,0.0
2026-03-17 07:00:00+00:00,10000.0,10000.0,0.0,0,False,74249.32,0.0,10353.350203003183,0.0022119053066427252,0.0
2026-03-17 08:00:00+00:00,10000.0,10000.0,0.0,0,False,74188.38,0.0,10344.852708866254,-0.000820748257357784,0.0
2026-03-17 09:00:00+00:00,10000.0,10000.0,0.0,0,False,73937.16,0.0,10309.822507404497,-0.0033862445843945155,0.0
2026-03-17 10:00:00+00:00,10000.0,10000.0,0.0,0,False,73729.45,0.0,10280.859355005716,-0.002809277499974394,0.0
2026-03-17 11:00:00+00:00,10000.0,10000.0,0.0,0,False,74033.11,0.0,10323.201807739882,0.0041185713442866145,0.0
2026-03-17 12:00:00+00:00,10000.0,10000.0,0.0,0,False,73739.74,0.0,10282.294196073472,-0.00396268642503339,0.0
2026-03-17 13:00:00+00:00,10000.0,10000.0,0.0,0,False,73615.48,0.0,10264.967339797546,-0.0016851157869556266,0.0
2026-03-17 14:00:00+00:00,10000.0,10000.0,0.0,0,False,74381.7,0.0,10371.809314815568,0.010408408666220836,0.0
2026-03-17 15:00:00+00:00,10000.0,10000.0,0.0,0,False,73914.39,0.0,10306.647450930948,-0.006282593702483408,0.0
2026-03-17 16:00:00+00:00,10000.0,10000.0,0.0,0,False,74155.69,0.0,10340.294404249642,0.0032645875857191253,0.0
2026-03-17 17:00:00+00:00,10000.0,10000.0,0.0,0,False,74523.75,0.0,10391.616814686766,0.004963341316087888,0.0
2026-03-17 18:00:00+00:00,10000.0,10000.0,0.0,0,False,74683.04,0.0,10413.828265967886,0.0021374394069004765,0.0
2026-03-17 19:00:00+00:00,10000.0,10000.0,0.0,0,False,74512.17,0.0,10390.002095584277,-0.00228793578836628,0.0
2026-03-17 20:00:00+00:00,10000.0,10000.0,0.0,0,False,74506.75,0.0,10389.246328957724,-7.273979539179631e-05,0.0
2026-03-17 21:00:00+00:00,10000.0,10000.0,0.0,0,False,74685.42,0.0,10414.160133969952,0.002398037761679239,0.0
2026-03-17 22:00:00+00:00,10000.0,10000.0,0.0,0,False,74307.08,0.0,10361.404276868445,-0.005065781246192169,0.0
2026-03-17 23:00:00+00:00,10000.0,10000.0,0.0,0,False,73909.36,0.0,10305.946066035827,-0.005352383649041337,0.0
2026-03-18 00:00:00+00:00,10000.0,10000.0,0.0,0,False,73867.88,0.0,10300.162080856966,-0.0005612279689608535,0.0
2026-03-18 01:00:00+00:00,10000.0,10000.0,0.0,0,False,74072.3,0.0,10328.666474547008,0.0027673733157089764,0.0
2026-03-18 02:00:00+00:00,10000.0,10000.0,0.0,0,False,74338.93,0.0,10365.845451601972,0.003599591210209363,0.0
2026-03-18 03:00:00+00:00,10000.0,10000.0,0.0,0,False,74446.14,0.0,10380.794850132004,0.0014421784117688574,0.0
2026-03-18 04:00:00+00:00,10000.0,10000.0,0.0,0,False,74175.49,0.0,10343.055322922291,-0.003635514212019464,0.0
2026-03-18 05:00:00+00:00,10000.0,10000.0,0.0,0,False,73950.0,0.0,10311.612921331607,-0.003039952954810299,0.0
2026-03-18 06:00:00+00:00,10000.0,10000.0,0.0,0,False,73954.03,0.0,10312.174865889727,5.4496281271187996e-05,0.0
2026-03-18 07:00:00+00:00,10000.0,10000.0,0.0,0,False,73883.8,0.0,10302.381971022045,-0.0009496439882991092,0.0
2026-03-18 08:00:00+00:00,10000.0,10000.0,0.0,0,False,74044.89,0.0,10324.84441490977,0.002180315576621572,0.0
2026-03-18 09:00:00+00:00,10000.0,10000.0,0.0,0,False,74181.08,0.0,10343.834794406135,0.001839289652533882,0.0
2026-03-18 10:00:00+00:00,10000.0,10000.0,0.0,0,False,73946.35,0.0,10311.103964101549,-0.0031642839387078237,0.0
2026-03-18 11:00:00+00:00,10000.0,10000.0,0.0,0,False,72952.85,0.0,10172.569989289608,-0.013435416352531315,0.0
2026-03-18 12:00:00+00:00,10000.0,10000.0,0.0,0,False,72361.24,0.0,10090.075691515585,-0.008109484413562962,0.0
2026-03-18 13:00:00+00:00,10000.0,10000.0,0.0,0,False,72133.49,0.0,10058.318154763276,-0.0031474032230515148,0.0
2026-03-18 14:00:00+00:00,10000.0,10000.0,0.0,0,False,71193.23,0.0,9927.207983493347,-0.01303499941566666,0.0
2026-03-18 15:00:00+00:00,10000.0,10000.0,0.0,0,False,71467.82,0.0,9965.496905630853,0.0038569678605677726,0.0
2026-03-18 16:00:00+00:00,10000.0,10000.0,0.0,0,False,71314.08,0.0,9944.059348220095,-0.0021511779707287237,0.0
2026-03-18 17:00:00+00:00,10000.0,10000.0,0.0,0,False,71595.21,0.0,9983.260210161596,0.0039421387754003945,0.0
2026-03-18 18:00:00+00:00,10000.0,10000.0,0.0,0,False,71096.74,0.0,9913.75338537598,-0.006962337284854847,0.0
2026-03-18 19:00:00+00:00,10000.0,10000.0,0.0,0,False,71072.38,0.0,9910.356618766602,-0.0003426317437337234,0.0
2026-03-18 20:00:00+00:00,10000.0,10000.0,0.0,0,False,71214.67,0.0,9930.19758431868,0.002002043550532351,0.0
2026-03-18 21:00:00+00:00,10000.0,10000.0,0.0,0,False,71263.67,0.0,9937.0301608318,0.0006880604796737355,0.0
2026-03-18 22:00:00+00:00,10000.0,10000.0,0.0,0,False,71153.66,0.0,9921.690329358162,-0.0015437038255254887,0.0
2026-03-18 23:00:00+00:00,10000.0,10000.0,0.0,0,False,71246.54,0.0,9934.641547858946,0.0013053439556021118,0.0
2026-03-19 00:00:00+00:00,10000.0,10000.0,0.0,0,False,71002.17,0.0,9900.566512705658,-0.0034299209477398618,0.0
2026-03-19 01:00:00+00:00,10000.0,10000.0,0.0,0,False,71115.23,0.0,9916.331637207155,0.0015923456987299023,0.0
2026-03-19 02:00:00+00:00,10000.0,10000.0,0.0,0,False,71055.44,0.0,9907.994499457778,-0.0008407481772891856,0.0
2026-03-19 03:00:00+00:00,10000.0,10000.0,0.0,0,False,71215.39,0.0,9930.29798136132,0.0022510591729498763,0.0
2026-03-19 04:00:00+00:00,10000.0,10000.0,0.0,0,False,70822.07,0.0,9875.453308011516,-0.005522963505500522,0.0
2026-03-19 05:00:00+00:00,10000.0,10000.0,0.0,0,False,70826.54,0.0,9876.076606317914,6.311591852625753e-05,0.0
2026-03-19 06:00:00+00:00,10000.0,10000.0,0.0,0,False,70583.22,0.0,9842.147983518478,-0.0034354353608123667,0.0
2026-03-19 07:00:00+00:00,10000.0,10000.0,0.0,0,False,70191.17,0.0,9787.480399396665,-0.005554436309366473,0.0
2026-03-19 08:00:00+00:00,10000.0,10000.0,0.0,0,False,69985.19,0.0,9758.7584787809,-0.0029345571529866277,0.0
2026-03-19 09:00:00+00:00,10000.0,10000.0,0.0,0,False,70513.0,0.0,9832.356483054167,0.007541738473525905,0.0
2026-03-19 10:00:00+00:00,10000.0,10000.0,0.0,0,False,70133.72,0.0,9779.469552035875,-0.005378866308340391,0.0
2026-03-19 11:00:00+00:00,10000.0,10000.0,0.0,0,False,69952.75,0.0,9754.23503424854,-0.002580356496133307,0.0
2026-03-19 12:00:00+00:00,10000.0,10000.0,0.0,0,False,69290.27,0.0,9661.858599791154,-0.009470392514947523,0.0
2026-03-19 13:00:00+00:00,10000.0,10000.0,0.0,0,False,69905.65,0.0,9747.667394375725,0.008881189234794418,0.0
2026-03-19 14:00:00+00:00,10000.0,10000.0,0.0,0,False,69482.25,0.0,9688.628355688885,-0.006056735042160422,0.0
2026-03-19 15:00:00+00:00,10000.0,10000.0,0.0,0,False,69412.51,0.0,9678.903786586334,-0.0010037095805043306,0.0
2026-03-19 16:00:00+00:00,10000.0,10000.0,0.0,0,False,69455.86,0.0,9684.948525195392,0.0006245271925768847,0.0
2026-03-19 17:00:00+00:00,10000.0,10000.0,0.0,0,False,69854.16,0.0,9740.48761142347,0.0057345773272405864,0.0
2026-03-19 18:00:00+00:00,10000.0,10000.0,0.0,0,False,69821.21,0.0,9735.89305231924,-0.0004716970327894865,0.0
2026-03-19 19:00:00+00:00,10000.0,10000.0,0.0,0,False,70271.99,0.0,9798.749967433205,0.006456204353949113,0.0
2026-03-19 20:00:00+00:00,10000.0,10000.0,0.0,0,False,70483.03,0.0,9828.177456154202,0.0030031880412095813,0.0
2026-03-19 21:00:00+00:00,10000.0,10000.0,0.0,0,False,70413.47,0.0,9818.477986312311,-0.0009869042236124725,0.0
2026-03-19 22:00:00+00:00,10000.0,10000.0,0.0,0,False,70183.99,0.0,9786.479217776989,-0.003259035522606535,0.0
2026-03-19 23:00:00+00:00,10000.0,10000.0,0.0,0,False,69930.0,0.0,9751.062766581736,-0.0036189165078815977,0.0
2026-03-20 00:00:00+00:00,10000.0,10000.0,0.0,0,False,70181.0,0.0,9786.062291169352,0.0035893035893035385,0.0
2026-03-20 01:00:00+00:00,10000.0,10000.0,0.0,0,False,70403.79,0.0,9817.128203850127,0.0031745059204055792,0.0
2026-03-20 02:00:00+00:00,10000.0,10000.0,0.0,0,False,70415.47,0.0,9818.756866986318,0.00016590015963657834,0.0
2026-03-20 03:00:00+00:00,10000.0,10000.0,0.0,0,False,70729.92,0.0,9862.603880956738,0.00446563801959976,0.0
2026-03-20 04:00:00+00:00,10000.0,10000.0,0.0,0,False,70783.69,0.0,9870.101587877361,0.0007602157615902438,0.0
2026-03-20 05:00:00+00:00,10000.0,10000.0,0.0,0,False,70606.24,0.0,9845.357900076275,-0.002506933447521731,0.0
2026-03-20 06:00:00+00:00,10000.0,10000.0,0.0,0,False,70502.9,0.0,9830.94813565044,-0.0014636100152055631,0.0
2026-03-20 07:00:00+00:00,10000.0,10000.0,0.0,0,False,70854.66,0.0,9879.997668594428,0.004989298312552126,0.0
2026-03-20 08:00:00+00:00,10000.0,10000.0,0.0,0,False,71042.23,0.0,9906.152492605976,0.002647250018558811,0.0
2026-03-20 09:00:00+00:00,10000.0,10000.0,0.0,0,False,70583.8,0.0,9842.22885891394,-0.006452922437823139,0.0
2026-03-20 10:00:00+00:00,10000.0,10000.0,0.0,0,False,70611.68,0.0,9846.11645550957,0.00039499148529831274,0.0
2026-03-20 11:00:00+00:00,10000.0,10000.0,0.0,0,False,70478.71,0.0,9827.575073898353,-0.0018831162209990149,0.0
2026-03-20 12:00:00+00:00,10000.0,10000.0,0.0,0,False,70342.63,0.0,9808.600032839058,-0.001930795838913757,0.0
2026-03-20 13:00:00+00:00,10000.0,10000.0,0.0,0,False,69863.84,0.0,9741.837393885651,-0.00680654106905032,0.0
2026-03-20 14:00:00+00:00,10000.0,10000.0,0.0,0,False,69731.21,0.0,9723.343421989019,-0.001898406958449117,0.0
2026-03-20 15:00:00+00:00,10000.0,10000.0,0.0,0,False,69860.09,0.0,9741.314492621892,0.0018482398340711192,0.0
2026-03-20 16:00:00+00:00,10000.0,10000.0,0.0,0,False,69829.26,0.0,9737.015547032108,-0.00044131062527963394,0.0
2026-03-20 17:00:00+00:00,10000.0,10000.0,0.0,0,False,70000.0,0.0,9760.823590171907,0.0024451068219826233,0.0
2026-03-20 18:00:00+00:00,10000.0,10000.0,0.0,0,False,69770.0,0.0,9728.752312661341,-0.003285714285714336,0.0
2026-03-20 19:00:00+00:00,10000.0,10000.0,0.0,0,False,70177.86,0.0,9785.624448511164,0.0058457789881039,0.0
2026-03-20 20:00:00+00:00,10000.0,10000.0,0.0,0,False,70057.66,0.0,9768.86372000347,-0.0017127909001498631,0.0
2026-03-20 21:00:00+00:00,10000.0,10000.0,0.0,0,False,70540.73,0.0,9836.223163599245,0.006895320226224966,0.0
2026-03-20 22:00:00+00:00,10000.0,10000.0,0.0,0,False,70767.85,0.0,9867.892852939243,0.0032197001647134016,0.0
2026-03-20 23:00:00+00:00,10000.0,10000.0,0.0,0,False,70510.73,0.0,9832.039953489171,-0.0036332882799181565,0.0
2026-03-21 00:00:00+00:00,10000.0,10000.0,0.0,0,False,70682.19,0.0,9855.948393671611,0.002431686638331376,0.0
2026-03-21 01:00:00+00:00,10000.0,10000.0,0.0,0,False,70464.59,0.0,9825.606176339877,-0.0030785690143443345,0.0
2026-03-21 02:00:00+00:00,10000.0,10000.0,0.0,0,False,70737.6,0.0,9863.674782744918,0.003874428276670505,0.0
2026-03-21 03:00:00+00:00,10000.0,10000.0,0.0,0,False,70657.35,0.0,9852.484695700472,-0.0011344744520593864,0.0
2026-03-21 04:00:00+00:00,10000.0,10000.0,0.0,0,False,70642.13,0.0,9850.362413771294,-0.0002154057575044499,0.0
2026-03-21 05:00:00+00:00,10000.0,10000.0,0.0,0,False,70697.94,0.0,9858.1445789794,0.0007900384657142379,0.0
2026-03-21 06:00:00+00:00,10000.0,10000.0,0.0,0,False,70774.65,0.0,9868.841047230859,0.0010850386871243956,0.0
2026-03-21 07:00:00+00:00,10000.0,10000.0,0.0,0,False,70727.33,0.0,9862.242730483904,-0.0006686009750664912,0.0
2026-03-21 08:00:00+00:00,10000.0,10000.0,0.0,0,False,70594.43,0.0,9843.711109696276,-0.0018790473215941628,0.0
2026-03-21 09:00:00+00:00,10000.0,10000.0,0.0,0,False,70661.59,0.0,9853.07592272936,0.0009513498444564394,0.0
2026-03-21 10:00:00+00:00,10000.0,10000.0,0.0,0,False,70605.64,0.0,9845.274235874072,-0.0007918021657876695,0.0
2026-03-21 11:00:00+00:00,10000.0,10000.0,0.0,0,False,70652.72,0.0,9851.83908694015,0.0006668022554574549,0.0
2026-03-21 12:00:00+00:00,10000.0,10000.0,0.0,0,False,70722.61,0.0,9861.584572093252,0.0009892046619013328,0.0
2026-03-21 13:00:00+00:00,10000.0,10000.0,0.0,0,False,70740.18,0.0,9864.034538814383,0.0002484354013516654,0.0
2026-03-21 14:00:00+00:00,10000.0,10000.0,0.0,0,False,70629.1,0.0,9848.545506180153,-0.0015702532846252337,0.0
2026-03-21 15:00:00+00:00,10000.0,10000.0,0.0,0,False,70630.02,0.0,9848.673791290194,1.3025792484855359e-05,0.0
2026-03-21 16:00:00+00:00,10000.0,10000.0,0.0,0,False,70301.66,0.0,9802.88716223207,-0.004649014682425179,0.0
2026-03-21 17:00:00+00:00,10000.0,10000.0,0.0,0,False,70304.08,0.0,9803.224607847615,3.442308474643774e-05,0.0
2026-03-21 18:00:00+00:00,10000.0,10000.0,0.0,0,False,70389.19,0.0,9815.092374929893,0.0012105983038253054,0.0
2026-03-21 19:00:00+00:00,10000.0,10000.0,0.0,0,False,70396.0,0.0,9816.041963624879,9.67478102815722e-05,0.0
2026-03-21 20:00:00+00:00,10000.0,10000.0,0.0,0,False,70462.28,0.0,9825.284069161402,0.0009415307687936636,0.0
2026-03-21 21:00:00+00:00,10000.0,10000.0,0.0,0,False,70345.57,0.0,9809.009987429847,-0.001656347197393937,0.0
2026-03-21 22:00:00+00:00,10000.0,10000.0,0.0,0,False,70277.22,0.0,9799.479240395727,-0.0009716319023360676,0.0
2026-03-21 23:00:00+00:00,10000.0,10000.0,0.0,0,False,68918.12,0.0,9609.96587837569,-0.019339125821994707,0.0
2026-03-22 00:00:00+00:00,10000.0,10000.0,0.0,0,False,68954.71,0.0,9615.068000306612,0.0005309198799969828,0.0
2026-03-22 01:00:00+00:00,10000.0,10000.0,0.0,0,False,68962.4,0.0,9616.140296498157,0.00011152247612922217,0.0
2026-03-22 02:00:00+00:00,10000.0,10000.0,0.0,0,False,69278.12,0.0,9660.164399696572,0.004578146932241234,0.0
2026-03-22 03:00:00+00:00,10000.0,10000.0,0.0,0,False,69339.99,0.0,9668.791573346916,0.0008930669596693974,0.0
2026-03-22 04:00:00+00:00,10000.0,10000.0,0.0,0,False,69358.0,0.0,9671.30289381633,0.00025973467835793684,0.0
2026-03-22 05:00:00+00:00,10000.0,10000.0,0.0,0,False,69153.41,0.0,9642.774795268999,-0.0029497678710457276,0.0
2026-03-22 06:00:00+00:00,10000.0,10000.0,0.0,0,False,69164.06,0.0,9644.259834858074,0.00015400542070143075,0.0
2026-03-22 07:00:00+00:00,10000.0,10000.0,0.0,0,False,68919.38,0.0,9610.141573200313,-0.0035376754921558895,0.0
2026-03-22 08:00:00+00:00,10000.0,10000.0,0.0,0,False,68804.77,0.0,9594.160316176461,-0.0016629575019392329,0.0
2026-03-22 09:00:00+00:00,10000.0,10000.0,0.0,0,False,68826.2,0.0,9597.148522598423,0.0003114609641161614,0.0
2026-03-22 10:00:00+00:00,10000.0,10000.0,0.0,0,False,68648.17,0.0,9572.323959401876,-0.002586660312497324,0.0
2026-03-22 11:00:00+00:00,10000.0,10000.0,0.0,0,False,68217.95,0.0,9512.33393761668,-0.0062670279484506874,0.0
2026-03-22 12:00:00+00:00,10000.0,10000.0,0.0,0,False,68654.83,0.0,9573.252632046313,0.006404179545119737,0.0
2026-03-22 13:00:00+00:00,10000.0,10000.0,0.0,0,False,68700.02,0.0,9579.553940875454,0.0006582202592300135,0.0
2026-03-22 14:00:00+00:00,10000.0,10000.0,0.0,0,False,68711.66,0.0,9581.177026398163,0.00016943226508536746,0.0
2026-03-22 15:00:00+00:00,10000.0,10000.0,0.0,0,False,68847.96,0.0,9600.1827443316,0.00198365168298964,0.0
2026-03-22 16:00:00+00:00,10000.0,10000.0,0.0,0,False,68805.58,0.0,9594.273262849434,-0.0006155592700206602,0.0
2026-03-22 17:00:00+00:00,9970.198229441563,927.3188507082032,0.13168023451907837,1,False,68673.02,-0.002980177055843747,9575.789051776388,-0.0019265879308044687,-0.002980177055843747
2026-03-22 18:00:00+00:00,9963.029557474345,927.3188507082032,0.13168023451907837,1,False,68618.58,-0.0007190099737485189,9568.197919829974,-0.0007927421860870476,-0.003697044252565451
2026-03-22 19:00:00+00:00,9950.80818041713,9950.80818041713,0.0,0,False,68199.93,-0.0012266727692327173,9509.821222743896,-0.00610111721927209,-0.004919181958286889
2026-03-22 20:00:00+00:00,9935.55480689441,916.1637474309118,0.13229479881272066,1,False,68176.46,-0.0015328778573723278,9506.54855803445,-0.00034413525057852556,-0.006444519310559005
2026-03-22 21:00:00+00:00,9830.168739198893,9830.168739198893,0.0,0,False,67899.97,-0.010606963550982451,9467.99469925664,-0.004055505375315849,-0.016983126080110766
2026-03-22 22:00:00+00:00,9871.633637445111,1758.8777445113592,0.11871276970996004,1,False,68339.37,0.004218126803955391,9529.264783335519,0.006471284155206369,-0.01283663625548892
2026-03-22 23:00:00+00:00,9814.607584259538,1758.8777445113592,0.11871276970996004,1,False,67859.0,-0.0057767594787210275,9462.28182864965,-0.0070291839096555675,-0.018539241574046184
2026-03-23 00:00:00+00:00,9803.723799796651,9803.723799796651,0.0,0,False,67669.99,-0.0011089373028364546,9435.926210552814,-0.0027853342961141614,-0.019627620020334913
2026-03-23 01:00:00+00:00,9818.603134845587,2818.8939255485766,0.10308091023189768,1,False,67905.0,0.0015177227911342683,9468.696084151761,0.003472883622415157,-0.01813968651544129
2026-03-23 02:00:00+00:00,9861.455930847194,2818.8939255485766,0.10308091023189768,1,False,68320.72,0.004364449343056354,9526.664221050423,0.006122082320889621,-0.013854406915280615
2026-03-23 03:00:00+00:00,9836.08565722092,2818.8939255485766,0.10308091023189768,1,False,68074.6,-0.0025726701821903175,9492.345165307379,-0.0036024210517687782,-0.016391434277908012
2026-03-23 04:00:00+00:00,9884.162593753075,2818.8939255485766,0.10308091023189768,1,False,68541.0,0.004887811900749384,9557.380138485323,0.006851307242348614,-0.011583740624692473
2026-03-23 05:00:00+00:00,9874.608209391961,9874.608209391961,0.0,0,False,68899.92,-0.0009666356932607201,9607.428064242245,0.00523657372959252,-0.012539179060803818
2026-03-23 06:00:00+00:00,9874.608209391961,9874.608209391961,0.0,0,False,67874.19,0.0,9464.399927368715,-0.014887245152099049,-0.012539179060803818
2026-03-23 07:00:00+00:00,9874.608209391961,9874.608209391961,0.0,0,False,68333.16,0.0,9528.398858842735,0.006762069646798263,-0.012539179060803818
2026-03-23 08:00:00+00:00,9874.608209391961,9874.608209391961,0.0,0,False,68434.26,0.0,9542.496276913682,0.0014795159480402997,-0.012539179060803818
2026-03-23 09:00:00+00:00,9874.608209391961,9874.608209391961,0.0,0,False,68334.01,0.0,9528.517383129185,-0.0014649095350779406,-0.012539179060803818
2026-03-23 10:00:00+00:00,9885.64166485066,3782.0627545315256,0.08903702542017806,1,False,68551.02,0.0011173562762929468,9558.77733066209,0.003175724650141376,-0.011435833514933935
2026-03-23 11:00:00+00:00,9877.384006884757,9877.384006884757,0.0,0,False,70122.15,-0.000835318358267445,9777.856227336755,0.02291913380719901,-0.012261599311524374
2026-03-23 12:00:00+00:00,9914.43696201314,5038.8886164397345,0.06891025001464132,1,False,70752.15,0.003751292356615643,9865.703639648304,0.008984322357486363,-0.008556303798685994
2026-03-23 13:00:00+00:00,9907.944362138063,9907.944362138063,0.0,0,False,71481.13,-0.0006548631959588658,9967.352856516354,0.010303291136735782,-0.009205563786193638
2026-03-23 14:00:00+00:00,9899.565444874916,5293.787374742364,0.06446474843025883,1,False,71446.46,-0.0008456766567207508,9962.518460032481,-0.00048502311029474665,-0.010043455512508404
2026-03-23 15:00:00+00:00,9893.426382757556,9893.426382757556,0.0,0,False,70131.48,-0.0006201345050491636,9779.15720568099,-0.018405110624095555,-0.010657361724244363
2026-03-23 16:00:00+00:00,9893.426382757556,9893.426382757556,0.0,0,False,70561.54,0.0,9839.124917012265,0.006132196269064805,-0.010657361724244363
2026-03-23 17:00:00+00:00,9919.783528535198,5554.118552108503,0.0614145762129071,1,False,71085.16,0.002664106928978338,9912.138666273493,0.007420756406393947,-0.008021647146480237
2026-03-23 18:00:00+00:00,9919.234482223856,5554.118552108503,0.0614145762129071,1,False,71076.22,-5.5348618219652757e-05,9910.89206966069,-0.0001257646462358153,-0.00807655177761446
2026-03-23 19:00:00+00:00,9913.321829666225,9913.321829666225,0.0,0,False,70679.05,-0.0005960795228932003,9855.510551013425,-0.005587944885082408,-0.00866781703337749
2026-03-23 20:00:00+00:00,9922.562390436393,5266.614111390716,0.06565479154930075,1,False,70915.59,0.0009321356583535945,9888.493768327984,0.003346677693036204,-0.007743760956360757
2026-03-23 21:00:00+00:00,9918.344726627267,5266.614111390716,0.06565479154930075,1,False,70851.35,-0.0004250579278988198,9879.536121078949,-0.0009058656918736752,-0.00816552733727327
2026-03-23 22:00:00+00:00,9913.674701304364,5266.614111390716,0.06565479154930075,1,False,70780.22,-0.0004708472483685444,9869.617729907963,-0.0010039328820129478,-0.008632529869563532
2026-03-23 23:00:00+00:00,9921.962305641631,5266.614111390716,0.06565479154930075,1,False,70906.45,0.0008359770304120495,9887.219283647783,0.0017834078503853323,-0.007803769435836827
2026-03-24 00:00:00+00:00,9915.621204358045,9915.621204358045,0.0,0,False,70679.2,-0.0006390974978790487,9855.531467063975,-0.0032049270552960696,-0.008437879564195505
2026-03-24 01:00:00+00:00,9915.621204358045,9915.621204358045,0.0,0,False,70516.57,0.0,9832.854285057267,-0.0023009598297658584,-0.008437879564195505
2026-03-24 02:00:00+00:00,9903.746647481797,4616.979932622027,0.07503923112350439,1,False,70453.37,-0.0011975605593957939,9824.041655758709,-0.0008962432517636287,-0.0096253352518203
2026-03-24 03:00:00+00:00,9910.464909844284,4616.979932622027,0.07503923112350439,1,False,70542.9,0.0006783556366716237,9836.52574913054,0.001270769588452847,-0.00895350901557157
2026-03-24 04:00:00+00:00,9897.673722506974,4616.979932622027,0.07503923112350439,1,False,70372.44,-0.001290674802208791,9812.756749285101,-0.002416401934142276,-0.01023262774930267
2026-03-24 05:00:00+00:00,9890.530183022263,9890.530183022263,0.0,0,False,70283.85,-0.000721739237419583,9800.403729830054,-0.0012588735021835662,-0.010946981697773639
2026-03-24 06:00:00+00:00,9890.530183022263,9890.530183022263,0.0,0,False,70541.38,0.0,9836.313799818297,0.0036641419045770895,-0.010946981697773639
2026-03-24 07:00:00+00:00,9890.530183022263,9890.530183022263,0.0,0,False,71291.7,0.0,9940.938673477978,0.010636593726972565,-0.010946981697773639
2026-03-24 08:00:00+00:00,9854.495513870377,3799.0424077740054,0.08533115814247579,1,False,70964.15,-0.0036433506076086752,9895.264991092823,-0.004594503988542886,-0.014550448612962286
2026-03-24 09:00:00+00:00,9846.360819997093,9846.360819997093,0.0,0,False,71316.97,-0.0008254804989087372,9944.462330794031,0.004971806186645056,-0.015363918000290688
2026-03-24 10:00:00+00:00,9834.21529236836,3675.2079099793536,0.08641447134637638,1,False,71272.87,-0.0012335042205711133,9938.313011932221,-0.000618366147636551,-0.016578470763163877
2026-03-24 11:00:00+00:00,9825.944467576799,9825.944467576799,0.0,0,False,71157.77,-0.0008410253940627221,9922.26342914324,-0.0016149202354274195,-0.01740555324232007
2026-03-24 12:00:00+00:00,9825.944467576799,9825.944467576799,0.0,0,False,70956.48,0.0,9894.195483708016,-0.002828784544541052,-0.01740555324232007
2026-03-24 13:00:00+00:00,9825.944467576799,9825.944467576799,0.0,0,False,70100.46,0.0,9774.831766427174,-0.01206401444942018,-0.01740555324232007
2026-03-24 14:00:00+00:00,9825.944467576799,9825.944467576799,0.0,0,False,69869.93,0.0,9742.686585537997,-0.003288566152062522,-0.01740555324232007
2026-03-24 15:00:00+00:00,9825.944467576799,9825.944467576799,0.0,0,False,69873.04,0.0,9743.120244986074,4.45112797451408e-05,-0.01740555324232007
2026-03-24 16:00:00+00:00,9825.944467576799,9825.944467576799,0.0,0,False,69476.87,0.0,9687.878166675811,-0.005669854925447582,-0.01740555324232007
2026-03-24 17:00:00+00:00,9798.141032116211,3993.416639649695,0.08383674200103204,1,False,69238.43,-0.0028295941985355677,9654.630012720945,-0.0034319335341388424,-0.0201858967883789
2026-03-24 18:00:00+00:00,9814.22175759943,3993.416639649695,0.08383674200103204,1,False,69430.24,0.001641201675961712,9681.376063761387,0.0027702823417574685,-0.01857782424005705
2026-03-24 19:00:00+00:00,9806.407481119792,9806.407481119792,0.0,0,False,69377.33,-0.0007962196771829078,9673.998275530588,-0.0007620598747748453,-0.01935925188802079
2026-03-24 20:00:00+00:00,9859.540567164713,3872.5479555717275,0.0854147544375279,1,False,70093.19,0.0054182009208998405,9773.818035177164,0.010318356154668695,-0.014045943283528706
2026-03-24 21:00:00+00:00,9880.017900393566,3872.5479555717275,0.0854147544375279,1,False,70332.93,0.0020769054186002833,9807.247461570134,0.00342030374134783,-0.01199820996064338
2026-03-24 22:00:00+00:00,9878.6538267652,3872.5479555717275,0.0854147544375279,1,False,70316.96,-0.00013806388228432276,9805.020599388206,-0.00022706291348861818,-0.01213461732348009
2026-03-24 23:00:00+00:00,9899.13457658423,3872.5479555717275,0.0854147544375279,1,False,70556.74,0.002073232869395758,9838.455603394654,0.00340998814510729,-0.01008654234157691
2026-03-25 00:00:00+00:00,9891.034186284294,9891.034186284294,0.0,0,False,70840.75,-0.0008182927747135693,9878.058053506722,0.0040252710088364285,-0.010896581371570568
2026-03-25 01:00:00+00:00,9869.244060991517,3916.8373212100432,0.08421964118802525,1,False,70677.18,-0.002203017893011916,9855.249797583228,-0.002308981765438811,-0.013075593900848226
2026-03-25 02:00:00+00:00,9856.940413610359,3916.8373212100432,0.08421964118802525,1,False,70531.09,-0.0012466656316454383,9834.87895875054,-0.0020670038051885387,-0.014305958638964111
2026-03-25 03:00:00+00:00,9872.57242121127,3916.8373212100432,0.08421964118802525,1,False,70716.7,0.0015858884141499718,9860.760479701567,0.002631605438112583,-0.012742757878873134
2026-03-25 04:00:00+00:00,9893.790717612179,3916.8373212100432,0.08421964118802525,1,False,70968.64,0.0021492165866843216,9895.891078205965,0.0035626662443242196,-0.010620928238782135
2026-03-25 05:00:00+00:00,9906.341128542019,3916.8373212100432,0.08421964118802525,1,False,71117.66,0.0012685138879577895,9916.670477226073,0.0020998007007040353,-0.009365887145798113
2026-03-25 06:00:00+00:00,9895.74377109133,3916.8373212100432,0.08421964118802525,1,False,70991.83,-0.0010697549491968106,9899.124699621054,-0.0017693214315543937,-0.010425622890867126
2026-03-25 07:00:00+00:00,9887.77437273259,9887.77437273259,0.0,0,False,70926.88,-0.0008053359649448089,9890.068049732743,-0.0009148940096347369,-0.011222562726740937
2026-03-25 08:00:00+00:00,9910.688660695432,2677.307165277004,0.10152343786881962,1,False,71248.39,0.002317436371326531,9934.899512482401,0.004532978188241055,-0.008931133930456747
2026-03-25 09:00:00+00:00,9901.049123998493,9901.049123998493,0.0,0,False,71345.91,-0.000972640451835427,9948.497734146884,0.001368732682942353,-0.009895087600150676
2026-03-25 10:00:00+00:00,9907.076072519441,2667.6055723195423,0.1012493673227877,1,False,71501.39,0.0006087181717278067,9970.177917744024,0.0021792419495383353,-0.009292392748055822
2026-03-25 11:00:00+00:00,9897.317981694328,9897.317981694328,0.0,0,False,71678.97,-0.0009849617337833738,9994.93973278892,0.002483588081294563,-0.010268201830567203
2026-03-25 12:00:00+00:00,9891.25887012191,2566.3579707517974,0.10213869324525877,1,False,71715.24,-0.0006121973229136213,9999.997233811999,0.0005060061549433392,-0.010874112987808937
2026-03-25 13:00:00+00:00,9881.47965970255,9881.47965970255,0.0,0,False,71581.42,-0.000988671972674715,9981.33732791433,-0.0018659911059349943,-0.011852034029744885
2026-03-25 14:00:00+00:00,9881.47965970255,9881.47965970255,0.0,0,False,71234.28,0.0,9932.932009327298,-0.004849582475452419,-0.011852034029744885
2026-03-25 15:00:00+00:00,9881.47965970255,9881.47965970255,0.0,0,False,70832.99,0.0,9876.975996491583,-0.005633383253119129,-0.011852034029744885
2026-03-25 16:00:00+00:00,9881.47965970255,9881.47965970255,0.0,0,False,71324.01,0.0,9945.44399076653,0.006932080659026285,-0.011852034029744885
2026-03-25 17:00:00+00:00,9824.91560625272,3570.0985187294173,0.08837108588032189,1,False,70779.0,-0.0057242493429909835,9869.44761269682,-0.007641325831231338,-0.017508439374728013
2026-03-25 18:00:00+00:00,9827.685156084208,3570.0985187294173,0.08837108588032189,1,False,70810.34,0.00028189044491377935,9873.817672858475,0.0004427867022702703,-0.017231484391579177
2026-03-25 19:00:00+00:00,9819.234644142858,9819.234644142858,0.0,0,False,70883.31,-0.0008598679960883926,9883.992634249546,0.0010304992180520944,-0.018076535585714204
2026-03-25 20:00:00+00:00,9821.986606081435,3394.7989832971716,0.09051165862010382,1,False,71009.5,0.0002802623664990289,9901.588610375886,0.0017802498218550955,-0.017801339391856574
2026-03-25 21:00:00+00:00,9824.316376174316,3394.7989832971716,0.09051165862010382,1,False,71035.24,0.00023719947769418326,9905.17780465033,0.0003624867095248785,-0.017568362382568425
2026-03-25 22:00:00+00:00,9854.532788288052,3394.7989832971716,0.09051165862010382,1,False,71369.08,0.0030756757983705363,9951.72856675523,0.004699639221321661,-0.01454672117119482
2026-03-25 23:00:00+00:00,9851.586633799967,3394.7989832971716,0.09051165862010382,1,False,71336.53,-0.00029896440058396756,9947.1897837858,-0.0004560798597936788,-0.01484133662000331
2026-03-26 00:00:00+00:00,9842.842761734813,9842.842761734813,0.0,0,False,71299.27,-0.0008875597799804513,9941.994236829089,-0.0005223130421397881,-0.015715723826518646
2026-03-26 01:00:00+00:00,9828.504877092671,2694.116142838566,0.10012880649084084,1,False,71252.11,-0.001456681264673021,9935.418230536052,-0.0006614373471145463,-0.017149512290732805
2026-03-26 02:00:00+00:00,9792.54862268181,2694.116142838566,0.10012880649084084,1,False,70893.01,-0.0036583646099280775,9885.34520551847,-0.00503985074968305,-0.020745137731818963
2026-03-26 03:00:00+00:00,9795.39828851454,2694.116142838566,0.10012880649084084,1,False,70921.47,0.0002910034907694925,9889.313677509559,0.00040145001601699093,-0.020460171148546036
2026-03-26 04:00:00+00:00,9780.433037096418,2694.116142838566,0.10012880649084084,1,False,70772.01,-0.0015277838610879835,9868.472924741172,-0.002107401327129832,-0.021956696290358235
2026-03-26 05:00:00+00:00,9770.881545940827,9770.881545940827,0.0,0,False,70016.98,-0.0009765918461240863,9763.191287094209,-0.010668483204023693,-0.022911845405917286
2026-03-26 06:00:00+00:00,9770.881545940827,9770.881545940827,0.0,0,False,70097.18,0.0,9774.374402121804,0.001145436435561642,-0.022911845405917286
2026-03-26 07:00:00+00:00,9770.881545940827,9770.881545940827,0.0,0,False,70087.44,0.0,9773.0162532394,-0.00013894995490548734,-0.022911845405917286
2026-03-26 08:00:00+00:00,9754.161945688338,2278.220634945804,0.10676138330397279,1,False,70024.77,-0.0017111659960133974,9764.277527319458,-0.0008941687697536782,-0.024583805431166228
2026-03-26 09:00:00+00:00,9744.10125274929,9744.10125274929,0.0,0,False,69562.41,-0.0010314256616885675,9699.805893103003,-0.006602806406932893,-0.025589874725071016
2026-03-26 10:00:00+00:00,9729.822115458523,2498.3527624715516,0.1040234563781037,1,False,69517.68,-0.0014654134763570914,9693.568726828882,-0.0006430196998638005,-0.027017788454147706
2026-03-26 11:00:00+00:00,9720.135141660285,9720.135141660285,0.0,0,False,69276.01,-0.0009955961869896335,9659.870180585498,-0.0034763818355273424,-0.027986485833971564
2026-03-26 12:00:00+00:00,9720.135141660285,9720.135141660285,0.0,0,False,69436.42,0.0,9682.237805044062,0.002315520192343712,-0.027986485833971564
2026-03-26 13:00:00+00:00,9720.135141660285,9720.135141660285,0.0,0,False,69646.59,0.0,9711.543980671868,0.003026797752533783,-0.027986485833971564
2026-03-26 14:00:00+00:00,9692.427343586765,2266.578093878017,0.10687763097177931,1,False,69479.92,-0.0028505568770093026,9688.30345970367,-0.0023930819872156617,-0.030757265641323417
2026-03-26 15:00:00+00:00,9682.511507586896,9682.511507586896,0.0,0,False,69082.64,-0.0010230498149083056,9632.906602619332,-0.005717911016593136,-0.031748849241310384
2026-03-26 16:00:00+00:00,9682.511507586896,9682.511507586896,0.0,0,False,68932.52,0.0,9611.973819228526,-0.0021730495534042493,-0.031748849241310384
2026-03-26 17:00:00+00:00,9628.260844225788,2719.3642758947663,0.10087915504274868,1,False,68486.86,-0.005602953667403265,9549.830838640011,-0.006465163322043055,-0.037173915577421224
2026-03-26 18:00:00+00:00,9629.308978646684,2719.3642758947663,0.10087915504274868,1,False,68497.25,0.00010886020205047586,9551.279623741466,0.0001517079334634186,-0.037069102135331544
2026-03-26 19:00:00+00:00,9620.11530508054,9620.11530508054,0.0,0,False,68534.36,-0.0009547594314951446,9556.454254647628,0.0005417735748516339,-0.0379884694919459
2026-03-26 20:00:00+00:00,9657.610633358057,2820.7657689298385,0.09907722713151974,1,False,69005.21,0.0038975965555958503,9622.109737325236,0.0068702764569481545,-0.03423893666419431
2026-03-26 21:00:00+00:00,9649.277247784024,2820.7657689298385,0.09907722713151974,1,False,68921.1,-0.0008628827450600784,9610.381410579957,-0.0012188934719569167,-0.035072275221597504
2026-03-26 22:00:00+00:00,9646.460482216675,2820.7657689298385,0.09907722713151974,1,False,68892.67,-0.0002919146683236784,9606.417121798977,-0.00041250067105724764,-0.03535395177833256
2026-03-26 23:00:00+00:00,9639.291254061438,2820.7657689298385,0.09907722713151974,1,False,68820.31,-0.0007431977945125956,9596.32721901348,-0.0010503294472401503,-0.03607087459385616
2026-03-27 00:00:00+00:00,9630.039645627265,9630.039645627265,0.0,0,False,68785.01,-0.000959780982888625,9591.404975117293,-0.0005129299766303275,-0.03699603543727348
2026-03-27 01:00:00+00:00,9647.121774292002,2859.4526382136673,0.09829897605182836,1,False,69051.27,0.0017738378338341132,9628.532359247567,0.0038709015234568156,-0.035287822570799876
2026-03-27 02:00:00+00:00,9632.604981508666,2859.4526382136673,0.09829897605182836,1,False,68903.59,-0.0015047796765684796,9607.939810279044,-0.0021387007074599174,-0.03673950184913333
2026-03-27 03:00:00+00:00,9623.566342009442,9623.566342009442,0.0,0,False,68767.51,-0.0009383380213945358,9588.96476921975,-0.0019749333815551884,-0.037643365799055806
2026-03-27 04:00:00+00:00,9593.68000104848,2325.7396456885454,0.10598064037096351,1,False,68578.0,-0.0031055369598794735,9562.539430954415,-0.002755807211864969,-0.04063199989515198
2026-03-27 05:00:00+00:00,9583.962459541894,9583.962459541894,0.0,0,False,68630.77,-0.0010129107397290893,9569.897697538034,0.0007694887573272968,-0.041603754045810626
2026-03-27 06:00:00+00:00,9583.962459541894,9583.962459541894,0.0,0,False,68656.15,0.0,9573.436693291156,0.00036980497231775544,-0.041603754045810626
2026-03-27 07:00:00+00:00,9583.962459541894,9583.962459541894,0.0,0,False,68540.48,0.0,9557.307629510082,-0.001684772595026085,-0.041603754045810626
2026-03-27 08:00:00+00:00,9471.09334967346,9471.09334967346,0.0,0,False,67920.5,-0.011776873119537346,9470.8574093753,-0.009045457516492439,-0.05289066503265405
2026-03-27 09:00:00+00:00,9471.09334967346,9471.09334967346,0.0,0,False,67695.81,0.0,9439.526560054219,-0.0033081323017349895,-0.05289066503265405
2026-03-27 10:00:00+00:00,9471.09334967346,9471.09334967346,0.0,0,False,66502.41,0.0,9273.118461875489,-0.01762886063406277,-0.05289066503265405
2026-03-27 11:00:00+00:00,9471.09334967346,9471.09334967346,0.0,0,False,66702.78,0.0,9301.05812220067,0.003012973514794348,-0.05289066503265405
2026-03-27 12:00:00+00:00,9456.454295965515,3777.5562848334175,0.08524344745661193,1,False,66619.76,-0.0015456561526182577,9289.481785422726,-0.0012446257862115395,-0.05435457040344849
2026-03-27 13:00:00+00:00,9448.856345017757,9448.856345017757,0.0,0,False,66188.32,-0.0008034672097976259,9229.321646426386,-0.006476156623800522,-0.05511436549822424
2026-03-27 14:00:00+00:00,9448.856345017757,9448.856345017757,0.0,0,False,66205.06,0.0,9231.655877667807,0.0002529147136534071,-0.05511436549822424
2026-03-27 15:00:00+00:00,9448.856345017757,9448.856345017757,0.0,0,False,66112.82,0.0,9218.7939009827,-0.0013932469814240678,-0.05511436549822424
2026-03-27 16:00:00+00:00,9448.856345017757,9448.856345017757,0.0,0,False,65979.29,0.0,9200.174432782762,-0.0020197293051484877,-0.05511436549822424
2026-03-27 17:00:00+00:00,9411.950543931533,3836.919452245337,0.0849426033716951,1,False,65632.92,-0.0039058484687074513,9151.876483255222,-0.005249677588224921,-0.05880494560684679
2026-03-27 18:00:00+00:00,9429.259298220582,3836.919452245337,0.0849426033716951,1,False,65836.69,0.0018390188312464861,9180.290240726212,0.0031046919746979817,-0.05707407017794175
2026-03-27 19:00:00+00:00,9421.76448796852,9421.76448796852,0.0,0,False,66040.66,-0.0007948461289506437,9208.731886264604,0.003098120516083158,-0.05782355120314808
2026-03-27 20:00:00+00:00,9412.403562468036,3720.060615009833,0.0862205001496227,1,False,66020.76,-0.0009935427182919954,9205.957023558254,-0.0003013295142720862,-0.05875964375319631
2026-03-27 21:00:00+00:00,9419.063233899593,3720.060615009833,0.0862205001496227,1,False,66098.0,0.0007075420627002948,9216.727395188323,0.0011699350325564684,-0.05809367661004072
2026-03-27 22:00:00+00:00,9412.40614908304,3720.060615009833,0.0862205001496227,1,False,66020.79,-0.0007067671859971592,9205.961206768363,-0.0011681140125269218,-0.05875938509169587
2026-03-27 23:00:00+00:00,9445.729510185869,3720.060615009833,0.0862205001496227,1,False,66407.28,0.0035403658294190787,9259.853502616445,0.005854065060415303,-0.05542704898141315
2026-03-28 00:00:00+00:00,9438.017714781501,9438.017714781501,0.0,0,False,66431.55,-0.0008164319543612075,9263.237719595494,0.0003654719783734439,-0.05619822852184986
2026-03-28 01:00:00+00:00,9403.042664965538,2642.615253708711,0.10215389676999262,1,False,66178.85,-0.0037057622556891934,9228.001146434974,-0.003803915458844509,-0.05969573350344615
2026-03-28 02:00:00+00:00,9390.207027836386,2642.615253708711,0.10215389676999262,1,False,66053.2,-0.0013650514611590614,9210.480468090615,-0.0018986428443529269,-0.06097929721636142
2026-03-28 03:00:00+00:00,9381.108693203852,9381.108693203852,0.0,0,False,66240.0,-0.0009689173631169945,9236.527923042673,0.002828023471989294,-0.06188913067961477
2026-03-28 04:00:00+00:00,9376.319663315884,2127.778683388182,0.10935415080917543,1,False,66285.01,-0.0005104972178222589,9242.804132611154,0.0006794987922706941,-0.06236803366841159
2026-03-28 05:00:00+00:00,9366.548849235221,9366.548849235221,0.0,0,False,66341.9,-0.0010420734820817401,9250.736893383222,0.0008582634293936575,-0.06334511507647789
2026-03-28 06:00:00+00:00,9366.548849235221,9366.548849235221,0.0,0,False,66382.0,0.0,9256.328450897021,0.0006044445516333319,-0.06334511507647789
2026-03-28 07:00:00+00:00,9366.548849235221,9366.548849235221,0.0,0,False,66561.48,0.0,9281.355202582223,0.0027037449911122557,-0.06334511507647789
2026-03-28 08:00:00+00:00,9335.964012209912,912.7567811934405,0.1268377083614075,1,False,66409.33,-0.0032653261641620857,9260.1393553073,-0.00228585662458225,-0.06640359877900881
2026-03-28 09:00:00+00:00,9324.715882387123,9324.715882387123,0.0,0,False,66311.32,-0.0012048171788234807,9246.472807877688,-0.0014758468426049332,-0.06752841176128765
2026-03-28 10:00:00+00:00,9324.715882387123,9324.715882387123,0.0,0,False,66221.38,0.0,9233.931543967688,-0.0013563295075409432,-0.06752841176128765
2026-03-28 11:00:00+00:00,9324.715882387123,9324.715882387123,0.0,0,False,66319.47,0.0,9247.609246624257,0.0014812436708504517,-0.06752841176128765
2026-03-28 12:00:00+00:00,9331.076960941606,0.0,0.14041177223507795,1,False,66455.09,0.0006821739809250715,9266.52014512853,0.0020449499973387297,-0.06689230390583945
2026-03-28 13:00:00+00:00,9318.493075573926,9318.493075573926,0.0,0,False,66835.1,-0.001348599461814981,9319.508867592835,0.005718297876054379,-0.06815069244260741
2026-03-28 14:00:00+00:00,9294.552295984655,510.2053177275011,0.13161628085207316,1,False,66742.1,-0.002569168576411318,9306.540916251606,-0.0013914844146264427,-0.0705447704015345
2026-03-28 15:00:00+00:00,9282.784301343876,9282.784301343876,0.0,0,False,67014.91,-0.0012661174272872167,9344.581634589247,0.004087524965501688,-0.0717215698656124
2026-03-28 16:00:00+00:00,9282.784301343876,9282.784301343876,0.0,0,False,66926.95,0.0,9332.316462546509,-0.001312543730940141,-0.0717215698656124
2026-03-28 17:00:00+00:00,9260.52857684401,572.4463515491916,0.1299712014382688,1,False,66846.21,-0.0023975268386494664,9321.058049736934,-0.0012063899520294852,-0.07394714231559896
2026-03-28 18:00:00+00:00,9268.563396516924,572.4463515491916,0.1299712014382688,1,False,66908.03,0.0008676415829012019,9329.678251370424,0.000924809349699629,-0.07314366034830766
2026-03-28 19:00:00+00:00,9256.746227549098,9256.746227549098,0.0,0,False,66916.52,-0.001274973095859333,9330.862099831575,0.00012689059893111754,-0.07432537724509025
2026-03-28 20:00:00+00:00,9242.68951084294,-1.8189894035458565e-12,0.13814440425138166,1,False,66906.0,-0.0015185375466298945,9329.395187486309,-0.00015721080534369936,-0.07573104891570603
2026-03-28 21:00:00+00:00,9212.232814037638,-1.8189894035458565e-12,0.13814440425138166,1,False,66685.53,-0.0032952201596269104,9298.652776387376,-0.0032952201596270214,-0.07877671859623625
2026-03-28 22:00:00+00:00,9221.951272876722,-1.8189894035458565e-12,0.13814440425138166,1,False,66755.88,0.0010549515014726119,9308.4624040955,0.001054951501472834,-0.07780487271232783
2026-03-28 23:00:00+00:00,9145.804229057645,9145.804229057645,0.0,0,False,66377.03,-0.008257150961428095,9255.63543242212,-0.005675155506900786,-0.08541957709423553
2026-03-29 00:00:00+00:00,9145.804229057645,9145.804229057645,0.0,0,False,66487.93,0.0,9271.099365795691,0.0016707586946869135,-0.08541957709423553
2026-03-29 01:00:00+00:00,9144.631873992268,0.0,0.13737027223681256,1,False,66569.22,-0.0001281850164310816,9282.434470790622,0.0012226279266027706,-0.08553681260077317
2026-03-29 02:00:00+00:00,9178.80685031934,0.0,0.13737027223681256,1,False,66818.0,0.003737162610587763,9317.124437830093,0.003737162610587763,-0.0821193149680659
2026-03-29 03:00:00+00:00,9191.719655909601,0.0,0.13737027223681256,1,False,66912.0,0.0014068065491334991,9330.231829508322,0.001406806549133277,-0.08082803440903985
2026-03-29 04:00:00+00:00,9167.4243495618,0.0,0.13737027223681256,1,False,66735.14,-0.002643173122907627,9305.570411506069,-0.002643173122907627,-0.08325756504382009
2026-03-29 05:00:00+00:00,9154.921517206705,9154.921517206705,0.0,0,False,66771.94,-0.001363832618448746,9310.70181590776,0.0005514336225262984,-0.08450784827932944
2026-03-29 06:00:00+00:00,9154.921517206705,9154.921517206705,0.0,0,False,66738.5,0.0,9306.038931038398,-0.0005008091722360497,-0.08450784827932944
2026-03-29 07:00:00+00:00,9154.921517206705,9154.921517206705,0.0,0,False,66671.0,0.0,9296.62670829073,-0.001011410205503771,-0.08450784827932944
2026-03-29 08:00:00+00:00,9149.912763519023,0.0,0.13713075900004532,1,False,66724.0,-0.000547110499884429,9304.017046151861,0.0007949483283586911,-0.08500872364809764
2026-03-29 09:00:00+00:00,9137.494058806891,9137.494058806891,0.0,0,False,66634.01,-0.0013572484277277752,9291.468810225011,-0.0013486901264910811,-0.08625059411931091
2026-03-29 10:00:00+00:00,9137.494058806891,9137.494058806891,0.0,0,False,66502.79,0.0,9273.171449203546,-0.0019692646442862616,-0.08625059411931091
2026-03-29 11:00:00+00:00,9137.494058806891,9137.494058806891,0.0,0,False,66816.28,0.0,9316.884600450448,0.004713937565627102,-0.08625059411931091
2026-03-29 12:00:00+00:00,9129.82482812455,-1.8189894035458565e-12,0.13657204512744903,1,False,66849.88,-0.0008393144370856254,9321.569795773732,0.000502871455878795,-0.08701751718754491
2026-03-29 13:00:00+00:00,9117.449177024557,9117.449177024557,0.0,0,False,66580.36,-0.0013555190086309565,9283.98783614483,-0.00403172002702179,-0.08825508229754431
2026-03-29 14:00:00+00:00,9117.449177024557,9117.449177024557,0.0,0,False,66589.64,0.0,9285.28184247221,0.00013938044191985632,-0.08825508229754431
2026-03-29 15:00:00+00:00,9117.449177024557,9117.449177024557,0.0,0,False,66523.0,0.0,9275.989538414367,-0.0010007562737985864,-0.08825508229754431
2026-03-29 16:00:00+00:00,9117.449177024557,9117.449177024557,0.0,0,False,66499.35,0.0,9272.69177444426,-0.000355516137275802,-0.08825508229754431
2026-03-29 17:00:00+00:00,9089.586826319859,0.0,0.1369205665894995,1,False,66385.84,-0.003055937045956858,9256.86390179111,-0.0017069339775502845,-0.09104131736801413
2026-03-29 18:00:00+00:00,9095.258076187996,0.0,0.1369205665894995,1,False,66427.26,0.0006239282352984432,9262.639520549752,0.0006239282352984432,-0.09047419238120036
2026-03-29 19:00:00+00:00,9082.834034850559,9082.834034850559,0.0,0,False,66348.62,-0.0013659910728607283,9251.673932447879,-0.0011838513285058472,-0.09171659651494413
2026-03-29 20:00:00+00:00,9106.908417648643,-1.8189894035458565e-12,0.13671152583649612,1,False,66614.05,0.0026505364631470574,9288.685581098442,0.004000535354013568,-0.08930915823513574
2026-03-29 21:00:00+00:00,9120.042293935754,-1.8189894035458565e-12,0.13671152583649612,1,False,66710.12,0.0014421882470738723,9302.081614274266,0.0014421882470738723,-0.0879957706064246
2026-03-29 22:00:00+00:00,8984.950409154328,8984.950409154328,0.0,0,False,65860.31,-0.014812637971125864,9183.58382148621,-0.012738846819642768,-0.10150495908456725
2026-03-29 23:00:00+00:00,8992.266977984938,1395.3405822043342,0.11508588647032554,1,False,66010.93,0.0008143137688503277,9204.58632504552,0.0022869616010006144,-0.10077330220150615
2026-03-30 00:00:00+00:00,8982.137635431183,8982.137635431183,0.0,0,False,66280.25,-0.0011264503799268688,9242.140396607021,0.0040799303994050184,-0.10178623645688167
2026-03-30 01:00:00+00:00,9009.92272790747,2519.4846455910083,0.09737545233495466,1,False,66653.74,0.0030933719348369415,9294.219968074069,0.005635011937945356,-0.0990077272092531
2026-03-30 02:00:00+00:00,9055.423355520023,2519.4846455910083,0.09737545233495466,1,False,67121.01,0.005050057474035752,9359.376254345207,0.007010409318366939,-0.09445766444799775
2026-03-30 03:00:00+00:00,9060.563805648786,2519.4846455910083,0.09737545233495466,1,False,67173.8,0.0005676653566539791,9366.737309735567,0.0007864899529967939,-0.09394361943512142
2026-03-30 04:00:00+00:00,9103.651469552478,2519.4846455910083,0.09737545233495466,1,False,67616.29,0.0047555168561177474,9428.43826445578,0.006587240858787036,-0.08963485304475216
2026-03-30 05:00:00+00:00,9091.593467289844,2519.4846455910083,0.09737545233495466,1,False,67492.46,-0.001324523714793191,9411.17136752477,-0.00183136341848944,-0.09084065327101565
2026-03-30 06:00:00+00:00,9082.763088294263,9082.763088294263,0.0,0,False,67305.14,-0.000971268571054229,9385.051403597468,-0.002775421135931544,-0.09172369117057366
2026-03-30 07:00:00+00:00,9082.763088294263,9082.763088294263,0.0,0,False,67624.39,0.0,9429.567731185502,0.004743322723940402,-0.09172369117057366
2026-03-30 08:00:00+00:00,9077.93095621333,2387.5312786164777,0.09887323284033935,1,False,67666.44,-0.0005320112430501345,9435.431197356456,0.0006218170692557923,-0.09220690437866708
2026-03-30 09:00:00+00:00,9069.067055077207,9069.067055077207,0.0,0,False,67495.46,-0.0009764230614748293,9411.589688535778,-0.0025268064937359336,-0.09309329449227932
2026-03-30 10:00:00+00:00,9069.067055077207,9069.067055077207,0.0,0,False,67488.53,0.0,9410.62336700035,-0.0001026735724152239,-0.09309329449227932
2026-03-30 11:00:00+00:00,9069.067055077207,9069.067055077207,0.0,0,False,67680.45,0.0,9437.38475647786,0.0028437424848339887,-0.09309329449227932
2026-03-30 12:00:00+00:00,9082.7718587342,1850.8305891694845,0.10650935108098174,1,False,67899.59,0.0015111591494212373,9467.941711928577,0.0032378626324143234,-0.0917228141265799
2026-03-30 13:00:00+00:00,9043.355943179664,1850.8305891694845,0.10650935108098174,1,False,67529.52,-0.004339635099018135,9416.33902641408,-0.00545025382332931,-0.0956644056820336
2026-03-30 14:00:00+00:00,9033.801775252996,9033.801775252996,0.0,0,False,67799.54,-0.001056484781390643,9453.990706211482,0.003998547598146551,-0.09661982247470047
2026-03-30 15:00:00+00:00,9033.801775252996,9033.801775252996,0.0,0,False,67629.4,0.0,9430.266327273885,-0.0025094565538349434,-0.09661982247470047
2026-03-30 16:00:00+00:00,9033.801775252996,9033.801775252996,0.0,0,False,67368.1,0.0,9393.830567215144,-0.0038637042469694682,-0.09661982247470047
2026-03-30 17:00:00+00:00,9033.801775252996,9033.801775252996,0.0,0,False,66828.02,0.0,9318.521630006857,-0.008016850705304224,-0.09661982247470047
2026-03-30 18:00:00+00:00,9033.801775252996,9033.801775252996,0.0,0,False,66653.46,0.0,9294.18092477971,-0.0026120779876462885,-0.09661982247470047
2026-03-30 19:00:00+00:00,9033.801775252996,9033.801775252996,0.0,0,False,66550.05,0.0,9279.761399530285,-0.0015514573436998802,-0.09661982247470047
2026-03-30 20:00:00+00:00,9034.911916617893,2759.9686423271614,0.09414570848160328,1,False,66651.4,0.0001228875054508638,9293.893677685483,0.001522913957239469,-0.09650880833821063
2026-03-30 21:00:00+00:00,9049.77752398714,2759.9686423271614,0.09414570848160328,1,False,66809.3,0.001645351665455097,9315.911306898171,0.0023690425107349977,-0.09502224760128597
2026-03-30 22:00:00+00:00,9047.487900356868,2759.9686423271614,0.09414570848160328,1,False,66784.98,-0.0002530033057944747,9312.520117902272,-0.00036402117669254164,-0.09525120996431324
2026-03-30 23:00:00+00:00,9048.654365684954,2759.9686423271614,0.09414570848160328,1,False,66797.37,0.0001289269840349938,9314.24778367773,0.00018552075631372844,-0.09513456343150462
2026-03-31 00:00:00+00:00,9040.24241725873,9040.24241725873,0.0,0,False,67208.75,-0.0009296352900960425,9371.610749513802,0.00615862570637149,-0.09597575827412697
2026-03-31 01:00:00+00:00,9102.893724996855,2447.9723106471947,0.0979550254443157,1,False,67938.54,0.006930268553254404,9473.372913054824,0.010858556363568583,-0.08971062750031455
2026-03-31 02:00:00+00:00,9103.372725071276,2447.9723106471947,0.0979550254443157,1,False,67943.43,5.262063788635807e-05,9474.054776302766,7.197681904846931e-05,-0.08966272749287241
2026-03-31 03:00:00+00:00,9079.991840047973,2447.9723106471947,0.0979550254443157,1,False,67704.74,-0.0025683761095391944,9440.77176226365,-0.0035130696227729796,-0.09200081599520271
2026-03-31 04:00:00+00:00,9064.247528808308,2447.9723106471947,0.0979550254443157,1,False,67544.01,-0.001733956540602155,9418.359516897246,-0.0023739844507193464,-0.0935752471191692
2026-03-31 05:00:00+00:00,9055.42006247157,9055.42006247157,0.0,0,False,67681.68,-0.0009738774574151732,9437.556268092372,0.002038226631791318,-0.09445799375284292
2026-03-31 06:00:00+00:00,9055.42006247157,9055.42006247157,0.0,0,False,67492.85,0.0,9411.2257492562,-0.002789972116531203,-0.09445799375284292
2026-03-31 07:00:00+00:00,9055.42006247157,9055.42006247157,0.0,0,False,67367.69,0.0,9393.773396676972,-0.0018544186532352125,-0.09445799375284292
2026-03-31 08:00:00+00:00,8991.828306668418,2736.1447726494625,0.09367834646387466,1,False,66778.33,-0.007022507555082491,9311.592839661205,-0.008748407433889938,-0.10081716933315821
2026-03-31 09:00:00+00:00,8983.45665786424,8983.45665786424,0.0,0,False,66124.99,-0.0009310285426568088,9220.49088988402,-0.009783712770295439,-0.10165433421357595
2026-03-31 10:00:00+00:00,8983.45665786424,8983.45665786424,0.0,0,False,66363.38,0.0,9253.732071822036,0.0036051423221388212,-0.10165433421357595
2026-03-31 11:00:00+00:00,8983.45665786424,8983.45665786424,0.0,0,False,66685.69,0.0,9298.675086841296,0.004856744789068834,-0.10165433421357595
2026-03-31 12:00:00+00:00,8973.263953116952,3386.747897359777,0.08381459595160348,1,False,66653.26,-0.0011346083290073583,9294.153036712309,-0.0004863112310899975,-0.10267360468830489
2026-03-31 13:00:00+00:00,9027.66214032742,3386.747897359777,0.08381459595160348,1,False,67302.29,0.006062251984861433,9384.65399863701,0.009737408192787234,-0.09723378596725796
2026-03-31 14:00:00+00:00,8967.748114557377,3386.747897359777,0.08381459595160348,1,False,66587.45,-0.006636715556999184,9284.976468134177,-0.01062133249849273,-0.10322518854426233
2026-03-31 15:00:00+00:00,8960.306330980187,8960.306330980187,0.0,0,False,66736.8,-0.0008298386040871408,9305.801882465494,0.0022429151439198325,-0.10396936690198122
2026-03-31 16:00:00+00:00,8960.306330980187,8960.306330980187,0.0,0,False,67665.83,0.0,9435.346138750885,0.013920805312810813,-0.10396936690198122
2026-03-31 17:00:00+00:00,8944.668187425934,4341.733134961578,0.06816461702161522,1,False,67526.75,-0.001745268853162396,9415.952776680582,-0.002055394872123917,-0.10553318125740663
2026-03-31 18:00:00+00:00,8938.55458933817,8938.55458933817,0.0,0,False,67854.05,-0.0006834907633979093,9461.591598981488,0.004846968053401124,-0.1061445410661831
2026-03-31 19:00:00+00:00,8938.55458933817,8938.55458933817,0.0,0,False,67838.8,0.0,9459.465133842199,-0.00022474708584097058,-0.1061445410661831
2026-03-31 20:00:00+00:00,8961.564678520586,4264.7920609791645,0.06880152571204563,1,False,68265.53,0.0025742516815707717,9518.968508851258,0.006290353013319816,-0.1038435321479414
2026-03-31 21:00:00+00:00,8962.42194553096,4264.7920609791645,0.06880152571204563,1,False,68277.99,9.5660416581822e-05,9520.705935450307,0.00018252257032203012,-0.10375780544690405
2026-03-31 22:00:00+00:00,8955.189529148109,4264.7920609791645,0.06880152571204563,1,False,68172.87,-0.0008069711989466821,9506.04796722461,-0.0015395883797985066,-0.10448104708518913
2026-03-31 23:00:00+00:00,8962.868467432829,4264.7920609791645,0.06880152571204563,1,False,68284.48,0.0008574847310294231,9521.610903237453,0.001637161527745512,-0.10371315325671715
2026-04-01 00:00:00+00:00,8956.549555128613,8956.549555128613,0.0,0,False,68330.75,-0.0007050100452969943,9528.062807630557,0.0006776063902074192,-0.10434504448713866
2026-04-01 01:00:00+00:00,8906.995321785354,3661.4575889315374,0.07738752530111753,1,False,67782.73,-0.005532737025374157,9451.646714146471,-0.008020108077256616,-0.10930046782146452
2026-04-01 02:00:00+00:00,8898.185525905075,3661.4575889315374,0.07738752530111753,1,False,67668.89,-0.0009890872917303062,9435.772826182112,-0.0016794838449262217,-0.11018144740949243
2026-04-01 03:00:00+00:00,8937.01703835067,3661.4575889315374,0.07738752530111753,1,False,68170.67,0.004363980986072491,9505.741198483203,0.007415224337210091,-0.10629829616493303
2026-04-01 04:00:00+00:00,8947.321961219768,3661.4575889315374,0.07738752530111753,1,False,68303.83,0.001153060671684747,9524.309073758452,0.001953332716254863,-0.10526780387802315
2026-04-01 05:00:00+00:00,8940.226862808746,8940.226862808746,0.0,0,False,68456.02,-0.0007929857047477284,9545.530498646855,0.002228132741604494,-0.10597731371912544
2026-04-01 06:00:00+00:00,8940.226862808746,8940.226862808746,0.0,0,False,69102.85,0.0,9635.724691830153,0.009448840291913063,-0.10597731371912544
2026-04-01 07:00:00+00:00,8940.226862808746,8940.226862808746,0.0,0,False,68692.0,0.0,9578.435629372694,-0.005945485605875933,-0.10597731371912544
2026-04-01 08:00:00+00:00,8931.532540771856,3658.2152870847785,0.07679197563668232,1,False,68670.16,-0.0009724945653289963,9575.390252412562,-0.00031794095382264853,-0.1068467459228144
2026-04-01 09:00:00+00:00,8924.507579731566,8924.507579731566,0.0,0,False,68644.0,-0.000786534786524129,9571.742493196576,-0.00038095149334171907,-0.10754924202684346
2026-04-01 10:00:00+00:00,8924.507579731566,8924.507579731566,0.0,0,False,68585.55,0.0,9563.592205498784,-0.000851494668142716,-0.10754924202684346
2026-04-01 11:00:00+00:00,8924.507579731566,8924.507579731566,0.0,0,False,68712.52,0.0,9581.296945087985,0.00185126458853202,-0.10754924202684346
2026-04-01 12:00:00+00:00,8888.805968939289,2948.2024766989953,0.08685905541220659,1,False,68393.6,-0.0040004011956199514,9536.826632811162,-0.004641366667966662,-0.11111940310607116
2026-04-01 13:00:00+00:00,8880.906589199005,8880.906589199005,0.0,0,False,68116.07,-0.0008886885109076204,9498.127756082871,-0.004057835820895472,-0.11190934108009953
2026-04-01 14:00:00+00:00,8880.906589199005,8880.906589199005,0.0,0,False,68593.55,0.0,9564.707728194802,0.007009799596482624,-0.11190934108009953
2026-04-01 15:00:00+00:00,8880.906589199005,8880.906589199005,0.0,0,False,68918.52,0.0,9610.02165451049,0.0047376174582012265,-0.11190934108009953
2026-04-01 16:00:00+00:00,8880.906589199005,8880.906589199005,0.0,0,False,68816.34,0.0,9595.773640875579,-0.0014826203464612941,-0.11190934108009953
2026-04-01 17:00:00+00:00,8826.924716559355,3087.679298864241,0.08407103526870256,1,False,68266.62,-0.006078419145327252,9519.12049881859,-0.00798821907703895,-0.11730752834406444
2026-04-01 18:00:00+00:00,8819.221054885591,8819.221054885591,0.0,0,False,68084.76,-0.0008727458227112406,9493.761879131323,-0.002663966664820827,-0.1180778945114409
2026-04-01 19:00:00+00:00,8819.221054885591,8819.221054885591,0.0,0,False,68176.84,0.0,9506.601545362508,0.0013524318804969404,-0.1180778945114409
2026-04-01 20:00:00+00:00,8812.64841945792,3077.2865359701163,0.08410720349957458,1,False,68191.09,-0.0007452625789472478,9508.588570164793,0.00020901526090089106,-0.11873515805420798
2026-04-01 21:00:00+00:00,8827.067758425888,3077.2865359701163,0.08410720349957458,1,False,68362.53,0.0016362094890940426,9532.494221540495,0.0025141114476980864,-0.11729322415741117
2026-04-01 22:00:00+00:00,8806.9207188996,3077.2865359701163,0.08410720349957458,1,False,68122.99,-0.0022824158687414497,9499.092683214927,-0.0035039662809436267,-0.11930792811003998
2026-04-01 23:00:00+00:00,8799.11667813451,8799.11667813451,0.0,0,False,68113.92,-0.0008861259246202291,9497.827959358314,-0.00013314154296528713,-0.12008833218654913
2026-04-02 00:00:00+00:00,8799.11667813451,8799.11667813451,0.0,0,False,68600.29,0.0,9565.647556066198,0.007140537499530142,-0.12008833218654913
2026-04-02 01:00:00+00:00,8696.31706352372,8696.31706352372,0.0,0,False,67359.27,-0.011682947092432894,9392.599309039411,-0.018090594077663447,-0.13036829364762803
2026-04-02 02:00:00+00:00,8649.429715293596,3386.803320634267,0.07871938704101834,1,False,66852.99,-0.005391632789792267,9322.003455221808,-0.007516114708487787,-0.13505702847064038
2026-04-02 03:00:00+00:00,8642.407458139081,8642.407458139081,0.0,0,False,66576.25,-0.0008118751623703568,9283.41473635975,-0.004139530632810695,-0.1357592541860918
2026-04-02 04:00:00+00:00,8616.462114294703,3484.7066524966476,0.07736672053043138,1,False,66330.27,-0.00300209680809993,9249.115202263885,-0.0036947109517282417,-0.1383537885705296
2026-04-02 05:00:00+00:00,8609.594154788103,8609.594154788103,0.0,0,False,66591.54,-0.0007970741837541873,9285.546779112516,0.0039389256217408075,-0.13904058452118973
2026-04-02 06:00:00+00:00,8609.594154788103,8609.594154788103,0.0,0,False,66681.49,0.0,9298.089437425888,0.0013507721851755417,-0.13904058452118973
2026-04-02 07:00:00+00:00,8609.594154788103,8609.594154788103,0.0,0,False,66930.79,0.0,9332.851913440598,0.003738668707012671,-0.13904058452118973
2026-04-02 08:00:00+00:00,8560.452722533368,2946.9397599527083,0.08449107939088688,1,False,66439.12,-0.005707752464430116,9264.2932829466,-0.007345946462009478,-0.14395472774666318
2026-04-02 09:00:00+00:00,8552.925758788173,8552.925758788173,0.0,0,False,66469.6,-0.0008792716914821641,9268.543424418438,0.0004587658596324484,-0.14470742412118265
2026-04-02 10:00:00+00:00,8552.925758788173,8552.925758788173,0.0,0,False,66457.28,0.0,9266.825519466567,-0.00018534788835800065,-0.14470742412118265
2026-04-02 11:00:00+00:00,8552.925758788173,8552.925758788173,0.0,0,False,66220.28,0.0,9233.778159596985,-0.0035662007232315496,-0.14470742412118265
2026-04-02 12:00:00+00:00,8530.093482000204,2634.6736453828225,0.08925326207838227,1,False,66052.71,-0.0026695282330153614,9210.412142325484,-0.002530493679579693,-0.1469906517999796
2026-04-02 13:00:00+00:00,8522.23750573854,8522.23750573854,0.0,0,False,66270.87,-0.0009209718836307168,9240.832446245939,0.003302816795858865,-0.14777624942614598
2026-04-02 14:00:00+00:00,8522.23750573854,8522.23750573854,0.0,0,False,66868.18,0.0,9324.121553940875,0.009013160684324673,-0.14777624942614598
2026-04-02 15:00:00+00:00,8522.23750573854,8522.23750573854,0.0,0,False,66852.91,0.0,9321.992299994849,-0.00022835973702273193,-0.14777624942614598
2026-04-02 16:00:00+00:00,8522.23750573854,8522.23750573854,0.0,0,False,67095.85,0.0,9355.867935466225,0.0036339480211109443,-0.14777624942614598
2026-04-02 17:00:00+00:00,8478.932933221318,2776.2005248846,0.08552495874778143,1,False,66679.16,-0.005081361847526722,9297.764541440672,-0.006210369195710275,-0.1521067066778682
2026-04-02 18:00:00+00:00,8471.35173622032,8471.35173622032,0.0,0,False,66981.99,-0.000894121590618302,9339.991258695125,0.004541598904365118,-0.15286482637796794
2026-04-02 19:00:00+00:00,8471.35173622032,8471.35173622032,0.0,0,False,66975.99,0.0,9339.15461667311,-8.957631745498684e-05,-0.15286482637796794
2026-04-02 20:00:00+00:00,8460.426863804723,2715.8885272847792,0.08581719001213704,1,False,66939.25,-0.0012896256413112983,9334.03157869164,-0.0005485547880664798,-0.1539573136195277
2026-04-02 21:00:00+00:00,8460.141950733883,2715.8885272847792,0.08581719001213704,1,False,66935.93,-3.367596876924228e-05,9333.568636772792,-4.9597209410001675e-05,-0.15398580492661162
2026-04-02 22:00:00+00:00,8464.136740928949,2715.8885272847792,0.08581719001213704,1,False,66982.48,0.00047218949969507484,9340.059584460256,0.000695441147975373,-0.15358632590710508
2026-04-02 23:00:00+00:00,8456.366287566605,8456.366287566605,0.0,0,False,66901.99,-0.0009180444031308133,9328.836031734929,-0.0012016575080527891,-0.15436337124333954
2026-04-03 00:00:00+00:00,8456.366287566605,8456.366287566605,0.0,0,False,66785.86,0.0,9312.642825398834,-0.001735822805868592,-0.15436337124333954
2026-04-03 01:00:00+00:00,8431.772957893218,1773.5536168757717,0.0999282506531209,1,False,66630.0,-0.002908262111298021,9290.909654473631,-0.0023337275285517656,-0.15682270421067823
2026-04-03 02:00:00+00:00,8422.850881492639,8422.850881492639,0.0,0,False,66533.81,-0.0010581495072429226,9277.496888457365,-0.0014436440042023824,-0.15771491185073605
2026-04-03 03:00:00+00:00,8422.850881492639,8422.850881492639,0.0,0,False,66579.97,0.0,9283.933454413398,0.0006937826046637952,-0.15771491185073605
2026-04-03 04:00:00+00:00,8416.042538234307,1610.3987180500417,0.10218276297349484,1,False,66602.66,-0.0008083181519088489,9287.097355659984,0.0003407931844967571,-0.15839574617656926
2026-04-03 05:00:00+00:00,8406.959051425489,8406.959051425489,0.0,0,False,66600.35,-0.00107930619023755,9286.775248481508,-3.4683299435789294e-05,-0.15930409485745112
2026-04-03 06:00:00+00:00,8406.959051425489,8406.959051425489,0.0,0,False,66796.79,0.0,9314.166908282268,0.002949534048994895,-0.15930409485745112
2026-04-03 07:00:00+00:00,8406.959051425489,8406.959051425489,0.0,0,False,67042.08,0.0,9348.370228545604,0.003672182450684014,-0.15930409485745112
2026-04-03 08:00:00+00:00,8389.198084848624,1225.5706991737597,0.10697507153583165,1,False,66965.39,-0.002112650539656591,9337.676549100883,-0.0011439084228893615,-0.16108019151513764
2026-04-03 09:00:00+00:00,8379.631341211421,8379.631341211421,0.0,0,False,66859.58,-0.0011403644949664615,9322.922367042655,-0.0015800699435930543,-0.1620368658788579
2026-04-03 10:00:00+00:00,8379.631341211421,8379.631341211421,0.0,0,False,66883.08,0.0,9326.199214962213,0.0003514829138921982,-0.1620368658788579
2026-04-03 11:00:00+00:00,8379.631341211421,8379.631341211421,0.0,0,False,67017.44,0.0,9344.934418641862,0.00200887877771172,-0.1620368658788579
2026-04-03 12:00:00+00:00,8334.863693879182,608.6784736188974,0.11579638938937654,1,False,66722.16,-0.005342436380472937,9303.760475931778,-0.004406017299377396,-0.1665136306120818
2026-04-03 13:00:00+00:00,8324.553519799916,8324.553519799916,0.0,0,False,66672.0,-0.0012369937239450346,9296.766148627734,-0.0007517742231367697,-0.16754464802000835
2026-04-03 14:00:00+00:00,8324.553519799916,8324.553519799916,0.0,0,False,66929.81,0.0,9332.715261910338,0.003866840652748005,-0.16754464802000835
2026-04-03 15:00:00+00:00,8324.553519799916,8324.553519799916,0.0,0,False,66827.15,0.0,9318.400316913665,-0.0015338456810202183,-0.16754464802000835
2026-04-03 16:00:00+00:00,8324.553519799916,8324.553519799916,0.0,0,False,67010.46,0.0,9343.961125089587,0.002743046800589566,-0.16754464802000835
2026-04-03 17:00:00+00:00,8295.663689257046,437.0189558479524,0.117547581451399,1,False,66855.01,-0.003470436038900515,9322.285124702554,-0.002319787089955949,-0.17043363107429543
2026-04-03 18:00:00+00:00,8285.08494579684,8285.08494579684,0.0,0,False,66812.03,-0.0012752136364816424,9316.291979018188,-0.0006428837569540935,-0.171491505420316
2026-04-03 19:00:00+00:00,8285.08494579684,8285.08494579684,0.0,0,False,66885.74,0.0,9326.570126258639,0.0011032444306811051,-0.171491505420316
2026-04-03 20:00:00+00:00,8267.264600999753,0.0,0.12370222460863427,1,False,66831.98,-0.0021508946394239725,9319.073813741386,-0.0008037587683115133,-0.1732735399000247
2026-04-03 21:00:00+00:00,8283.621746159753,0.0,0.12370222460863427,1,False,66964.21,0.001978543804926902,9337.512009503223,0.0019785438049271242,-0.1716378253840246
2026-04-03 22:00:00+00:00,8274.28841331303,0.0,0.12370222460863427,1,False,66888.76,-0.0011267212739464183,9326.991236076386,-0.0011267212739464183,-0.172571158668697
2026-04-03 23:00:00+00:00,8263.172872550076,8263.172872550076,0.0,0,False,66964.3,-0.0013433832866001083,9337.524559133552,0.001129337724305124,-0.17368271274499236
2026-04-04 00:00:00+00:00,8263.172872550076,8263.172872550076,0.0,0,False,66893.39,0.0,9327.636844836707,-0.0010589224407633324,-0.17368271274499236
2026-04-04 01:00:00+00:00,8246.890386728106,0.0,0.12336041385041743,1,False,66852.0,-0.0019704883430503584,9321.865409288175,-0.0006187457385550266,-0.17531096132718937
2026-04-04 02:00:00+00:00,8235.910275907045,8235.910275907045,0.0,0,False,66844.83,-0.0013314243679934945,9320.86562207187,-0.00010725183988491427,-0.17640897240929554
2026-04-04 03:00:00+00:00,8235.910275907045,8235.910275907045,0.0,0,False,66832.18,0.0,9319.101701808786,-0.00018924425419308832,-0.17640897240929554
2026-04-04 04:00:00+00:00,8228.204920275344,-1.8189894035458565e-12,0.12306483821333308,1,False,66860.73,-0.0009355803273186636,9323.082723430207,0.0004271894168348389,-0.17717950797246562
2026-04-04 05:00:00+00:00,8217.162476903392,8217.162476903392,0.0,0,False,66916.29,-0.001342023379211521,9330.830028554063,0.0008309810556959007,-0.17828375230966087
2026-04-04 06:00:00+00:00,8217.162476903392,8217.162476903392,0.0,0,False,67013.24,0.0,9344.348769226452,0.0014488250917676915,-0.17828375230966087
2026-04-04 07:00:00+00:00,8217.162476903392,8217.162476903392,0.0,0,False,67014.96,0.0,9344.588606606098,2.5666569770654846e-05,-0.17828375230966087
2026-04-04 08:00:00+00:00,8197.150209130477,-1.8189894035458565e-12,0.12245518687078695,1,False,66940.0,-0.002435423156005978,9334.136158944391,-0.0011185562149110817,-0.1802849790869523
2026-04-04 09:00:00+00:00,8186.290019900998,8186.290019900998,0.0,0,False,66988.05,-0.001324873761295975,9340.83626713736,0.0007178069913356122,-0.1813709980099002
2026-04-04 10:00:00+00:00,8186.290019900998,8186.290019900998,0.0,0,False,67167.0,0.0,9365.78911544395,0.0026713719835105287,-0.1813709980099002
2026-04-04 11:00:00+00:00,8186.290019900998,8186.290019900998,0.0,0,False,67156.93,0.0,9364.384951250335,-0.00014992481426889803,-0.1813709980099002
2026-04-04 12:00:00+00:00,8168.262186026623,-9.094947017729282e-13,0.1217365347965088,1,False,67097.87,-0.0022021982889134373,9356.14960494697,-0.0008794326959258303,-0.18317378139733775
2026-04-04 13:00:00+00:00,8157.321081302183,8157.321081302183,0.0,0,False,67193.44,-0.0013394654181345667,9369.475917954294,0.0014243373150295557,-0.18426789186978165
2026-04-04 14:00:00+00:00,8149.168023255598,-1.8189894035458565e-12,0.12123988582433982,1,False,67215.24,-0.0009994773977051175,9372.515717300948,0.0003244364330803329,-0.18508319767444015
2026-04-04 15:00:00+00:00,8138.376066205334,8138.376066205334,0.0,0,False,67383.66,-0.0013243016979729294,9396.000258858903,0.002505681747175359,-0.1861623933794666
2026-04-04 16:00:00+00:00,8138.376066205334,8138.376066205334,0.0,0,False,67366.68,0.0,9393.6325619366,-0.00025198987410324225,-0.1861623933794666
2026-04-04 17:00:00+00:00,8123.069520385105,0.0,0.1206466940205186,1,False,67329.4,-0.0018807862521602603,9388.434226173147,-0.0005533893016548275,-0.18769304796148956
2026-04-04 18:00:00+00:00,8112.26170723123,8112.26170723123,0.0,0,False,67295.47,-0.0013305085136539052,9383.703015538655,-0.0005039403291874356,-0.18877382927687703
2026-04-04 19:00:00+00:00,8112.26170723123,8112.26170723123,0.0,0,False,67288.42,0.0,9382.719961162788,-0.0001047618807030748,-0.18877382927687703
2026-04-04 20:00:00+00:00,8099.0254597430385,-1.8189894035458565e-12,0.12039866355886332,1,False,67268.4,-0.0016316346742600851,9379.928365615999,-0.0002975251908128307,-0.1900974540256961
2026-04-04 21:00:00+00:00,8109.957658394184,-1.8189894035458565e-12,0.12039866355886332,1,False,67359.2,0.0013498165557677133,9392.589548215821,0.0013498165557674913,-0.18900423416058154
2026-04-04 22:00:00+00:00,8114.860291974301,-1.8189894035458565e-12,0.12039866355886332,1,False,67399.92,0.0006045202437083841,9398.26755873856,0.000604520243708162,-0.18851397080256993
2026-04-04 23:00:00+00:00,8104.086991704208,8104.086991704208,0.0,0,False,67300.42,-0.0013276014475255282,9384.393245206817,-0.0014762628798371535,-0.1895913008295792
2026-04-05 00:00:00+00:00,8104.086991704208,8104.086991704208,0.0,0,False,67225.0,0.0,9373.876654990092,-0.0011206467953691623,-0.1895913008295792
2026-04-05 01:00:00+00:00,8076.524845252258,-9.094947017729282e-13,0.1203924103041255,1,False,67085.0,-0.0034010180887944497,9354.355007809749,-0.002082558571959825,-0.19234751547477413
2026-04-05 02:00:00+00:00,8065.832707413881,8065.832707413881,0.0,0,False,67170.16,-0.0013238537667178418,9366.229746908879,0.0012694342997690011,-0.19341672925861197
2026-04-05 03:00:00+00:00,8065.832707413881,8065.832707413881,0.0,0,False,67145.98,0.0,9362.858079560157,-0.00035998127740077823,-0.19341672925861197
2026-04-05 04:00:00+00:00,8049.753533080972,-9.094947017729282e-13,0.11996357068836569,1,False,67101.65,-0.0019934921682827067,9356.676689420838,-0.0006602033360747495,-0.19502464669190278
2026-04-05 05:00:00+00:00,8038.920541441888,8038.920541441888,0.0,0,False,66931.65,-0.001345754450066683,9332.97183213042,-0.0025334697432923825,-0.19610794585581115
2026-04-05 06:00:00+00:00,8038.920541441888,8038.920541441888,0.0,0,False,66802.24,0.0,9314.926858118934,-0.0019334649601495668,-0.19610794585581115
2026-04-05 07:00:00+00:00,8038.920541441888,8038.920541441888,0.0,0,False,66820.64,0.0,9317.492560319779,0.00027543986548961286,-0.19610794585581115
2026-04-05 08:00:00+00:00,8041.842761634135,-9.094947017729282e-13,0.12014732844956921,1,False,66933.18,0.00036350902800719176,9333.185175846034,0.001684210148241494,-0.19581572383658652
2026-04-05 09:00:00+00:00,8031.13497506195,8031.13497506195,0.0,0,False,67035.15,-0.0013315090694472342,9347.403907010175,0.0015234596652962118,-0.19688650249380502
2026-04-05 10:00:00+00:00,8031.13497506195,8031.13497506195,0.0,0,False,67046.01,0.0,9348.918229070023,0.0001620045602941378,-0.19688650249380502
2026-04-05 11:00:00+00:00,8031.13497506195,8031.13497506195,0.0,0,False,66999.0,0.0,9342.363138827537,-0.0007011602927601279,-0.19688650249380502
2026-04-05 12:00:00+00:00,7994.68762507771,-1.8189894035458565e-12,0.11971037828576593,1,True,66783.58,-0.00453825643541228,9312.32490143047,-0.0032152718697292526,-0.200531237492229
2026-04-05 13:00:00+00:00,7984.140711972004,7984.140711972004,0.0,0,True,66890.7,-0.001319240175516434,9327.26175033017,0.0016039870878437057,-0.20158592880279957
2026-04-05 14:00:00+00:00,7984.140711972004,7984.140711972004,0.0,0,True,66918.03,0.0,9331.072654740448,0.00040857697706875307,-0.20158592880279957
2026-04-05 15:00:00+00:00,7984.140711972004,7984.140711972004,0.0,0,True,67306.64,0.0,9385.260564102971,0.0058072540390083915,-0.20158592880279957
2026-04-05 16:00:00+00:00,7984.140711972004,7984.140711972004,0.0,0,True,67212.62,0.0,9372.150383618,-0.001396890410812368,-0.20158592880279957
2026-04-05 17:00:00+00:00,7984.140711972004,7984.140711972004,0.0,0,True,67373.64,0.0,9394.603066682137,0.002395681049184084,-0.20158592880279957
2026-04-05 18:00:00+00:00,7984.140711972004,7984.140711972004,0.0,0,True,67413.78,0.0,9400.200201809415,0.0005957819705153522,-0.20158592880279957
2026-04-05 19:00:00+00:00,7984.140711972004,7984.140711972004,0.0,0,True,67361.01,0.0,9392.841935225795,-0.0007827776457574043,-0.20158592880279957
2026-04-05 20:00:00+00:00,7984.140711972004,7984.140711972004,0.0,0,True,67658.35,0.0,9434.303125030106,0.004414126213369007,-0.20158592880279957
2026-04-05 21:00:00+00:00,7984.140711972004,7984.140711972004,0.0,0,True,67553.43,0.0,9419.673044871808,-0.0015507324668722067,-0.20158592880279957
2026-04-05 22:00:00+00:00,7984.140711972004,7984.140711972004,0.0,0,True,68338.43,0.0,9529.133709418737,0.011620431412587173,-0.20158592880279957
2026-04-05 23:00:00+00:00,7984.140711972004,7984.140711972004,0.0,0,True,69034.18,0.0,9626.149323888194,0.010180947967344256,-0.20158592880279957
2026-04-06 00:00:00+00:00,7984.140711972004,7984.140711972004,0.0,0,True,69083.78,0.0,9633.065564603517,0.0007184846694783253,-0.20158592880279957
2026-04-06 01:00:00+00:00,7984.140711972004,7984.140711972004,0.0,0,True,68810.18,0.0,9594.914688399644,-0.003960408651640268,-0.20158592880279957
2026-04-06 02:00:00+00:00,7984.140711972004,7984.140711972004,0.0,0,True,69207.99,0.0,9650.385448862591,0.005781266667228557,-0.20158592880279957
2026-04-06 03:00:00+00:00,7984.140711972004,7984.140711972004,0.0,0,True,69123.69,0.0,9638.630628453284,-0.0012180674514604695,-0.20158592880279957
2026-04-06 04:00:00+00:00,7984.140711972004,7984.140711972004,0.0,0,True,69141.8,0.0,9641.1558929564,0.0002619941151869032,-0.20158592880279957
2026-04-06 05:00:00+00:00,7984.140711972004,7984.140711972004,0.0,0,True,69199.31,0.0,9649.175106737412,0.0008317689154753172,-0.20158592880279957
2026-04-06 06:00:00+00:00,7984.140711972004,7984.140711972004,0.0,0,True,68976.67,0.0,9618.130110107184,-0.0032173731212060686,-0.20158592880279957
2026-04-06 07:00:00+00:00,7984.140711972004,7984.140711972004,0.0,0,True,69115.91,0.0,9637.545782631407,0.0020186535534407746,-0.20158592880279957
2026-04-06 08:00:00+00:00,7984.140711972004,7984.140711972004,0.0,0,True,69224.63,0.0,9652.705736070313,0.0015730097455128877,-0.20158592880279957
2026-04-06 09:00:00+00:00,7984.140711972004,7984.140711972004,0.0,0,True,69728.0,0.0,9722.895818507239,0.007271544824436038,-0.20158592880279957
2026-04-06 10:00:00+00:00,7984.140711972004,7984.140711972004,0.0,0,True,69770.88,0.0,9728.875020157904,0.0006149609912804443,-0.20158592880279957
2026-04-06 11:00:00+00:00,7984.140711972004,7984.140711972004,0.0,0,True,69614.91,0.0,9707.126510795631,-0.0022354598365391665,-0.20158592880279957
2026-04-06 12:00:00+00:00,7984.140711972004,7984.140711972004,0.0,0,True,69366.75,0.0,9672.522996765101,-0.003564753585115654,-0.20158592880279957
2026-04-06 13:00:00+00:00,7984.140711972004,7984.140711972004,0.0,0,True,69428.23,0.0,9681.095788684013,0.000886303596463911,-0.20158592880279957
2026-04-06 14:00:00+00:00,7984.140711972004,7984.140711972004,0.0,0,True,69654.38,0.0,9712.63022089712,0.003257320545259512,-0.20158592880279957
2026-04-06 15:00:00+00:00,7984.140711972004,7984.140711972004,0.0,0,True,69968.87,0.0,9756.48281248102,0.0045150068093346984,-0.20158592880279957
2026-04-06 16:00:00+00:00,7984.140711972004,7984.140711972004,0.0,0,True,69799.14,0.0,9732.815604081592,-0.002425793070547022,-0.20158592880279957
2026-04-06 17:00:00+00:00,7984.140711972004,7984.140711972004,0.0,0,True,69574.61,0.0,9701.507065214433,-0.0032168018115980024,-0.20158592880279957
2026-04-06 18:00:00+00:00,7984.140711972004,7984.140711972004,0.0,0,True,69888.97,0.0,9745.341529554524,0.004518314942764112,-0.20158592880279957
2026-04-06 19:00:00+00:00,7984.140711972004,7984.140711972004,0.0,0,True,69739.53,0.0,9724.503565592877,-0.0021382487107765025,-0.20158592880279957
2026-04-06 20:00:00+00:00,7984.140711972004,7984.140711972004,0.0,0,True,69826.01,0.0,9736.56236593685,0.001240042770578098,-0.20158592880279957
2026-04-06 21:00:00+00:00,7984.140711972004,7984.140711972004,0.0,0,True,69504.99,0.0,9691.79922895232,-0.004597427233777318,-0.20158592880279957
2026-04-06 22:00:00+00:00,7984.140711972004,7984.140711972004,0.0,0,True,68811.0,0.0,9595.029029475987,-0.009984750735163028,-0.20158592880279957
2026-04-06 23:00:00+00:00,7984.140711972004,7984.140711972004,0.0,0,True,68853.66,0.0,9600.977554252513,0.0006199590181803494,-0.20158592880279957
2026-04-07 00:00:00+00:00,7984.140711972004,7984.140711972004,0.0,0,True,68775.7,0.0,9590.1067855798,-0.00113225644068915,-0.20158592880279957
2026-04-07 01:00:00+00:00,7984.140711972004,7984.140711972004,0.0,0,True,68400.01,0.0,9537.720445371348,-0.005462539821477597,-0.20158592880279957
2026-04-07 02:00:00+00:00,7984.140711972004,7984.140711972004,0.0,0,True,68674.0,0.0,9575.92570330665,0.004005701168757092,-0.20158592880279957
2026-04-07 03:00:00+00:00,7984.140711972004,7984.140711972004,0.0,0,True,68779.21,0.0,9590.59622116268,0.001532020852142102,-0.20158592880279957
2026-04-07 04:00:00+00:00,7984.140711972004,7984.140711972004,0.0,0,True,68854.65,0.0,9601.115600186144,0.001096843072201592,-0.20158592880279957
2026-04-07 05:00:00+00:00,7984.140711972004,7984.140711972004,0.0,0,True,68669.0,0.0,9575.228501621637,-0.0026962594392681005,-0.20158592880279957
2026-04-07 06:00:00+00:00,7984.140711972004,7984.140711972004,0.0,0,True,68568.35,0.0,9561.193831702341,-0.0014657268927753542,-0.20158592880279957
2026-04-07 07:00:00+00:00,7984.140711972004,7984.140711972004,0.0,0,True,68624.61,0.0,9569.0387450621,0.0008204951701478169,-0.20158592880279957
2026-04-07 08:00:00+00:00,7984.140711972004,7984.140711972004,0.0,0,True,68936.71,0.0,9612.558074240567,0.0045479311284974955,-0.20158592880279957
2026-04-07 09:00:00+00:00,7984.140711972004,7984.140711972004,0.0,0,True,69150.05,0.0,9642.30627573667,0.0030947226811373074,-0.20158592880279957
2026-04-07 10:00:00+00:00,7984.140711972004,7984.140711972004,0.0,0,True,68237.93,0.0,9515.11995554999,-0.013190445993892963,-0.20158592880279957
2026-04-07 11:00:00+00:00,7984.140711972004,7984.140711972004,0.0,0,True,68345.75,0.0,9530.154412685593,0.001580059653040422,-0.20158592880279957
2026-04-07 12:00:00+00:00,7984.140711972004,7984.140711972004,0.0,0,True,68392.18,0.0,9536.628627532618,0.000679339973590265,-0.20158592880279957
2026-04-07 13:00:00+00:00,7984.140711972004,7984.140711972004,0.0,0,True,68231.99,0.0,9514.291679948195,-0.0023422268452328865,-0.20158592880279957
2026-04-07 14:00:00+00:00,7984.140711972004,7984.140711972004,0.0,0,True,67860.48,0.0,9462.488200348413,-0.005444806754133946,-0.20158592880279957
2026-04-07 15:00:00+00:00,7984.140711972004,7984.140711972004,0.0,0,True,68168.1,0.0,9505.382836817109,0.004533124434133118,-0.20158592880279957
2026-04-07 16:00:00+00:00,7984.140711972004,7984.140711972004,0.0,0,True,68229.99,0.0,9514.01279927419,0.0009079026700169468,-0.20158592880279957
2026-04-07 17:00:00+00:00,7984.140711972004,7984.140711972004,0.0,0,True,68705.81,0.0,9580.361300426699,0.006973766228018041,-0.20158592880279957
2026-04-07 18:00:00+00:00,7984.140711972004,7984.140711972004,0.0,0,True,68442.53,0.0,9543.649448500692,-0.0038319903367707298,-0.20158592880279957
2026-04-07 19:00:00+00:00,7984.140711972004,7984.140711972004,0.0,0,True,69011.29,0.0,9622.957534574207,0.008310037633032952,-0.20158592880279957
2026-04-07 20:00:00+00:00,7984.140711972004,7984.140711972004,0.0,0,True,69319.39,0.0,9665.919102404665,0.004464486897723718,-0.20158592880279957
2026-04-07 21:00:00+00:00,7984.140711972004,7984.140711972004,0.0,0,True,69927.64,0.0,9750.733687386408,0.008774601161377626,-0.20158592880279957
2026-04-07 22:00:00+00:00,7984.140711972004,7984.140711972004,0.0,0,True,71514.09,0.0,9971.948810023954,0.022687023328686662,-0.20158592880279957
2026-04-07 23:00:00+00:00,7984.140711972004,7984.140711972004,0.0,0,True,71924.22,0.0,10029.137475438773,0.005734953769250373,-0.20158592880279957
2026-04-08 00:00:00+00:00,7984.140711972004,7984.140711972004,0.0,0,True,71710.19,0.0,9999.293060110136,-0.0029757708877483635,-0.20158592880279957
2026-04-08 01:00:00+00:00,7984.140711972004,7984.140711972004,0.0,0,True,71476.97,0.0,9966.772784714423,-0.0032522574546239857,-0.20158592880279957
2026-04-08 02:00:00+00:00,7984.140711972004,7984.140711972004,0.0,0,True,71364.94,0.0,9951.151283760038,-0.0015673579895734147,-0.20158592880279957
2026-04-08 03:00:00+00:00,7984.140711972004,7984.140711972004,0.0,0,True,71287.39,0.0,9940.337685625498,-0.0010866680473633483,-0.20158592880279957
2026-04-08 04:00:00+00:00,7984.140711972004,7984.140711972004,0.0,0,True,71566.18,0.0,9979.212257178413,0.003910789832535677,-0.20158592880279957
2026-04-08 05:00:00+00:00,7984.140711972004,7984.140711972004,0.0,0,True,71731.1,0.0,10002.208757556858,0.002304440449385492,-0.20158592880279957
2026-04-08 06:00:00+00:00,7984.140711972004,7984.140711972004,0.0,0,True,71732.69,0.0,10002.430467692691,2.216611762539955e-05,-0.20158592880279957
2026-04-08 07:00:00+00:00,7984.140711972004,7984.140711972004,0.0,0,True,71627.59,0.0,9987.775288273733,-0.0014651618390443266,-0.20158592880279957
2026-04-08 08:00:00+00:00,7984.140711972004,7984.140711972004,0.0,0,True,71800.0,0.0,10011.816196776328,0.002407033379177026,-0.20158592880279957
2026-04-08 09:00:00+00:00,7984.140711972004,7984.140711972004,0.0,0,True,71678.87,0.0,9994.92578875522,-0.0016870473537605735,-0.20158592880279957
2026-04-08 10:00:00+00:00,7984.140711972004,7984.140711972004,0.0,0,True,71476.98,0.0,9966.774179117794,-0.0028165901610892607,-0.20158592880279957
2026-04-08 11:00:00+00:00,7984.140711972004,7984.140711972004,0.0,0,True,71675.12,0.0,9994.40288749146,0.002772081305057794,-0.20158592880279957
2026-04-08 12:00:00+00:00,7984.140711972004,7984.140711972004,0.0,0,True,72071.95,0.0,10049.736996424144,0.005536509740060369,-0.20158592880279957
2026-04-08 13:00:00+00:00,7984.140711972004,7984.140711972004,0.0,0,True,71600.01,0.0,9983.929523779207,-0.006548178590977338,-0.20158592880279957
2026-04-08 14:00:00+00:00,7984.140711972004,7984.140711972004,0.0,0,True,70912.88,0.0,9888.11588501471,-0.009596786369163945,-0.20158592880279957
2026-04-08 15:00:00+00:00,7984.140711972004,7984.140711972004,0.0,0,True,71310.0,0.0,9943.490431645125,0.005600111009452791,-0.20158592880279957
2026-04-08 16:00:00+00:00,7984.140711972004,7984.140711972004,0.0,0,True,71602.1,0.0,9984.220954083541,0.0040961996914876675,-0.20158592880279957
2026-04-08 17:00:00+00:00,7984.140711972004,7984.140711972004,0.0,0,True,71888.19,0.0,10024.113440096573,0.003995553203048452,-0.20158592880279957
2026-04-08 18:00:00+00:00,7984.140711972004,7984.140711972004,0.0,0,True,71099.63,0.0,9914.156367949918,-0.010969256563560625,-0.20158592880279957
2026-04-08 19:00:00+00:00,7984.140711972004,7984.140711972004,0.0,0,True,71318.48,0.0,9944.672885702905,0.003078075089842258,-0.20158592880279957
2026-04-08 20:00:00+00:00,7984.140711972004,7984.140711972004,0.0,0,True,71372.93,0.0,9952.265412052688,0.0007634767314164126,-0.20158592880279957
2026-04-08 21:00:00+00:00,7984.140711972004,7984.140711972004,0.0,0,True,71551.39,0.0,9977.149934594147,0.002500387752051081,-0.20158592880279957
2026-04-08 22:00:00+00:00,7984.140711972004,7984.140711972004,0.0,0,True,71064.84,0.0,9909.3052386256,-0.006800007658831042,-0.20158592880279957
2026-04-08 23:00:00+00:00,7984.140711972004,7984.140711972004,0.0,0,True,71069.93,0.0,9910.014989940944,7.162473031696592e-05,-0.20158592880279957
2026-04-09 00:00:00+00:00,7984.140711972004,7984.140711972004,0.0,0,True,70815.5,0.0,9874.537184997409,-0.003579995083715537,-0.20158592880279957
2026-04-09 01:00:00+00:00,7984.140711972004,7984.140711972004,0.0,0,True,70928.89,0.0,9890.348324810117,0.001601203126434081,-0.20158592880279957
2026-04-09 02:00:00+00:00,7984.140711972004,7984.140711972004,0.0,0,True,71060.64,0.0,9908.71958921019,0.0018574941747995233,-0.20158592880279957
2026-04-09 03:00:00+00:00,7984.140711972004,7984.140711972004,0.0,0,True,70992.39,0.0,9899.202786209773,-0.000960447302472911,-0.20158592880279957
2026-04-09 04:00:00+00:00,7984.140711972004,7984.140711972004,0.0,0,True,70782.0,0.0,9869.865933707828,-0.0029635570798501876,-0.20158592880279957
2026-04-09 05:00:00+00:00,7984.140711972004,7984.140711972004,0.0,0,True,70984.0,0.0,9898.032881782323,0.0028538328953686687,-0.20158592880279957
2026-04-09 06:00:00+00:00,7984.140711972004,7984.140711972004,0.0,0,True,71031.84,0.0,9904.70370750452,0.0006739546940153218,-0.20158592880279957
2026-04-09 07:00:00+00:00,7984.140711972004,7984.140711972004,0.0,0,True,70982.01,0.0,9897.75539551169,-0.0007015163903959509,-0.20158592880279957
2026-04-09 08:00:00+00:00,7984.140711972004,7984.140711972004,0.0,0,True,71249.51,0.0,9935.055685659845,0.003768560512726893,-0.20158592880279957
2026-04-09 09:00:00+00:00,7984.140711972004,7984.140711972004,0.0,0,True,71534.68,0.0,9974.819886562835,0.004002413490282075,-0.20158592880279957
2026-04-09 10:00:00+00:00,7984.140711972004,7984.140711972004,0.0,0,True,71276.45,0.0,9938.812208338692,-0.003609857484509482,-0.20158592880279957
2026-04-09 11:00:00+00:00,7984.140711972004,7984.140711972004,0.0,0,True,71150.17,0.0,9921.203682582021,-0.001771693174954736,-0.20158592880279957
2026-04-09 12:00:00+00:00,7984.140711972004,7984.140711972004,0.0,0,True,71279.63,0.0,9939.25562861036,0.001819531843704869,-0.20158592880279957
2026-04-09 13:00:00+00:00,7984.140711972004,7984.140711972004,0.0,0,True,70801.98,0.0,9872.651951641135,-0.006701072943280151,-0.20158592880279957
2026-04-09 14:00:00+00:00,7984.140711972004,7984.140711972004,0.0,0,True,71123.71,0.0,9917.514091264939,0.004544081959290125,-0.20158592880279957
2026-04-09 15:00:00+00:00,7984.140711972004,7984.140711972004,0.0,0,True,72141.99,0.0,10059.503397627797,0.014317025925672189,-0.20158592880279957
2026-04-09 16:00:00+00:00,7984.140711972004,7984.140711972004,0.0,0,True,72080.87,0.0,10050.980804230207,-0.0008472181041859761,-0.20158592880279957
2026-04-09 17:00:00+00:00,7984.140711972004,7984.140711972004,0.0,0,True,72347.49,0.0,10088.158386881802,0.003698900970534824,-0.20158592880279957
2026-04-09 18:00:00+00:00,7984.140711972004,7984.140711972004,0.0,0,True,71888.69,0.0,10024.183160265075,-0.0063416159980118625,-0.20158592880279957
2026-04-09 19:00:00+00:00,7984.140711972004,7984.140711972004,0.0,0,True,72096.32,0.0,10053.135157436895,0.002888215100316893,-0.20158592880279957
2026-04-09 20:00:00+00:00,7984.140711972004,7984.140711972004,0.0,0,True,72413.97,0.0,10097.428380485724,0.004405911425160003,-0.20158592880279957
2026-04-09 21:00:00+00:00,7984.140711972004,7984.140711972004,0.0,0,True,72264.95,0.0,10076.648981465618,-0.0020578902109634756,-0.20158592880279957
2026-04-09 22:00:00+00:00,7984.140711972004,7984.140711972004,0.0,0,True,71946.01,0.0,10032.175880382056,-0.004413481224300186,-0.20158592880279957
2026-04-09 23:00:00+00:00,7984.140711972004,7984.140711972004,0.0,0,True,71787.97,0.0,10010.138729522187,-0.0021966471802954413,-0.20158592880279957
2026-04-10 00:00:00+00:00,7984.140711972004,7984.140711972004,0.0,0,True,71963.03,0.0,10034.549154917839,0.0024385701392588555,-0.20158592880279957
2026-04-10 01:00:00+00:00,7984.140711972004,7984.140711972004,0.0,0,True,72157.93,0.0,10061.726076599616,0.002708335099286252,-0.20158592880279957
2026-04-10 02:00:00+00:00,7984.140711972004,7984.140711972004,0.0,0,True,71965.36,0.0,10034.874050903054,-0.002668729549198501,-0.20158592880279957
2026-04-10 03:00:00+00:00,7984.140711972004,7984.140711972004,0.0,0,True,71868.67,0.0,10021.391564718286,-0.0013435630697881118,-0.20158592880279957
2026-04-10 04:00:00+00:00,7984.140711972004,7984.140711972004,0.0,0,True,72117.29,0.0,10056.059221303834,0.0034593655343835295,-0.20158592880279957
2026-04-10 05:00:00+00:00,7984.140711972004,7984.140711972004,0.0,0,True,72127.84,0.0,10057.53031685921,0.00014628946817052402,-0.20158592880279957
2026-04-10 06:00:00+00:00,7984.140711972004,7984.140711972004,0.0,0,True,71805.38,0.0,10012.566385789401,-0.004470673182504603,-0.20158592880279957
2026-04-10 07:00:00+00:00,7984.140711972004,7984.140711972004,0.0,0,True,71481.85,0.0,9967.453253558997,-0.004505651247859177,-0.20158592880279957
2026-04-10 08:00:00+00:00,7984.140711972004,7984.140711972004,0.0,0,True,71606.07,0.0,9984.774532221441,0.0017377837870731216,-0.20158592880279957
2026-04-10 09:00:00+00:00,7984.140711972004,7984.140711972004,0.0,0,True,71787.41,0.0,10010.060642933468,0.0025324668704762576,-0.20158592880279957
2026-04-10 10:00:00+00:00,7984.140711972004,7984.140711972004,0.0,0,True,71910.09,0.0,10027.167183476926,0.0017089347561081158,-0.20158592880279957
2026-04-10 11:00:00+00:00,7984.140711972004,7984.140711972004,0.0,0,True,72127.59,0.0,10057.495456774961,0.0030246103154649706,-0.20158592880279957
2026-04-10 12:00:00+00:00,7984.140711972004,7984.140711972004,0.0,0,True,72258.68,0.0,10075.774690552613,0.0018174737295395538,-0.20158592880279957
2026-04-10 13:00:00+00:00,7984.140711972004,7984.140711972004,0.0,0,True,72321.4,0.0,10084.520388489407,0.0008679926065631172,-0.20158592880279957
2026-04-10 14:00:00+00:00,7984.140711972004,7984.140711972004,0.0,0,True,72909.0,0.0,10166.45553051205,0.008124842715987235,-0.20158592880279957
2026-04-10 15:00:00+00:00,7984.140711972004,7984.140711972004,0.0,0,True,72460.51,0.0,10103.917933769819,-0.006151366772277789,-0.20158592880279957
2026-04-10 16:00:00+00:00,7984.140711972004,7984.140711972004,0.0,0,True,72992.33,0.0,10178.075093794467,0.00733944599617109,-0.20158592880279957
2026-04-10 17:00:00+00:00,7984.140711972004,7984.140711972004,0.0,0,True,73121.66,0.0,10196.108912578995,0.00177182999912473,-0.20158592880279957
2026-04-10 18:00:00+00:00,7984.140711972004,7984.140711972004,0.0,0,True,73107.07,0.0,10194.074478062128,-0.00019953048111887028,-0.20158592880279957
2026-04-10 19:00:00+00:00,7984.140711972004,7984.140711972004,0.0,0,True,73236.11,0.0,10212.067859148925,0.0017650823648109881,-0.20158592880279957
2026-04-10 20:00:00+00:00,7984.140711972004,7984.140711972004,0.0,0,True,73361.68,0.0,10229.577382266321,0.0017145913402554225,-0.20158592880279957
2026-04-10 21:00:00+00:00,7984.140711972004,7984.140711972004,0.0,0,True,73190.67,0.0,10205.731690235532,-0.0023310534873246525,-0.20158592880279957
2026-04-10 22:00:00+00:00,7984.140711972004,7984.140711972004,0.0,0,True,72877.0,0.0,10161.993439727972,-0.004285655535056554,-0.20158592880279957
2026-04-10 23:00:00+00:00,7984.140711972004,7984.140711972004,0.0,0,True,72962.7,0.0,10173.943476609082,0.0011759540046927253,-0.20158592880279957
2026-04-11 00:00:00+00:00,7984.140711972004,7984.140711972004,0.0,0,True,72828.42,0.0,10155.219428156392,-0.0018403924196884747,-0.20158592880279957
2026-04-11 01:00:00+00:00,7984.140711972004,7984.140711972004,0.0,0,True,72954.39,0.0,10172.78472740859,0.001729681901653235,-0.20158592880279957
2026-04-11 02:00:00+00:00,7984.140711972004,7984.140711972004,0.0,0,True,72966.57,0.0,10174.483110713283,0.00016695362677987546,-0.20158592880279957
2026-04-11 03:00:00+00:00,7984.140711972004,7984.140711972004,0.0,0,True,72866.63,0.0,10160.547443433257,-0.0013696683289348144,-0.20158592880279957
2026-04-11 04:00:00+00:00,7984.140711972004,7984.140711972004,0.0,0,True,72806.08,0.0,10152.104331027758,-0.0008309702260143048,-0.20158592880279957
2026-04-11 05:00:00+00:00,7984.140711972004,7984.140711972004,0.0,0,True,72722.28,0.0,10140.419230786953,-0.0011510027733947492,-0.20158592880279957
2026-04-11 06:00:00+00:00,7984.140711972004,7984.140711972004,0.0,0,True,72762.0,0.0,10145.95780097269,0.0005461874957715107,-0.20158592880279957
2026-04-11 07:00:00+00:00,7984.140711972004,7984.140711972004,0.0,0,True,72745.38,0.0,10143.64030257171,-0.00022841593139266703,-0.20158592880279957
2026-04-11 08:00:00+00:00,7984.140711972004,7984.140711972004,0.0,0,True,72664.17,0.0,10132.316352803738,-0.001116359554380164,-0.20158592880279957
2026-04-11 09:00:00+00:00,7984.140711972004,7984.140711972004,0.0,0,True,72907.11,0.0,10166.191988275117,0.0033433258784902886,-0.20158592880279957
2026-04-11 10:00:00+00:00,7984.140711972004,7984.140711972004,0.0,0,True,72843.71,0.0,10157.351470909161,-0.0008695996865052402,-0.20158592880279957
2026-04-11 11:00:00+00:00,7984.140711972004,7984.140711972004,0.0,0,True,72907.05,0.0,10166.183621854896,0.0008695328670107472,-0.20158592880279957
2026-04-11 12:00:00+00:00,7984.140711972004,7984.140711972004,0.0,0,True,72940.49,0.0,10170.846506724258,0.0004586662058059243,-0.20158592880279957
2026-04-11 13:00:00+00:00,7984.140711972004,7984.140711972004,0.0,0,True,72658.07,0.0,10131.465766748024,-0.0038719235365707316,-0.20158592880279957
2026-04-11 14:00:00+00:00,7984.140711972004,7984.140711972004,0.0,0,True,72704.67,0.0,10137.963686452338,0.0006413602783559291,-0.20158592880279957
2026-04-11 15:00:00+00:00,7984.140711972004,7984.140711972004,0.0,0,True,72858.17,0.0,10159.367778182215,0.002111281159793421,-0.20158592880279957
2026-04-11 16:00:00+00:00,7984.140711972004,7984.140711972004,0.0,0,True,73034.33,0.0,10183.93158794857,0.0024178482660217604,-0.20158592880279957
2026-04-11 17:00:00+00:00,7984.140711972004,7984.140711972004,0.0,0,True,73095.97,0.0,10192.5266903214,0.0008439866566858356,-0.20158592880279957
2026-04-11 18:00:00+00:00,7984.140711972004,7984.140711972004,0.0,0,True,73547.89,0.0,10255.542567419549,0.006182556986383592,-0.20158592880279957
2026-04-11 19:00:00+00:00,7984.140711972004,7984.140711972004,0.0,0,True,73687.15,0.0,10274.961028750511,0.0018934601658864292,-0.20158592880279957
2026-04-11 20:00:00+00:00,7984.140711972004,7984.140711972004,0.0,0,True,73290.43,0.0,10219.642258254897,-0.005383842366002756,-0.20158592880279957
2026-04-11 21:00:00+00:00,7984.140711972004,7984.140711972004,0.0,0,True,73427.04,0.0,10238.691202692802,0.0018639541342573285,-0.20158592880279957
2026-04-11 22:00:00+00:00,7984.140711972004,7984.140711972004,0.0,0,True,73376.01,0.0,10231.575562295568,-0.0006949755839265048,-0.20158592880279957
2026-04-11 23:00:00+00:00,7984.140711972004,7984.140711972004,0.0,0,True,73043.16,0.0,10185.162846124302,-0.004536223760326918,-0.20158592880279957
2026-04-12 00:00:00+00:00,7984.140711972004,7984.140711972004,0.0,0,True,73079.96,0.0,10190.294250525993,0.0005038117189892777,-0.20158592880279957
2026-04-12 01:00:00+00:00,7984.140711972004,7984.140711972004,0.0,0,True,71643.69,0.0,9990.020277699474,-0.01965340429852469,-0.20158592880279957
2026-04-12 02:00:00+00:00,7984.140711972004,7984.140711972004,0.0,0,True,71761.35,0.0,10006.426827751184,0.0016422939689455518,-0.20158592880279957
2026-04-12 03:00:00+00:00,7984.140711972004,7984.140711972004,0.0,0,True,71593.19,0.0,9982.97854068085,-0.002343322693901473,-0.20158592880279957
2026-04-12 04:00:00+00:00,7984.140711972004,7984.140711972004,0.0,0,True,71466.53,0.0,9965.317027596118,-0.0017691626815343753,-0.20158592880279957
2026-04-12 05:00:00+00:00,7984.140711972004,7984.140711972004,0.0,0,True,71710.2,0.0,9999.294454513507,0.003409568087326953,-0.20158592880279957
2026-04-12 06:00:00+00:00,7984.140711972004,7984.140711972004,0.0,0,True,71668.01,0.0,9993.411466695374,-0.0005883402918970271,-0.20158592880279957
2026-04-12 07:00:00+00:00,7984.140711972004,7984.140711972004,0.0,0,True,71665.0,0.0,9992.991751280995,-4.199921275904739e-05,-0.20158592880279957
2026-04-12 08:00:00+00:00,7984.140711972004,7984.140711972004,0.0,0,True,71629.21,0.0,9988.001181619678,-0.0004994069629524756,-0.20158592880279957
2026-04-12 09:00:00+00:00,7984.140711972004,7984.140711972004,0.0,0,True,71531.94,0.0,9974.437820039448,-0.0013579655562306892,-0.20158592880279957
2026-04-12 10:00:00+00:00,7984.140711972004,7984.140711972004,0.0,0,True,71452.89,0.0,9963.415061399404,-0.0011051007424095483,-0.20158592880279957
2026-04-12 11:00:00+00:00,7984.140711972004,7984.140711972004,0.0,0,True,71468.55,0.0,9965.598697076864,0.00021916538295396748,-0.20158592880279957
2026-04-12 12:00:00+00:00,7984.140711972004,7984.140711972004,0.0,0,False,71084.01,0.0,9911.978309885939,-0.00538054850700076,-0.20158592880279957
2026-04-12 13:00:00+00:00,7984.140711972004,7984.140711972004,0.0,0,False,70889.42,0.0,9884.84461470863,-0.0027374651486319346,-0.20158592880279957
2026-04-12 14:00:00+00:00,7984.140711972004,7984.140711972004,0.0,0,False,70748.34,0.0,9865.172371964323,-0.0019901418293449824,-0.20158592880279957
2026-04-12 15:00:00+00:00,7984.140711972004,7984.140711972004,0.0,0,False,70892.03,0.0,9885.208553988208,0.0020310017167897154,-0.20158592880279957
2026-04-12 16:00:00+00:00,7978.4595975229495,-9.094947017729282e-13,0.11247362734921007,1,False,70936.27,-0.0007115498904642914,9891.377394497196,0.0006240475833461101,-0.202154040247705
2026-04-12 17:00:00+00:00,8001.431211172751,-9.094947017729282e-13,0.11247362734921007,1,False,71140.51,0.0028792041081380226,9919.856688926578,0.0028792041081382447,-0.19985687888272485
2026-04-12 18:00:00+00:00,7990.69058554262,7990.69058554262,0.0,0,False,71137.64,-0.0013423380576131905,9919.45649515938,-4.0342696446926674e-05,-0.20093094144573798
2026-04-12 19:00:00+00:00,7990.69058554262,7990.69058554262,0.0,0,False,71084.18,0.0,9912.00201474323,-0.0007515008931979761,-0.20093094144573798
2026-04-12 20:00:00+00:00,8008.148017834774,-9.094947017729282e-13,0.11226045764124189,1,False,71335.43,0.002184721346079721,9947.036399415096,0.0035345417222227837,-0.19918519821652259
2026-04-12 21:00:00+00:00,8011.357544318738,-9.094947017729282e-13,0.11226045764124189,1,False,71364.02,0.00040078261251119685,9951.022998649996,0.00040078261251119685,-0.1988642455681262
2026-04-12 22:00:00+00:00,7904.410574073673,7904.410574073673,0.0,0,False,70912.73,-0.013349419203104507,9888.094968964158,-0.006323774921872305,-0.20955894259263264
2026-04-12 23:00:00+00:00,7904.410574073673,7904.410574073673,0.0,0,False,70740.98,0.0,9864.146091083987,-0.0024219910867907535,-0.20955894259263264
2026-04-13 00:00:00+00:00,7904.410574073673,7904.410574073673,0.0,0,False,71172.62,0.0,9924.334118147726,0.006101696640334886,-0.20955894259263264
2026-04-13 01:00:00+00:00,7896.961440876219,334.58483618806713,0.10621667522530455,1,False,71197.64,-0.0009424021092587775,9927.822915379527,0.00035153967916312645,-0.2103038559123781
2026-04-13 02:00:00+00:00,7886.9008093196335,7886.9008093196335,0.0,0,False,71073.14,-0.0012739876763877556,9910.46259342272,-0.0017486534666038,-0.21130991906803664
2026-04-13 03:00:00+00:00,7865.496294097884,-9.094947017729282e-13,0.11081909792180293,1,False,70976.0,-0.002713932346715575,9896.917359086303,-0.0013667610576933997,-0.21345037059021166
2026-04-13 04:00:00+00:00,7855.999097405986,-9.094947017729282e-13,0.11081909792180293,1,False,70890.3,-0.0012074504057709712,9884.967322205193,-0.0012074504057708602,-0.21440009025940143
2026-04-13 05:00:00+00:00,7845.527886973519,7845.527886973519,0.0,0,False,70878.82,-0.0013328935381272666,9883.366547136406,-0.00016194035009020613,-0.2154472113026481
2026-04-13 06:00:00+00:00,7850.42031304511,-9.094947017729282e-13,0.11054180485593457,1,False,71017.66,0.000623594249115289,9902.726443525828,0.0019588362221607536,-0.214957968695489
2026-04-13 07:00:00+00:00,7839.989284284314,7839.989284284314,0.0,0,False,70813.88,-0.0013287223288493966,9874.311291651466,-0.0028694271255911286,-0.21600107157156867
2026-04-13 08:00:00+00:00,7814.874988541565,-1.8189894035458565e-12,0.11056589689323347,1,False,70680.7,-0.0032033584271718984,9855.740627569478,-0.0018807047431944612,-0.21851250114584353
2026-04-13 09:00:00+00:00,7804.387563405994,7804.387563405994,0.0,0,False,70792.88,-0.0013419824566544003,9871.383044574415,0.0015871376486087385,-0.21956124365940055
2026-04-13 10:00:00+00:00,7789.806407305321,-9.094947017729282e-13,0.11009412090281856,1,False,70755.88,-0.0018683280375570988,9866.223752105325,-0.0005226514304828012,-0.22101935926946792
2026-04-13 11:00:00+00:00,7779.258631799928,7779.258631799928,0.0,0,False,70929.68,-0.0013540484774438033,9890.45848267635,0.0024563329577695914,-0.2220741368200072
2026-04-13 12:00:00+00:00,7784.718425592661,-9.094947017729282e-13,0.10952836135272857,1,False,71074.91,0.0007018398604741183,9910.709402819217,0.0020475208685561963,-0.22152815744073384
2026-04-13 13:00:00+00:00,7774.333424322424,7774.333424322424,0.0,0,False,71662.65,-0.0013340240073547172,9992.66406648904,0.008269303471506229,-0.2225666575677575
2026-04-13 14:00:00+00:00,7774.333424322424,7774.333424322424,0.0,0,False,72400.15,0.0,10095.50131502835,0.010291274464452549,-0.2225666575677575
2026-04-13 15:00:00+00:00,7774.333424322424,7774.333424322424,0.0,0,False,71866.59,0.0,10021.10152881732,-0.007369597991164323,-0.2225666575677575
2026-04-13 16:00:00+00:00,7774.333424322424,7774.333424322424,0.0,0,False,72202.36,0.0,10067.921410772637,0.004672129288449733,-0.2225666575677575
2026-04-13 17:00:00+00:00,7761.675593093495,1636.632453406106,0.08489451241145411,1,False,72148.87,-0.001628156465392716,10060.462747146374,-0.0007408345101186375,-0.22383244069065045
2026-04-13 18:00:00+00:00,7753.5741687254995,7753.5741687254995,0.0,0,False,72424.86,-0.0010437726069361108,10098.946885755682,0.003825285136136003,-0.22464258312745
2026-04-13 19:00:00+00:00,7753.5741687254995,7753.5741687254995,0.0,0,False,73322.82,0.0,10224.158730770407,0.012398505154169293,-0.22464258312745
2026-04-13 20:00:00+00:00,7733.124936313366,2179.6377586666813,0.07591983275925701,1,False,73149.36,-0.0026373943122407484,10199.971409913962,-0.0023657027921183404,-0.22668750636866342
2026-04-13 21:00:00+00:00,7735.4291032376095,2179.6377586666813,0.07591983275925701,1,False,73179.71,0.0002979606489252884,10204.203424141986,0.00041490451864500955,-0.226457089676239
2026-04-13 22:00:00+00:00,7845.310154785064,2179.6377586666813,0.07591983275925701,1,False,74627.04,0.014204907068628536,10406.019607095748,0.019777749870831363,-0.21546898452149366
2026-04-13 23:00:00+00:00,7829.439113746742,2179.6377586666813,0.07591983275925701,1,False,74417.99,-0.00202299727164279,10376.869604645386,-0.002801263456248426,-0.21705608862532577
2026-04-14 00:00:00+00:00,7821.953544288479,7821.953544288479,0.0,0,False,74163.82,-0.0009560799119211483,10341.428054189473,-0.003415437584379677,-0.2178046455711521
2026-04-14 01:00:00+00:00,7830.760372883755,2535.329285174592,0.07118852558194622,1,False,74386.02,0.001125911646676414,10372.411697071419,0.0029960700514077843,-0.2169239627116245
2026-04-14 02:00:00+00:00,7823.720428177253,7823.720428177253,0.0,0,False,74330.98,-0.0008990116376028645,10364.736900922802,-0.0007399239803393964,-0.21762795718227468
2026-04-14 03:00:00+00:00,7824.749634619947,2292.8932077998725,0.0743085335843135,1,False,74444.43,0.00013154949133764582,10380.556407155731,0.0015262815046970246,-0.21752503653800537
2026-04-14 04:00:00+00:00,7820.545257789748,2292.8932077998725,0.0743085335843135,1,False,74387.85,-0.00053731774517074,10372.666872888132,-0.000760029998214784,-0.21794547422102528
2026-04-14 05:00:00+00:00,7813.139793877394,7813.139793877394,0.0,0,False,74210.11,-0.0009469242448251203,10347.882747389316,-0.0023893686939465697,-0.2186860206122606
2026-04-14 06:00:00+00:00,7813.139793877394,7813.139793877394,0.0,0,False,74522.73,0.0,10391.474585543023,0.004212633561653467,-0.2186860206122606
2026-04-14 07:00:00+00:00,7813.139793877394,7813.139793877394,0.0,0,False,74546.0,0.0,10394.719362185071,0.00031225372446774813,-0.2186860206122606
2026-04-14 08:00:00+00:00,7822.075227011823,1480.1643476364561,0.08484161711538953,1,False,74750.0,0.0011436417842454194,10423.165190933572,0.0027365653422048997,-0.21779247729881768
2026-04-14 09:00:00+00:00,7813.647413081144,7813.647413081144,0.0,0,False,74500.0,-0.0010774396417941867,10388.305106682958,-0.0033444816053512794,-0.2186352586918856
2026-04-14 10:00:00+00:00,7813.647413081144,7813.647413081144,0.0,0,False,74350.01,0.0,10367.390450535959,-0.002013288590604123,-0.2186352586918856
2026-04-14 11:00:00+00:00,7813.647413081144,7813.647413081144,0.0,0,False,74376.52,0.0,10371.087013869896,0.0003565567778673895,-0.2186352586918856
2026-04-14 12:00:00+00:00,7811.446621097887,910.762534218683,0.09268634941813791,1,False,74452.0,-0.0002816600067686581,10381.61197050684,0.001014836402670971,-0.21885533789021128
2026-04-14 13:00:00+00:00,7802.2251197202,7802.2251197202,0.0,0,False,75525.94,-0.0011805113476395235,10531.362526027257,0.014424595712673849,-0.21977748802797992
2026-04-14 14:00:00+00:00,7750.077149160954,1355.098818809788,0.08525089617527012,1,False,75013.62,-0.006683730571608648,10459.924452574158,-0.006783364761828947,-0.22499228508390456
2026-04-14 15:00:00+00:00,7741.670930223264,7741.670930223264,0.0,0,False,75317.07,-0.001084662613790921,10502.237622837554,0.004045265379807095,-0.22583290697767366
2026-04-14 16:00:00+00:00,7685.322305761501,2183.296485990484,0.07370212558733724,1,False,74652.2,-0.007278612714185395,10409.527925974731,-0.008827613713597748,-0.23146776942384983
2026-04-14 17:00:00+00:00,7651.4254765099795,7651.4254765099795,0.0,0,False,74748.9,-0.004410593063365775,10423.011806562869,0.0012953402578892437,-0.23485745234900202
2026-04-14 18:00:00+00:00,7651.4254765099795,7651.4254765099795,0.0,0,False,74093.19,0.0,10331.579383186989,-0.00877216922255708,-0.23485745234900202
2026-04-14 19:00:00+00:00,7651.4254765099795,7651.4254765099795,0.0,0,False,74223.18,0.0,10349.705232593938,0.0017544122476034207,-0.23485745234900202
2026-04-14 20:00:00+00:00,7637.514989368692,2949.222037763864,0.06326785517161249,1,False,74102.29,-0.001818025567130288,10332.848290253709,-0.0016287364675027227,-0.23624850106313078
2026-04-14 21:00:00+00:00,7648.578006524001,2949.222037763864,0.06326785517161249,1,False,74277.15,0.0014485100416441465,10357.23082758196,0.002359711150627275,-0.23514219934759995
2026-04-14 22:00:00+00:00,7632.5079713104105,2949.222037763864,0.06326785517161249,1,False,74023.15,-0.0021010487439472314,10321.812981983336,-0.003419625012537564,-0.23674920286895895
2026-04-14 23:00:00+00:00,7639.366206811014,2949.222037763864,0.06326785517161249,1,False,74131.55,0.0008985559564933521,10336.928314514404,0.0014644067430258367,-0.23606337931889854
2026-04-15 00:00:00+00:00,7633.105266503018,7633.105266503018,0.0,0,False,74568.36,-0.0008195627933654803,10397.837248120446,0.005892362968263898,-0.23668947334969814
2026-04-15 01:00:00+00:00,7629.326107608915,2455.809034963673,0.0693377515724445,1,False,74613.28,-0.0004951011105124303,10404.100908058595,0.0006024002673519213,-0.23706738923910853
2026-04-15 02:00:00+00:00,7622.37179200771,7622.37179200771,0.0,0,False,74322.0,-0.0009115242294164272,10363.48472669652,-0.003903862690394999,-0.23776282079922906
2026-04-15 03:00:00+00:00,7616.918315398354,2270.8892436271008,0.07190744934488383,1,False,74345.97,-0.0007154566528850825,10366.82711157447,0.0003225155404860125,-0.23830816846016456
2026-04-15 04:00:00+00:00,7616.5163527565155,2270.8892436271008,0.07190744934488383,1,False,74340.38,-5.277234508682671e-05,10366.047640090626,-7.518901158998226e-05,-0.2383483647243484
2026-04-15 05:00:00+00:00,7609.387788423425,7609.387788423425,0.0,0,False,74021.5,-0.0009359350131914468,10321.582905427284,-0.004289458837848259,-0.2390612211576575
2026-04-15 06:00:00+00:00,7609.387788423425,7609.387788423425,0.0,0,False,73891.62,0.0,10303.472394457403,-0.0017546253453389893,-0.2390612211576575
2026-04-15 07:00:00+00:00,7609.387788423425,7609.387788423425,0.0,0,False,73730.43,0.0,10280.996006535977,-0.0021814381657893067,-0.2390612211576575
2026-04-15 08:00:00+00:00,7632.242246972359,1635.6153305556372,0.08091466266278187,1,False,74110.51,0.0030034556240783328,10333.994489823872,0.005154995027155218,-0.23677577530276417
2026-04-15 09:00:00+00:00,7624.213775661439,7624.213775661439,0.0,0,False,74011.69,-0.0010519151582359942,10320.214995721288,-0.0013334141135988853,-0.23757862243385608
2026-04-15 10:00:00+00:00,7624.213775661439,7624.213775661439,0.0,0,False,73864.75,0.0,10299.725632602147,-0.0019853620421314,-0.23757862243385608
2026-04-15 11:00:00+00:00,7624.213775661439,7624.213775661439,0.0,0,False,74201.78,0.0,10346.721209382085,0.004562798899339748,-0.23757862243385608
2026-04-15 12:00:00+00:00,7621.892391687918,1378.2670468923516,0.08406231896934228,1,False,74273.77,-0.00030447519466625383,10356.759519242893,0.0009701923592668749,-0.23781076083120822
2026-04-15 13:00:00+00:00,7613.54721604031,7613.54721604031,0.0,0,False,74063.92,-0.0010948954956001566,10327.497964522927,-0.0028253581311410425,-0.23864527839596905
2026-04-15 14:00:00+00:00,7612.6453724609655,1510.5914392949808,0.08229136865527605,1,False,74151.81,-0.00011845248394126706,10339.753375742073,0.0011866776697750936,-0.23873546275390345
2026-04-15 15:00:00+00:00,7604.509824167748,7604.509824167748,0.0,0,False,73844.08,-0.0010686887271339485,10296.843400836307,-0.004149999844912822,-0.23954901758322522
2026-04-15 16:00:00+00:00,7604.509824167748,7604.509824167748,0.0,0,False,73941.09,0.0,10310.370507928914,0.00131371397680069,-0.23954901758322522
2026-04-15 17:00:00+00:00,7611.8777231457425,1849.9561300578343,0.07772206756850727,1,False,74134.95,0.0009688854572293959,10337.40241166021,0.002621816908568775,-0.23881222768542576
2026-04-15 18:00:00+00:00,7631.723275878685,1849.9561300578343,0.07772206756850727,1,False,74390.29,0.0026071822820534774,10373.007107310417,0.0034442594215009503,-0.23682767241213154
2026-04-15 19:00:00+00:00,7623.958325995669,7623.958325995669,0.0,0,False,75002.6,-0.0010174569494099117,10458.387820060392,0.008231047358465915,-0.2376041674004331
2026-04-15 20:00:00+00:00,7604.083029126579,1892.9538861108776,0.07630947278329003,1,False,74841.68,-0.002606952454254685,10435.949081029956,-0.00214552562177861,-0.23959169708734207
2026-04-15 21:00:00+00:00,7596.560441299604,1892.9538861108776,0.07630947278329003,1,False,74743.1,-0.0009892827048523234,10422.203052608256,-0.001317180480181368,-0.24034395587003965
2026-04-15 22:00:00+00:00,7613.417203837432,1892.9538861108776,0.07630947278329003,1,False,74964.0,0.0022189993310899325,10453.005423052098,0.002955456757881336,-0.23865827961625685
2026-04-15 23:00:00+00:00,7601.664781934078,1892.9538861108776,0.07630947278329003,1,False,74809.99,-0.0015436461169408,10431.530216750349,-0.0020544528040127297,-0.23983352180659223
2026-04-16 00:00:00+00:00,7593.952188519933,7593.952188519933,0.0,0,False,74815.1,-0.0010145926761299107,10432.242756872432,6.830638528376731e-05,-0.24060478114800676
2026-04-16 01:00:00+00:00,7573.8456821927775,1742.1900549828615,0.07811195297588909,1,False,74657.66,-0.0026476998838037558,10410.289270214766,-0.0021043880179268948,-0.2426154317807222
2026-04-16 02:00:00+00:00,7565.931645516257,7565.931645516257,0.0,0,False,74887.24,-0.0010449165468379151,10442.301982783789,0.0030751030771658527,-0.24340683544837427
2026-04-16 03:00:00+00:00,7558.283520987797,1784.7852591496203,0.07709488932688037,1,False,74888.21,-0.0010108635508215835,10442.437239910683,1.2952807447730308e-05,-0.24417164790122037
2026-04-16 04:00:00+00:00,7562.596209096741,1784.7852591496203,0.07709488932688037,1,False,74944.15,0.0005705909413120658,10450.237532362598,0.000746980065353231,-0.24374037909032586
2026-04-16 05:00:00+00:00,7554.862915606986,7554.862915606986,0.0,0,False,75043.48,-0.001022571254095772,10464.088141037053,0.0013253869714981992,-0.24451370843930142
2026-04-16 06:00:00+00:00,7554.862915606986,7554.862915606986,0.0,0,False,75045.01,0.0,10464.301484752667,2.0388180292263414e-05,-0.24451370843930142
2026-04-16 07:00:00+00:00,7554.862915606986,7554.862915606986,0.0,0,False,74707.03,0.0,10417.173439652577,-0.004503697181198252,-0.24451370843930142
2026-04-16 08:00:00+00:00,7543.912155295146,1189.1222899039476,0.08509597905714283,1,False,74677.91,-0.001449498215145284,10413.112937039066,-0.0003897892875676101,-0.2456087844704854
2026-04-16 09:00:00+00:00,7535.446999603236,7535.446999603236,0.0,0,False,74594.02,-0.0011221174793197841,10401.415287167929,-0.00112335763012128,-0.24645530003967642
2026-04-16 10:00:00+00:00,7535.446999603236,7535.446999603236,0.0,0,False,74313.0,0.0,10362.2297636635,-0.0037673261207801234,-0.24645530003967642
2026-04-16 11:00:00+00:00,7535.446999603236,7535.446999603236,0.0,0,False,74574.79,0.0,10398.73384948737,0.003522802201498809,-0.24645530003967642
2026-04-16 12:00:00+00:00,7530.94302570603,754.0179307532735,0.09081428354085491,1,False,74624.0,-0.0005977049400576195,10405.595708471263,0.000659874469643329,-0.24690569742939694
2026-04-16 13:00:00+00:00,7521.894503002477,7521.894503002477,0.0,0,False,73788.03,-0.001201512569231622,10289.027769947319,-0.011202428173241907,-0.24781054969975225
2026-04-16 14:00:00+00:00,7521.894503002477,7521.894503002477,0.0,0,False,73973.33,0.0,10314.866064393875,0.0025112474204826984,-0.24781054969975225
2026-04-16 15:00:00+00:00,7521.894503002477,7521.894503002477,0.0,0,False,74697.19,0.0,10415.801346736473,0.009785418609653096,-0.24781054969975225
2026-04-16 16:00:00+00:00,7479.45538366276,2407.0725931117813,0.0683834689851521,1,False,74175.57,-0.005642078511308157,10343.066478149252,-0.006983127477753759,-0.252054461633724
2026-04-16 17:00:00+00:00,7490.92192374219,2407.0725931117813,0.0683834689851521,1,False,74343.25,0.0015330715261001604,10366.447833857823,0.0022605825610775288,-0.250907807625781
2026-04-16 18:00:00+00:00,7537.659289454783,2407.0725931117813,0.0683834689851521,1,False,75026.71,0.006239200753709762,10461.749726585524,0.009193302687197757,-0.24623407105452166
2026-04-16 19:00:00+00:00,7530.802636391559,7530.802636391559,0.0,0,False,75342.99,-0.0009096528245601254,10505.851916372658,0.004215565363321794,-0.24691973636084408
2026-04-16 20:00:00+00:00,7516.943087927487,2770.7119971271095,0.06309508310106376,1,False,75223.47,-0.0018403813156777638,10489.186007294124,-0.0015863453255572368,-0.24830569120725132
2026-04-16 21:00:00+00:00,7498.6940970421665,2770.7119971271095,0.06309508310106376,1,False,74934.24,-0.0024277143875984786,10448.855678622904,-0.0038449436060313813,-0.25013059029578333
2026-04-16 22:00:00+00:00,7494.5096311309035,2770.7119971271095,0.06309508310106376,1,False,74867.92,-0.0005580259518672692,10439.607995472901,-0.0008850426720815596,-0.25054903688690966
2026-04-16 23:00:00+00:00,7512.578170078555,2770.7119971271095,0.06309508310106376,1,False,75154.29,0.002410903426235844,10479.539524780294,0.0038250027515120966,-0.24874218299214457
2026-04-17 00:00:00+00:00,7506.125330743661,7506.125330743661,0.0,0,False,74944.98,-0.0008589380621149001,10450.35326784231,-0.002785070552858593,-0.24938746692563396
2026-04-17 01:00:00+00:00,7485.150180309925,2169.124447244234,0.0711174011112467,1,False,74750.0,-0.0027944045042553878,10423.165190933572,-0.002601641897829521,-0.2514849819690075
2026-04-17 02:00:00+00:00,7477.995346285103,7477.995346285103,0.0,0,False,74700.0,-0.0009558704705275867,10416.19317408345,-0.0006688963210702559,-0.25220046537148977
2026-04-17 03:00:00+00:00,7464.24950117074,1943.8884255603425,0.07398378890174225,1,False,74615.82,-0.001838172461713472,10404.455086514583,-0.0011269076305221448,-0.253575049882926
2026-04-17 04:00:00+00:00,7477.2388349882185,1943.8884255603425,0.07398378890174225,1,False,74791.39,0.001740206274648548,10428.936626482102,0.0023529862702036386,-0.2522761165011781
2026-04-17 05:00:00+00:00,7465.8734453371335,1943.8884255603425,0.07398378890174225,1,False,74637.77,-0.0015199982108239363,10407.515801911786,-0.002053979742855261,-0.25341265546628666
2026-04-17 06:00:00+00:00,7458.402148109865,7458.402148109865,0.0,0,False,74938.52,-0.0010007264765430346,10449.452483265275,0.004029461223185038,-0.2541597851890135
2026-04-17 07:00:00+00:00,7458.402148109865,7458.402148109865,0.0,0,False,75074.77,0.0,10468.45122918186,0.0018181570706226058,-0.2541597851890135
2026-04-17 08:00:00+00:00,7511.300922337172,890.1627029296742,0.08737272390831897,1,False,75780.38,0.0070925076412931,10566.841725374163,0.00939876339281498,-0.24886990776628282
2026-04-17 09:00:00+00:00,7502.541999394465,7502.541999394465,0.0,0,False,75779.99,-0.001166099325971559,10566.78734364273,-5.14645083604659e-06,-0.24974580006055347
2026-04-17 10:00:00+00:00,7502.541999394465,7502.541999394465,0.0,0,False,75278.77,0.0,10496.89705793036,-0.006614147085530098,-0.24974580006055347
2026-04-17 11:00:00+00:00,7502.541999394465,7502.541999394465,0.0,0,False,75589.7,0.0,10540.253241914534,0.004130380982579673,-0.24974580006055347
2026-04-17 12:00:00+00:00,7543.274784489143,1811.5847353594854,0.07518641913356028,1,False,76233.05,0.0054291978769283045,10629.962182725065,0.008511080213309707,-0.24567252155108577
2026-04-17 13:00:00+00:00,7626.5114135193335,1811.5847353594854,0.07518641913356028,1,False,77340.12,0.011034548178113113,10784.332396610373,0.014522179028649607,-0.23734885864806665
2026-04-17 14:00:00+00:00,7639.240274869388,7639.240274869388,0.0,0,False,77886.77,0.0016690280339042296,10860.557456832765,0.0070681297106856,-0.23607597251306123
2026-04-17 15:00:00+00:00,7639.240274869388,7639.240274869388,0.0,0,False,77785.02,0.0,10846.369402542765,-0.0013063836130321471,-0.23607597251306123
2026-04-17 16:00:00+00:00,7637.298604072415,2720.398434490454,0.06315284853234991,1,False,77857.14,-0.0002541706671224109,10856.425839647382,0.0009271708100093701,-0.23627013959275844
2026-04-17 17:00:00+00:00,7616.044512898853,2720.398434490454,0.06315284853234991,1,False,77520.59,-0.0027829331122694034,10809.497194229205,-0.004322660709088488,-0.2383955487101147
2026-04-17 18:00:00+00:00,7609.537828913416,7609.537828913416,0.0,0,False,77159.89,-0.0008543390173754162,10759.20106467242,-0.004652957362682564,-0.23904621710865837
2026-04-17 19:00:00+00:00,7609.537828913416,7609.537828913416,0.0,0,False,77393.58,0.0,10791.786877026525,0.003028646100973198,-0.23904621710865837
2026-04-17 20:00:00+00:00,7599.443297317376,2706.0384308868197,0.06327326339969201,1,False,77337.64,-0.0013265630348382462,10783.986584574606,-0.0007227989711809935,-0.24005567026826236
2026-04-17 21:00:00+00:00,7606.282504358249,2706.0384308868197,0.06327326339969201,1,False,77445.73,0.0008999615857765431,10799.058690601201,0.001397637683280717,-0.23937174956417506
2026-04-17 22:00:00+00:00,7597.140783262262,2706.0384308868197,0.06327326339969201,1,False,77301.25,-0.0012018645232738656,10778.912350711087,-0.0018655644410607852,-0.24028592167377383
2026-04-17 23:00:00+00:00,7582.635387627883,2706.0384308868197,0.06327326339969201,1,False,77072.0,-0.0019093230003499606,10746.945653453275,-0.0029656700247407963,-0.2417364612372117
2026-04-18 00:00:00+00:00,7576.127699691268,7576.127699691268,0.0,0,False,77168.0,-0.0008582356402409008,10760.33192580551,0.0012455885405855405,-0.24238723003087315
2026-04-18 01:00:00+00:00,7572.104964170804,1858.2191391243787,0.07399674486873895,1,False,77218.07,-0.0005309751471886948,10767.313703479223,0.0006488440804477413,-0.24278950358291962
2026-04-18 02:00:00+00:00,7564.375654071015,7564.375654071015,0.0,0,False,77292.52,-0.0010207610877507323,10777.695036569055,0.0009641525616994606,-0.2435624345928985
2026-04-18 03:00:00+00:00,7533.301298193586,1423.8081263697195,0.07933843104683169,1,False,77005.47,-0.004107986871422109,10737.6686878325,-0.0037138134453372773,-0.24666987018064135
2026-04-18 04:00:00+00:00,7540.859870519418,1423.8081263697195,0.07933843104683169,1,False,77100.74,0.0010033545754561946,10750.953168738724,0.0012371848389471918,-0.24591401294805815
2026-04-18 05:00:00+00:00,7543.551030100526,1423.8081263697195,0.07933843104683169,1,False,77134.66,0.0003568770176500813,10755.68298496985,0.00043994389677726176,-0.2456448969899474
2026-04-18 06:00:00+00:00,7535.323327606512,7535.323327606512,0.0,0,False,77136.01,-0.0010906935554865216,10755.871229424802,1.7501859734592173e-05,-0.24646766723934876
2026-04-18 07:00:00+00:00,7535.323327606512,7535.323327606512,0.0,0,False,76997.8,0.0,10736.599180447693,-0.0017917701473021408,-0.24646766723934876
2026-04-18 08:00:00+00:00,7501.286291590456,305.5510860384211,0.09376939887449169,1,False,76738.63,-0.004516997418194002,10700.460428306766,-0.0033659403255678066,-0.24987137084095434
2026-04-18 09:00:00+00:00,7491.720465728779,7491.720465728779,0.0,0,False,76599.89,-0.0012752247401089933,10681.114475951044,-0.001807955132897221,-0.25082795342712205
2026-04-18 10:00:00+00:00,7491.720465728779,7491.720465728779,0.0,0,False,76189.56,0.0,10623.897922468828,-0.005356796204276426,-0.25082795342712205
2026-04-18 11:00:00+00:00,7491.720465728779,7491.720465728779,0.0,0,False,76039.05,0.0,10602.910757346588,-0.001975467504996775,-0.25082795342712205
2026-04-18 12:00:00+00:00,7497.802730823337,564.3346692195792,0.09098207239578948,1,False,76206.97,0.0008118649277399914,10626.32557873604,0.0022083390047613616,-0.25021972691766636
2026-04-18 13:00:00+00:00,7490.15113853485,564.3346692195792,0.09098207239578948,1,False,76122.87,-0.001020511283529868,10614.598646394132,-0.0011035735970084115,-0.25098488614651493
2026-04-18 14:00:00+00:00,7501.716779577803,564.3346692195792,0.09098207239578948,1,False,76249.99,0.0015441131732911728,10632.324302033885,0.0016699317826562865,-0.24982832204221972
2026-04-18 15:00:00+00:00,7492.448152114493,7492.448152114493,0.0,0,False,76167.34,-0.0012355341764624939,10620.799558180632,-0.0010839345683848478,-0.25075518478855074
2026-04-18 16:00:00+00:00,7461.384091642247,242.2097057986939,0.09505999387495485,1,False,75943.35,-0.004146049440926558,10589.566317095454,-0.0029407617490644355,-0.2538615908357753
2026-04-18 17:00:00+00:00,7450.467401945646,242.2097057986939,0.09505999387495485,1,False,75828.51,-0.001463091775268488,10573.55298879409,-0.0015121798024450017,-0.2549532598054354
2026-04-18 18:00:00+00:00,7440.744631808444,7440.744631808444,0.0,0,False,75651.78,-0.00130498794406686,10548.909698035646,-0.0023306537343276146,-0.25592553681915564
2026-04-18 19:00:00+00:00,7440.744631808444,7440.744631808444,0.0,0,False,75649.85,0.0,10548.640578185232,-2.551162708919197e-05,-0.25592553681915564
2026-04-18 20:00:00+00:00,7440.972174233755,0.0,0.09822445757526793,1,False,75754.78,3.058059865912455e-05,10563.2720527469,0.0013870483550197932,-0.25590278257662447
2026-04-18 21:00:00+00:00,7447.509994129965,0.0,0.09822445757526793,1,False,75821.34,0.0008786244247558361,10572.553201577783,0.0008786244247558361,-0.2552490005870035
2026-04-18 22:00:00+00:00,7446.742861116302,0.0,0.09822445757526793,1,False,75813.53,-0.00010300530167361988,10571.464172545793,-0.00010300530167361988,-0.2553257138883698
2026-04-18 23:00:00+00:00,7434.782068917361,0.0,0.09822445757526793,1,False,75691.76,-0.0016061776835877284,10554.484522709005,-0.0016061776835876174,-0.25652179310826384
2026-04-19 00:00:00+00:00,7424.680832370392,7424.680832370392,0.0,0,False,75693.01,-0.0013586459499869141,10554.658823130258,1.6514347136231677e-05,-0.25753191676296083
2026-04-19 01:00:00+00:00,7407.779787683961,-9.094947017729282e-13,0.0979580636003695,1,False,75621.95,-0.002276332823997529,10544.750192782863,-0.0009387921024675006,-0.25922202123160387
2026-04-19 02:00:00+00:00,7397.865236234004,7397.865236234004,0.0,0,False,75496.0,-0.001338397162728877,10527.187682337404,-0.0016655217169089243,-0.26021347637659953
2026-04-19 03:00:00+00:00,7389.839871929299,0.0,0.0978582337428235,1,False,75515.77,-0.0010848216408968492,10529.944417799943,0.00026186817844653376,-0.2610160128070701
2026-04-19 04:00:00+00:00,7404.406070021917,0.0,0.0978582337428235,1,False,75664.62,0.001971111464532216,10550.700111962757,0.001971111464532216,-0.2595593929978083
2026-04-19 05:00:00+00:00,7392.758983041847,0.0,0.0978582337428235,1,False,75545.6,-0.0015729940889148697,10534.103923052726,-0.0015729940889148697,-0.2607241016958153
2026-04-19 06:00:00+00:00,7382.778503192772,7382.778503192772,0.0,0,False,75400.09,-0.0013500345232367872,10513.813959615498,-0.0019261214418841988,-0.2617221496807227
2026-04-19 07:00:00+00:00,7382.778503192772,7382.778503192772,0.0,0,False,75252.34,0.0,10493.211649823385,-0.0019595467326365412,-0.2617221496807227
2026-04-19 08:00:00+00:00,7382.778503192772,7382.778503192772,0.0,0,False,75257.6,0.0,10493.94510599602,6.989815864888449e-05,-0.2617221496807227
2026-04-19 09:00:00+00:00,7382.778503192772,7382.778503192772,0.0,0,False,75015.0,0.0,10460.116880239222,-0.003223594693426479,-0.2617221496807227
2026-04-19 10:00:00+00:00,7382.778503192772,7382.778503192772,0.0,0,False,75222.45,0.0,10489.043778150382,0.0027654469106179747,-0.2617221496807227
2026-04-19 11:00:00+00:00,7382.778503192772,7382.778503192772,0.0,0,False,75604.11,0.0,10542.26257717074,0.005073751253781289,-0.2617221496807227
2026-04-19 12:00:00+00:00,7369.773200806822,-9.094947017729282e-13,0.09752040714774893,1,False,75571.6,-0.0017615728794146968,10537.72937181479,-0.0004300030778751074,-0.2630226799193177
2026-04-19 13:00:00+00:00,7403.919971369606,-9.094947017729282e-13,0.09752040714774893,1,False,75921.75,0.004633354328874795,10586.5544058162,0.004633354328874795,-0.2596080028630394
2026-04-19 14:00:00+00:00,7413.892408204534,-9.094947017729282e-13,0.09752040714774893,1,False,76024.01,0.0013469131046108807,10600.81357467807,0.0013469131046108807,-0.25861075917954657
2026-04-19 15:00:00+00:00,7404.036520802018,7404.036520802018,0.0,0,False,75846.63,-0.0013293809594012718,10576.079647700575,-0.0023332102581802294,-0.25959634791979824
2026-04-19 16:00:00+00:00,7350.498075046063,197.32839301112836,0.09489119518727379,1,False,75382.86,-0.0072309807772470425,10511.411402608946,-0.0061145762178227425,-0.26495019249539375
2026-04-19 17:00:00+00:00,7313.245417661339,7313.245417661339,0.0,0,False,74791.26,-0.005068045322151882,10428.918499238292,-0.007847937846879316,-0.26867545823386607
2026-04-19 18:00:00+00:00,7313.245417661339,7313.245417661339,0.0,0,False,74770.11,0.0,10425.969336110693,-0.0002827870529255039,-0.26867545823386607
2026-04-19 19:00:00+00:00,7313.245417661339,7313.245417661339,0.0,0,False,74965.47,0.0,10453.21040034749,0.0026128087814767387,-0.26867545823386607
2026-04-19 20:00:00+00:00,7274.168392127595,591.9431211763249,0.08953805803230967,1,False,74630.0,-0.005343322054989885,10406.432350493276,-0.0044749936203961616,-0.27258316078724043
2026-04-19 21:00:00+00:00,7255.826520939677,591.9431211763249,0.08953805803230967,1,False,74425.15,-0.002521507641721432,10377.867997458323,-0.002744874715261969,-0.27441734790603234
2026-04-19 22:00:00+00:00,7224.480890253379,7224.480890253379,0.0,0,False,74047.34,-0.004320063413291053,10325.186043735424,-0.005076375391920629,-0.27755191097466214
2026-04-19 23:00:00+00:00,7196.050881108107,1091.2652969837463,0.08271866555166699,1,False,73801.79,-0.003935232105551911,10290.946468984472,-0.0033161218215265187,-0.2803949118891893
2026-04-20 00:00:00+00:00,7187.869958938943,7187.869958938943,0.0,0,False,74280.01,-0.001136862746571432,10357.629626945787,0.006479788633853012,-0.2812130041061057
2026-04-20 01:00:00+00:00,7205.557106476158,1105.6082216874474,0.0817740901421944,1,False,74595.13,0.002460693868733488,10401.570065942002,0.004242325761668608,-0.2794442893523842
2026-04-20 02:00:00+00:00,7197.429754814803,7197.429754814803,0.0,0,False,74410.01,-0.0011279282838588811,10375.756870756108,-0.002481663347191687,-0.28025702451851964
2026-04-20 03:00:00+00:00,7197.429754814803,7197.429754814803,0.0,0,False,74634.0,0.0,10406.990111841287,0.00301021327641271,-0.28025702451851964
2026-04-20 04:00:00+00:00,7183.319672693773,887.2484769167577,0.08443436316044085,1,False,74567.64,-0.0019604334605128892,10397.736851077803,-0.0008891389983118891,-0.2816680327306227
2026-04-20 05:00:00+00:00,7157.694687818211,887.2484769167577,0.08443436316044085,1,False,74264.15,-0.0035672900613029634,10355.418103200927,-0.004069996046542457,-0.284230531218179
2026-04-20 06:00:00+00:00,7149.325042972528,7149.325042972528,0.0,0,False,74786.59,-0.00116932129836822,10428.267312864491,0.0070348883007480545,-0.28506749570274725
2026-04-20 07:00:00+00:00,7149.325042972528,7149.325042972528,0.0,0,False,74837.17,0.0,10435.320205110076,0.000676324458703137,-0.28506749570274725
2026-04-20 08:00:00+00:00,7149.325042972528,7149.325042972528,0.0,0,False,74728.91,0.0,10420.22439422619,-0.0014466073476588903,-0.28506749570274725
2026-04-20 09:00:00+00:00,7149.325042972528,7149.325042972528,0.0,0,False,75062.77,0.0,10466.77794513783,0.004467615010040893,-0.28506749570274725
2026-04-20 10:00:00+00:00,7149.325042972528,7149.325042972528,0.0,0,False,75027.26,0.0,10461.826418770874,-0.0004730707379969612,-0.28506749570274725
2026-04-20 11:00:00+00:00,7149.325042972528,7149.325042972528,0.0,0,False,75192.71,0.0,10484.896822527931,0.0022051984838578065,-0.28506749570274725
2026-04-20 12:00:00+00:00,7148.978655738718,1164.6363661932573,0.07948399837887235,1,False,75289.9,-4.845034065836806e-05,10498.449028881198,0.0012925455140528896,-0.2851021344261282
2026-04-20 13:00:00+00:00,7147.347644091985,1164.6363661932573,0.07948399837887235,1,False,75269.38,-0.00022814610663635104,10495.587713165909,-0.00027254651686325904,-0.2852652355908015
2026-04-20 14:00:00+00:00,7128.701492912284,1164.6363661932573,0.07948399837887235,1,False,75034.79,-0.002608821077160539,10462.876404508499,-0.0031166724104811916,-0.2871298507087716
2026-04-20 15:00:00+00:00,7120.778452834419,7120.778452834419,0.0,0,False,75716.77,-0.0011114282293546163,10557.971925537437,0.009088850651811198,-0.28792215471655813
2026-04-20 16:00:00+00:00,7089.053890637826,2094.039953680218,0.0663007363403955,1,False,75338.74,-0.004455209835093954,10505.259294940397,-0.0049926852400070665,-0.29109461093621736
2026-04-20 17:00:00+00:00,7126.142522546644,2094.039953680218,0.0663007363403955,1,False,75898.14,0.005231816894183616,10583.262219459571,0.007425130815832626,-0.28738574774533565
2026-04-20 18:00:00+00:00,7119.420208464688,7119.420208464688,0.0,0,False,76423.69,-0.0009433314111648716,10656.545088571213,0.006924412113393119,-0.28805797915353126
2026-04-20 19:00:00+00:00,7119.420208464688,7119.420208464688,0.0,0,False,76296.96,0.0,10638.873814662893,-0.001658255444090595,-0.28805797915353126
2026-04-20 20:00:00+00:00,7111.19323708711,1961.7799038254434,0.06751011925823841,1,False,76276.17,-0.0011555676075695187,10635.97485005661,-0.0002724879208819697,-0.288880676291289
2026-04-20 21:00:00+00:00,7089.491434150357,1961.7799038254434,0.06751011925823841,1,False,75954.71,-0.0030517807930701135,10591.150359323801,-0.00421442240741754,-0.2910508565849643
2026-04-20 22:00:00+00:00,7090.809906779471,1961.7799038254434,0.06751011925823841,1,False,75974.24,0.00018597562905053877,10593.873629105457,0.0002571269115501096,-0.29091900932205295
2026-04-20 23:00:00+00:00,7081.812833185925,1961.7799038254434,0.06751011925823841,1,False,75840.97,-0.0012688358187326054,10575.290415393141,-0.0017541471951544318,-0.29181871668140746
2026-04-21 00:00:00+00:00,7074.909098667174,7074.909098667174,0.0,0,False,76092.45,-0.0009748541342974315,10610.356871342517,0.0033158858595820906,-0.29250909013328263
2026-04-21 01:00:00+00:00,7055.530356079606,1544.4506507798078,0.07258336140130087,1,False,75927.59,-0.00273908008107393,10587.368737384293,-0.0021665750018562413,-0.29444696439203943
2026-04-21 02:00:00+00:00,7048.129352264273,7048.129352264273,0.0,0,False,75581.33,-0.0010489649171384618,10539.086126293823,-0.004560397610407496,-0.2951870647735727
2026-04-21 03:00:00+00:00,7048.129352264273,7048.129352264273,0.0,0,False,75710.3,0.0,10557.06974655703,0.0017063737830493864,-0.2951870647735727
2026-04-21 04:00:00+00:00,7048.213790889928,1184.993628551606,0.07733709943265378,1,False,75813.81,1.1980288873170153e-05,10571.503215840155,0.001367185178238639,-0.2951786209110072
2026-04-21 05:00:00+00:00,7047.300439745628,1184.993628551606,0.07733709943265378,1,False,75802.0,-0.00012958618614555828,10569.856425460155,-0.0001557763684479907,-0.29526995602543715
2026-04-21 06:00:00+00:00,7039.4284412480065,7039.4284412480065,0.0,0,False,75974.11,-0.001117023258044303,10593.855501861648,0.002270520566739709,-0.2960571558751993
2026-04-21 07:00:00+00:00,7039.4284412480065,7039.4284412480065,0.0,0,False,76084.34,0.0,10609.226010209428,0.0014508889936319935,-0.2960571558751993
2026-04-21 08:00:00+00:00,7066.003004098029,755.6745344602905,0.08248018022925863,1,False,76507.21,0.0037751023498309166,10668.191145517658,0.005557911128623916,-0.29339969959019707
2026-04-21 09:00:00+00:00,7057.622368334176,7057.622368334176,0.0,0,False,76362.77,-0.001186050410535211,10648.050383241023,-0.0018879266411623297,-0.29423776316658246
2026-04-21 10:00:00+00:00,7057.622368334176,7057.622368334176,0.0,0,False,76746.41,0.0,10701.545274128646,0.005023914140359409,-0.29423776316658246
2026-04-21 11:00:00+00:00,7057.622368334176,7057.622368334176,0.0,0,False,76452.94,0.0,10660.623718428533,-0.0038238922185418467,-0.29423776316658246
2026-04-21 12:00:00+00:00,7015.486113737831,1143.5454680888197,0.07725276098065965,1,False,76009.46,-0.005970318670689978,10598.784717774686,-0.0058006925567543055,-0.2984513886262169
2026-04-21 13:00:00+00:00,7007.693813253605,7007.693813253605,0.0,0,False,75899.98,-0.001110728516583781,10583.518789679656,-0.0014403470304881205,-0.2992306186746395
2026-04-21 14:00:00+00:00,6983.8826993840685,1458.2621470246968,0.07301773242778659,1,False,75675.05,-0.003397853060375322,10552.154474677694,-0.0029635053922280052,-0.30161173006159314
2026-04-21 15:00:00+00:00,6976.535619994065,6976.535619994065,0.0,0,False,75834.65,-0.0010520049815057053,10574.409152463284,0.0021090174370546055,-0.30234643800059346
2026-04-21 16:00:00+00:00,6966.131301022421,1856.264063880929,0.06742923819794694,1,False,75781.18,-0.0014913303017942692,10566.953277643765,-0.0007050866589347615,-0.30338686989775787
2026-04-21 17:00:00+00:00,6950.2476696725125,1856.264063880929,0.06742923819794694,1,False,75545.62,-0.0022801223036921225,10534.106711859466,-0.0031084234898427487,-0.30497523303274876
2026-04-21 18:00:00+00:00,6943.478388863447,6943.478388863447,0.0,0,False,75610.21,-0.0009739625306596222,10543.113163226455,0.0008549800769390714,-0.30565216111365523
2026-04-21 19:00:00+00:00,6943.478388863447,6943.478388863447,0.0,0,False,75023.43,0.0,10461.292362280154,-0.007760592121090593,-0.30565216111365523
2026-04-21 20:00:00+00:00,6978.866371049206,2322.1520849086464,0.061516591094600934,1,False,75698.51,0.005096578429986343,10555.425744983771,0.008998255611613493,-0.3021133628950794
2026-04-21 21:00:00+00:00,6969.729926939836,2322.1520849086464,0.061516591094600934,1,False,75549.99,-0.0013091587692910522,10534.716066132167,-0.001961993703706977,-0.3030270073060164
2026-04-21 22:00:00+00:00,6975.88466187885,2322.1520849086464,0.061516591094600934,1,False,75650.04,0.0008830664894523554,10548.66707184926,0.001324288725914835,-0.30241153381211494
2026-04-21 23:00:00+00:00,7018.091810194767,2322.1520849086464,0.061516591094600934,1,False,76336.15,0.006050436663118441,10644.338481470017,0.009069525938122602,-0.29819081898052324
2026-04-22 00:00:00+00:00,7011.788186257388,7011.788186257388,0.0,0,False,76370.45,-0.0008981962772590668,10649.121285029201,0.0004493283981443774,-0.2988211813742613
2026-04-22 01:00:00+00:00,7000.668878728956,2149.9049428294193,0.0635765625791654,1,False,76297.99,-0.001585801971346612,10639.017438210003,-0.0009487962949020767,-0.2999331121271044
2026-04-22 02:00:00+00:00,6994.1370012204825,6994.1370012204825,0.0,0,False,77604.71,-0.0009330362029148498,10821.226915377854,0.01712653242896711,-0.3005862998779517
2026-04-22 03:00:00+00:00,6983.22423707256,2433.089139695461,0.05869515258709068,1,False,77521.48,-0.0015602731467825315,10809.621296129138,-0.001072486450886978,-0.30167757629274405
2026-04-22 04:00:00+00:00,6983.3134537044925,2433.089139695461,0.05869515258709068,1,False,77523.0,1.2775850939839017e-05,10809.833245441381,1.9607468794369254e-05,-0.3016686546295507
2026-04-22 05:00:00+00:00,7011.013457064917,2433.089139695461,0.05869515258709068,1,False,77994.93,0.003966598885194017,10875.63932368295,0.006087612708486567,-0.29889865429350826
2026-04-22 06:00:00+00:00,7004.976934904987,7004.976934904987,0.0,0,False,78010.72,-0.0008610056444617875,10877.84108660422,0.00020244905662458734,-0.2995023065095014
2026-04-22 07:00:00+00:00,7004.976934904987,7004.976934904987,0.0,0,False,78012.79,0.0,10878.129728101812,2.653481470216157e-05,-0.2995023065095014
2026-04-22 08:00:00+00:00,6998.125701409945,1937.7830640988523,0.0648671062629577,1,False,78010.92,-0.000978052256089934,10877.868974671619,-2.3970428438602198e-05,-0.3001874298590055
2026-04-22 09:00:00+00:00,6991.411894001346,6991.411894001346,0.0,0,False,78001.95,-0.0009593722226576284,10876.618194848708,-0.0001149839022536181,-0.3008588105998654
2026-04-22 10:00:00+00:00,6991.411894001346,6991.411894001346,0.0,0,False,78157.41,0.0,10898.29558963911,0.001993027097399569,-0.3008588105998654
2026-04-22 11:00:00+00:00,6991.411894001346,6991.411894001346,0.0,0,False,78300.0,0.0,10918.17838729229,0.001824395153319447,-0.3008588105998654
2026-04-22 12:00:00+00:00,6978.821742184358,1131.9172287705242,0.07473414766484036,1,False,78236.05,-0.0018008024713562776,10909.261177740984,-0.0008167305236269629,-0.3021178257815642
2026-04-22 13:00:00+00:00,6971.069627398749,6971.069627398749,0.0,0,False,78840.94,-0.0011108056735066318,10993.607243190398,0.007731601991664894,-0.3028930372601252
2026-04-22 14:00:00+00:00,6978.387093198773,1221.1358379387439,0.07283441874180496,1,False,79045.75,0.0010496905340413587,11022.166018611872,0.0025977620256685263,-0.30216129068012265
2026-04-22 15:00:00+00:00,6970.793154672812,6970.793154672812,0.0,0,False,79272.9,-0.0010882082671168636,11053.839891161979,0.002873652283645889,-0.3029206845327188
2026-04-22 16:00:00+00:00,6925.9046402808335,1351.9563085601758,0.07078605803622438,1,False,78743.59,-0.00643951317962832,10980.032726383208,-0.0066770611394311175,-0.30740953597191667
2026-04-22 17:00:00+00:00,6918.507853703535,6918.507853703535,0.0,0,False,78900.0,-0.00106798851001777,11001.842589493763,0.00198632041033453,-0.3081492146296465
2026-04-22 18:00:00+00:00,6918.507853703535,6918.507853703535,0.0,0,False,79022.39,0.0,11018.908692339493,0.0015512040557668083,-0.3081492146296465
2026-04-22 19:00:00+00:00,6918.507853703535,6918.507853703535,0.0,0,False,78846.62,0.0,10994.399264304571,-0.0022243063010369823,-0.3081492146296465
2026-04-22 20:00:00+00:00,6881.561805759922,1256.7390452535265,0.07171163746994896,1,False,78436.68,-0.005340175761141208,10937.237092553785,-0.005199208285656343,-0.31184381942400774
2026-04-22 21:00:00+00:00,6904.940516691501,1256.7390452535265,0.07171163746994896,1,False,78762.69,0.003397297240288033,10982.696036819956,0.004156346240050013,-0.3095059483308499
2026-04-22 22:00:00+00:00,6893.843857909401,1256.7390452535265,0.07171163746994896,1,False,78607.95,-0.0016070607350311406,10961.119039072197,-0.0019646357939272496,-0.3106156142090599
2026-04-22 23:00:00+00:00,6863.027933055814,1256.7390452535265,0.07171163746994896,1,False,78178.23,-0.004470064232486415,10901.198737455501,-0.005466622650762476,-0.3136972066944186
2026-04-23 00:00:00+00:00,6855.572241194598,6855.572241194598,0.0,0,False,78424.29,-0.001086356041960057,10935.509426778324,0.0031474235218678093,-0.31444277588054015
2026-04-23 01:00:00+00:00,6844.152447636827,1536.9013769918702,0.06772975016019117,1,False,78359.23,-0.0016657681016255532,10926.437438452946,-0.0008295899140431384,-0.31558475523631735
2026-04-23 02:00:00+00:00,6837.105496787997,6837.105496787997,0.0,0,False,77939.92,-0.0010296309006475601,10867.968710744446,-0.005351124558013121,-0.31628945032120026
2026-04-23 03:00:00+00:00,6817.018909634085,1571.5623049709366,0.067468751691886,1,False,77746.46,-0.00293787877974816,10840.992583147952,-0.0024821683163133157,-0.3182981090365915
2026-04-23 04:00:00+00:00,6828.733508990345,1571.5623049709366,0.067468751691886,1,False,77920.09,0.0017184343349414544,10865.203608861686,0.002233284962427584,-0.31712664910096544
2026-04-23 05:00:00+00:00,6836.410103557849,1571.5623049709366,0.067468751691886,1,False,78033.87,0.0011241608063041753,10881.069130405825,0.0014602139191575159,-0.31635898964421516
2026-04-23 06:00:00+00:00,6829.413510145252,6829.413510145252,0.0,0,False,78211.43,-0.0010234309098799965,10905.828156643982,0.002275422198078969,-0.31705864898547476
2026-04-23 07:00:00+00:00,6829.413510145252,6829.413510145252,0.0,0,False,78048.62,0.0,10883.125875376612,-0.0020816650456333408,-0.31705864898547476
2026-04-23 08:00:00+00:00,6829.413510145252,6829.413510145252,0.0,0,False,77858.35,0.0,10856.594562455157,-0.0024378393878070614,-0.31705864898547476
2026-04-23 09:00:00+00:00,6829.413510145252,6829.413510145252,0.0,0,False,77655.34,0.0,10828.286779640286,-0.002607427462822054,-0.31705864898547476
2026-04-23 10:00:00+00:00,6829.413510145252,6829.413510145252,0.0,0,False,77403.63,0.0,10793.1882524134,-0.003241373999521291,-0.31705864898547476
2026-04-23 11:00:00+00:00,6829.413510145252,6829.413510145252,0.0,0,False,77704.62,0.0,10835.158399447768,0.0038885773186605466,-0.31705864898547476
2026-04-23 12:00:00+00:00,6834.071398892705,998.6542435874408,0.07493742697404607,1,False,77870.53,0.0006820334924122484,10858.292945759846,0.002135136881179056,-0.3165928601107295
2026-04-23 13:00:00+00:00,6826.304957354388,6826.304957354388,0.0,0,False,77532.23,-0.0011364296749336589,10811.120279751914,-0.0043443906186333425,-0.31736950426456123
2026-04-23 14:00:00+00:00,6867.152724362768,1009.2365726546723,0.07492783905438762,1,False,78180.77,0.005983876674652944,10901.552915911487,0.008364779395613864,-0.31328472756372316
2026-04-23 15:00:00+00:00,6881.837831539037,1009.2365726546723,0.07492783905438762,1,False,78376.76,0.0021384564703461617,10928.881827560599,0.002506882446924097,-0.3118162168460963
2026-04-23 16:00:00+00:00,6861.3795343636275,1009.2365726546723,0.07492783905438762,1,False,78103.72,-0.002972795592719568,10890.809037945448,-0.0034836857252074083,-0.31386204656363725
2026-04-23 17:00:00+00:00,6853.57737588574,6853.57737588574,0.0,0,False,77769.21,-0.0011371122146518475,10844.164850814757,-0.004282894591960407,-0.314642262411426
2026-04-23 18:00:00+00:00,6853.57737588574,6853.57737588574,0.0,0,False,77678.65,0.0,10831.537133895814,-0.0011644711319558354,-0.314642262411426
2026-04-23 19:00:00+00:00,6853.57737588574,6853.57737588574,0.0,0,False,77727.26,0.0,10838.315328677503,0.0006257832750697911,-0.314642262411426
2026-04-23 20:00:00+00:00,6857.276296410734,1742.6666408701903,0.06566707699042014,1,False,77886.97,0.0005397065389540767,10860.585344900166,0.002054748874461776,-0.31427237035892663
2026-04-23 21:00:00+00:00,6855.822427326167,1742.6666408701903,0.06566707699042014,1,False,77864.83,-0.0002120184489763366,10857.498135838932,-0.0002842580729485178,-0.3144177572673833
2026-04-23 22:00:00+00:00,6880.150109338807,1742.6666408701903,0.06566707699042014,1,False,78235.3,0.0035484702631261023,10909.15659748823,0.004757860512891288,-0.31198498906611927
2026-04-23 23:00:00+00:00,6881.6066051064545,1742.6666408701903,0.06566707699042014,1,False,78257.48,0.00021169534741272145,10912.249384162946,0.00028350373808239127,-0.3118393394893546
2026-04-24 00:00:00+00:00,6874.66133685051,6874.66133685051,0.0,0,False,78417.22,-0.0010092509866505006,10934.523583595717,0.0020412106293226095,-0.31253386631494895
2026-04-24 01:00:00+00:00,6867.855381984876,1093.4290418889686,0.07362547773779034,1,False,78429.73,-0.000990005839146213,10936.267982211619,0.00015953128662316018,-0.31321446180151247
2026-04-24 02:00:00+00:00,6860.147771368642,6860.147771368642,0.0,0,False,78125.65,-0.0011222732843868544,10893.866964535911,-0.00387710119619189,-0.3139852228631358
2026-04-24 03:00:00+00:00,6824.385028718506,1179.1869045151052,0.0726183979130295,1,False,77737.85,-0.005213115495761533,10839.792001846361,-0.004963798701194677,-0.3175614971281494
2026-04-24 04:00:00+00:00,6819.457870420107,1179.1869045151052,0.0726183979130295,1,False,77670.0,-0.000721993011482347,10830.330974980743,-0.0008728052036428569,-0.3180542129579893
2026-04-24 05:00:00+00:00,6840.043733860492,1179.1869045151052,0.0726183979130295,1,False,77953.48,0.0030186950094197584,10869.8595217142,0.0036498004377494286,-0.31599562661395086
2026-04-24 06:00:00+00:00,6828.153923570192,1179.1869045151052,0.0726183979130295,1,False,77789.75,-0.001738265244042414,10847.028955336787,-0.002100355237508289,-0.31718460764298084
2026-04-24 07:00:00+00:00,6820.540593630702,6820.540593630702,0.0,0,False,77644.6,-0.001114990966036955,10826.789190420881,-0.0018659270662265692,-0.3179459406369298
2026-04-24 08:00:00+00:00,6820.540593630702,6820.540593630702,0.0,0,False,77785.71,0.0,10846.465616375299,0.0018173833080472601,-0.3179459406369298
2026-04-24 09:00:00+00:00,6820.540593630702,6820.540593630702,0.0,0,False,77527.69,0.0,10810.487220621922,-0.0033170617070926722,-0.3179459406369298
2026-04-24 10:00:00+00:00,6820.540593630702,6820.540593630702,0.0,0,False,77752.36,0.0,10841.815281136265,0.00289793233875546,-0.3179459406369298
2026-04-24 11:00:00+00:00,6820.540593630702,6820.540593630702,0.0,0,False,78240.26,0.0,10909.848221559763,0.00627505068656431,-0.3179459406369298
2026-04-24 12:00:00+00:00,6815.431906769561,948.2037333586331,0.07495597192551205,1,False,78275.66,-0.0007490149484502551,10914.784409489652,0.0004524524841815758,-0.318456809323044
2026-04-24 13:00:00+00:00,6807.61561606106,6807.61561606106,0.0,0,False,78093.79,-0.0011468518525931115,10889.424395399012,-0.0023234553372022404,-0.319238438393894
2026-04-24 14:00:00+00:00,6795.645980237835,951.6770705298968,0.07488654077324658,1,False,78037.64,-0.001758271397548583,10881.594820476324,-0.0007190072347621479,-0.32043540197621656
2026-04-24 15:00:00+00:00,6795.7193690477925,951.6770705298968,0.07488654077324658,1,False,78038.62,1.0799386867876848e-05,10881.731472006588,1.2558042503663103e-05,-0.32042806309522076
2026-04-24 16:00:00+00:00,6776.148520482113,951.6770705298968,0.07488654077324658,1,False,77777.28,-0.0028798788623936034,10845.290134334367,-0.003348854708091875,-0.32238514795178874
2026-04-24 17:00:00+00:00,6768.331115959744,6768.331115959744,0.0,0,False,77681.71,-0.0011536648730084975,10831.963821327043,-0.0012287650069532363,-0.3231668884040255
2026-04-24 18:00:00+00:00,6768.331115959744,6768.331115959744,0.0,0,False,77618.24,0.0,10823.113543137495,-0.0008170520448123053,-0.3231668884040255
2026-04-24 19:00:00+00:00,6768.331115959744,6768.331115959744,0.0,0,False,77628.85,0.0,10824.593005113093,0.00013669467382948497,-0.3231668884040255
2026-04-24 20:00:00+00:00,6767.136445590793,698.6343144368029,0.07808330020498375,1,False,77718.31,-0.00017650885402664684,10837.067337661332,0.0011524066117172271,-0.32328635544092066
2026-04-24 21:00:00+00:00,6752.938559114521,698.6343144368029,0.07808330020498375,1,False,77536.48,-0.0020980641650166776,10811.712901184175,-0.0023396031128315453,-0.3247061440885479
2026-04-24 22:00:00+00:00,6736.730808490973,698.6343144368029,0.07808330020498375,1,False,77328.91,-0.0024001033745039146,10782.769270432576,-0.002677062461437396,-0.32632691915090273
2026-04-24 23:00:00+00:00,6745.180983239156,698.6343144368029,0.07808330020498375,1,False,77437.13,0.0012543435367096123,10797.859503702983,0.0013994765993727842,-0.3254819016760844
2026-04-25 00:00:00+00:00,6737.049501634391,6737.049501634391,0.0,0,False,77456.88,-0.0012055245997062425,10800.61345035878,0.00025504560925737607,-0.3262950498365609
2026-04-25 01:00:00+00:00,6735.432663557643,-1.8189894035458565e-12,0.08686214957768677,1,False,77541.63,-0.00023999201376745383,10812.431018919739,0.0010941571620235457,-0.3264567336442358
2026-04-25 02:00:00+00:00,6726.355030215808,6726.355030215808,0.0,0,False,77607.8,-0.0013477431659215666,10821.65778601919,0.0008533480660646298,-0.3273644969784192
2026-04-25 03:00:00+00:00,6723.4554452581415,-9.094947017729282e-13,0.0865542731814135,1,False,77679.07,-0.0004310781908837269,10831.595698837356,0.000918335528129921,-0.3276544554741858
2026-04-25 04:00:00+00:00,6718.260457781793,-9.094947017729282e-13,0.0865542731814135,1,False,77619.05,-0.000772666305093539,10823.226489810468,-0.00077266630509365,-0.3281739542218207
2026-04-25 05:00:00+00:00,6708.84594948785,-9.094947017729282e-13,0.0865542731814135,1,False,77510.28,-0.0014013312453580173,10808.059564354711,-0.0014013312453579063,-0.32911540505121506
2026-04-25 06:00:00+00:00,6699.836891994209,6699.836891994209,0.0,0,False,77503.63,-0.001342862477611173,10807.132286113645,-8.579507131178943e-05,-0.33001631080057914
2026-04-25 07:00:00+00:00,6699.836891994209,6699.836891994209,0.0,0,False,77501.19,0.0,10806.792051691358,-3.1482396372961574e-05,-0.33001631080057914
2026-04-25 08:00:00+00:00,6699.836891994209,6699.836891994209,0.0,0,False,77643.37,0.0,10826.617678806366,0.0018345524759038057,-0.33001631080057914
2026-04-25 09:00:00+00:00,6699.836891994209,6699.836891994209,0.0,0,False,77714.55,0.0,10836.543041994202,0.0009167556740519167,-0.33001631080057914
2026-04-25 10:00:00+00:00,6699.836891994209,6699.836891994209,0.0,0,False,77787.77,0.0,10846.752863469523,0.0009421659135901983,-0.33001631080057914
2026-04-25 11:00:00+00:00,6699.836891994209,6699.836891994209,0.0,0,False,77682.3,0.0,10832.046091125874,-0.0013558686667581865,-0.33001631080057914
2026-04-25 12:00:00+00:00,6680.126469272865,-9.094947017729282e-13,0.08613167619735418,1,False,77557.14,-0.0029419257571623447,10814.593738546644,-0.0016111778358779416,-0.33198735307271354
2026-04-25 13:00:00+00:00,6671.203480637598,6671.203480637598,0.0,0,False,77691.69,-0.0013357514526575187,10833.355435890326,0.0017348499441831589,-0.33287965193624025
2026-04-25 14:00:00+00:00,6659.309687457529,-9.094947017729282e-13,0.08575313398329869,1,False,77656.75,-0.0017828557043101378,10828.483390515461,-0.000449726347824253,-0.33406903125424703
2026-04-25 15:00:00+00:00,6631.312146743322,-9.094947017729282e-13,0.08575313398329869,1,False,77330.26,-0.004204270716969272,10782.957514887528,-0.004204270716969272,-0.3368687853256678
2026-04-25 16:00:00+00:00,6615.267630870853,6615.267630870853,0.0,0,False,77397.27,-0.002419508464904352,10792.301411870063,0.0008665430583061351,-0.33847323691291464
2026-04-25 17:00:00+00:00,6615.267630870853,6615.267630870853,0.0,0,False,77245.77,0.0,10771.17620081419,-0.0019574333823402235,-0.33847323691291464
2026-04-25 18:00:00+00:00,6615.267630870853,6615.267630870853,0.0,0,False,77313.0,0.0,10780.550774670866,0.0008703389195292566,-0.33847323691291464
2026-04-25 19:00:00+00:00,6615.267630870853,6615.267630870853,0.0,0,False,77330.01,0.0,10782.922654803278,0.0002200147452562362,-0.33847323691291464
2026-04-25 20:00:00+00:00,6619.248660490091,-9.094947017729282e-13,0.08543266632562978,1,False,77479.13,0.0006017941890454903,10803.715997857085,0.0019283587316232254,-0.33807513395099087
2026-04-25 21:00:00+00:00,6623.239220334161,-9.094947017729282e-13,0.08543266632562978,1,False,77525.84,0.0006028720250212949,10810.229255998467,0.0006028720250210728,-0.33767607796658394
2026-04-25 22:00:00+00:00,6625.9021565435305,-9.094947017729282e-13,0.08543266632562978,1,False,77557.01,0.0004020594939699862,10814.575611302835,0.00040205949397020824,-0.33740978434564695
2026-04-25 23:00:00+00:00,6631.7107235270105,-9.094947017729282e-13,0.08543266632562978,1,False,77625.0,0.0008766454508755128,10824.056159815633,0.0008766454508755128,-0.336828927647299
2026-04-26 00:00:00+00:00,6622.956015140758,6622.956015140758,0.0,0,False,77502.4,-0.0013201282069186249,10806.96077449913,-0.001579388083736033,-0.33770439848592426
2026-04-26 01:00:00+00:00,6610.690318419956,0.0,0.08534200002194592,1,False,77461.16,-0.0018519973094733855,10801.210255001151,-0.0005321125539335947,-0.3389309681580044
2026-04-26 02:00:00+00:00,6601.880454726889,6601.880454726889,0.0,0,False,77512.67,-0.0013326692476456348,10808.392826760146,0.0006649784227346078,-0.33981195452731106
2026-04-26 03:00:00+00:00,6583.479744238956,0.0,0.08505764705598287,1,False,77400.21,-0.0027871923180248226,10792.711366460851,-0.0014508595820527104,-0.3416520255761044
2026-04-26 04:00:00+00:00,6615.298108849657,0.0,0.08505764705598287,1,False,77774.29,0.00483306182244192,10844.873207726727,0.004833061822441698,-0.33847018911503424
2026-04-26 05:00:00+00:00,6633.076858237299,0.0,0.08505764705598287,1,False,77983.31,0.0026875205160987736,10874.019026966982,0.0026875205160987736,-0.3366923141762701
2026-04-26 06:00:00+00:00,6634.41481502549,0.0,0.08505764705598287,1,False,77999.04,0.00020170982739764476,10876.212423468029,0.00020170982739742271,-0.336558518497451
2026-04-26 07:00:00+00:00,6625.59649036132,6625.59649036132,0.0,0,False,78102.53,-0.001329178972077183,10890.643103944416,0.0013268112017792433,-0.33744035096386793
2026-04-26 08:00:00+00:00,6625.59649036132,6625.59649036132,0.0,0,False,78032.59,0.0,10880.890646774462,-0.0008954895571247068,-0.33744035096386793
2026-04-26 09:00:00+00:00,6625.59649036132,6625.59649036132,0.0,0,False,77999.99,0.0,10876.344891788183,-0.00041777416333343975,-0.33744035096386793
2026-04-26 10:00:00+00:00,6625.59649036132,6625.59649036132,0.0,0,False,78002.43,0.0,10876.685126210468,3.1282055292569666e-05,-0.33744035096386793
2026-04-26 11:00:00+00:00,6625.59649036132,6625.59649036132,0.0,0,False,78101.44,0.0,10890.491113977081,0.0012693194301767186,-0.33744035096386793
2026-04-26 12:00:00+00:00,6594.043794939949,0.0,0.08472032450649453,1,False,77833.08,-0.004762242232419833,10853.070905139104,-0.0034360442009774284,-0.3405956205060051
2026-04-26 13:00:00+00:00,6585.323537664787,6585.323537664787,0.0,0,False,77977.79,-0.0013224445494058878,10873.249316306727,0.0018592351735275958,-0.3414676462335213
2026-04-26 14:00:00+00:00,6586.552287328162,0.0,0.08433954316191401,1,False,78095.66,0.0001865891108230322,10889.685148829209,0.0015115842600825768,-0.3413447712671839
2026-04-26 15:00:00+00:00,6582.617004244227,0.0,0.08433954316191401,1,False,78049.0,-0.00059747238194785,10883.178862704674,-0.0005974723819480721,-0.3417382995755772
2026-04-26 16:00:00+00:00,6571.689129636737,0.0,0.08433954316191401,1,False,77919.43,-0.0016601109559380989,10865.111578239264,-0.0016601109559379879,-0.34283108703632637
2026-04-26 17:00:00+00:00,6562.968609317998,6562.968609317998,0.0,0,False,78018.57,-0.0013269830855831,10878.935693249688,0.0012723399028971016,-0.34370313906820016
2026-04-26 18:00:00+00:00,6562.968609317998,6562.968609317998,0.0,0,False,78283.96,0.0,10915.941764286772,0.00340162604877281,-0.34370313906820016
2026-04-26 19:00:00+00:00,6562.968609317998,6562.968609317998,0.0,0,False,78221.16,0.0,10907.184911123017,-0.0008022077575023934,-0.34370313906820016
2026-04-26 20:00:00+00:00,6552.060885682593,-9.094947017729282e-13,0.08379213816165176,1,False,78194.22,-0.0016620106364547693,10903.42838844417,-0.0003444080859962284,-0.34479391143174076
2026-04-26 21:00:00+00:00,6570.762452998892,-9.094947017729282e-13,0.08379213816165176,1,False,78417.41,0.0028543030418359816,10934.55007725975,0.0028543030418362036,-0.3429237547001108
2026-04-26 22:00:00+00:00,6562.0572877652785,-9.094947017729282e-13,0.08379213816165176,1,False,78313.52,-0.0013248333501449938,10920.063620648563,-0.0013248333501452159,-0.34379427122347217
2026-04-26 23:00:00+00:00,6590.884297057031,-9.094947017729282e-13,0.08379213816165176,1,False,78657.55,0.00439298348484396,10968.035279787518,0.00439298348484396,-0.34091157029429686
2026-04-27 00:00:00+00:00,6582.141060736583,6582.141060736583,0.0,0,False,79308.6,-0.0013265649837537197,11058.817911192968,0.008277018544310177,-0.3417858939263416
2026-04-27 01:00:00+00:00,6571.992045771728,388.0628414687035,0.07799752438652585,1,False,79283.66,-0.0015419017719622286,11055.340269188127,-0.0003144677878564872,-0.34280079542282715
2026-04-27 02:00:00+00:00,6563.800115214475,6563.800115214475,0.0,0,False,79130.01,-0.0012464912465198763,11033.9152614077,-0.001937978140767016,-0.34361998847855246
2026-04-27 03:00:00+00:00,6553.920345867456,563.6963517665345,0.0757245040021991,1,False,79105.49,-0.0015051904649135972,11030.496184344398,-0.0003098697952901297,-0.34460796541325445
2026-04-27 04:00:00+00:00,6540.1937650269765,563.6963517665345,0.0757245040021991,1,False,78924.22,-0.0020944076394114886,11005.219834455962,-0.0022914970882552677,-0.3459806234973023
2026-04-27 05:00:00+00:00,6484.255601851668,6484.255601851668,0.0,0,False,77785.54,-0.008552982554497435,10846.441911518004,-0.014427510338398175,-0.35157443981483316
2026-04-27 06:00:00+00:00,6484.255601851668,6484.255601851668,0.0,0,False,77700.12,0.0,10834.530917931255,-0.0010981475477318536,-0.35157443981483316
2026-04-27 07:00:00+00:00,6484.255601851668,6484.255601851668,0.0,0,False,77606.6,0.0,10821.490457614787,-0.0012036017447590863,-0.35157443981483316
2026-04-27 08:00:00+00:00,6484.255601851668,6484.255601851668,0.0,0,False,77804.34,0.0,10849.063389853653,0.0025479791667202267,-0.35157443981483316
2026-04-27 09:00:00+00:00,6484.255601851668,6484.255601851668,0.0,0,False,77900.01,0.0,10862.403646894678,0.0012296229233486056,-0.35157443981483316
2026-04-27 10:00:00+00:00,6484.255601851668,6484.255601851668,0.0,0,False,77850.01,0.0,10855.431630044555,-0.0006418484413545089,-0.35157443981483316
2026-04-27 11:00:00+00:00,6484.255601851668,6484.255601851668,0.0,0,False,77844.26,0.0,10854.629848106792,-7.385997766728991e-05,-0.35157443981483316
2026-04-27 12:00:00+00:00,6460.827117717648,-9.094947017729282e-13,0.08318587264608517,1,False,77667.36,-0.003613133962104942,10829.962852491057,-0.0022724861152254583,-0.3539172882282352
2026-04-27 13:00:00+00:00,6452.207516027091,6452.207516027091,0.0,0,False,77746.74,-0.0013341328491703885,10841.03162644231,0.0010220509619485174,-0.3547792483972909
2026-04-27 14:00:00+00:00,6449.342704975435,-1.8189894035458565e-12,0.08288019000100155,1,False,77815.25,-0.0004440047913121248,10850.58468393035,0.0008811945041040659,-0.3550657295024565
2026-04-27 15:00:00+00:00,6374.37934815546,6374.37934815546,0.0,0,True,76793.09,-0.011623410361205178,10708.054349059918,-0.0131357285365018,-0.362562065184454
2026-04-27 16:00:00+00:00,6374.37934815546,6374.37934815546,0.0,0,True,76618.59,0.0,10683.72201025299,-0.002272339868079176,-0.362562065184454
2026-04-27 17:00:00+00:00,6374.37934815546,6374.37934815546,0.0,0,True,76743.24,0.0,10701.103248260346,0.0016268897665696613,-0.362562065184454
2026-04-27 18:00:00+00:00,6374.37934815546,6374.37934815546,0.0,0,True,76834.06,0.0,10713.76721966691,0.001183426709636004,-0.362562065184454
2026-04-27 19:00:00+00:00,6374.37934815546,6374.37934815546,0.0,0,True,76878.07,0.0,10719.903988898388,0.0005727928473386878,-0.362562065184454
2026-04-27 20:00:00+00:00,6374.37934815546,6374.37934815546,0.0,0,True,76960.43,0.0,10731.38829505391,0.0010713068109020618,-0.362562065184454
2026-04-27 21:00:00+00:00,6374.37934815546,6374.37934815546,0.0,0,True,76786.81,0.0,10707.178663743543,-0.0022559645261857053,-0.362562065184454
2026-04-27 22:00:00+00:00,6374.37934815546,6374.37934815546,0.0,0,True,77066.42,0.0,10746.1675763728,0.003641380596485222,-0.362562065184454
2026-04-27 23:00:00+00:00,6374.37934815546,6374.37934815546,0.0,0,True,77371.32,0.0,10788.68293512485,0.003956327541879023,-0.362562065184454
2026-04-28 00:00:00+00:00,6374.37934815546,6374.37934815546,0.0,0,True,77379.62,0.0,10789.840289921969,0.00010727489203987695,-0.362562065184454
2026-04-28 01:00:00+00:00,6374.37934815546,6374.37934815546,0.0,0,True,77084.68,0.0,10748.713756926465,-0.0038115979375448195,-0.362562065184454
2026-04-28 02:00:00+00:00,6374.37934815546,6374.37934815546,0.0,0,True,76890.93,0.0,10721.69719163224,-0.002513469602520191,-0.362562065184454
2026-04-28 03:00:00+00:00,6374.37934815546,6374.37934815546,0.0,0,True,76815.18,0.0,10711.134586104303,-0.000985161708929927,-0.362562065184454
2026-04-28 04:00:00+00:00,6374.37934815546,6374.37934815546,0.0,0,True,76888.08,0.0,10721.299786671783,0.0009490311680582231,-0.362562065184454
2026-04-28 05:00:00+00:00,6374.37934815546,6374.37934815546,0.0,0,True,76885.98,0.0,10721.006961964078,-2.7312426061354422e-05,-0.362562065184454
2026-04-28 06:00:00+00:00,6374.37934815546,6374.37934815546,0.0,0,True,76720.0,0.0,10697.86265482841,-0.0021587810937703233,-0.362562065184454
2026-04-28 07:00:00+00:00,6374.37934815546,6374.37934815546,0.0,0,True,76879.28,0.0,10720.072711706161,0.002076120959332739,-0.362562065184454
2026-04-28 08:00:00+00:00,6374.37934815546,6374.37934815546,0.0,0,True,76858.59,0.0,10717.187691133578,-0.00026912322800132227,-0.362562065184454
2026-04-28 09:00:00+00:00,6374.37934815546,6374.37934815546,0.0,0,True,76598.0,0.0,10680.85093371411,-0.0033905123682336225,-0.362562065184454
2026-04-28 10:00:00+00:00,6374.37934815546,6374.37934815546,0.0,0,True,76618.35,0.0,10683.688544572111,0.00026567273296973504,-0.362562065184454
2026-04-28 11:00:00+00:00,6374.37934815546,6374.37934815546,0.0,0,True,76229.0,0.0,10629.397449360204,-0.005081680824502333,-0.362562065184454
2026-04-28 12:00:00+00:00,6374.37934815546,6374.37934815546,0.0,0,True,76372.05,0.0,10649.344389568405,0.0018765824030224643,-0.362562065184454
2026-04-28 13:00:00+00:00,6374.37934815546,6374.37934815546,0.0,0,True,76189.84,0.0,10623.936965763187,-0.0023858204670426097,-0.362562065184454
2026-04-28 14:00:00+00:00,6374.37934815546,6374.37934815546,0.0,0,True,75949.99,0.0,10590.49220093315,-0.0031480575362803354,-0.362562065184454
2026-04-28 15:00:00+00:00,6374.37934815546,6374.37934815546,0.0,0,True,76066.38,0.0,10606.721661756865,0.0015324557646418935,-0.362562065184454
2026-04-28 16:00:00+00:00,6374.37934815546,6374.37934815546,0.0,0,True,76125.04,0.0,10614.901231925427,0.0007711685504159238,-0.362562065184454
2026-04-28 17:00:00+00:00,6374.37934815546,6374.37934815546,0.0,0,True,76187.3,0.0,10623.582787307201,0.0008178649232895019,-0.362562065184454
2026-04-28 18:00:00+00:00,6374.37934815546,6374.37934815546,0.0,0,True,76242.18,0.0,10631.235273001896,0.0007203300287579317,-0.362562065184454
2026-04-28 19:00:00+00:00,6374.37934815546,6374.37934815546,0.0,0,True,76330.97,0.0,10643.616180524345,0.0011645784525049496,-0.362562065184454
2026-04-28 20:00:00+00:00,6374.37934815546,6374.37934815546,0.0,0,True,76463.95,0.0,10662.158956538931,0.001742150008050558,-0.362562065184454
2026-04-28 21:00:00+00:00,6374.37934815546,6374.37934815546,0.0,0,True,76357.15,0.0,10647.266728547069,-0.0013967366320991603,-0.362562065184454
2026-04-28 22:00:00+00:00,6374.37934815546,6374.37934815546,0.0,0,True,76242.17,0.0,10631.233878598527,-0.0015058183811208492,-0.362562065184454
2026-04-28 23:00:00+00:00,6374.37934815546,6374.37934815546,0.0,0,True,76342.77,0.0,10645.261576500974,0.0013194797577247286,-0.362562065184454
2026-04-29 00:00:00+00:00,6374.37934815546,6374.37934815546,0.0,0,True,76512.0,0.0,10668.8590647319,0.002216712859645975,-0.362562065184454
2026-04-29 01:00:00+00:00,6374.37934815546,6374.37934815546,0.0,0,True,76571.0,0.0,10677.086044615044,0.0007711208699288097,-0.362562065184454
2026-04-29 02:00:00+00:00,6374.37934815546,6374.37934815546,0.0,0,True,76531.29,0.0,10671.548868832675,-0.0005186036489011059,-0.362562065184454
2026-04-29 03:00:00+00:00,6374.37934815546,6374.37934815546,0.0,0,True,76994.78,0.0,10736.178070629945,0.006056215699487222,-0.362562065184454
2026-04-29 04:00:00+00:00,6374.37934815546,6374.37934815546,0.0,0,True,77269.76,0.0,10774.52137449888,0.003571410945001574,-0.362562065184454
2026-04-29 05:00:00+00:00,6374.37934815546,6374.37934815546,0.0,0,True,77288.38,0.0,10777.117753573866,0.00024097395928257548,-0.362562065184454
2026-04-29 06:00:00+00:00,6374.37934815546,6374.37934815546,0.0,0,True,77031.06,0.0,10741.236966056395,-0.003329349120786307,-0.362562065184454
2026-04-29 07:00:00+00:00,6374.37934815546,6374.37934815546,0.0,0,True,77053.64,0.0,10744.385528865909,0.0002931285120573168,-0.362562065184454
2026-04-29 08:00:00+00:00,6374.37934815546,6374.37934815546,0.0,0,True,77046.32,0.0,10743.364825599052,-9.499875671015179e-05,-0.362562065184454
2026-04-29 09:00:00+00:00,6374.37934815546,6374.37934815546,0.0,0,True,77642.0,0.0,10826.426645544674,0.007731452975300979,-0.362562065184454
2026-04-29 10:00:00+00:00,6374.37934815546,6374.37934815546,0.0,0,True,77619.61,0.0,10823.30457639919,-0.00028837484866428564,-0.362562065184454
2026-04-29 11:00:00+00:00,6374.37934815546,6374.37934815546,0.0,0,True,77590.03,0.0,10819.179931230658,-0.00038108926339619487,-0.362562065184454
2026-04-29 12:00:00+00:00,6374.37934815546,6374.37934815546,0.0,0,True,77143.68,0.0,10756.940736809609,-0.005752672089442634,-0.362562065184454
2026-04-29 13:00:00+00:00,6374.37934815546,6374.37934815546,0.0,0,True,76783.43,0.0,10706.707355404475,-0.004669857595593019,-0.362562065184454
2026-04-29 14:00:00+00:00,6374.37934815546,6374.37934815546,0.0,0,True,76570.0,0.0,10676.946604278042,-0.0027796361793160917,-0.362562065184454
2026-04-29 15:00:00+00:00,6374.37934815546,6374.37934815546,0.0,0,True,75924.25,0.0,10586.903006658706,-0.008433459579469837,-0.362562065184454
2026-04-29 16:00:00+00:00,6374.37934815546,6374.37934815546,0.0,0,True,75803.54,0.0,10570.071163579138,-0.0015898741179531939,-0.362562065184454
2026-04-29 17:00:00+00:00,6374.37934815546,6374.37934815546,0.0,0,True,76184.01,0.0,10623.124028598464,0.005019158735858786,-0.362562065184454
2026-04-29 18:00:00+00:00,6374.37934815546,6374.37934815546,0.0,0,True,75513.91,0.0,10529.685058773119,-0.008795808989314091,-0.362562065184454
2026-04-29 19:00:00+00:00,6374.37934815546,6374.37934815546,0.0,0,True,75563.86,0.0,10536.650103606391,0.0006614675362459632,-0.362562065184454
2026-04-29 20:00:00+00:00,6374.37934815546,6374.37934815546,0.0,0,True,75676.79,0.0,10552.397100864076,0.0014944975018478246,-0.362562065184454
2026-04-29 21:00:00+00:00,6374.37934815546,6374.37934815546,0.0,0,True,75933.93,0.0,10588.252789120888,0.0033978713949152084,-0.362562065184454
2026-04-29 22:00:00+00:00,6374.37934815546,6374.37934815546,0.0,0,True,75927.38,0.0,10587.339454913525,-8.625919927995884e-05,-0.362562065184454
2026-04-29 23:00:00+00:00,6374.37934815546,6374.37934815546,0.0,0,True,75780.0,0.0,10566.788738046102,-0.0019410652652575022,-0.362562065184454
2026-04-30 00:00:00+00:00,6374.37934815546,6374.37934815546,0.0,0,True,76248.74,0.0,10632.150001612632,0.006185537081023984,-0.362562065184454
2026-04-30 01:00:00+00:00,6374.37934815546,6374.37934815546,0.0,0,True,76232.8,0.0,10629.927322640813,-0.00020905263483694814,-0.362562065184454
2026-04-30 02:00:00+00:00,6374.37934815546,6374.37934815546,0.0,0,True,75704.74,0.0,10556.294458283297,-0.00692693958506041,-0.362562065184454
2026-04-30 03:00:00+00:00,6374.37934815546,6374.37934815546,0.0,0,True,75928.1,0.0,10587.439851956166,0.00295040971014493,-0.362562065184454
2026-04-30 04:00:00+00:00,6374.37934815546,6374.37934815546,0.0,0,True,75497.0,0.0,10527.327122674405,-0.005677739861790432,-0.362562065184454
2026-04-30 05:00:00+00:00,6374.37934815546,6374.37934815546,0.0,0,True,75600.09,0.0,10541.702027015988,0.001365484721247201,-0.362562065184454
2026-04-30 06:00:00+00:00,6374.37934815546,6374.37934815546,0.0,0,True,75753.53,0.0,10563.097752325646,0.002029627213406826,-0.362562065184454
2026-04-30 07:00:00+00:00,6374.37934815546,6374.37934815546,0.0,0,True,76161.67,0.0,10620.008931469829,0.005387735726638754,-0.362562065184454
2026-04-30 08:00:00+00:00,6374.37934815546,6374.37934815546,0.0,0,True,76058.17,0.0,10605.576856590074,-0.001358951294003985,-0.362562065184454
2026-04-30 09:00:00+00:00,6374.37934815546,6374.37934815546,0.0,0,True,76097.19,0.0,10611.017818539909,0.0005130283834069438,-0.362562065184454
2026-04-30 10:00:00+00:00,6374.37934815546,6374.37934815546,0.0,0,True,76028.66,0.0,10601.461972245133,-0.000900558877403812,-0.362562065184454
2026-04-30 11:00:00+00:00,6374.37934815546,6374.37934815546,0.0,0,True,76059.43,0.0,10605.752551414696,0.00040471580059397994,-0.362562065184454
2026-04-30 12:00:00+00:00,6374.37934815546,6374.37934815546,0.0,0,True,76308.48,0.0,10640.480167345158,0.003274413179273239,-0.362562065184454
2026-04-30 13:00:00+00:00,6374.37934815546,6374.37934815546,0.0,0,True,76420.44,0.0,10656.091907475953,0.0014672025966182556,-0.362562065184454
2026-04-30 14:00:00+00:00,6374.37934815546,6374.37934815546,0.0,0,True,76301.24,0.0,10639.47061930526,-0.0015597921184437036,-0.362562065184454
2026-04-30 15:00:00+00:00,6374.37934815546,6374.37934815546,0.0,0,True,76473.6,0.0,10663.504555791005,0.0022589410080362526,-0.362562065184454
2026-04-30 16:00:00+00:00,6374.37934815546,6374.37934815546,0.0,0,True,76261.03,0.0,10633.863723354392,-0.002779652062934179,-0.362562065184454
2026-04-30 17:00:00+00:00,6374.37934815546,6374.37934815546,0.0,0,True,76250.01,0.0,10632.327090840625,-0.00014450368687657367,-0.362562065184454
2026-04-30 18:00:00+00:00,6374.37934815546,6374.37934815546,0.0,0,True,76350.0,0.0,10646.269730137501,0.001311344090315636,-0.362562065184454
2026-04-30 19:00:00+00:00,6374.37934815546,6374.37934815546,0.0,0,True,76412.8,0.0,10655.026583301256,0.0008225278323510388,-0.362562065184454
2026-04-30 20:00:00+00:00,6374.37934815546,6374.37934815546,0.0,0,True,76492.46,0.0,10666.134400546873,0.0010424954981365087,-0.362562065184454
2026-04-30 21:00:00+00:00,6374.37934815546,6374.37934815546,0.0,0,True,76241.78,0.0,10631.179496867095,-0.0032771857513801406,-0.362562065184454
2026-04-30 22:00:00+00:00,6374.37934815546,6374.37934815546,0.0,0,True,76237.06,0.0,10630.521338476445,-6.190831326324808e-05,-0.362562065184454
2026-04-30 23:00:00+00:00,6374.37934815546,6374.37934815546,0.0,0,True,76346.57,0.0,10645.791449781584,0.0014364404923274954,-0.362562065184454
2026-05-01 00:00:00+00:00,6374.37934815546,6374.37934815546,0.0,0,True,76458.05,0.0,10661.336258550617,0.001460183476480914,-0.362562065184454
2026-05-01 01:00:00+00:00,6374.37934815546,6374.37934815546,0.0,0,True,76686.13,0.0,10693.139810614137,0.002983073724741825,-0.362562065184454
2026-05-01 02:00:00+00:00,6374.37934815546,6374.37934815546,0.0,0,True,76592.54,0.0,10680.089589474075,-0.0012204293005790845,-0.362562065184454
2026-05-01 03:00:00+00:00,6374.37934815546,6374.37934815546,0.0,0,True,77131.08,0.0,10755.18378856338,0.007031233067868126,-0.362562065184454
2026-05-01 04:00:00+00:00,6374.37934815546,6374.37934815546,0.0,0,True,77042.44,0.0,10742.823797091482,-0.001149212483476214,-0.362562065184454
2026-05-01 05:00:00+00:00,6374.37934815546,6374.37934815546,0.0,0,True,77165.98,0.0,10760.050256324765,0.0016035317676854621,-0.362562065184454
2026-05-01 06:00:00+00:00,6374.37934815546,6374.37934815546,0.0,0,True,76993.48,0.0,10735.996798191842,-0.002235441058352383,-0.362562065184454
2026-05-01 07:00:00+00:00,6374.37934815546,6374.37934815546,0.0,0,True,77130.54,0.0,10755.108490781397,0.0017801507348413903,-0.362562065184454
2026-05-01 08:00:00+00:00,6374.37934815546,6374.37934815546,0.0,0,True,77377.47,0.0,10789.540493197414,0.0032014556101902514,-0.362562065184454
2026-05-01 09:00:00+00:00,6374.37934815546,6374.37934815546,0.0,0,True,77268.55,0.0,10774.352651691108,-0.0014076448868124425,-0.362562065184454
2026-05-01 10:00:00+00:00,6374.37934815546,6374.37934815546,0.0,0,True,77304.34,0.0,10779.343221352423,0.0004631897453748479,-0.362562065184454
2026-05-01 11:00:00+00:00,6374.37934815546,6374.37934815546,0.0,0,True,77463.98,0.0,10801.603476751498,0.0020650845735183943,-0.362562065184454
2026-05-01 12:00:00+00:00,6374.37934815546,6374.37934815546,0.0,0,True,77896.01,0.0,10861.845885546669,0.005577172771138228,-0.362562065184454
2026-05-01 13:00:00+00:00,6374.37934815546,6374.37934815546,0.0,0,True,78737.25,0.0,10979.148674646614,0.010799526188825403,-0.362562065184454
2026-05-01 14:00:00+00:00,6374.37934815546,6374.37934815546,0.0,0,True,78358.75,0.0,10926.370507091184,-0.004807127503183128,-0.362562065184454
2026-05-01 15:00:00+00:00,6374.37934815546,6374.37934815546,0.0,0,True,78445.89,0.0,10938.521338057577,0.0011120647024103203,-0.362562065184454
2026-05-01 16:00:00+00:00,6374.37934815546,6374.37934815546,0.0,0,True,78214.36,0.0,10906.236716831401,-0.0029514611919118083,-0.362562065184454
2026-05-01 17:00:00+00:00,6374.37934815546,6374.37934815546,0.0,0,True,78552.94,0.0,10953.448426133691,0.004328872600887879,-0.362562065184454
2026-05-01 18:00:00+00:00,6374.37934815546,6374.37934815546,0.0,0,True,78423.9,0.0,10935.455045046894,-0.001642713818222452,-0.362562065184454
2026-05-01 19:00:00+00:00,6374.37934815546,6374.37934815546,0.0,0,True,78360.0,0.0,10926.544807512437,-0.0008148026303206324,-0.362562065184454
2026-05-01 20:00:00+00:00,6374.37934815546,6374.37934815546,0.0,0,True,77880.18,0.0,10859.638545011918,-0.006123277182235931,-0.362562065184454
2026-05-01 21:00:00+00:00,6374.37934815546,6374.37934815546,0.0,0,True,78199.99,0.0,10904.232959188674,0.004106436323079832,-0.362562065184454
2026-05-01 22:00:00+00:00,6374.37934815546,6374.37934815546,0.0,0,True,78153.38,0.0,10897.73364508099,-0.0005960358818458689,-0.362562065184454
2026-05-01 23:00:00+00:00,6374.37934815546,6374.37934815546,0.0,0,True,78231.13,0.0,10908.575131282932,0.0009948386109468466,-0.362562065184454
2026-05-02 00:00:00+00:00,6374.37934815546,6374.37934815546,0.0,0,True,78341.75,0.0,10924.000021362142,0.0014140151113755106,-0.362562065184454
2026-05-02 01:00:00+00:00,6374.37934815546,6374.37934815546,0.0,0,True,78355.0,0.0,10925.847605827425,0.00016913076360935975,-0.362562065184454
2026-05-02 02:00:00+00:00,6374.37934815546,6374.37934815546,0.0,0,True,78353.93,0.0,10925.698404666831,-1.365579733270117e-05,-0.362562065184454
2026-05-02 03:00:00+00:00,6374.37934815546,6374.37934815546,0.0,0,True,78400.0,0.0,10932.122420992535,0.0005879730601898725,-0.362562065184454
2026-05-02 04:00:00+00:00,6374.37934815546,6374.37934815546,0.0,0,True,78175.5,0.0,10900.818065335485,-0.002863520408163178,-0.362562065184454
2026-05-02 05:00:00+00:00,6374.37934815546,6374.37934815546,0.0,0,True,78174.0,0.0,10900.60890482998,-1.918759713726015e-05,-0.362562065184454
2026-05-02 06:00:00+00:00,6374.37934815546,6374.37934815546,0.0,0,True,78327.8,0.0,10922.05482866096,0.0019674060429299978,-0.362562065184454
2026-05-02 07:00:00+00:00,6374.37934815546,6374.37934815546,0.0,0,True,78220.0,0.0,10907.023160332094,-0.0013762674299546696,-0.362562065184454
2026-05-02 08:00:00+00:00,6374.37934815546,6374.37934815546,0.0,0,True,78315.37,0.0,10920.321585272017,0.0012192533878803147,-0.362562065184454
2026-05-02 09:00:00+00:00,6374.37934815546,6374.37934815546,0.0,0,True,78293.57,0.0,10917.281785925365,-0.0002783617060098109,-0.362562065184454
2026-05-02 10:00:00+00:00,6374.37934815546,6374.37934815546,0.0,0,True,78249.3,0.0,10911.108762206266,-0.0005654359610884896,-0.362562065184454
2026-05-02 11:00:00+00:00,6374.37934815546,6374.37934815546,0.0,0,True,78143.08,0.0,10896.297409609866,-0.0013574562328352302,-0.362562065184454
2026-05-02 12:00:00+00:00,6374.37934815546,6374.37934815546,0.0,0,True,78211.24,0.0,10905.801662979951,0.0008722461413088745,-0.362562065184454
2026-05-02 13:00:00+00:00,6374.37934815546,6374.37934815546,0.0,0,True,78367.06,0.0,10927.529256291675,0.0019922967593917207,-0.362562065184454
2026-05-02 14:00:00+00:00,6374.37934815546,6374.37934815546,0.0,0,True,78423.98,0.0,10935.466200273855,0.0007263255760776577,-0.362562065184454
2026-05-02 15:00:00+00:00,6374.37934815546,6374.37934815546,0.0,0,True,78487.67,0.0,10944.34715533754,0.0008121240467520163,-0.362562065184454
2026-05-02 16:00:00+00:00,6374.37934815546,6374.37934815546,0.0,0,True,78455.02,0.0,10939.794428334411,-0.00041598890628291585,-0.362562065184454
2026-05-02 17:00:00+00:00,6374.37934815546,6374.37934815546,0.0,0,True,78398.02,0.0,10931.84632912527,-0.0007265309472868076,-0.362562065184454
2026-05-02 18:00:00+00:00,6374.37934815546,6374.37934815546,0.0,0,True,78466.62,0.0,10941.411936243638,0.0008750220987723267,-0.362562065184454
2026-05-02 19:00:00+00:00,6374.37934815546,6374.37934815546,0.0,0,True,78486.0,0.0,10944.114289974746,0.00024698400415368305,-0.362562065184454
2026-05-02 20:00:00+00:00,6374.37934815546,6374.37934815546,0.0,0,True,78451.38,0.0,10939.286865507722,-0.00044109777539935724,-0.362562065184454
2026-05-02 21:00:00+00:00,6374.37934815546,6374.37934815546,0.0,0,True,78719.78,0.0,10976.71265195918,0.0034212272620315343,-0.362562065184454
2026-05-02 22:00:00+00:00,6374.37934815546,6374.37934815546,0.0,0,True,78832.98,0.0,10992.497298107859,0.0014380121489161457,-0.362562065184454
2026-05-02 23:00:00+00:00,6374.37934815546,6374.37934815546,0.0,0,True,78686.85,0.0,10972.12088166169,-0.001853665813470351,-0.362562065184454
2026-05-03 00:00:00+00:00,6374.37934815546,6374.37934815546,0.0,0,True,78542.32,0.0,10951.967569754726,-0.001836774505524108,-0.362562065184454
2026-05-03 01:00:00+00:00,6374.37934815546,6374.37934815546,0.0,0,True,78240.83,0.0,10909.927702551855,-0.0038385675391305885,-0.362562065184454
2026-05-03 02:00:00+00:00,6374.37934815546,6374.37934815546,0.0,0,True,78171.85,0.0,10900.309108105426,-0.0008816368640260919,-0.362562065184454
2026-05-03 03:00:00+00:00,6374.37934815546,6374.37934815546,0.0,0,True,78203.08,0.0,10904.663829830013,0.00039950442518632556,-0.362562065184454
2026-05-03 04:00:00+00:00,6374.37934815546,6374.37934815546,0.0,0,True,78163.19,0.0,10899.101554786983,-0.0005100822115959858,-0.362562065184454
2026-05-03 05:00:00+00:00,6374.37934815546,6374.37934815546,0.0,0,True,78249.42,0.0,10911.125495046705,0.00110320471823111,-0.362562065184454
2026-05-03 06:00:00+00:00,6374.37934815546,6374.37934815546,0.0,0,True,78288.3,0.0,10916.54693534936,0.0004968726924750033,-0.362562065184454
2026-05-03 07:00:00+00:00,6374.37934815546,6374.37934815546,0.0,0,True,78363.25,0.0,10926.997988607694,0.0009573588901534702,-0.362562065184454
2026-05-03 08:00:00+00:00,6374.37934815546,6374.37934815546,0.0,0,True,78387.86,0.0,10930.429615301326,0.0003140502722895899,-0.362562065184454
2026-05-03 09:00:00+00:00,6374.37934815546,6374.37934815546,0.0,0,True,78529.57,0.0,10950.189705457944,0.0018078054433430246,-0.362562065184454
2026-05-03 10:00:00+00:00,6374.37934815546,6374.37934815546,0.0,0,True,78408.01,0.0,10933.239338091926,-0.0015479519370855677,-0.362562065184454
2026-05-03 11:00:00+00:00,6374.37934815546,6374.37934815546,0.0,0,True,78656.01,0.0,10967.820541668534,0.0031629421534866697,-0.362562065184454
2026-05-03 12:00:00+00:00,6374.37934815546,6374.37934815546,0.0,0,True,78747.09,0.0,10980.520767562717,0.001157953473612361,-0.362562065184454
2026-05-03 13:00:00+00:00,6374.37934815546,6374.37934815546,0.0,0,True,78670.01,0.0,10969.77270638657,-0.0009788298208859292,-0.362562065184454
2026-05-03 14:00:00+00:00,6374.37934815546,6374.37934815546,0.0,0,True,78741.0,0.0,10979.671575910374,0.0009023769032188156,-0.362562065184454
2026-05-03 15:00:00+00:00,6374.37934815546,6374.37934815546,0.0,0,True,78668.36,0.0,10969.542629830516,-0.0009225181290559714,-0.362562065184454
2026-05-03 16:00:00+00:00,6374.37934815546,6374.37934815546,0.0,0,True,78654.0,0.0,10967.540266591159,-0.0001825384436641153,-0.362562065184454
2026-05-03 17:00:00+00:00,6374.37934815546,6374.37934815546,0.0,0,True,78725.76,0.0,10977.546505174456,0.0009123502936914107,-0.362562065184454
2026-05-03 18:00:00+00:00,6374.37934815546,6374.37934815546,0.0,0,True,78739.67,0.0,10979.48612026216,0.00017668930728631516,-0.362562065184454
2026-05-03 19:00:00+00:00,6374.37934815546,6374.37934815546,0.0,0,True,78760.32,0.0,10982.365563221261,0.0002622566236307744,-0.362562065184454
2026-05-03 20:00:00+00:00,6374.37934815546,6374.37934815546,0.0,0,True,78915.99,0.0,11004.072240482432,0.0019765028887641645,-0.362562065184454
2026-05-03 21:00:00+00:00,6374.37934815546,6374.37934815546,0.0,0,True,78831.59,0.0,10992.303476039424,-0.0010694917468564435,-0.362562065184454
2026-05-03 22:00:00+00:00,6374.37934815546,6374.37934815546,0.0,0,True,79177.29,0.0,11040.508000541173,0.00438529782286512,-0.362562065184454
2026-05-03 23:00:00+00:00,6374.37934815546,6374.37934815546,0.0,0,True,78568.57,0.0,10955.62787860104,-0.007688063079703489,-0.362562065184454
2026-05-04 00:00:00+00:00,6374.37934815546,6374.37934815546,0.0,0,True,78547.14,0.0,10952.639672179077,-0.0002727553778820724,-0.362562065184454
2026-05-04 01:00:00+00:00,6374.37934815546,6374.37934815546,0.0,0,True,79769.43,0.0,11123.076201693808,0.015561228581969955,-0.362562065184454
2026-05-04 02:00:00+00:00,6374.37934815546,6374.37934815546,0.0,0,True,80173.3,0.0,11179.39197059899,0.005062967104064953,-0.362562065184454
2026-05-04 03:00:00+00:00,6374.37934815546,6374.37934815546,0.0,0,True,80316.31,0.0,11199.333333193712,0.0017837609278901212,-0.362562065184454
2026-05-04 04:00:00+00:00,6374.37934815546,6374.37934815546,0.0,0,True,80332.06,0.0,11201.5295185015,0.00019609964651001732,-0.362562065184454
2026-05-04 05:00:00+00:00,6374.37934815546,6374.37934815546,0.0,0,True,80027.26,0.0,11159.028103783152,-0.0037942510126094398,-0.362562065184454
2026-05-04 06:00:00+00:00,6374.37934815546,6374.37934815546,0.0,0,True,79877.9,0.0,11138.201295048464,-0.0018663640364546819,-0.362562065184454
2026-05-04 07:00:00+00:00,6374.37934815546,6374.37934815546,0.0,0,True,79696.75,0.0,11112.94167800047,-0.0022678362851300538,-0.362562065184454
2026-05-04 08:00:00+00:00,6374.37934815546,6374.37934815546,0.0,0,True,79708.3,0.0,11114.552213892848,0.0001449243538789169,-0.362562065184454
2026-05-04 09:00:00+00:00,6374.37934815546,6374.37934815546,0.0,0,True,79838.48,0.0,11132.704556963829,0.0016332050740011095,-0.362562065184454
2026-05-04 10:00:00+00:00,6374.37934815546,6374.37934815546,0.0,0,True,78940.26,0.0,11007.456457461483,-0.011250464688205453,-0.362562065184454
2026-05-04 11:00:00+00:00,6374.37934815546,6374.37934815546,0.0,0,True,78793.67,0.0,10987.015898460291,-0.0018569738685939585,-0.362562065184454
2026-05-04 12:00:00+00:00,6374.37934815546,6374.37934815546,0.0,0,True,78857.18,0.0,10995.871754263319,0.0008060292152911597,-0.362562065184454
2026-05-04 13:00:00+00:00,6374.37934815546,6374.37934815546,0.0,0,True,78790.0,0.0,10986.504152423493,-0.0008519198885884594,-0.362562065184454
2026-05-04 14:00:00+00:00,6374.37934815546,6374.37934815546,0.0,0,True,80216.16,0.0,11185.368383442918,0.018100774209925286,-0.362562065184454
2026-05-04 15:00:00+00:00,6374.37934815546,6374.37934815546,0.0,0,False,80028.85,0.0,11159.249813918987,-0.0023350656526067715,-0.362562065184454
2026-05-04 16:00:00+00:00,6374.37934815546,6374.37934815546,0.0,0,False,80025.03,0.0,11158.717151831637,-4.773278636394096e-05,-0.362562065184454
2026-05-04 17:00:00+00:00,6374.37934815546,6374.37934815546,0.0,0,False,80390.81,0.0,11209.721638300394,0.004570819904722301,-0.362562065184454
2026-05-04 18:00:00+00:00,6355.42856166487,2387.241482034603,0.04953119312784933,1,False,80114.91,-0.002972961829777798,11171.250049321417,-0.0034319843275617545,-0.3644571438335129
2026-05-04 19:00:00+00:00,6350.137267277645,6350.137267277645,0.0,0,False,80053.31,-0.0008325629555717695,11162.660524562067,-0.0007688955776146145,-0.36498627327223554
2026-05-04 20:00:00+00:00,6338.268373302848,2098.4161256457546,0.05304012109152734,1,False,79936.7,-0.0018690767577510536,11146.400386864208,-0.0014566543219763917,-0.3661731626697152
2026-05-04 21:00:00+00:00,6355.372221151232,2098.4161256457546,0.05304012109152734,1,False,80259.17,0.0026985048346053198,11191.36571233739,0.004034066955478588,-0.3644627778848768
2026-05-04 22:00:00+00:00,6345.191700308925,2098.4161256457546,0.05304012109152734,1,False,80067.23,-0.001601876410704306,11164.60153405314,-0.0023915024289435927,-0.3654808299691076
2026-05-04 23:00:00+00:00,6334.25376653743,2098.4161256457546,0.05304012109152734,1,False,79861.01,-0.0017238145493637669,11135.846147756494,-0.002575585542299752,-0.366574623346257
2026-05-05 00:00:00+00:00,6328.614883330926,6328.614883330926,0.0,0,False,80170.66,-0.0008902206028266191,11179.023848109306,0.003877361430815851,-0.36713851166690736
2026-05-05 01:00:00+00:00,6333.097542075407,1464.0765387310094,0.06059613952788228,1,False,80352.0,0.0007083159312295528,11204.30995882133,0.0022619247490289762,-0.36669024579245935
2026-05-05 02:00:00+00:00,6326.604707404516,6326.604707404516,0.0,0,False,80554.68,-0.001025222590960162,11232.571726324986,0.0025224014336915346,-0.3673395292595484
2026-05-05 03:00:00+00:00,6326.604707404516,6326.604707404516,0.0,0,False,80893.08,0.0,11279.758336366618,0.004200873245353343,-0.3673395292595484
2026-05-05 04:00:00+00:00,6320.6407615862845,1411.9129932870146,0.06067465663951878,1,False,80902.44,-0.0009426771695174585,11281.06349792096,0.00011570829049900588,-0.3679359238413715
2026-05-05 05:00:00+00:00,6324.73994138885,1411.9129932870146,0.06067465663951878,1,False,80970.0,0.0006485386461887455,11290.484087088847,0.0008350798813978599,-0.36752600586111506
2026-05-05 06:00:00+00:00,6318.236325589915,6318.236325589915,0.0,0,False,80976.0,-0.001028281930830821,11291.320729110861,7.4101519081049e-05,-0.36817636744100846
2026-05-05 07:00:00+00:00,6318.236325589915,6318.236325589915,0.0,0,False,80855.59,0.0,11274.530718132395,-0.0014869837976684286,-0.36817636744100846
2026-05-05 08:00:00+00:00,6308.3153026602395,867.8724361262339,0.06731951630081165,1,False,80815.24,-0.0015702202985814484,11268.904300534346,-0.0004990378525466799,-0.3691684697339761
2026-05-05 09:00:00+00:00,6292.884323133768,867.8724361262339,0.06731951630081165,1,False,80586.02,-0.0024461332045283557,11236.941786486645,-0.0028363462139070483,-0.37071156768662317
2026-05-05 10:00:00+00:00,6285.703948408274,6285.703948408274,0.0,0,False,80823.61,-0.0011410307828315647,11270.071416155059,0.002948278125660009,-0.37142960515917256
2026-05-05 11:00:00+00:00,6285.703948408274,6285.703948408274,0.0,0,False,81014.05,0.0,11296.626433933805,0.002356242192101954,-0.37142960515917256
2026-05-05 12:00:00+00:00,6297.535532934393,200.1599838554548,0.07501746812727772,1,False,81279.41,0.0018823006338239967,11333.628321760778,0.0032754812282562717,-0.3702464467065607
2026-05-05 13:00:00+00:00,6301.330666646952,200.1599838554548,0.07501746812727772,1,False,81330.0,0.0006026379196610865,11340.682608409732,0.0006224208566474321,-0.36986693333530485
2026-05-05 14:00:00+00:00,6301.82503176191,200.1599838554548,0.07501746812727772,1,False,81336.59,7.84540823377533e-05,11341.601520230577,8.102791097996942e-05,-0.36981749682380893
2026-05-05 15:00:00+00:00,6315.973326250715,200.1599838554548,0.07501746812727772,1,False,81525.19,0.0022451106492953343,11367.89996778924,0.0023187596136007294,-0.36840266737492844
2026-05-05 16:00:00+00:00,6307.875511640163,6307.875511640163,0.0,0,False,81285.75,-0.001282116657601473,11334.512373497373,-0.002937006341230175,-0.3692124488359837
2026-05-05 17:00:00+00:00,6307.875511640163,6307.875511640163,0.0,0,False,81270.6,0.0,11332.399852391785,-0.00018637953146771746,-0.3692124488359837
2026-05-05 18:00:00+00:00,6317.734655531703,374.548711254477,0.07290910806940104,1,False,81515.0,0.0015629896108992902,11366.479070755186,0.0030072375496181802,-0.36822653444682973
2026-05-05 19:00:00+00:00,6309.808114224233,6309.808114224233,0.0,0,False,81606.35,-0.0012546492911869045,11379.21694554036,0.001120652640618225,-0.36901918857757676
2026-05-05 20:00:00+00:00,6304.546893066455,86.17021733832644,0.07616230720490152,1,False,81646.38,-0.0008338163479040261,11384.798742230569,0.0004905255534648489,-0.3695453106933545
2026-05-05 21:00:00+00:00,6286.323537821538,86.17021733832644,0.07616230720490152,1,False,81407.11,-0.00289050990562989,11351.434852795992,-0.002930564710890926,-0.37136764621784624
2026-05-05 22:00:00+00:00,6263.791680858039,86.17021733832644,0.07616230720490152,1,False,81111.27,-0.003584266197553476,11310.182823497184,-0.0036340806104038226,-0.37362083191419604
2026-05-05 23:00:00+00:00,6232.343718131728,6232.343718131728,0.0,0,False,80905.52,-0.005020595244636827,11281.49297415893,-0.0025366388665840622,-0.37676562818682724
2026-05-06 00:00:00+00:00,6232.343718131728,6232.343718131728,0.0,0,False,81030.01,0.0,11298.851901712364,0.001538708360072194,-0.37676562818682724
2026-05-06 01:00:00+00:00,6253.617699629646,516.5725392651148,0.07044562444101993,1,False,81439.34,0.0034134801384633207,11355.929014857578,0.005051585208986076,-0.37463823003703534
2026-05-06 02:00:00+00:00,6246.013291524774,6246.013291524774,0.0,0,False,81363.54,-0.0012160014363081784,11345.359437312793,-0.0009307541048343415,-0.37539867084752254
2026-05-06 03:00:00+00:00,6246.013291524774,6246.013291524774,0.0,0,False,81581.69,0.0,11375.778346829879,0.0026811763598288962,-0.37539867084752254
2026-05-06 04:00:00+00:00,6220.698388584535,483.8513852858787,0.07053694101393754,1,False,81331.1,-0.004052969751855873,11340.835992780434,-0.003071645120369504,-0.37793016114154654
2026-05-06 05:00:00+00:00,6213.071277380915,6213.071277380915,0.0,0,False,81333.0,-0.0012260859998640683,11341.100929420738,2.3361297215807042e-05,-0.3786928722619085
2026-05-06 06:00:00+00:00,6213.071277380915,6213.071277380915,0.0,0,False,81476.71,0.0,11361.139900251363,0.0017669334710390672,-0.3786928722619085
2026-05-06 07:00:00+00:00,6213.071277380915,6213.071277380915,0.0,0,False,81359.82,0.0,11344.840719259144,-0.001434643102305122,-0.3786928722619085
2026-05-06 08:00:00+00:00,6249.1543804428375,60.09284618649144,0.07552641023644627,1,False,81945.66,0.0058076113166907195,11426.530446288663,0.007200605901045654,-0.37508456195571627
2026-05-06 09:00:00+00:00,6253.031906344376,60.09284618649144,0.07552641023644627,1,False,81997.0,0.0006204880957452197,11433.689313190369,0.0006265127402720339,-0.3746968093655624
2026-05-06 10:00:00+00:00,6244.849827227856,6244.849827227856,0.0,0,False,82290.04,-0.0013084978997498498,11474.550909545567,0.0035737892849736497,-0.3755150172772145
2026-05-06 11:00:00+00:00,6244.849827227856,6244.849827227856,0.0,0,False,82522.89,0.0,11507.01959201659,0.002829625553712356,-0.3755150172772145
2026-05-06 12:00:00+00:00,6215.506949201934,349.15896004734805,0.07134899604872832,1,False,82220.47,-0.004698732369509573,11464.850045300307,-0.0036646801875213075,-0.37844930507980656
2026-05-06 13:00:00+00:00,6207.738548144271,6207.738548144271,0.0,0,False,81670.89,-0.0012498419068874833,11388.216424890497,-0.006684223527304134,-0.37922614518557296
2026-05-06 14:00:00+00:00,6190.218804992384,523.0316946407629,0.06951323952710506,1,False,81526.73,-0.0028222424343441466,11368.114705908225,-0.0017651332071927373,-0.38097811950076155
2026-05-06 15:00:00+00:00,6202.558795273237,523.0316946407629,0.06951323952710506,1,False,81704.25,0.0019934659290072876,11392.8681545329,0.0021774453605583055,-0.37974412047267636
2026-05-06 16:00:00+00:00,6195.024989266901,6195.024989266901,0.0,0,False,81630.94,-0.00121462871292366,11382.64578342725,-0.0008972605464220296,-0.38049750107330993
2026-05-06 17:00:00+00:00,6195.024989266901,6195.024989266901,0.0,0,False,81452.63,0.0,11357.782176936344,-0.0021843433384447497,-0.38049750107330993
2026-05-06 18:00:00+00:00,6181.164475108566,769.0020091677225,0.06652678023172608,1,False,81353.14,-0.002237362106262464,11343.909257807967,-0.0012214461337837212,-0.3818835524891434
2026-05-06 19:00:00+00:00,6173.948326157265,6173.948326157265,0.0,0,False,81464.87,-0.0011674416657831976,11359.488926661252,0.001373395052729487,-0.3826051673842735
2026-05-06 20:00:00+00:00,6163.799218798357,497.3687294933634,0.06958864139918536,1,False,81427.52,-0.00164386010746298,11354.28083007421,-0.00045847983308622275,-0.3836200781201643
2026-05-06 21:00:00+00:00,6171.568094724163,497.3687294933634,0.06958864139918536,1,False,81539.16,0.0012604037948076297,11369.847949297166,0.0013710352470517329,-0.38284319052758375
2026-05-06 22:00:00+00:00,6157.875137756045,497.3687294933634,0.06958864139918536,1,False,81342.39,-0.002218716014787736,11342.410274185191,-0.002413196309601573,-0.3842124862243955
2026-05-06 23:00:00+00:00,6165.155501419227,497.3687294933634,0.06958864139918536,1,False,81447.01,0.001182285041563036,11356.99852224239,0.0012861682574116795,-0.3834844498580773
2026-05-07 00:00:00+00:00,6157.604049241263,6157.604049241263,0.0,0,False,81016.96,-0.0012248599692620266,11297.032205314485,-0.005280120166473723,-0.3842395950758737
2026-05-07 01:00:00+00:00,6160.653248362946,356.21426959443943,0.0715115967017525,1,False,81167.8,0.0004951924640330674,11318.065385747934,0.001861832386700124,-0.3839346751637054
2026-05-07 02:00:00+00:00,6152.9348653753195,6152.9348653753195,0.0,0,False,81113.34,-0.0012528513903420357,11310.471464994778,-0.0006709557238216979,-0.3847065134624681
2026-05-07 03:00:00+00:00,6152.9348653753195,6152.9348653753195,0.0,0,False,80834.91,0.0,11271.647091963187,-0.0034326043040514564,-0.3847065134624681
2026-05-07 04:00:00+00:00,6155.630424808953,113.46227323218227,0.07461383784620185,1,False,80979.19,0.0004380932827359185,11291.7655437859,0.0017848724022824225,-0.38443695751910467
2026-05-07 05:00:00+00:00,6163.749156504998,113.46227323218227,0.07461383784620185,1,False,81088.0,0.0013189114900926668,11306.938046855137,0.0013436785425984255,-0.38362508434950027
2026-05-07 06:00:00+00:00,6155.676477776928,6155.676477776928,0.0,0,False,81438.61,-0.0013097026700948922,11355.827223411568,0.004323821033938469,-0.3844323522223072
2026-05-07 07:00:00+00:00,6155.676477776928,6155.676477776928,0.0,0,False,81518.58,0.0,11366.978267161654,0.0009819666617589817,-0.3844323522223072
2026-05-07 08:00:00+00:00,6125.857939922397,-9.094947017729282e-13,0.07541258683140128,1,False,81231.24,-0.0048440716405712125,11326.911480727369,-0.003524840594622658,-0.38741420600776033
2026-05-07 09:00:00+00:00,6103.0652396784735,-9.094947017729282e-13,0.07541258683140128,1,False,80929.0,-0.0037207360124013045,11284.767033271746,-0.0037207360124011934,-0.38969347603215265
2026-05-07 10:00:00+00:00,6094.974614541516,6094.974614541516,0.0,0,False,80850.75,-0.0013256658448213,11273.855826901305,-0.0009668969096368052,-0.3905025385458485
2026-05-07 11:00:00+00:00,6094.974614541516,6094.974614541516,0.0,0,False,80866.65,0.0,11276.072928259642,0.00019665865808282668,-0.3905025385458485
2026-05-07 12:00:00+00:00,6109.083628488671,-9.094947017729282e-13,0.07527023577273002,1,False,81162.01,0.002314860165864241,11317.258026196689,0.0036524327395781597,-0.38909163715113293
2026-05-07 13:00:00+00:00,6059.5309741724095,-9.094947017729282e-13,0.07527023577273002,1,False,80503.68,-0.008111307248305,11225.46026913786,-0.00811130724830511,-0.3940469025827591
2026-05-07 14:00:00+00:00,6022.896821312878,6022.896821312878,0.0,0,False,80171.38,-0.006045707665440991,11179.124245151947,-0.004127761612885084,-0.39771031786871214
2026-05-07 15:00:00+00:00,5996.118475539528,460.197470551906,0.06929374577453729,1,False,79890.63,-0.004446090738030151,11139.976370538507,-0.0035018731123251934,-0.4003881524460472
2026-05-07 16:00:00+00:00,5988.780095263557,5988.780095263557,0.0,0,False,79801.08,-0.001223855116590289,11127.489488359937,-0.00112090742055726,-0.4011219904736443
2026-05-07 17:00:00+00:00,5988.780095263557,5988.780095263557,0.0,0,False,80094.52,0.0,11168.406860849936,0.0036771432166080587,-0.4011219904736443
2026-05-07 18:00:00+00:00,5988.780118786136,690.9715390989768,0.06605697763179996,1,False,80200.59,3.9277747720944944e-09,11183.197297395787,0.0013243103273483658,-0.40112198812138644
2026-05-07 19:00:00+00:00,5981.732782178602,5981.732782178602,0.0,0,False,80146.11,-0.00117675661282457,11175.600587835894,-0.0006792967483156831,-0.40182672178213974
2026-05-07 20:00:00+00:00,5955.6867387864495,388.0560370000112,0.06969994239842091,1,False,79879.99,-0.004354263946686476,11138.4927253528,-0.0033204356393591317,-0.404431326121355
2026-05-07 21:00:00+00:00,5945.581641137526,388.0560370000112,0.06969994239842091,1,False,79735.01,-0.0016967140973204176,11118.276665294185,-0.0018149726859003623,-0.4054418358862474
2026-05-07 22:00:00+00:00,5958.406430538836,388.0560370000112,0.06969994239842091,1,False,79919.01,0.002157028559253815,11143.933687302637,0.0023076437815710005,-0.4041593569461165
2026-05-07 23:00:00+00:00,5964.469628528074,388.0560370000112,0.06969994239842091,1,False,80006.0,0.0010175871787065915,11156.063602218479,0.001088476946848882,-0.4035530371471926
2026-05-08 00:00:00+00:00,5956.983162730737,5956.983162730737,0.0,0,False,79831.99,-0.0012551771177657933,11131.799589176682,-0.0021749618778591495,-0.4043016837269263
2026-05-08 01:00:00+00:00,5942.5157020612305,102.95697454872698,0.07323248050147603,1,False,79740.01,-0.002428655625555609,11118.973866979197,-0.0011521697003920028,-0.40574842979387693
2026-05-08 02:00:00+00:00,5934.75629623096,5934.75629623096,0.0,0,False,79488.46,-0.001305744270491127,11083.89765020623,-0.0031546271438891438,-0.4065243703769039
2026-05-08 03:00:00+00:00,5934.75629623096,5934.75629623096,0.0,0,False,79578.85,0.0,11096.501662267881,0.0011371461970706154,-0.4065243703769039
2026-05-08 04:00:00+00:00,5932.609731965533,132.07441810700675,0.07282052055914628,1,False,79655.23,-0.00036169375089434297,11107.152115208128,0.0009598027616632976,-0.40673902680344676
2026-05-08 05:00:00+00:00,5928.588582820256,132.07441810700675,0.07282052055914628,1,False,79600.01,-0.0006778044278911155,11099.452219798854,-0.0006932375940662538,-0.40714114171797433
2026-05-08 06:00:00+00:00,5920.843822715302,5920.843822715302,0.0,0,False,79525.76,-0.0013063412980615086,11089.098774776421,-0.0009327888275391105,-0.40791561772846985
2026-05-08 07:00:00+00:00,5920.843822715302,5920.843822715302,0.0,0,False,79682.4,0.0,11110.940709164484,0.0019696762407550583,-0.40791561772846985
2026-05-08 08:00:00+00:00,5928.143848192408,-9.094947017729282e-13,0.07420753456321588,1,False,79886.01,0.001232936671813567,11139.332156181556,0.002555269419595829,-0.40718561518075924
2026-05-08 09:00:00+00:00,5927.157630058064,-9.094947017729282e-13,0.07420753456321588,1,False,79872.72,-0.00016636204511888408,11137.478994102792,-0.00016636204511910613,-0.4072842369941936
2026-05-08 10:00:00+00:00,5919.28660547966,5919.28660547966,0.0,0,False,80212.56,-0.001327959381152266,11184.866398229708,0.004254769338016828,-0.408071339452034
2026-05-08 11:00:00+00:00,5919.28660547966,5919.28660547966,0.0,0,False,80231.22,0.0,11187.468354918172,0.00023263189704936238,-0.408071339452034
2026-05-08 12:00:00+00:00,5896.316474789676,-9.094947017729282e-13,0.07368017565817728,1,False,80025.82,-0.0038805572733577876,11158.827309697868,-0.002560100669041221,-0.4103683525210323
2026-05-08 13:00:00+00:00,5868.463894787372,-9.094947017729282e-13,0.07368017565817728,1,False,79647.8,-0.004723725417621449,11106.1160735042,-0.004723725417621449,-0.41315361052126287
2026-05-08 14:00:00+00:00,5860.7205637549405,5860.7205637549405,0.0,0,False,80150.97,-0.0013194817538725312,11176.278267873726,0.006317437518676083,-0.4139279436245059
2026-05-08 15:00:00+00:00,5852.624399941876,200.28131913318975,0.07052897615173098,1,False,80142.14,-0.0013814280556446734,11175.047009697993,-0.00011016710090971937,-0.4147375600058124
2026-05-08 16:00:00+00:00,5845.137266873172,5845.137266873172,0.0,0,False,79802.34,-0.0012792779028802936,11127.66518318456,-0.004239966639273618,-0.41548627331268284
2026-05-08 17:00:00+00:00,5845.137266873172,5845.137266873172,0.0,0,False,80060.0,0.0,11163.593380416612,0.0032287273781697046,-0.41548627331268284
2026-05-08 18:00:00+00:00,5839.277268769079,455.2161982103935,0.06723487320624146,1,False,80078.4,-0.0010025424274130446,11166.159082617456,0.0002298276292778123,-0.41607227312309214
2026-05-08 19:00:00+00:00,5832.109984118779,5832.109984118779,0.0,0,False,80179.94,-0.0012274266695012637,11180.317854436686,0.0012680073527941982,-0.41678900158812215
2026-05-08 20:00:00+00:00,5821.084391789477,78.93052684420309,0.071657711751104,1,False,80133.09,-0.0018904980117530057,11173.78507464812,-0.0005843107390701707,-0.4178915608210523
2026-05-08 21:00:00+00:00,5830.464386257697,78.93052684420309,0.071657711751104,1,False,80263.99,0.0016113826629020611,11192.037814761743,0.001633532414636818,-0.41695356137423034
2026-05-08 22:00:00+00:00,5830.3217874113125,78.93052684420309,0.071657711751104,1,False,80262.0,-2.4457545220624155e-05,11191.760328491107,-2.479318558679111e-05,-0.4169678212588688
2026-05-08 23:00:00+00:00,5825.389587111484,78.93052684420309,0.071657711751104,1,False,80193.17,-0.0008459567892938891,11182.162650095228,-0.0008575664698113883,-0.41746104128885164
2026-05-09 00:00:00+00:00,5817.762673412102,5817.762673412102,0.0,0,False,80238.76,-0.001309253842224689,11188.519735059172,0.0005685022801817929,-0.41822373265878976
2026-05-09 01:00:00+00:00,5816.427250612956,0.0,0.07240869127559227,1,False,80327.75,-0.00022954232994909507,11200.92853064902,0.0011090649955207699,-0.41835727493870434
2026-05-09 02:00:00+00:00,5808.67449755812,5808.67449755812,0.0,0,False,80417.87,-0.0013329063909498506,11213.49489381968,0.001121903700775695,-0.41913255024418805
2026-05-09 03:00:00+00:00,5808.67449755812,5808.67449755812,0.0,0,False,80383.95,0.0,11208.765077588558,-0.00042179679715448337,-0.41913255024418805
2026-05-09 04:00:00+00:00,5800.687293501022,-9.094947017729282e-13,0.07216589338256235,1,False,80379.9,-0.0013750476223887143,11208.200344223696,-5.0383192167213764e-05,-0.41993127064989777
2026-05-09 05:00:00+00:00,5800.657705484736,-9.094947017729282e-13,0.07216589338256235,1,False,80379.49,-5.1007776818989825e-06,11208.143173685527,-5.1007776818989825e-06,-0.4199342294515265
2026-05-09 06:00:00+00:00,5792.969525071662,5792.969525071662,0.0,0,False,80263.92,-0.001325398050259774,11192.028053938153,-0.0014378045941818574,-0.4207030474928338
2026-05-09 07:00:00+00:00,5792.969525071662,5792.969525071662,0.0,0,False,80228.89,0.0,11187.143458932956,-0.00043643520027436544,-0.4207030474928338
2026-05-09 08:00:00+00:00,5798.1708514278225,0.0,0.07211016700296967,1,False,80407.12,0.0008978687586131961,11211.995910196903,0.002221518956575297,-0.4201829148572177
2026-05-09 09:00:00+00:00,5786.302239040803,0.0,0.07211016700296967,1,False,80242.53,-0.002046958030582413,11189.04542512967,-0.002046958030582302,-0.42136977609591963
2026-05-09 10:00:00+00:00,5778.601613588423,5778.601613588423,0.0,0,False,80264.02,-0.001330837058669987,11192.041997971854,0.0002678130911375476,-0.42213983864115767
2026-05-09 11:00:00+00:00,5778.601613588423,5778.601613588423,0.0,0,False,80345.46,0.0,11203.398019017335,0.0010146513967281834,-0.42213983864115767
2026-05-09 12:00:00+00:00,5774.718464445275,-9.094947017729282e-13,0.07182667005703347,1,False,80397.97,-0.0006719876888583443,11210.720031113333,0.0006535527956401666,-0.4225281535554726
2026-05-09 13:00:00+00:00,5774.230761355587,-9.094947017729282e-13,0.07182667005703347,1,False,80391.18,-8.445486869890217e-05,11209.773231225085,-8.445486869890217e-05,-0.42257692386444135
2026-05-09 14:00:00+00:00,5766.603227331827,5766.603227331827,0.0,0,False,80332.22,-0.001320961066330728,11201.55182895542,-0.000733413789920645,-0.4233396772668173
2026-05-09 15:00:00+00:00,5773.019805159421,-9.094947017729282e-13,0.07168966744899684,1,False,80527.92,0.0011127135983937109,11228.840302906801,0.002436133347242242,-0.42269801948405794
2026-05-09 16:00:00+00:00,5765.403621455297,5765.403621455297,0.0,0,False,80625.01,-0.0013192720553837356,11242.37856522637,0.0012056687916439657,-0.42345963785447027
2026-05-09 17:00:00+00:00,5765.403621455297,5765.403621455297,0.0,0,False,80812.7,0.0,11268.55012207836,0.0023279376957596742,-0.42345963785447027
2026-05-09 18:00:00+00:00,5764.568288314774,-9.094947017729282e-13,0.0712487420944098,1,False,80907.65,-0.00014488719183769483,11281.789982076743,0.0011749390875444021,-0.4235431711685226
2026-05-09 19:00:00+00:00,5756.946897060931,5756.946897060931,0.0,0,False,80938.53,-0.0013221096312262537,11286.09589968338,0.00038166971850017717,-0.42430531029390683
2026-05-09 20:00:00+00:00,5739.862959563336,0.0,0.07103307274335702,1,False,80805.5,-0.002967534320373444,11267.546151651943,-0.0016435929834653917,-0.42601370404366645
2026-05-09 21:00:00+00:00,5738.110573658757,0.0,0.07103307274335702,1,False,80780.83,-0.0003053010005507062,11264.106158538092,-0.0003053010005507062,-0.4261889426341243
2026-05-09 22:00:00+00:00,5738.220674921509,0.0,0.07103307274335702,1,False,80782.38,1.9187720651014928e-05,11264.322291060447,1.9187720651236972e-05,-0.4261779325078491
2026-05-09 23:00:00+00:00,5730.834656017654,0.0,0.07103307274335702,1,False,80678.4,-0.0012871618786177708,11249.823284818931,-0.0012871618786176597,-0.4269165343982346
2026-05-10 00:00:00+00:00,5723.289273333918,5723.289273333918,0.0,0,False,80680.04,-0.0013166289269598286,11250.051966971614,2.0327621767401993e-05,-0.4276710726666082
2026-05-10 01:00:00+00:00,5716.134521819151,-9.094947017729282e-13,0.07084457890382309,1,False,80685.56,-0.0012501118103713793,11250.82167763187,6.84184093118212e-05,-0.42838654781808494
2026-05-10 02:00:00+00:00,5708.6033953256,5708.6033953256,0.0,0,False,80777.42,-0.0013175208639341074,11263.630666988913,0.0011384936784224475,-0.42913966046744
2026-05-10 03:00:00+00:00,5708.6033953256,5708.6033953256,0.0,0,False,80775.0,0.0,11263.293221373367,-2.9958867218016216e-05,-0.42913966046744
2026-05-10 04:00:00+00:00,5700.009267160443,-1.8189894035458565e-12,0.07057967072483155,1,False,80759.93,-0.0015054694765087584,11261.19185549474,-0.00018656762612190292,-0.4299990732839557
2026-05-10 05:00:00+00:00,5695.8337738403625,-1.8189894035458565e-12,0.07057967072483155,1,False,80700.77,-0.0007325414967546129,11252.942565157677,-0.0007325414967545019,-0.4304166226159638
2026-05-10 06:00:00+00:00,5688.332994182802,5688.332994182802,0.0,0,False,80733.75,-0.0013168887919463579,11257.541307472016,0.00040867020227919326,-0.4311667005817198
2026-05-10 07:00:00+00:00,5688.332994182802,5688.332994182802,0.0,0,False,80736.03,0.0,11257.859231440383,2.8240977286486668e-05,-0.4311667005817198
2026-05-10 08:00:00+00:00,5687.494276387197,0.0,0.07036336826024583,1,False,80830.33,-0.00014744527025112308,11271.008455219715,0.0011680039258803454,-0.4312505723612803
2026-05-10 09:00:00+00:00,5685.920247839215,0.0,0.07036336826024583,1,False,80807.96,-0.0002767525506823798,11267.889174880971,-0.0002767525506822688,-0.43140797521607843
2026-05-10 10:00:00+00:00,5678.417561069409,5678.417561069409,0.0,0,False,80873.79,-0.0013195202258873273,11277.06853226584,0.0008146474678976112,-0.4321582438930591
2026-05-10 11:00:00+00:00,5678.417561069409,5678.417561069409,0.0,0,False,80821.21,0.0,11269.736759346253,-0.0006501488306653869,-0.4321582438930591
2026-05-10 12:00:00+00:00,5678.42187931212,0.0,0.07016658666909335,1,False,80927.72,7.604658629478678e-07,11284.588549640383,0.001317847134433947,-0.432157812068788
2026-05-10 13:00:00+00:00,5681.505700796226,0.0,0.07016658666909335,1,False,80971.67,0.000543077205189979,11290.716952451641,0.000543077205189979,-0.43184942992037745
2026-05-10 14:00:00+00:00,5674.014150083384,5674.014150083384,0.0,0,False,80990.11,-0.001318585443255249,11293.288232265968,0.00022773397164721487,-0.4325985849916616
2026-05-10 15:00:00+00:00,5696.496467111582,0.0,0.06996604887679744,1,False,81418.01,0.003962330095329092,11352.954752469317,0.005283361141255272,-0.43035035328884175
2026-05-10 16:00:00+00:00,5693.7146170082415,0.0,0.06996604887679744,1,False,81378.25,-0.0004883440408330886,11347.4106046701,-0.0004883440408331996,-0.4306285382991758
2026-05-10 17:00:00+00:00,5686.233824996975,5686.233824996975,0.0,0,False,81476.18,-0.0013138684522261412,11361.06599687275,0.0012033927984442805,-0.43137661750030243
2026-05-10 18:00:00+00:00,5664.531747364544,0.0,0.06969847592410154,1,False,81271.96,-0.0038165995807326603,11332.58949125011,-0.0025064994456047707,-0.4335468252635456
2026-05-10 19:00:00+00:00,5657.0426742249065,5657.0426742249065,0.0,0,False,81437.83,-0.001322099243793895,11355.718459948706,0.002040925308064434,-0.4342957325775093
2026-05-10 20:00:00+00:00,5611.497755866144,5611.497755866144,0.0,0,False,80734.88,-0.00805101198304159,11257.69887505283,-0.008631737854508104,-0.4388502244133856
2026-05-10 21:00:00+00:00,5603.124032516539,0.0,0.06941391734359995,1,False,80720.47,-0.0014922439095429452,11255.689539796624,-0.0001784854328142904,-0.4396875967483461
2026-05-10 22:00:00+00:00,5682.134406064352,5682.134406064352,0.0,0,False,82044.49,0.014101128779104855,11440.311334794616,0.0164025308574145,-0.4317865593935648
2026-05-10 23:00:00+00:00,5686.123978228333,0.0,0.06916578441337336,1,False,82210.07,0.0007021256237309537,11463.399865795483,0.002018173310602611,-0.43138760217716676
2026-05-11 00:00:00+00:00,5678.63757479611,5678.63757479611,0.0,0,False,81471.13,-0.0013166092510271676,11360.361823170888,-0.00898843657474091,-0.43213624252038896
2026-05-11 01:00:00+00:00,5673.737532901076,481.2880602211071,0.06370969192650129,1,False,81501.72,-0.0008628904082174094,11364.627303079793,0.00037547042737706704,-0.43262624670989247
2026-05-11 02:00:00+00:00,5666.828589863498,5666.828589863498,0.0,0,False,81169.08,-0.0012177057887352571,11318.243869379296,-0.004081386257860586,-0.43331714101365026
2026-05-11 03:00:00+00:00,5666.828589863498,5666.828589863498,0.0,0,False,80736.01,0.0,11257.856442633642,-0.005335406043779245,-0.43331714101365026
2026-05-11 04:00:00+00:00,5665.705476229582,712.5560227934484,0.06128268918880195,1,False,80824.61,-0.00019819086039141176,11270.21085649206,0.0010974037483397758,-0.4334294523770418
2026-05-11 05:00:00+00:00,5666.17857859012,712.5560227934484,0.06128268918880195,1,False,80832.33,8.350281576108287e-05,11271.28733589372,9.551546243158349e-05,-0.433382142140988
2026-05-11 06:00:00+00:00,5659.582576660537,5659.582576660537,0.0,0,False,80822.86,-0.0011641006082135918,11269.966835902307,-0.00011715609336004906,-0.4340417423339463
2026-05-11 07:00:00+00:00,5659.582576660537,5659.582576660537,0.0,0,False,80740.4,0.0,11258.468585713083,-0.001020255902847489,-0.4340417423339463
2026-05-11 08:00:00+00:00,5653.995607035648,-9.094947017729282e-13,0.07000294308542915,1,False,80767.97,-0.0009871699103619624,11262.31295580424,0.00034146474379626035,-0.4346004392964352
2026-05-11 09:00:00+00:00,5667.898191532415,-9.094947017729282e-13,0.07000294308542915,1,False,80966.57,0.0024588955250455236,11290.005806732928,0.0024588955250455236,-0.43321018084675855
2026-05-11 10:00:00+00:00,5660.338870370188,5660.338870370188,0.0,0,False,80940.0,-0.0013337080001755153,11286.300876978774,-0.00032816012830971797,-0.43396611296298127
2026-05-11 11:00:00+00:00,5660.338870370188,5660.338870370188,0.0,0,False,81196.94,0.0,11322.128677168184,0.0031744502100321537,-0.43396611296298127
2026-05-11 12:00:00+00:00,5642.903247488065,0.0,0.06961850119009909,1,False,81054.65,-0.0030803143206481476,11302.287711616103,-0.0017524059404210313,-0.43570967525119353
2026-05-11 13:00:00+00:00,5644.111128483713,0.0,0.06961850119009909,1,False,81072.0,0.00021405311107991487,11304.707001463097,0.00021405311108013692,-0.4355888871516287
2026-05-11 14:00:00+00:00,5636.650333353754,5636.650333353754,0.0,0,False,80953.38,-0.0013218724720546193,11288.166588687867,-0.0014631438721135481,-0.43633496666462457
2026-05-11 15:00:00+00:00,5663.187762758059,53.71684692834697,0.06887358253552005,1,False,81445.9,0.0047080141280495535,11356.843743468315,0.006083995504572837,-0.43368122372419415
2026-05-11 16:00:00+00:00,5672.137884808551,53.71684692834697,0.06887358253552005,1,False,81575.85,0.0015804035510440517,11374.964015261785,0.0015955376513736574,-0.432786211519145
2026-05-11 17:00:00+00:00,5664.717197173599,5664.717197173599,0.0,0,False,81941.09,-0.0013082699655144747,11425.89320394856,0.00447730547704972,-0.4335282802826401
2026-05-11 18:00:00+00:00,5652.803462932082,548.5604333224337,0.06235411529305586,1,False,81858.96,-0.002103147222858981,11414.44096907055,-0.001002305436747175,-0.4347196537067918
2026-05-11 19:00:00+00:00,5646.021196204024,5646.021196204024,0.0,0,False,81961.99,-0.0011998058613804652,11428.807506991912,0.0012586282552329298,-0.4353978803795976
2026-05-11 20:00:00+00:00,5629.854041216557,341.57088168850896,0.06463232992607582,1,False,81821.02,-0.002863459846437877,11409.150602684676,-0.0017199435982458988,-0.43701459587834435
2026-05-11 21:00:00+00:00,5629.864382389344,341.57088168850896,0.06463232992607582,1,False,81821.18,1.8368456291550928e-06,11409.172913138596,1.9554877217498046e-06,-0.43701356176106554
2026-05-11 22:00:00+00:00,5630.687798272603,341.57088168850896,0.06463232992607582,1,False,81833.92,0.00014625856456396136,11410.949383032008,0.00015570540537312993,-0.4369312201727398
2026-05-11 23:00:00+00:00,5624.9827025100285,341.57088168850896,0.06463232992607582,1,False,81745.65,-0.0010132147202912556,11398.6409844848,-0.0010786480716065139,-0.43750172974899715
2026-05-12 00:00:00+00:00,5617.922166952639,5617.922166952639,0.0,0,False,81545.2,-0.0012552101812223215,11370.690168932659,-0.0024521182472705405,-0.4382077833047361
2026-05-12 01:00:00+00:00,5551.428817168376,5551.428817168376,0.0,0,False,81199.18,-0.011835932896224421,11322.44102352307,-0.004243290837474101,-0.44485711828316243
2026-05-12 02:00:00+00:00,5551.428817168376,5551.428817168376,0.0,0,False,81249.93,0.0,11329.517620625944,0.0006250063116399751,-0.44485711828316243
2026-05-12 03:00:00+00:00,5551.428817168376,5551.428817168376,0.0,0,False,81058.8,0.0,11302.866389014665,-0.002352371257427488,-0.44485711828316243
2026-05-12 04:00:00+00:00,5556.35152321921,-9.094947017729282e-13,0.06839427424023227,1,False,81240.01,0.000886745775359854,11328.13437248288,0.002235537659082132,-0.44436484767807893
2026-05-12 05:00:00+00:00,5555.258582716852,-9.094947017729282e-13,0.06839427424023227,1,False,81224.03,-0.00019670110823455378,11325.906115897582,-0.0001967011082346648,-0.4444741417283148
2026-05-12 06:00:00+00:00,5547.8542366974125,5547.8542366974125,0.0,0,False,81022.44,-0.0013328535313326118,11297.796338361255,-0.0024819009842286244,-0.44521457633025874
2026-05-12 07:00:00+00:00,5547.8542366974125,5547.8542366974125,0.0,0,False,80865.4,0.0,11275.898627838389,-0.0019382284710260933,-0.44521457633025874
2026-05-12 08:00:00+00:00,5539.002077657936,-9.094947017729282e-13,0.06851528070359733,1,False,80843.31,-0.0015956005081968483,11272.818390794006,-0.0002731699837011936,-0.44609979223420637
2026-05-12 09:00:00+00:00,5538.580023528802,-9.094947017729282e-13,0.06851528070359733,1,False,80837.15,-7.619678115611261e-05,11271.95943831807,-7.619678115611261e-05,-0.4461419976471198
2026-05-12 10:00:00+00:00,5531.24319645712,5531.24319645712,0.0,0,False,80666.37,-0.0013246765489555168,11248.145817564791,-0.0021126425164667006,-0.44687568035428804
2026-05-12 11:00:00+00:00,5531.24319645712,5531.24319645712,0.0,0,False,80784.87,0.0,11264.66949749958,0.0014690136670336695,-0.44687568035428804
2026-05-12 12:00:00+00:00,5530.51724175647,0.0,0.0683782280562453,1,False,80881.26,-0.00013124620901039386,11278.110151583249,0.0011931689683972735,-0.44694827582435304
2026-05-12 13:00:00+00:00,5502.184722961366,0.0,0.0683782280562453,1,False,80466.91,-0.0051229419521899855,11220.333047946282,-0.0051229419521900965,-0.44978152770386337
2026-05-12 14:00:00+00:00,5494.921630377039,5494.921630377039,0.0,0,False,80540.0,-0.0013200379394783246,11230.524742177791,0.0009083236823683727,-0.4505078369622961
2026-05-12 15:00:00+00:00,5473.776959400295,-9.094947017729282e-13,0.06813603214050955,1,False,80336.01,-0.0038480386799062405,11202.08030783266,-0.0025327787434814564,-0.4526223040599705
2026-05-12 16:00:00+00:00,5450.883252601084,-9.094947017729282e-13,0.06813603214050955,1,False,80000.01,-0.004182433257514218,11155.228354599834,-0.00418243325751444,-0.4549116747398916
2026-05-12 17:00:00+00:00,5443.708965925346,5443.708965925346,0.0,0,False,80527.69,-0.0013161695716586985,11228.808231629291,0.0065959991755002445,-0.45562910340746543
2026-05-12 18:00:00+00:00,5446.680842326485,38.53466617288359,0.06703278588256294,1,False,80679.12,0.0005459285975317751,11249.923681861572,0.0018804711770570304,-0.45533191576735155
2026-05-12 19:00:00+00:00,5439.4698855869865,5439.4698855869865,0.0,0,False,80834.64,-0.0013239176203352354,11271.609443072193,0.0019276362954876447,-0.4560530114413014
2026-05-12 20:00:00+00:00,5422.92261446576,-9.094947017729282e-13,0.06720115184722482,1,False,80696.87,-0.0030420742221723973,11252.398747843365,-0.001704343583394441,-0.45770773855342406
2026-05-12 21:00:00+00:00,5415.568792419119,-9.094947017729282e-13,0.06720115184722482,1,False,80587.44,-0.0013560625089917844,11237.139791765187,-0.0013560625089918954,-0.45844312075808813
2026-05-12 22:00:00+00:00,5420.204999885058,-9.094947017729282e-13,0.06720115184722482,1,False,80656.43,0.000856088740379235,11246.759780614986,0.000856088740379457,-0.45797950001149423
2026-05-12 23:00:00+00:00,5409.993112850354,-9.094947017729282e-13,0.06720115184722482,1,False,80504.47,-0.0018840407392193281,11225.570427004093,-0.0018840407392194392,-0.4590006887149646
2026-05-13 00:00:00+00:00,5402.768337201696,5402.768337201696,0.0,0,False,80718.0,-0.0013354500639745082,11255.345122164228,0.0026523993015543645,-0.45972316627983034
2026-05-13 01:00:00+00:00,5414.80424061986,-9.094947017729282e-13,0.06684448362614943,1,False,81006.0,0.002227728946897267,11295.503939220935,0.0035679774028096745,-0.45851957593801396
2026-05-13 02:00:00+00:00,5407.641916017466,5407.641916017466,0.0,0,False,81050.0,-0.0013227301088125643,11301.639314049044,0.000543169641755048,-0.4592358083982534
2026-05-13 03:00:00+00:00,5407.641916017466,5407.641916017466,0.0,0,False,81249.99,0.0,11329.525987046165,0.002467489204194928,-0.4592358083982534
2026-05-13 04:00:00+00:00,5399.263123418273,-9.094947017729282e-13,0.06646722698083701,1,False,81231.96,-0.0015494355449786612,11327.011877770012,-0.00022190771961927425,-0.4600736876581727
2026-05-13 05:00:00+00:00,5385.174065315145,-9.094947017729282e-13,0.06646722698083701,1,False,81019.99,-0.0026094409146351083,11297.4547095356,-0.0026094409146352193,-0.4614825934684855
2026-05-13 06:00:00+00:00,5377.9991862394045,5377.9991862394045,0.0,0,False,80980.05,-0.0013323393057900201,11291.885462475722,-0.0004929647609187571,-0.4622000813760595
2026-05-13 07:00:00+00:00,5377.9991862394045,5377.9991862394045,0.0,0,False,81026.92,0.0,11298.421031071026,0.0005787845277940296,-0.4622000813760595
2026-05-13 08:00:00+00:00,5382.137629257087,-9.094947017729282e-13,0.0662852831007158,1,False,81196.57,0.0007695135076017934,11322.077084243494,0.0020937485961456392,-0.46178623707429134
2026-05-13 09:00:00+00:00,5388.4221369478655,-9.094947017729282e-13,0.0662852831007158,1,False,81291.38,0.0011676601610142168,11335.297422594696,0.0011676601610142168,-0.4611577863052134
2026-05-13 10:00:00+00:00,5381.295083377096,5381.295083377096,0.0,0,False,80809.01,-0.0013226605840511718,11268.035587234821,-0.005933839479659531,-0.46187049166229044
2026-05-13 11:00:00+00:00,5381.295083377096,5381.295083377096,0.0,0,False,80501.22,0.0,11225.117245908836,-0.0038088574529002717,-0.46187049166229044
2026-05-13 12:00:00+00:00,5326.536666418256,5326.536666418256,0.0,0,False,80202.78,-0.010175694904371535,11183.502671733822,-0.003707273007787948,-0.46734633335817444
2026-05-13 13:00:00+00:00,5326.536666418256,5326.536666418256,0.0,0,False,79656.01,0.0,11107.26087867099,-0.0068173447354318295,-0.46734633335817444
2026-05-13 14:00:00+00:00,5326.536666418256,5326.536666418256,0.0,0,False,79756.01,0.0,11121.204912371235,0.0012553980547105326,-0.46734633335817444
2026-05-13 15:00:00+00:00,5263.530585327158,5263.530585327158,0.0,0,False,78827.21,-0.011828714423074538,10991.692727363356,-0.011645517372295688,-0.47364694146728414
2026-05-13 16:00:00+00:00,5263.530585327158,5263.530585327158,0.0,0,False,79108.39,0.0,11030.900561321705,0.0035670423956397634,-0.47364694146728414
2026-05-13 17:00:00+00:00,5263.530585327158,5263.530585327158,0.0,0,False,79514.97,0.0,11087.594213540164,0.005139530712229057,-0.47364694146728414
2026-05-13 18:00:00+00:00,5262.169773397901,420.771265647626,0.06082300289328678,1,False,79598.15,-0.00025853595931424334,11099.192860772027,0.001046092327017023,-0.4737830226602099
2026-05-13 19:00:00+00:00,5255.7617250394715,5255.7617250394715,0.0,0,False,79642.41,-0.0012177578136730594,11105.364490087757,0.0005560430738655864,-0.47442382749605283
2026-05-13 20:00:00+00:00,5252.59025062157,139.12566139497267,0.06415974851897795,1,False,79698.95,-0.0006034281201889868,11113.248446741874,0.0007099232682685752,-0.47474097493784306
2026-05-13 21:00:00+00:00,5233.316020568984,139.12566139497267,0.06415974851897795,1,False,79398.54,-0.003669471467016683,11071.359175102967,-0.0037693093823695234,-0.4766683979431017
2026-05-13 22:00:00+00:00,5235.235680244672,139.12566139497267,0.06415974851897795,1,False,79428.46,0.0003668151642559625,11075.531229986083,0.00037683312564706917,-0.4764764319755328
2026-05-13 23:00:00+00:00,5227.866933127267,139.12566139497267,0.06415974851897795,1,False,79313.61,-0.0014075292054589461,11059.51650728135,-0.0014459552659085162,-0.47721330668727335
2026-05-14 00:00:00+00:00,5221.118491704777,5221.118491704777,0.0,0,False,79580.0,-0.0012908594478041602,11096.662018655434,0.0033586921588866225,-0.4778881508295223
2026-05-14 01:00:00+00:00,5215.802701483171,-9.094947017729282e-13,0.06552137315536001,1,False,79604.6,-0.001018132461473753,11100.092250945694,0.00030912289519968716,-0.4784197298516829
2026-05-14 02:00:00+00:00,5208.866109175023,5208.866109175023,0.0,0,False,79370.24,-0.0013299184622486138,11067.413013565798,-0.0029440509719288466,-0.4791133890824977
2026-05-14 03:00:00+00:00,5208.866109175023,5208.866109175023,0.0,0,False,79044.85,0.0,11022.040522308569,-0.004099647424525843,-0.4791133890824977
2026-05-14 04:00:00+00:00,5228.750798807648,-9.094947017729282e-13,0.06581049122349848,1,False,79451.63,0.0038174699091610975,11078.76206259443,0.005146192319929854,-0.47712492011923524
2026-05-14 05:00:00+00:00,5252.280023734786,-9.094947017729282e-13,0.06581049122349848,1,False,79809.16,0.004499970611049786,11128.616166282918,0.004499970611049786,-0.47477199762652145
2026-05-14 06:00:00+00:00,5245.335166782359,5245.335166782359,0.0,0,False,79804.71,-0.0013222556529817187,11127.995656783256,-5.5758010734763275e-05,-0.4754664833217641
2026-05-14 07:00:00+00:00,5245.335166782359,5245.335166782359,0.0,0,False,79745.98,0.0,11119.806325791102,-0.00073592147631385,-0.4754664833217641
2026-05-14 08:00:00+00:00,5243.341465529066,-9.094947017729282e-13,0.06568828604112807,1,False,79821.56,-0.00038009034502095584,11130.345226461746,0.0009477593729487754,-0.47566585344709333
2026-05-14 09:00:00+00:00,5231.120816793975,-9.094947017729282e-13,0.06568828604112807,1,False,79635.52,-0.0023306986232791704,11104.40374616581,-0.0023306986232791704,-0.4768879183206025
2026-05-14 10:00:00+00:00,5224.174691026126,5224.174691026126,0.0,0,False,79570.01,-0.0013278465573857146,11095.269009688778,-0.0008226228697948423,-0.47758253089738734
2026-05-14 11:00:00+00:00,5224.174691026126,5224.174691026126,0.0,0,False,79258.27,0.0,11051.799879031634,-0.0039178077268055,-0.47758253089738734
2026-05-14 12:00:00+00:00,5250.721474645105,-9.094947017729282e-13,0.06582564511419689,1,False,79767.11,0.005081526784427748,11122.752700111963,0.0064200240555338794,-0.4749278525354894
2026-05-14 13:00:00+00:00,5246.417793967538,-9.094947017729282e-13,0.06582564511419689,1,False,79701.73,-0.0008196360630341459,11113.636090878743,-0.0008196360630340349,-0.4753582206032462
2026-05-14 14:00:00+00:00,5239.497048708068,5239.497048708068,0.0,0,False,80964.85,-0.0013191372725648298,11289.765969353284,0.015848087613656414,-0.47605029512919317
2026-05-14 15:00:00+00:00,5252.608748844086,614.7370818174013,0.05704552891791041,1,False,81301.23,0.0025024730454330513,11336.67090991417,0.0041546424158136475,-0.47473912511559135
2026-05-14 16:00:00+00:00,5246.514481887759,5246.514481887759,0.0,0,False,81888.4,-0.001160236226935507,11418.546092591901,0.007222153957572308,-0.47534855181122415
2026-05-14 17:00:00+00:00,5246.514481887759,5246.514481887759,0.0,0,False,81668.48,0.0,11387.880373678323,-0.002685606264134943,-0.47534855181122415
2026-05-14 18:00:00+00:00,5236.529170402611,1037.4105325435312,0.05147114746599194,1,False,81581.99,-0.0019032276608821341,11375.82017893098,-0.0010590377095300862,-0.4763470829597388
2026-05-14 19:00:00+00:00,5230.978690745974,5230.978690745974,0.0,0,False,81419.74,-0.0010599539267363012,11353.195984252332,-0.0019887967920371175,-0.47690213092540257
2026-05-14 20:00:00+00:00,5224.922985096802,974.3609132734091,0.052210484736943,1,False,81412.04,-0.0011576620757191014,11352.12229365741,-9.457166038628895e-05,-0.47750770149031974
2026-05-14 21:00:00+00:00,5224.117377317311,974.3609132734091,0.052210484736943,1,False,81396.61,-0.0001541855797279057,11349.970729257466,-0.00018952970592522878,-0.4775882622682689
2026-05-14 22:00:00+00:00,5227.218158005839,974.3609132734091,0.052210484736943,1,False,81456.0,0.0005935511139145699,11358.25209087204,0.0007296372662202177,-0.47727818419941614
2026-05-14 23:00:00+00:00,5208.10859848727,974.3609132734091,0.052210484736943,1,False,81089.99,-0.0036557799848665473,11307.21553312577,-0.004493346100962525,-0.479189140151273
2026-05-15 00:00:00+00:00,5202.489032957834,5202.489032957834,0.0,0,False,81518.67,-0.0010790031396558097,11366.990816791984,0.005286472473359449,-0.47975109670421656
2026-05-15 01:00:00+00:00,5174.789699007471,643.4363837774017,0.0558522976014975,1,False,81131.01,-0.005324246485650774,11312.935375749612,-0.0047554750341241014,-0.48252103009925285
2026-05-15 02:00:00+00:00,5168.766627594357,5168.766627594357,0.0,0,False,81299.14,-0.0011639258334054103,11336.379479609835,0.0020723272149576477,-0.48312333724056433
2026-05-15 03:00:00+00:00,5168.766627594357,5168.766627594357,0.0,0,False,81059.15,0.0,11302.915193132616,-0.0029519377449749307,-0.48312333724056433
2026-05-15 04:00:00+00:00,5144.6090115690495,735.5668627558498,0.05461824698798174,1,False,80724.71,-0.004673767992607214,11256.280766825515,-0.004125875980688143,-0.4855390988430951
2026-05-15 05:00:00+00:00,5124.689736892532,735.5668627558498,0.05461824698798174,1,False,80360.01,-0.0038718733788560833,11205.426875920719,-0.004517823600729054,-0.48753102631074685
2026-05-15 06:00:00+00:00,5118.890886618197,5118.890886618197,0.0,0,False,80580.0,-0.0011315514835149587,11236.10235565789,0.002737555657347457,-0.4881109113381803
2026-05-15 07:00:00+00:00,5118.890886618197,5118.890886618197,0.0,0,False,80814.88,0.0,11268.854102013027,0.00291486721270795,-0.4881109113381803
2026-05-15 08:00:00+00:00,5103.194068694475,643.1677588863995,0.055309237701928075,1,False,80638.0,-0.0030664490162813918,11244.189895204032,-0.0021887058422904726,-0.48968059313055246
2026-05-15 09:00:00+00:00,5094.99723966705,643.1677588863995,0.055309237701928075,1,True,80489.8,-0.0016062154245140015,11223.524837260267,-0.001837843200476308,-0.49050027603329505
2026-05-15 10:00:00+00:00,5089.077857894217,5089.077857894217,0.0,0,True,80716.23,-0.001161802743826379,11255.098312767734,0.002813151480063336,-0.49109221421057825
2026-05-15 11:00:00+00:00,5089.077857894217,5089.077857894217,0.0,0,True,80628.53,0.0,11242.869395212618,-0.0010865224998739542,-0.49109221421057825
2026-05-15 12:00:00+00:00,5089.077857894217,5089.077857894217,0.0,0,True,80385.11,0.0,11208.92682837948,-0.0030190306086442797,-0.49109221421057825
2026-05-15 13:00:00+00:00,5089.077857894217,5089.077857894217,0.0,0,True,78758.59,0.0,10982.124331438245,-0.020234095593077095,-0.49109221421057825
2026-05-15 14:00:00+00:00,5089.077857894217,5089.077857894217,0.0,0,True,79150.37,0.0,11036.754266669068,0.004974441518061923,-0.49109221421057825
2026-05-15 15:00:00+00:00,5089.077857894217,5089.077857894217,0.0,0,True,79150.27,0.0,11036.740322635369,-1.2634179725745653e-06,-0.49109221421057825
2026-05-15 16:00:00+00:00,5089.077857894217,5089.077857894217,0.0,0,True,79294.31,0.0,11056.825308777203,0.0018198295470122083,-0.49109221421057825
2026-05-15 17:00:00+00:00,5089.077857894217,5089.077857894217,0.0,0,True,79460.0,0.0,11079.92917821514,0.002089557245658513,-0.49109221421057825
2026-05-15 18:00:00+00:00,5089.077857894217,5089.077857894217,0.0,0,True,79284.0,0.0,11055.387678902707,-0.002214950918701275,-0.49109221421057825
2026-05-15 19:00:00+00:00,5089.077857894217,5089.077857894217,0.0,0,True,79146.5,0.0,11036.214632564868,-0.00173427173200158,-0.49109221421057825
2026-05-15 20:00:00+00:00,5089.077857894217,5089.077857894217,0.0,0,True,79123.12,0.0,11032.95451748575,-0.0002954015654514919,-0.49109221421057825
2026-05-15 21:00:00+00:00,5089.077857894217,5089.077857894217,0.0,0,True,78973.5,0.0,11012.091454263444,-0.0018909769988847414,-0.49109221421057825
2026-05-15 22:00:00+00:00,5089.077857894217,5089.077857894217,0.0,0,True,79107.38,0.0,11030.759726581333,0.00169525220485367,-0.49109221421057825
2026-05-15 23:00:00+00:00,5089.077857894217,5089.077857894217,0.0,0,True,79113.21,0.0,11031.57266374606,7.369729600470443e-05,-0.49109221421057825
2026-05-16 00:00:00+00:00,5089.077857894217,5089.077857894217,0.0,0,True,79111.92,0.0,11031.392785711323,-1.630574716937616e-05,-0.49109221421057825
2026-05-16 01:00:00+00:00,5089.077857894217,5089.077857894217,0.0,0,True,79168.0,0.0,11039.212599810422,0.0007088691565064753,-0.49109221421057825
2026-05-16 02:00:00+00:00,5089.077857894217,5089.077857894217,0.0,0,True,79155.54,0.0,11037.47517321137,-0.00015738682295896034,-0.49109221421057825
2026-05-16 03:00:00+00:00,5089.077857894217,5089.077857894217,0.0,0,True,79083.18,0.0,11027.385270425873,-0.0009141495339427541,-0.49109221421057825
2026-05-16 04:00:00+00:00,5089.077857894217,5089.077857894217,0.0,0,True,79035.26,0.0,11020.703289476716,-0.0006059442728528763,-0.49109221421057825
2026-05-16 05:00:00+00:00,5089.077857894217,5089.077857894217,0.0,0,True,79027.37,0.0,11019.603105217766,-9.982886119441758e-05,-0.49109221421057825
2026-05-16 06:00:00+00:00,5089.077857894217,5089.077857894217,0.0,0,True,78648.0,0.0,10966.703624569145,-0.004800488742064846,-0.49109221421057825
2026-05-16 07:00:00+00:00,5089.077857894217,5089.077857894217,0.0,0,True,78369.77,0.0,10927.907139604951,-0.0035376614789950356,-0.49109221421057825
2026-05-16 08:00:00+00:00,5089.077857894217,5089.077857894217,0.0,0,True,78426.56,0.0,10935.825956343322,0.0007246416571085046,-0.49109221421057825
2026-05-16 09:00:00+00:00,5089.077857894217,5089.077857894217,0.0,0,True,78083.48,0.0,10887.986765524518,-0.004374538421677676,-0.49109221421057825
2026-05-16 10:00:00+00:00,5089.077857894217,5089.077857894217,0.0,0,True,77960.0,0.0,10870.768672711454,-0.001581384436247002,-0.49109221421057825
2026-05-16 11:00:00+00:00,5089.077857894217,5089.077857894217,0.0,0,True,78081.71,0.0,10887.739956128025,0.0015611852231915968,-0.49109221421057825
2026-05-16 12:00:00+00:00,5089.077857894217,5089.077857894217,0.0,0,True,78007.23,0.0,10877.354439828081,-0.0009538725522277858,-0.49109221421057825
2026-05-16 13:00:00+00:00,5089.077857894217,5089.077857894217,0.0,0,True,78014.6,0.0,10878.38211511179,9.447842206422585e-05,-0.49109221421057825
2026-05-16 14:00:00+00:00,5089.077857894217,5089.077857894217,0.0,0,True,78130.55,0.0,10894.550222187225,0.0014862602641043665,-0.49109221421057825
2026-05-16 15:00:00+00:00,5089.077857894217,5089.077857894217,0.0,0,True,78238.67,0.0,10909.626511423929,0.001383837692170209,-0.49109221421057825
2026-05-16 16:00:00+00:00,5089.077857894217,5089.077857894217,0.0,0,True,78205.96,0.0,10905.06541800058,-0.000418079704064267,-0.49109221421057825
2026-05-16 17:00:00+00:00,5089.077857894217,5089.077857894217,0.0,0,True,78201.5,0.0,10904.443514097547,-5.702890163372665e-05,-0.49109221421057825
2026-05-16 18:00:00+00:00,5089.077857894217,5089.077857894217,0.0,0,True,78229.81,0.0,10908.391070038087,0.00036201351636488965,-0.49109221421057825
2026-05-16 19:00:00+00:00,5089.077857894217,5089.077857894217,0.0,0,True,78259.66,0.0,10912.553364097612,0.0003815681004466498,-0.49109221421057825
2026-05-16 20:00:00+00:00,5089.077857894217,5089.077857894217,0.0,0,True,78261.0,0.0,10912.740214149195,1.7122486859699748e-05,-0.49109221421057825
2026-05-16 21:00:00+00:00,5089.077857894217,5089.077857894217,0.0,0,True,78265.73,0.0,10913.399766943216,6.043878815753523e-05,-0.49109221421057825
2026-05-16 22:00:00+00:00,5089.077857894217,5089.077857894217,0.0,0,True,78186.25,0.0,10902.31704895826,-0.0010155147086725602,-0.49109221421057825
2026-05-16 23:00:00+00:00,5089.077857894217,5089.077857894217,0.0,0,True,78148.05,0.0,10896.990428084768,-0.0004885769556667308,-0.49109221421057825
2026-05-17 00:00:00+00:00,5089.077857894217,5089.077857894217,0.0,0,True,77945.85,0.0,10868.795591942871,-0.0025873966145028016,-0.49109221421057825
2026-05-17 01:00:00+00:00,5089.077857894217,5089.077857894217,0.0,0,True,77725.71,0.0,10838.099196155152,-0.002824268386321993,-0.49109221421057825
2026-05-17 02:00:00+00:00,5089.077857894217,5089.077857894217,0.0,0,True,77895.51,0.0,10861.776165378167,0.0021846053255736297,-0.49109221421057825
2026-05-17 03:00:00+00:00,5089.077857894217,5089.077857894217,0.0,0,True,78028.88,0.0,10880.373323124186,0.0017121654380336526,-0.49109221421057825
2026-05-17 04:00:00+00:00,5089.077857894217,5089.077857894217,0.0,0,True,78158.09,0.0,10898.39040906827,0.0016559253445644906,-0.49109221421057825
2026-05-17 05:00:00+00:00,5089.077857894217,5089.077857894217,0.0,0,True,78121.41,0.0,10893.275737507023,-0.00046930522483312753,-0.49109221421057825
2026-05-17 06:00:00+00:00,5089.077857894217,5089.077857894217,0.0,0,True,78104.8,0.0,10890.95963350941,-0.0002126177702119758,-0.49109221421057825
2026-05-17 07:00:00+00:00,5089.077857894217,5089.077857894217,0.0,0,True,78180.01,0.0,10901.446941255366,0.0009629369769847962,-0.49109221421057825
2026-05-17 08:00:00+00:00,5089.077857894217,5089.077857894217,0.0,0,True,78089.8,0.0,10888.868028454373,-0.0011538755239351994,-0.49109221421057825
2026-05-17 09:00:00+00:00,5089.077857894217,5089.077857894217,0.0,0,True,78249.33,0.0,10911.112945416377,0.0020429044510295036,-0.49109221421057825
2026-05-17 10:00:00+00:00,5089.077857894217,5089.077857894217,0.0,0,True,78465.99,0.0,10941.324088831327,0.0027688415990270165,-0.49109221421057825
2026-05-17 11:00:00+00:00,5089.077857894217,5089.077857894217,0.0,0,True,78415.99,0.0,10934.352071981204,-0.0006372187491676673,-0.49109221421057825
2026-05-17 12:00:00+00:00,5089.077857894217,5089.077857894217,0.0,0,True,78364.83,0.0,10927.21830434016,-0.0006524179571026911,-0.49109221421057825
2026-05-17 13:00:00+00:00,5089.077857894217,5089.077857894217,0.0,0,True,78202.91,0.0,10904.640124972722,-0.002066233028260256,-0.49109221421057825
2026-05-17 14:00:00+00:00,5089.077857894217,5089.077857894217,0.0,0,True,78051.51,0.0,10883.52885795055,-0.0019359893385041405,-0.49109221421057825
2026-05-17 15:00:00+00:00,5089.077857894217,5089.077857894217,0.0,0,True,78051.41,0.0,10883.51491391685,-1.2812051939370406e-06,-0.49109221421057825
2026-05-17 16:00:00+00:00,5089.077857894217,5089.077857894217,0.0,0,True,78034.36,0.0,10881.137456170958,-0.00021844576542562333,-0.49109221421057825
2026-05-17 17:00:00+00:00,5089.077857894217,5089.077857894217,0.0,0,True,78089.98,0.0,10888.893127715033,0.0007127629418628434,-0.49109221421057825
2026-05-17 18:00:00+00:00,5089.077857894217,5089.077857894217,0.0,0,True,78268.05,0.0,10913.723268525062,0.0022803181663000327,-0.49109221421057825
2026-05-17 19:00:00+00:00,5089.077857894217,5089.077857894217,0.0,0,True,78415.3,0.0,10934.255858148674,0.001881355163441567,-0.49109221421057825
2026-05-17 20:00:00+00:00,5089.077857894217,5089.077857894217,0.0,0,True,78277.36,0.0,10915.021458062554,-0.0017590954826418592,-0.49109221421057825
2026-05-17 21:00:00+00:00,5089.077857894217,5089.077857894217,0.0,0,True,78405.72,0.0,10932.92001972019,0.0016398100293621987,-0.49109221421057825
2026-05-17 22:00:00+00:00,5089.077857894217,5089.077857894217,0.0,0,True,77997.24,0.0,10875.961430861427,-0.005209823977128103,-0.49109221421057825
2026-05-17 23:00:00+00:00,5089.077857894217,5089.077857894217,0.0,0,True,77457.67,0.0,10800.723608225011,-0.0069178088865710086,-0.49109221421057825
2026-05-18 00:00:00+00:00,5089.077857894217,5089.077857894217,0.0,0,True,77209.95,0.0,10766.181447942763,-0.00319813389687551,-0.49109221421057825
2026-05-18 01:00:00+00:00,5089.077857894217,5089.077857894217,0.0,0,True,77109.22,0.0,10752.135622796506,-0.0013046245982544225,-0.49109221421057825
2026-05-18 02:00:00+00:00,5089.077857894217,5089.077857894217,0.0,0,True,76835.41,0.0,10713.955464121864,-0.003550937229036988,-0.49109221421057825
2026-05-18 03:00:00+00:00,5089.077857894217,5089.077857894217,0.0,0,True,76924.65,0.0,10726.399119795962,0.0011614436624987068,-0.49109221421057825
2026-05-18 04:00:00+00:00,5089.077857894217,5089.077857894217,0.0,0,True,77038.49,0.0,10742.273007760323,0.0014798897362549024,-0.49109221421057825
2026-05-18 05:00:00+00:00,5089.077857894217,5089.077857894217,0.0,0,True,76931.4,0.0,10727.34034207073,-0.0013900843591301282,-0.49109221421057825
2026-05-18 06:00:00+00:00,5089.077857894217,5089.077857894217,0.0,0,True,76912.52,0.0,10724.707708508122,-0.0002454134462651636,-0.49109221421057825
2026-05-18 07:00:00+00:00,5089.077857894217,5089.077857894217,0.0,0,True,77073.69,0.0,10747.181307622808,0.002095497586088735,-0.49109221421057825
2026-05-18 08:00:00+00:00,5089.077857894217,5089.077857894217,0.0,0,True,77040.42,0.0,10742.542127610735,-0.0004316648132457468,-0.49109221421057825
2026-05-18 09:00:00+00:00,5089.077857894217,5089.077857894217,0.0,0,True,76933.16,0.0,10727.585757063855,-0.001392256168904371,-0.49109221421057825
2026-05-18 10:00:00+00:00,5089.077857894217,5089.077857894217,0.0,0,True,76764.74,0.0,10704.1012155059,-0.0021891730431976564,-0.49109221421057825
2026-05-18 11:00:00+00:00,5089.077857894217,5089.077857894217,0.0,0,True,77285.83,0.0,10776.76218071451,0.0067881425769174,-0.49109221421057825
2026-05-18 12:00:00+00:00,5089.077857894217,5089.077857894217,0.0,0,True,77639.98,0.0,10826.14497606393,0.004582340643815241,-0.49109221421057825
2026-05-18 13:00:00+00:00,5089.077857894217,5089.077857894217,0.0,0,True,76937.7,0.0,10728.218816193845,-0.009045339784992223,-0.49109221421057825
2026-05-18 14:00:00+00:00,5089.077857894217,5089.077857894217,0.0,0,True,76393.65,0.0,10652.356300847658,-0.007071305744777989,-0.49109221421057825
2026-05-18 15:00:00+00:00,5089.077857894217,5089.077857894217,0.0,0,True,76409.46,0.0,10654.560852575669,0.0002069543738258961,-0.49109221421057825
2026-05-18 16:00:00+00:00,5089.077857894217,5089.077857894217,0.0,0,True,76410.01,0.0,10654.637544761019,7.198061601210171e-06,-0.49109221421057825
2026-05-18 17:00:00+00:00,5089.077857894217,5089.077857894217,0.0,0,True,76706.39,0.0,10695.964871841805,0.0038788111662331204,-0.49109221421057825
2026-05-18 18:00:00+00:00,5089.077857894217,5089.077857894217,0.0,0,True,76252.5,0.0,10632.674297279762,-0.005917238446496942,-0.49109221421057825
2026-05-18 19:00:00+00:00,5089.077857894217,5089.077857894217,0.0,0,True,76928.0,0.0,10726.86624492492,0.008858725943411638,-0.49109221421057825
2026-05-18 20:00:00+00:00,5089.077857894217,5089.077857894217,0.0,0,True,76909.92,0.0,10724.345163631915,-0.00023502495840277415,-0.49109221421057825
2026-05-18 21:00:00+00:00,5089.077857894217,5089.077857894217,0.0,0,True,77103.05,0.0,10751.275275917202,0.002511119501879877,-0.49109221421057825
2026-05-18 22:00:00+00:00,5089.077857894217,5089.077857894217,0.0,0,True,77078.22,0.0,10747.81297234943,-0.00032203654719253905,-0.49109221421057825
2026-05-18 23:00:00+00:00,5089.077857894217,5089.077857894217,0.0,0,True,77001.87,0.0,10737.166702619292,-0.000990552194900185,-0.49109221421057825
2026-05-19 00:00:00+00:00,5089.077857894217,5089.077857894217,0.0,0,True,77140.87,0.0,10756.548909462632,0.0018051509658141285,-0.49109221421057825
2026-05-19 01:00:00+00:00,5089.077857894217,5089.077857894217,0.0,0,True,76667.01,0.0,10690.47371137065,-0.006142787863294585,-0.49109221421057825
2026-05-19 02:00:00+00:00,5089.077857894217,5089.077857894217,0.0,0,True,76617.47,0.0,10683.565837075548,-0.0006461710193211845,-0.49109221421057825
2026-05-19 03:00:00+00:00,5089.077857894217,5089.077857894217,0.0,0,True,76787.11,0.0,10707.220495844645,0.002214116441067615,-0.49109221421057825
2026-05-19 04:00:00+00:00,5089.077857894217,5089.077857894217,0.0,0,True,76927.25,0.0,10726.761664672169,0.0018250458963748883,-0.49109221421057825
2026-05-19 05:00:00+00:00,5089.077857894217,5089.077857894217,0.0,0,True,76911.24,0.0,10724.52922487676,-0.00020811870955994571,-0.49109221421057825
2026-05-19 06:00:00+00:00,5089.077857894217,5089.077857894217,0.0,0,True,77029.4,0.0,10741.00549509697,0.0015363164083688208,-0.49109221421057825
2026-05-19 07:00:00+00:00,5089.077857894217,5089.077857894217,0.0,0,True,77233.69,0.0,10769.4917615432,0.0026521042614897627,-0.49109221421057825
2026-05-19 08:00:00+00:00,5089.077857894217,5089.077857894217,0.0,0,True,77048.71,0.0,10743.698088004488,-0.0023950687841016727,-0.49109221421057825
2026-05-19 09:00:00+00:00,5089.077857894217,5089.077857894217,0.0,0,True,76818.8,0.0,10711.639360124253,-0.0029839565127048884,-0.49109221421057825
2026-05-19 10:00:00+00:00,5089.077857894217,5089.077857894217,0.0,0,True,77041.87,0.0,10742.74431609939,0.002903846454253234,-0.49109221421057825
2026-05-19 11:00:00+00:00,5089.077857894217,5089.077857894217,0.0,0,True,76714.62,0.0,10697.112465815335,-0.0042476902494709146,-0.49109221421057825
2026-05-19 12:00:00+00:00,5089.077857894217,5089.077857894217,0.0,0,True,76940.21,0.0,10728.568811439722,0.0029406389551303036,-0.49109221421057825
2026-05-19 13:00:00+00:00,5089.077857894217,5089.077857894217,0.0,0,True,76872.75,0.0,10719.162166305536,-0.0008767847137407525,-0.49109221421057825
2026-05-19 14:00:00+00:00,5089.077857894217,5089.077857894217,0.0,0,True,76392.43,0.0,10652.186183636515,-0.006248247916199268,-0.49109221421057825
2026-05-19 15:00:00+00:00,5089.077857894217,5089.077857894217,0.0,0,True,76521.23,0.0,10670.146099042431,0.0016860309326460765,-0.49109221421057825
2026-05-19 16:00:00+00:00,5089.077857894217,5089.077857894217,0.0,0,True,76894.59,0.0,10722.207543265667,0.004879168826742442,-0.49109221421057825
2026-05-19 17:00:00+00:00,5089.077857894217,5089.077857894217,0.0,0,True,76856.76,0.0,10716.932515316867,-0.0004919721920616515,-0.49109221421057825
2026-05-19 18:00:00+00:00,5089.077857894217,5089.077857894217,0.0,0,True,76803.28,0.0,10709.475246093974,-0.0006958398974925561,-0.49109221421057825
2026-05-19 19:00:00+00:00,5089.077857894217,5089.077857894217,0.0,0,True,76818.74,0.0,10711.630993704031,0.00020129348642394795,-0.49109221421057825
2026-05-19 20:00:00+00:00,5089.077857894217,5089.077857894217,0.0,0,True,77022.23,0.0,10740.005707880662,0.002648963000434712,-0.49109221421057825
2026-05-19 21:00:00+00:00,5089.077857894217,5089.077857894217,0.0,0,True,76982.34,0.0,10734.443432837634,-0.0005179024289481138,-0.49109221421057825
2026-05-19 22:00:00+00:00,5089.077857894217,5089.077857894217,0.0,0,True,76712.21,0.0,10696.776414603162,-0.0035089866065384223,-0.49109221421057825
2026-05-19 23:00:00+00:00,5089.077857894217,5089.077857894217,0.0,0,True,76834.36,0.0,10713.809051768012,0.001592314965244812,-0.49109221421057825
2026-05-20 00:00:00+00:00,5089.077857894217,5089.077857894217,0.0,0,True,76788.83,0.0,10707.46033322429,-0.0005925734267846483,-0.49109221421057825
2026-05-20 01:00:00+00:00,5089.077857894217,5089.077857894217,0.0,0,True,76820.98,0.0,10711.943340058917,0.0004186806857193748,-0.49109221421057825
2026-05-20 02:00:00+00:00,5089.077857894217,5089.077857894217,0.0,0,True,76690.42,0.0,10693.738009659877,-0.0016995357257872934,-0.49109221421057825
2026-05-20 03:00:00+00:00,5089.077857894217,5089.077857894217,0.0,0,True,76723.54,0.0,10698.356273621397,0.0004318661965860837,-0.49109221421057825
2026-05-20 04:00:00+00:00,5089.077857894217,5089.077857894217,0.0,0,True,76780.37,0.0,10706.280667973248,0.0007407113905328888,-0.49109221421057825
2026-05-20 05:00:00+00:00,5089.077857894217,5089.077857894217,0.0,0,True,77196.99,0.0,10764.37430117521,0.00542612649561347,-0.49109221421057825
2026-05-20 06:00:00+00:00,5089.077857894217,5089.077857894217,0.0,0,True,77414.11,0.0,10794.649587145184,0.0028125448932661,-0.49109221421057825
2026-05-20 07:00:00+00:00,5089.077857894217,5089.077857894217,0.0,0,True,77282.64,0.0,10776.317366039471,-0.0016982692173300729,-0.49109221421057825
2026-05-20 08:00:00+00:00,5089.077857894217,5089.077857894217,0.0,0,True,77458.04,0.0,10800.775201149701,0.002269591204441257,-0.49109221421057825
2026-05-20 09:00:00+00:00,5089.077857894217,5089.077857894217,0.0,0,True,77485.13,0.0,10804.552639879099,0.0003497377418795189,-0.49109221421057825
2026-05-20 10:00:00+00:00,5089.077857894217,5089.077857894217,0.0,0,True,77517.45,0.0,10809.059351571017,0.0004171122898031232,-0.49109221421057825
2026-05-20 11:00:00+00:00,5089.077857894217,5089.077857894217,0.0,0,True,77382.49,0.0,10790.240483689167,-0.0017410273428755119,-0.49109221421057825
2026-05-20 12:00:00+00:00,5089.077857894217,5089.077857894217,0.0,0,True,77617.26,0.0,10822.976891607233,0.003033890483493007,-0.49109221421057825
2026-05-20 13:00:00+00:00,5089.077857894217,5089.077857894217,0.0,0,True,77204.61,0.0,10765.436836543171,-0.005316472135192485,-0.49109221421057825
2026-05-20 14:00:00+00:00,5089.077857894217,5089.077857894217,0.0,0,True,77446.08,0.0,10799.107494719154,0.003127662972457257,-0.49109221421057825
2026-05-20 15:00:00+00:00,5089.077857894217,5089.077857894217,0.0,0,True,77455.46,0.0,10800.415445080238,0.00012111652390944805,-0.49109221421057825
2026-05-20 16:00:00+00:00,5089.077857894217,5089.077857894217,0.0,0,True,77338.6,0.0,10784.12044729813,-0.0015087380541024542,-0.49109221421057825
2026-05-20 17:00:00+00:00,5089.077857894217,5089.077857894217,0.0,0,True,77568.95,0.0,10816.240528926644,0.002978460949642159,-0.49109221421057825
2026-05-20 18:00:00+00:00,5089.077857894217,5089.077857894217,0.0,0,True,77415.09,0.0,10794.786238675446,-0.0019835256246217847,-0.49109221421057825
2026-05-20 19:00:00+00:00,5089.077857894217,5089.077857894217,0.0,0,True,77667.49,0.0,10829.980979734866,0.0032603462709919206,-0.49109221421057825
2026-05-20 20:00:00+00:00,5089.077857894217,5089.077857894217,0.0,0,True,77720.01,0.0,10837.304386234237,0.000676216007495567,-0.49109221421057825
2026-05-20 21:00:00+00:00,5089.077857894217,5089.077857894217,0.0,0,True,77500.01,0.0,10806.627512093695,-0.0028306738509169538,-0.49109221421057825
2026-05-20 22:00:00+00:00,5089.077857894217,5089.077857894217,0.0,0,True,77504.69,0.0,10807.280092870866,6.038708898215006e-05,-0.49109221421057825
2026-05-20 23:00:00+00:00,5089.077857894217,5089.077857894217,0.0,0,True,77552.23,0.0,10813.909086491964,0.0006133822353202589,-0.49109221421057825
2026-05-21 00:00:00+00:00,5089.077857894217,5089.077857894217,0.0,0,True,77967.09,0.0,10871.7573047008,0.005349427089330394,-0.49109221421057825
2026-05-21 01:00:00+00:00,5089.077857894217,5089.077857894217,0.0,0,True,77863.85,0.0,10857.361484308669,-0.0013241484323704977,-0.49109221421057825
2026-05-21 02:00:00+00:00,5089.077857894217,5089.077857894217,0.0,0,True,77955.78,0.0,10870.180234489304,0.0011806505843212634,-0.49109221421057825
2026-05-21 03:00:00+00:00,5089.077857894217,5089.077857894217,0.0,0,True,78078.72,0.0,10887.323029520387,0.0015770479110079894,-0.49109221421057825
2026-05-21 04:00:00+00:00,5089.077857894217,5089.077857894217,0.0,0,True,78035.8,0.0,10881.338250256242,-0.0005497016344530037,-0.49109221421057825
2026-05-21 05:00:00+00:00,5089.077857894217,5089.077857894217,0.0,0,True,77828.0,0.0,10852.36254822713,-0.0026628803702916093,-0.49109221421057825
2026-05-21 06:00:00+00:00,5089.077857894217,5089.077857894217,0.0,0,True,77622.14,0.0,10823.657360451805,-0.002645063473300069,-0.49109221421057825
2026-05-21 07:00:00+00:00,5089.077857894217,5089.077857894217,0.0,0,True,77889.01,0.0,10860.86980318765,0.003438065479771657,-0.49109221421057825
2026-05-21 08:00:00+00:00,5089.077857894217,5089.077857894217,0.0,0,True,77924.63,0.0,10865.83666799168,0.00045731740588328407,-0.49109221421057825
2026-05-21 09:00:00+00:00,5089.077857894217,5089.077857894217,0.0,0,True,77633.02,0.0,10825.174471318393,-0.0037422057698575095,-0.49109221421057825
2026-05-21 10:00:00+00:00,5089.077857894217,5089.077857894217,0.0,0,True,77198.08,0.0,10764.526291142545,-0.005602512951318861,-0.49109221421057825
2026-05-21 11:00:00+00:00,5089.077857894217,5089.077857894217,0.0,0,True,77189.1,0.0,10763.274116916262,-0.00011632413655893181,-0.49109221421057825
2026-05-21 12:00:00+00:00,5089.077857894217,5089.077857894217,0.0,0,True,77278.53,0.0,10775.74426625439,0.0011585832714722244,-0.49109221421057825
2026-05-21 13:00:00+00:00,5089.077857894217,5089.077857894217,0.0,0,True,77122.68,0.0,10754.012489732559,-0.0020167309083130025,-0.49109221421057825
2026-05-21 14:00:00+00:00,5089.077857894217,5089.077857894217,0.0,0,True,76984.61,0.0,10734.75996240263,-0.0017902645499352499,-0.49109221421057825
2026-05-21 15:00:00+00:00,5089.077857894217,5089.077857894217,0.0,0,True,77259.46,0.0,10773.085139027757,0.0035701940946379906,-0.49109221421057825
2026-05-21 16:00:00+00:00,5089.077857894217,5089.077857894217,0.0,0,True,77207.93,0.0,10765.899778462017,-0.0006669733389286225,-0.49109221421057825
2026-05-21 17:00:00+00:00,5089.077857894217,5089.077857894217,0.0,0,True,77869.38,0.0,10858.132589372293,0.008567125164474776,-0.49109221421057825
2026-05-21 18:00:00+00:00,5089.077857894217,5089.077857894217,0.0,0,True,77387.74,0.0,10790.97254545843,-0.006185229675644055,-0.49109221421057825
2026-05-21 19:00:00+00:00,5089.077857894217,5089.077857894217,0.0,0,True,77690.56,0.0,10833.197868309513,0.003913022915515985,-0.49109221421057825
2026-05-21 20:00:00+00:00,5089.077857894217,5089.077857894217,0.0,0,True,77705.81,0.0,10835.324333448802,0.00019629154430100826,-0.49109221421057825
2026-05-21 21:00:00+00:00,5089.077857894217,5089.077857894217,0.0,0,True,77672.29,0.0,10830.650293352477,-0.0004313705757653663,-0.49109221421057825
2026-05-21 22:00:00+00:00,5089.077857894217,5089.077857894217,0.0,0,True,77628.0,0.0,10824.47448082664,-0.0005702162251168819,-0.49109221421057825
2026-05-21 23:00:00+00:00,5089.077857894217,5089.077857894217,0.0,0,True,77615.52,0.0,10822.73426542085,-0.00016076673365283956,-0.49109221421057825
2026-05-22 00:00:00+00:00,5089.077857894217,5089.077857894217,0.0,0,True,77373.57,0.0,10788.996675883105,-0.0031172889133513904,-0.49109221421057825
2026-05-22 01:00:00+00:00,5089.077857894217,5089.077857894217,0.0,0,True,77616.0,0.0,10822.80119678261,0.003133240459241904,-0.49109221421057825
2026-05-22 02:00:00+00:00,5089.077857894217,5089.077857894217,0.0,0,True,77673.36,0.0,10830.799494513072,0.0007390228818802136,-0.49109221421057825
2026-05-22 03:00:00+00:00,5089.077857894217,5089.077857894217,0.0,0,True,77779.98,0.0,10845.666623244273,0.0013726714023958309,-0.49109221421057825
2026-05-22 04:00:00+00:00,5089.077857894217,5089.077857894217,0.0,0,True,77655.42,0.0,10828.297934867247,-0.0016014403706454683,-0.49109221421057825
2026-05-22 05:00:00+00:00,5089.077857894217,5089.077857894217,0.0,0,True,77489.0,0.0,10805.092273983299,-0.002143057110501778,-0.49109221421057825
2026-05-22 06:00:00+00:00,5089.077857894217,5089.077857894217,0.0,0,True,77423.41,0.0,10795.946382279308,-0.0008464427209022851,-0.49109221421057825
2026-05-22 07:00:00+00:00,5089.077857894217,5089.077857894217,0.0,0,True,77408.06,0.0,10793.80597310632,-0.0001982604486162609,-0.49109221421057825
2026-05-22 08:00:00+00:00,5089.077857894217,5089.077857894217,0.0,0,True,77267.38,0.0,10774.189506496816,-0.0018173818075274406,-0.49109221421057825
2026-05-22 09:00:00+00:00,5089.077857894217,5089.077857894217,0.0,0,False,77307.11,0.0,10779.729471085922,0.0005141885230222076,-0.49109221421057825
2026-05-22 10:00:00+00:00,5089.077857894217,5089.077857894217,0.0,0,False,77312.0,0.0,10780.411334333863,6.325420779518254e-05,-0.49109221421057825
2026-05-22 11:00:00+00:00,5089.077857894217,5089.077857894217,0.0,0,False,77428.84,0.0,10796.70354330923,0.0015112789735098886,-0.49109221421057825
2026-05-22 12:00:00+00:00,5089.24445267409,0.0,0.06563895860615925,1,False,77533.9,3.273574987949779e-05,10811.353145114708,0.001356858762187274,-0.491075554732591
2026-05-22 13:00:00+00:00,5073.235767059634,0.0,0.06563895860615925,1,False,77290.01,-0.0031455917992001536,10777.34504132318,-0.0031455917992000426,-0.4926764232940366
2026-05-22 14:00:00+00:00,5066.5251580325385,5066.5251580325385,0.0,0,False,76774.23,-0.001322747322461737,10705.424504304054,-0.006673307455905331,-0.4933474841967461
2026-05-22 15:00:00+00:00,5060.9433898321295,-9.094947017729282e-13,0.06590577556224181,1,False,76790.59,-0.0011016955460212419,10707.705748217411,0.0002130923358003578,-0.493905661016787
2026-05-22 16:00:00+00:00,5071.494245441888,-9.094947017729282e-13,0.06590577556224181,1,False,76950.68,0.0020847606458029855,10730.028751768135,0.0020847606458032075,-0.49285057545581124
2026-05-22 17:00:00+00:00,5064.783574500795,5064.783574500795,0.0,0,False,76750.0,-0.0013232137544322287,10702.045864938484,-0.0026079041796640556,-0.4935216425499205
2026-05-22 18:00:00+00:00,5012.151309387757,5012.151309387757,0.0,0,False,76537.47,-0.010391809312054634,10672.410610115352,-0.002769120521172619,-0.4987848690612243
2026-05-22 19:00:00+00:00,5012.151309387757,5012.151309387757,0.0,0,False,75860.44,0.0,10578.005318754578,-0.008845732684919061,-0.4987848690612243
2026-05-22 20:00:00+00:00,5013.706208417946,84.33358883956771,0.06487342241879661,1,False,75984.47,0.00031022587591822415,10595.300103752994,0.0016349760164851013,-0.4986293791582054
2026-05-22 21:00:00+00:00,5013.340322315504,84.33358883956771,0.06487342241879661,1,False,75978.83,-7.29771724214956e-05,10594.5136602523,-7.42256937503738e-05,-0.4986659677684496
2026-05-22 22:00:00+00:00,4997.685716751625,84.33358883956771,0.06487342241879661,1,False,75737.52,-0.0031225898417861497,10560.865312530237,-0.003176016266636439,-0.5002314283248375
2026-05-22 23:00:00+00:00,4984.839481644254,84.33358883956771,0.06487342241879661,1,False,75539.5,-0.002570436765223394,10533.253336997012,-0.0026145561671413464,-0.5015160518355746
2026-05-23 00:00:00+00:00,4978.334792445691,4978.334792445691,0.0,0,False,75352.64,-0.0013048944148583708,10507.197515624732,-0.0024736727142753434,-0.5021665207554309
2026-05-23 01:00:00+00:00,4980.79513265492,31.72797526431168,0.06555938067149975,1,False,75489.84,0.000494209472003071,10526.328729861467,0.0018207723047258817,-0.501920486734508
2026-05-23 02:00:00+00:00,4974.221074634647,4974.221074634647,0.0,0,False,75572.07,-0.0013198812328522047,10537.794908773181,0.001089285657513983,-0.5025778925365353
2026-05-23 03:00:00+00:00,4974.221074634647,4974.221074634647,0.0,0,False,75635.22,0.0,10546.600566054885,0.0008356261777664464,-0.5025778925365353
2026-05-23 04:00:00+00:00,4961.321885717324,-1.8189894035458565e-12,0.06567827630024986,1,False,75539.77,-0.0025932078055599384,10533.290985888001,-0.0012619782159686288,-0.5038678114282675
2026-05-23 05:00:00+00:00,4957.572312923342,-1.8189894035458565e-12,0.06567827630024986,1,False,75482.68,-0.0007557608396214777,10525.33033704853,-0.0007557608396213666,-0.5042427687076658
2026-05-23 06:00:00+00:00,4950.973721070844,4950.973721070844,0.0,0,False,75398.33,-0.0013310127288103102,10513.568544622374,-0.0011174748962277103,-0.5049026278929156
2026-05-23 07:00:00+00:00,4950.973721070844,4950.973721070844,0.0,0,False,74609.36,0.0,10403.554301937547,-0.010464024866333244,-0.5049026278929156
2026-05-23 08:00:00+00:00,4950.973721070844,4950.973721070844,0.0,0,False,74684.3,0.0,10414.00396079251,0.0010044316155504163,-0.5049026278929156
2026-05-23 09:00:00+00:00,4942.633841339785,-9.094947017729282e-13,0.06620463988316401,1,False,74656.91,-0.0016844928292720773,10410.184689962014,-0.0003667437466775558,-0.5057366158660215
2026-05-23 10:00:00+00:00,4936.07059971076,4936.07059971076,0.0,0,False,74705.0,-0.0013278834402279394,10416.890375768462,0.0006441466704154575,-0.506392940028924
2026-05-23 11:00:00+00:00,4936.07059971076,4936.07059971076,0.0,0,False,74789.99,0.0,10428.7414100103,0.0011376748544273951,-0.506392940028924
2026-05-23 12:00:00+00:00,4927.163251295342,0.0,0.06591176211465193,1,False,74753.93,-0.001804542345066884,10423.713191457991,-0.0004821500845233473,-0.5072836748704659
2026-05-23 13:00:00+00:00,4957.480684515218,0.0,0.06591176211465193,1,False,75213.9,0.006153121314156795,10487.85156326901,0.006153121314157017,-0.5042519315484781
2026-05-23 14:00:00+00:00,4950.943714221243,4950.943714221243,0.0,0,False,75537.72,-0.0013186073148794275,10533.005133197146,0.004305321223869507,-0.5049056285778757
2026-05-23 15:00:00+00:00,4943.260505178424,-9.094947017729282e-13,0.06545630965543466,1,False,75520.0,-0.0015518675804674364,10530.534250425462,-0.0002345847875737661,-0.5056739494821576
2026-05-23 16:00:00+00:00,4938.33164506137,-9.094947017729282e-13,0.06545630965543466,1,False,75444.7,-0.0009970868644066933,10520.034393049178,-0.0009970868644066933,-0.506166835493863
2026-05-23 17:00:00+00:00,4931.779760048173,4931.779760048173,0.0,0,False,75488.18,-0.0013267405844947788,10526.097258902044,0.0005763161626992641,-0.5068220239951827
2026-05-23 18:00:00+00:00,4948.600681983642,-9.094947017729282e-13,0.06524552944359548,1,False,75845.82,0.003410720420188751,10575.966701027604,0.0047376953583992965,-0.5051399318016359
2026-05-23 19:00:00+00:00,4942.037416945327,4942.037416945327,0.0,0,False,75983.45,-0.001326287057715092,10595.157874609251,0.0018146023076814899,-0.5057962583054674
2026-05-23 20:00:00+00:00,5013.72505305965,5013.72505305965,0.0,0,False,77287.58,0.014505684612690306,10777.006201304264,0.017163342806887583,-0.498627494694035
2026-05-23 21:00:00+00:00,4976.614638464462,87.61740236943842,0.06365468228164632,1,False,76804.99,-0.007401764995577875,10709.713689070248,-0.006244082166889098,-0.5023385361535538
2026-05-23 22:00:00+00:00,4952.234837917966,4952.234837917966,0.0,0,False,76584.45,-0.0048988724901589675,10678.961517147727,-0.002871428015289057,-0.5047765162082034
2026-05-23 23:00:00+00:00,4955.99393117523,556.1826985048692,0.05732502943793082,1,False,76752.01,0.0007590700724613431,10702.326140015859,0.0021879115146743455,-0.5044006068824771
2026-05-24 00:00:00+00:00,4950.134045752682,4950.134045752682,0.0,0,False,76835.16,-0.0011823834943958111,10713.920604037614,0.0010833592501355849,-0.5049865954247318
2026-05-24 01:00:00+00:00,4947.2811049802585,337.0948046386229,0.05995817274046985,1,False,76890.04,-0.0005763360640448356,10721.573089732306,0.0007142563378534916,-0.5052718895019741
2026-05-24 02:00:00+00:00,4941.096119842104,4941.096119842104,0.0,0,False,76830.0,-0.0012501786348725341,10713.20109189868,-0.0007808553617606462,-0.5058903880157897
2026-05-24 03:00:00+00:00,4941.096119842104,4941.096119842104,0.0,0,False,76750.0,0.0,10702.045864938484,-0.001041259924508653,-0.5058903880157897
2026-05-24 04:00:00+00:00,4936.830009005258,-9.094947017729282e-13,0.0642929422360084,1,False,76786.5,-0.0008633936141646537,10707.135437239072,0.0004755700325731471,-0.5063169990994743
2026-05-24 05:00:00+00:00,4939.12719583135,-9.094947017729282e-13,0.0642929422360084,1,False,76822.23,0.000465316168857699,10712.11764048017,0.000465316168857699,-0.506087280416865
2026-05-24 06:00:00+00:00,4932.507787518766,4932.507787518766,0.0,0,False,76987.58,-0.0013401979844072098,10735.174100203527,0.0021523717809286413,-0.5067492212481234
2026-05-24 07:00:00+00:00,4932.507787518766,4932.507787518766,0.0,0,False,76799.99,0.0,10709.016487385235,-0.002436626790970786,-0.5067492212481234
2026-05-24 08:00:00+00:00,4932.507787518766,4932.507787518766,0.0,0,False,76830.69,0.0,10713.297305731212,0.0003997396353829785,-0.5067492212481234
2026-05-24 09:00:00+00:00,4938.098386443886,0.0,0.06411405357044266,1,False,77020.53,0.0011334191786307457,10739.768659307758,0.002470887610146466,-0.5061901613556115
2026-05-24 10:00:00+00:00,4931.546812688167,4931.546812688167,0.0,0,False,77190.74,-0.0013267402232617354,10763.502799068945,0.0022099302614508876,-0.5068453187311833
2026-05-24 11:00:00+00:00,4931.546812688167,4931.546812688167,0.0,0,False,77320.06,0.0,10781.535223450104,0.001675330486532678,-0.5068453187311833
2026-05-24 12:00:00+00:00,4912.163095164608,-9.094947017729282e-13,0.06369610981877696,1,False,77118.73,-0.003930555312521178,10753.461700401398,-0.002603852092199821,-0.5087836904835392
2026-05-24 13:00:00+00:00,4878.443616442482,4878.443616442482,0.0,0,False,76802.23,-0.006864486799169733,10709.32883374012,-0.004104061360968969,-0.5121556383557517
2026-05-24 14:00:00+00:00,4878.443616442482,4878.443616442482,0.0,0,False,76465.16,0.0,10662.327679346705,-0.004388804856317208,-0.5121556383557517
2026-05-24 15:00:00+00:00,4866.048722113482,0.0,0.06371543033362906,1,False,76371.59,-0.0025407476858447797,10649.280247013383,-0.001223694555795296,-0.5133951277886518
2026-05-24 16:00:00+00:00,4885.170359910907,0.0,0.06371543033362906,1,False,76671.7,0.003929602617936734,10691.12768655119,0.003929602617936956,-0.5114829640089094
2026-05-24 17:00:00+00:00,4878.6750672031085,4878.6750672031085,0.0,0,False,76693.34,-0.0013295938993449496,10694.145175443924,0.00028224233974216695,-0.5121324932796891
2026-05-24 18:00:00+00:00,4870.415460229737,-9.094947017729282e-13,0.063527934322542,1,False,76665.73,-0.0016930020670770096,10690.295227739287,-0.0003600051842832519,-0.5129584539770263
2026-05-24 19:00:00+00:00,4863.871112557683,4863.871112557683,0.0,0,False,76773.34,-0.0013436939262149172,10705.30040240412,0.0014036258442982064,-0.5136128887442317
2026-05-24 20:00:00+00:00,4850.692492764045,0.0,0.06326847166191084,1,False,76668.4,-0.0027094919846073484,10690.667533439082,-0.001366880742716181,-0.5149307507235955
2026-05-24 21:00:00+00:00,4812.889042499281,4812.889042499281,0.0,0,False,76151.14,-0.007793413068578725,10618.540624721192,-0.006746717030745364,-0.518711095750072
2026-05-24 22:00:00+00:00,4847.728403156957,-9.094947017729282e-13,0.0631181843958492,1,False,76803.99,0.007238762487569161,10709.574248733246,0.008573082425292755,-0.5152271596843043
2026-05-24 23:00:00+00:00,4864.200355738742,-9.094947017729282e-13,0.0631181843958492,1,False,77064.96,0.003397870345017262,10745.963993480778,0.003397870345017262,-0.5135799644261259
2026-05-25 00:00:00+00:00,4857.712379705197,4857.712379705197,0.0,0,False,77153.01,-0.0013338217094388538,10758.241715153843,0.0011425426030193808,-0.5142287620294803
2026-05-25 01:00:00+00:00,4838.171474775068,0.0,0.06287808821484502,1,False,76945.27,-0.004022655810534959,10729.274379544953,-0.002692571553591927,-0.5161828525224932
2026-05-25 02:00:00+00:00,4831.765620269946,4831.765620269946,0.0,0,False,77108.77,-0.001324023866975499,10752.072874644855,0.002124886948866367,-0.5168234379730053
2026-05-25 03:00:00+00:00,4831.765620269946,4831.765620269946,0.0,0,False,77026.67,0.0,10740.624822976952,-0.0010647297317802895,-0.5168234379730053
2026-05-25 04:00:00+00:00,4848.118740578027,-9.094947017729282e-13,0.06264442061051782,1,False,77391.07,0.0033845019798719456,10791.436881780648,0.004730828945351151,-0.5151881259421973
2026-05-25 05:00:00+00:00,4849.1166661983525,-9.094947017729282e-13,0.06264442061051782,1,False,77407.0,0.00020583770194670947,10793.658166349096,0.00020583770194670947,-0.5150883333801648
2026-05-25 06:00:00+00:00,4842.656357911003,4842.656357911003,0.0,0,False,77419.87,-0.0013322649736150494,10795.452763486317,0.00016626403296848835,-0.5157343642088996
2026-05-25 07:00:00+00:00,4842.656357911003,4842.656357911003,0.0,0,False,77401.12,0.0,10792.838257167521,-0.00024218588845470457,-0.5157343642088996
2026-05-25 08:00:00+00:00,4842.656357911003,4842.656357911003,0.0,0,False,77456.94,0.0,10800.621816779,0.000721178194837524,-0.5157343642088996
2026-05-25 09:00:00+00:00,4845.441816154789,0.0,0.06243759150434961,1,False,77604.56,0.0005751922164032308,10821.205999327303,0.0019058330990098238,-0.515455818384521
2026-05-25 10:00:00+00:00,4839.006757729344,4839.006757729344,0.0,0,False,77545.65,-0.0013280643271766923,10812.991569074487,-0.0007591048773423203,-0.5160993242270656
2026-05-25 11:00:00+00:00,4839.006757729344,4839.006757729344,0.0,0,False,77357.5,0.0,10786.755869667475,-0.002426312759000737,-0.5160993242270656
2026-05-25 12:00:00+00:00,4833.204670543402,-9.094947017729282e-13,0.062470348463839996,1,False,77367.98,-0.0011990244024094876,10788.217204399261,0.00013547490547138885,-0.5166795329456597
2026-05-25 13:00:00+00:00,4831.522344059272,-9.094947017729282e-13,0.062470348463839996,1,False,77341.05,-0.000348076814206455,10784.462076123786,-0.000348076814206566,-0.5168477655940729
2026-05-25 14:00:00+00:00,4825.07839250042,4825.07839250042,0.0,0,False,77714.0,-0.0013337310892860277,10836.46634980885,0.0048221481347872075,-0.5174921607499581
2026-05-25 15:00:00+00:00,4813.433968341895,0.0,0.062005759824017605,1,False,77628.82,-0.0024133129477489357,10824.588821902982,-0.0010960702061403316,-0.5186566031658105
2026-05-25 16:00:00+00:00,4820.060523894287,0.0,0.062005759824017605,1,False,77735.69,0.001376679434261563,10839.490810718435,0.001376679434261563,-0.5179939476105713
2026-05-25 17:00:00+00:00,4813.666008222086,4813.666008222086,0.0,0,False,77564.01,-0.0013266463440659848,10815.551693661853,-0.002208509373236356,-0.5186333991777914
2026-05-25 18:00:00+00:00,4805.995222919723,0.0,0.0619781418238192,1,False,77543.39,-0.0015935433179743441,10812.67643391286,-0.0002658449453556422,-0.5194004777080277
2026-05-25 19:00:00+00:00,4799.590611224791,4799.590611224791,0.0,0,False,77441.86,-0.00133262964232439,10798.519056497003,-0.0013093314594575522,-0.5200409388775209
2026-05-25 20:00:00+00:00,4782.781990692878,0.0,0.06189455925121742,1,False,77273.06,-0.0035020946354472615,10774.981527610988,-0.0021796997127910833,-0.5217218009307122
2026-05-25 21:00:00+00:00,4788.598222425715,0.0,0.06189455925121742,1,False,77367.03,0.0012160771166562778,10788.084736079109,0.0012160771166562778,-0.5211401777574285
2026-05-25 22:00:00+00:00,4773.073829074326,0.0,0.06189455925121742,1,False,77116.21,-0.0032419494453901354,10753.110310752154,-0.0032419494453902464,-0.5226926170925674
2026-05-25 23:00:00+00:00,4785.811729368225,0.0,0.06189455925121742,1,False,77322.01,0.002668699615813397,10781.807132107258,0.002668699615813397,-0.5214188270631774
2026-05-26 00:00:00+00:00,4779.418708504074,4779.418708504074,0.0,0,False,76792.71,-0.0013358279066684187,10708.00136173186,-0.006845398871550112,-0.5220581291495926
2026-05-26 01:00:00+00:00,4770.925446892745,-9.094947017729282e-13,0.062156242297348674,1,False,76756.98,-0.0017770490784196902,10703.01915849076,-0.00046527854011158,-0.5229074553107256
2026-05-26 02:00:00+00:00,4764.59098681177,4764.59098681177,0.0,0,False,76660.0,-0.0013277214560333261,10689.496234608263,-0.001263468156251002,-0.523540901318823
2026-05-26 03:00:00+00:00,4764.59098681177,4764.59098681177,0.0,0,False,76664.01,0.0,10690.055390359643,5.230889642571235e-05,-0.523540901318823
2026-05-26 04:00:00+00:00,4763.589268668217,-9.094947017729282e-13,0.06206671403290208,1,False,76749.5,-0.0002102422109946378,10701.976144769982,0.001115125598047939,-0.5236410731331782
2026-05-26 05:00:00+00:00,4774.792931218296,-9.094947017729282e-13,0.06206671403290208,1,False,76930.01,0.002351937146170213,10727.146520002296,0.0023519371461704353,-0.5225207068781704
2026-05-26 06:00:00+00:00,4768.487292582243,4768.487292582243,0.0,0,False,76908.01,-0.001320609862435318,10724.078832588242,-0.000285974225143093,-0.5231512707417757
2026-05-26 07:00:00+00:00,4768.487292582243,4768.487292582243,0.0,0,False,76730.84,0.0,10699.374188081516,-0.0023036612181228655,-0.5231512707417757
2026-05-26 08:00:00+00:00,4768.487292582243,4768.487292582243,0.0,0,False,76726.37,0.0,10698.750889775114,-5.825558536831643e-05,-0.5231512707417757
2026-05-26 09:00:00+00:00,4758.78779594184,-9.094947017729282e-13,0.06206667366540385,1,False,76672.19,-0.002034082518263425,10691.196012316323,-0.0007061457488473089,-0.524121220405816
2026-05-26 10:00:00+00:00,4752.486751930934,4752.486751930934,0.0,0,False,77430.0,-0.0013240859397596338,10796.865294100153,0.00988376619997422,-0.5247513248069067
2026-05-26 11:00:00+00:00,4752.486751930934,4752.486751930934,0.0,0,False,77183.55,0.0,10762.500223045898,-0.0031828748547074737,-0.5247513248069067
2026-05-26 12:00:00+00:00,4743.047366603575,-9.094947017729282e-13,0.06149220324251873,1,False,77132.5,-0.0019861991879353003,10755.381793841923,-0.0006614103652914372,-0.5256952633396426
2026-05-26 13:00:00+00:00,4749.138784256778,-9.094947017729282e-13,0.06149220324251873,1,False,77231.56,0.0012842835380675321,10769.194753625387,0.0012842835380675321,-0.5250861215743221
2026-05-26 14:00:00+00:00,4742.856875236161,4742.856875236161,0.0,0,False,76908.01,-0.001322746987610035,10724.078832588242,-0.0041893495353453325,-0.5257143124763839
2026-05-26 15:00:00+00:00,4716.367773078727,588.694644358864,0.05394374832516571,1,False,76518.1,-0.005585051974842714,10669.709650787614,-0.005069823026236264,-0.5283632226921273
2026-05-26 16:00:00+00:00,4710.934092649555,4710.934092649555,0.0,0,False,76558.0,-0.0011520900596826422,10675.273320234011,0.0005214452528223834,-0.5289065907350445
2026-05-26 17:00:00+00:00,4710.934092649555,4710.934092649555,0.0,0,False,75935.08,0.0,10588.413145508443,-0.008136576190600486,-0.5289065907350445
2026-05-26 18:00:00+00:00,4701.526893934514,1039.6923425668324,0.04828333327445122,1,False,75840.55,-0.001996886080346316,10575.2318504516,-0.0012448791783717938,-0.5298473106065487
2026-05-26 19:00:00+00:00,4696.678654508627,4696.678654508627,0.0,0,False,76052.0,-0.0010312052946335193,10604.71650971077,0.002788086320576477,-0.5303321345491373
2026-05-26 20:00:00+00:00,4694.392575564745,930.2194003291647,0.04945905238023984,1,False,76106.86,-0.00048674374213086846,10612.366206598725,0.0007213485509913742,-0.5305607424435255
2026-05-26 21:00:00+00:00,4683.666885465566,930.2194003291647,0.04945905238023984,1,False,75890.0,-0.002284787632591323,10582.127175116371,-0.002849414625698765,-0.5316333114534434
2026-05-26 22:00:00+00:00,4676.694148261,930.2194003291647,0.04945905238023984,1,False,75749.02,-0.0014887346549354863,10562.468876405765,-0.0018576887600474379,-0.5323305851739
2026-05-26 23:00:00+00:00,4685.6457421513,930.2194003291647,0.04945905238023984,1,False,75930.01,0.001914085806451249,10587.70618299984,0.0023893378422585876,-0.53143542578487
2026-05-27 00:00:00+00:00,4680.635427586709,4680.635427586709,0.0,0,False,76085.01,-0.00106929009154888,10609.31943523522,0.0020413536097254603,-0.5319364572413291
2026-05-27 01:00:00+00:00,4662.804870616736,273.5245240051945,0.057846974629238164,1,False,75877.44,-0.0038094308445566494,10580.37580448362,-0.0027281326505708137,-0.5337195129383264
2026-05-27 02:00:00+00:00,4656.985323274287,4656.985323274287,0.0,0,False,75879.0,-0.0012480786788057197,10580.593331409344,2.055947064105723e-05,-0.5343014676725713
2026-05-27 03:00:00+00:00,4656.985323274287,4656.985323274287,0.0,0,False,75683.0,0.0,10553.263025356862,-0.0025830598716377606,-0.5343014676725713
2026-05-27 04:00:00+00:00,4644.4861374031725,20.608599364131805,0.06117938747860075,1,False,75579.01,-0.0026839650553861505,10538.762624711977,-0.001374020585864666,-0.5355513862596828
2026-05-27 05:00:00+00:00,4651.765260925377,20.608599364131805,0.06117938747860075,1,False,75697.99,0.00156726133028684,10555.35323600853,0.0015742466063000116,-0.5348234739074622
2026-05-27 06:00:00+00:00,4645.621282458254,4645.621282458254,0.0,0,False,75838.65,-0.0013207842877911435,10574.966913811295,0.0018581735129294952,-0.5354378717541746
2026-05-27 07:00:00+00:00,4645.621282458254,4645.621282458254,0.0,0,False,75977.17,0.0,10594.282189292875,0.0018265093062705962,-0.5354378717541746
2026-05-27 08:00:00+00:00,4645.621282458254,4645.621282458254,0.0,0,False,75873.24,0.0,10579.79015506821,-0.0013679109132387346,-0.5354378717541746
2026-05-27 09:00:00+00:00,4641.849732731057,0.0,0.061147289550496975,1,False,75912.6,-0.0008118504496780199,10585.278526732627,0.0005187599738720738,-0.5358150267268943
2026-05-27 10:00:00+00:00,4635.671346389006,4635.671346389006,0.0,0,False,75909.82,-0.0013310181711581048,10584.89088259576,-3.662106158919265e-05,-0.5364328653610994
2026-05-27 11:00:00+00:00,4635.671346389006,4635.671346389006,0.0,0,False,75769.18,0.0,10565.279993599734,-0.0018527247199375818,-0.5364328653610994
2026-05-27 12:00:00+00:00,4624.55682643994,-9.094947017729282e-13,0.06110026459200852,1,False,75688.0,-0.002397607405392188,10553.960227041875,-0.0010714118854130428,-0.5375443173560059
2026-05-27 13:00:00+00:00,4586.303515900297,4586.303515900297,0.0,0,False,75073.4,-0.008271778675296604,10468.260195920166,-0.008120177571081189,-0.5413696484099704
2026-05-27 14:00:00+00:00,4586.303515900297,4586.303515900297,0.0,0,False,75031.92,0.0,10462.476210741304,-0.0005525259279584027,-0.5413696484099704
2026-05-27 15:00:00+00:00,4597.898282068361,126.69304954387371,0.059358052185752144,1,False,75326.01,0.002528128835753485,10503.484219450356,0.003919531847245805,-0.5402101717931639
2026-05-27 16:00:00+00:00,4596.592404920275,126.69304954387371,0.059358052185752144,1,False,75304.01,-0.0002840161021350207,10500.416532036303,-0.0002920637904489931,-0.5403407595079726
2026-05-27 17:00:00+00:00,4590.668949708186,4590.668949708186,0.0,0,False,74860.42,-0.0012886622720231777,10438.562192945383,-0.005890655756579322,-0.5409331050291815
2026-05-27 18:00:00+00:00,4594.395842510122,448.13636779718036,0.05526380785276677,1,False,75026.67,0.0008118408978659009,10461.74414897204,0.002220799723004374,-0.5405604157489878
2026-05-27 19:00:00+00:00,4588.892869604241,4588.892869604241,0.0,0,False,75066.08,-0.001197757680120537,10467.239492653309,0.0005252798771424594,-0.5411107130395758
2026-05-27 20:00:00+00:00,4595.264962754749,205.95063818097788,0.058310711591798604,1,False,75274.58,0.0013885905231554307,10496.31280291832,0.0027775527908211473,-0.5404735037245252
2026-05-27 21:00:00+00:00,4548.524845664111,205.95063818097788,0.058310711591798604,1,False,74473.01,-0.01017136497448412,10384.541611987263,-0.010648614711633031,-0.545147515433589
2026-05-27 22:00:00+00:00,4542.7625375076495,4542.7625375076495,0.0,0,False,74418.13,-0.001266852078856795,10376.889126292568,-0.000736911264899831,-0.545723746249235
2026-05-27 23:00:00+00:00,4539.240522983055,659.1280822284575,0.05211751407675554,1,False,74449.3,-0.0007753023618370936,10381.235481596934,0.00041884954647475325,-0.5460759477016945
2026-05-28 00:00:00+00:00,4534.115004706806,4534.115004706806,0.0,0,False,74570.66,-0.0011291576752316956,10398.157960895553,0.0016301026336045243,-0.5465884995293194
2026-05-28 01:00:00+00:00,4516.222185994813,432.92957288007165,0.054924247002784095,1,False,74344.08,-0.003946264859497006,10366.563569337535,-0.0030384604347072353,-0.5483777814005186
2026-05-28 02:00:00+00:00,4510.8104109022515,4510.8104109022515,0.0,0,False,74287.42,-0.0011982969104894492,10358.662879842976,-0.0007621319680061189,-0.5489189589097748
2026-05-28 03:00:00+00:00,4510.8104109022515,4510.8104109022515,0.0,0,False,73258.01,0.0,10215.121602529278,-0.013857124126803622,-0.5489189589097748
2026-05-28 04:00:00+00:00,4502.543055858951,987.7230578270905,0.048028509735417835,1,False,73181.95,-0.0018327870804143442,10204.515770496871,-0.0010382482407043092,-0.5497456944141048
2026-05-28 05:00:00+00:00,4493.365768218708,987.7230578270905,0.048028509735417835,1,False,72990.87,-0.002038245392967819,10177.871510902442,-0.002611026352809742,-0.5506634231781292
2026-05-28 06:00:00+00:00,4488.726617475018,4488.726617475018,0.0,0,False,73202.7,-0.0010324444932797716,10207.409157489672,0.0029021437886684875,-0.5511273382524982
2026-05-28 07:00:00+00:00,4488.726617475018,4488.726617475018,0.0,0,False,73498.0,0.0,10248.585889006497,0.004034004210227149,-0.5511273382524982
2026-05-28 08:00:00+00:00,4488.726617475018,4488.726617475018,0.0,0,False,73325.88,0.0,10224.585418201636,-0.002341832430814317,-0.5511273382524982
2026-05-28 09:00:00+00:00,4494.724350256221,754.3447328331904,0.05086098109609017,1,False,73541.24,0.0013361768920951977,10254.615289178484,0.0029370257813474687,-0.5505275649743779
2026-05-28 10:00:00+00:00,4489.757904615391,4489.757904615391,0.0,0,False,73400.01,-0.0011049499933286633,10234.922130383628,-0.0019204190737061033,-0.5510242095384609
2026-05-28 11:00:00+00:00,4489.757904615391,4489.757904615391,0.0,0,False,73505.66,0.0,10249.654001987938,0.0014393731009028077,-0.5510242095384609
2026-05-28 12:00:00+00:00,4485.0046194155975,405.1816110264667,0.055494198066421155,1,False,73518.01,-0.001058695212699079,10251.376090149917,0.00016801427264234725,-0.5514995380584402
2026-05-28 13:00:00+00:00,4457.480052116634,405.1816110264667,0.055494198066421155,1,False,73022.02,-0.006137020947494465,10182.21507740007,-0.006746510140848483,-0.5542519947883365
2026-05-28 14:00:00+00:00,4452.134464393361,4452.134464393361,0.0,0,False,73033.06,-0.0011992398531845971,10183.754498720577,0.00015118727200369442,-0.554786553560664
2026-05-28 15:00:00+00:00,4442.613700270427,977.6361671836371,0.04751183152492565,1,False,72928.73,-0.00213847182718252,10169.20668836111,-0.0014285311337085549,-0.5557386299729572
2026-05-28 16:00:00+00:00,4466.936907301299,977.6361671836371,0.04751183152492565,1,False,73440.67,0.005474976820377231,10240.591774486145,0.0070197300844261346,-0.5533063092698701
2026-05-28 17:00:00+00:00,4462.313720597933,4462.313720597933,0.0,0,False,73554.82,-0.0010349791813286657,10256.508888954977,0.0015543158851902827,-0.5537686279402068
2026-05-28 18:00:00+00:00,4462.337725467248,1045.6091915950892,0.046389612108476384,1,False,73652.88,5.379466980093284e-06,10270.182408401439,0.0013331553255111483,-0.5537662274532753
2026-05-28 19:00:00+00:00,4457.794874312222,4457.794874312222,0.0,0,False,73419.32,-0.0010180428812230913,10237.614723291144,-0.0031710912051233775,-0.5542205125687778
2026-05-28 20:00:00+00:00,4460.909985132789,813.6803264799892,0.049568227158671804,1,False,73579.99,0.0006988008440040883,10260.01860223733,0.0021883885603952713,-0.5539090014867211
2026-05-28 21:00:00+00:00,4472.673516802085,813.6803264799892,0.049568227158671804,1,False,73817.31,0.0026370251156155877,10293.110583014752,0.0032253334092597896,-0.5527326483197915
2026-05-28 22:00:00+00:00,4467.792889826476,4467.792889826476,0.0,0,False,73464.8,-0.0010912102028628468,10243.956469818017,-0.0047754381729704365,-0.5532207110173524
2026-05-28 23:00:00+00:00,4470.5160333019085,812.800599823554,0.04968540002885665,1,False,73617.51,0.000609505306665703,10265.25040368166,0.002078682579956581,-0.5529483966698092
2026-05-29 00:00:00+00:00,4465.628342417604,4465.628342417604,0.0,0,False,73716.37,-0.0010933169343081417,10279.035475397723,0.0013428870386948955,-0.5534371657582396
2026-05-29 01:00:00+00:00,4453.574566397097,552.7575321164668,0.0530097170143167,1,False,73586.83,-0.0026992340374614177,10260.972374142426,-0.0017572758940787025,-0.5546425433602902
2026-05-29 02:00:00+00:00,4448.39482945573,4448.39482945573,0.0,0,False,73225.06,-0.0011630515811835718,10210.527043425047,-0.004916232972666523,-0.5551605170544269
2026-05-29 03:00:00+00:00,4448.39482945573,4448.39482945573,0.0,0,False,73301.52,0.0,10221.188651592254,0.001044178045057187,-0.5551605170544269
2026-05-29 04:00:00+00:00,4454.264322670393,457.4481578648615,0.054372762425339866,1,False,73507.69,0.0013194631860906636,10249.93706587205,0.0028126292606212022,-0.5545735677329606
2026-05-29 05:00:00+00:00,4465.046985186962,457.4481578648615,0.054372762425339866,1,False,73706.0,0.002420750484359413,10277.589479103008,0.0026978129771184634,-0.5534953014813038
2026-05-29 06:00:00+00:00,4459.752156339204,4459.752156339204,0.0,0,False,73786.32,-0.001185839447003345,10288.789326971046,0.0010897348926817152,-0.5540247843660796
2026-05-29 07:00:00+00:00,4459.752156339204,4459.752156339204,0.0,0,False,73528.56,0.0,10252.847185705292,-0.003493330471014189,-0.5540247843660796
2026-05-29 08:00:00+00:00,4459.752156339204,4459.752156339204,0.0,0,False,73653.4,0.0,10270.254917376678,0.0016978436678209974,-0.5540247843660796
2026-05-29 09:00:00+00:00,4459.40344715473,151.47922627144726,0.058416523934425924,1,False,73744.96,-7.81902608596452e-05,10283.022074632625,0.001243119801665804,-0.5540596552845269
2026-05-29 10:00:00+00:00,4453.68774254553,4453.68774254553,0.0,0,False,73634.64,-0.0012817195566475759,10267.639016654512,-0.0014959666396187066,-0.5546312257454469
2026-05-29 11:00:00+00:00,4453.68774254553,4453.68774254553,0.0,0,False,73487.98,0.0,10247.188696829733,-0.0019917256334788247,-0.5546312257454469
2026-05-29 12:00:00+00:00,4436.138042599039,0.0,0.06052382645754451,1,False,73295.73,-0.003940487290754802,10220.381292041011,-0.002616074084496489,-0.5563861957400961
2026-05-29 13:00:00+00:00,4426.4524146510375,0.0,0.06052382645754451,1,False,73135.7,-0.0021833468334377937,10198.066654910506,-0.0021833468334377937,-0.5573547585348962
2026-05-29 14:00:00+00:00,4420.609499628696,4420.609499628696,0.0,0,False,73096.85,-0.0013199995108955642,10192.649397817962,-0.0005312043229228625,-0.5579390500371304
2026-05-29 15:00:00+00:00,4456.1668449055815,190.1196273653013,0.05779904874522554,1,False,73808.26,0.008043539082081885,10291.84864796488,0.00973243033044513,-0.5543833155094419
2026-05-29 16:00:00+00:00,4470.514880766096,190.1196273653013,0.05779904874522554,1,False,74056.5,0.003219815675644666,10326.46331722237,0.0033633092014362376,-0.5529485119233903
2026-05-29 17:00:00+00:00,4466.1475846429075,190.1196273653013,0.05779904874522554,1,False,73980.94,-0.0009769112148532155,10315.927205358463,-0.0010203020666653684,-0.5533852415357092
2026-05-29 18:00:00+00:00,4431.097085502828,190.1196273653013,0.05779904874522554,1,False,73374.52,-0.007848038712514271,10231.367796193434,-0.008196976140070644,-0.5568902914497171
2026-05-29 19:00:00+00:00,4425.480610832459,4425.480610832459,0.0,0,False,73520.28,-0.0012675133408257544,10251.692619714911,0.0019865206613958186,-0.557451938916754
2026-05-29 20:00:00+00:00,4427.98385868108,1091.6283835697127,0.0452856250034628,1,False,73673.61,0.0005656442923946958,10273.0730065875,0.0020855470082541405,-0.5572016141318921
2026-05-29 21:00:00+00:00,4416.0130565676645,1091.6283835697127,0.0452856250034628,1,False,73409.27,-0.002703443033096664,10236.21334790427,-0.0035879876118464216,-0.5583986943432335
2026-05-29 22:00:00+00:00,4411.581310611389,4411.581310611389,0.0,0,False,73483.52,-0.0010035626932045627,10246.566792926702,0.0010114526407905,-0.558841868938861
2026-05-29 23:00:00+00:00,4405.674840092173,796.3631208152733,0.049132499263918786,1,False,73460.78,-0.0013388556400419915,10243.395919663266,-0.0003094571408663871,-0.5594325159907827
2026-05-30 00:00:00+00:00,4400.841636630696,4400.841636630696,0.0,0,False,73498.8,-0.001097040439184238,10248.6974412761,0.0005175550817728691,-0.5599158363369304
2026-05-30 01:00:00+00:00,4404.126177658904,469.54701826041855,0.05341693368122749,1,False,73657.9,0.0007463438358858987,10270.882398893189,0.002164661191747186,-0.5595873822341095
2026-05-30 02:00:00+00:00,4398.8882190763325,4398.8882190763325,0.0,0,False,73786.69,-0.0011893298173750733,10288.840919895736,0.001748488621044153,-0.5601111780923668
2026-05-30 03:00:00+00:00,4398.8882190763325,4398.8882190763325,0.0,0,False,73524.01,0.0,10252.21273217193,-0.0035599916461898085,-0.5601111780923668
2026-05-30 04:00:00+00:00,4398.8882190763325,4398.8882190763325,0.0,0,False,73402.84,0.0,10235.316746537343,-0.0016480330711016178,-0.5601111780923668
2026-05-30 05:00:00+00:00,4405.081059710019,47.313148541841656,0.05920478912052263,1,False,73604.99,0.0014078195046718367,10263.50461066239,0.0027539806361716046,-0.5594918940289981
2026-05-30 06:00:00+00:00,4399.295178080755,4399.295178080755,0.0,0,False,73584.99,-0.0013134563361802964,10260.715803922341,-0.0002717207080661366,-0.5600704821919245
2026-05-30 07:00:00+00:00,4399.295178080755,4399.295178080755,0.0,0,False,73548.6,0.0,10255.641570058822,-0.0004945302024230713,-0.5600704821919245
2026-05-30 08:00:00+00:00,4399.295178080755,4399.295178080755,0.0,0,False,73530.07,0.0,10253.057740614166,-0.0002519422531497284,-0.5600704821919245
2026-05-30 09:00:00+00:00,4398.5451380828235,0.0,0.0597502907416842,1,False,73615.46,-0.00017049094629262296,10264.964550990808,0.001161293604099889,-0.5601454861917177
2026-05-30 10:00:00+00:00,4392.67363393102,4392.67363393102,0.0,0,False,73655.85,-0.001334874138489095,10270.596546202336,0.000548661925090066,-0.560732636606898
2026-05-30 11:00:00+00:00,4392.67363393102,4392.67363393102,0.0,0,False,73602.02,0.0,10263.090472861493,-0.0007308312917440052,-0.560732636606898
2026-05-30 12:00:00+00:00,4392.590140248923,0.0,0.059602423563905146,1,False,73698.18,-1.9007485885680353e-05,10276.499055667648,0.0013064858817730673,-0.5607409859751078
2026-05-30 13:00:00+00:00,4400.405806050858,0.0,0.059602423563905146,1,False,73829.31,0.0017792841017241212,10294.78386705878,0.0017792841017241212,-0.5599594193949142
2026-05-30 14:00:00+00:00,4394.569706948001,4394.569706948001,0.0,0,False,73929.11,-0.0013262638402193883,10308.700012691626,0.0013517666628606317,-0.5605430293051998
2026-05-30 15:00:00+00:00,4388.846171265276,-9.094947017729282e-13,0.05936477560119969,1,False,73930.14,-0.001302410944506338,10308.843636238738,1.3932265652716325e-05,-0.5611153828734724
2026-05-30 16:00:00+00:00,4389.134090426943,-9.094947017729282e-13,0.05936477560119969,1,False,73934.99,6.560247282116904e-05,10309.5199218732,6.5602472820947e-05,-0.5610865909573057
2026-05-30 17:00:00+00:00,4394.184845535093,-9.094947017729282e-13,0.05936477560119969,1,False,74020.07,0.0011507406709596602,10321.383505745369,0.0011507406709596602,-0.5605815154464907
2026-05-30 18:00:00+00:00,4395.568638454356,-9.094947017729282e-13,0.05936477560119969,1,False,74043.38,0.0003149145900562811,10324.633860000897,0.00031491459005650313,-0.5604431361545644
2026-05-30 19:00:00+00:00,4389.730928422684,4389.730928422684,0.0,0,False,74016.65,-0.0013280898358863924,10320.90661979282,-0.0003610045894717473,-0.5610269071577316
2026-05-30 20:00:00+00:00,4381.714163068958,-9.094947017729282e-13,0.0592284893163997,1,False,73979.84,-0.001826254384253545,10315.773820987759,-0.0004973205353121513,-0.5618285836931042
2026-05-30 21:00:00+00:00,4381.841504320989,-9.094947017729282e-13,0.0592284893163997,1,False,73981.99,2.9061971477561954e-05,10316.073617712316,2.9061971477784e-05,-0.5618158495679011
2026-05-30 22:00:00+00:00,4376.044595100586,4376.044595100586,0.0,0,False,73883.3,-0.0013229390462176083,10302.312250853543,-0.0013339733089093864,-0.5623955404899414
2026-05-30 23:00:00+00:00,4370.349326318752,-9.094947017729282e-13,0.05915119442456921,1,False,73884.38,-0.0013014649778044785,10302.462846417508,1.4617647019044e-05,-0.5629650673681248
2026-05-31 00:00:00+00:00,4364.590482643578,4364.590482643578,0.0,0,False,74038.2,-0.001317707863875639,10323.911559055223,0.0020819014790403045,-0.5635409517356422
2026-05-31 01:00:00+00:00,4359.992983575656,-9.094947017729282e-13,0.05887267270043655,1,False,74058.01,-0.0010533632161379147,10326.673872131243,0.00026756458152710216,-0.5640007016424344
2026-05-31 02:00:00+00:00,4354.247262255877,4354.247262255877,0.0,0,False,74090.84,-0.00131782811151826,10331.251698395032,0.0004433011365008177,-0.5645752737744123
2026-05-31 03:00:00+00:00,4354.247262255877,4354.247262255877,0.0,0,False,74150.64,0.0,10339.59023054778,0.000807117317066508,-0.5645752737744123
2026-05-31 04:00:00+00:00,4354.247262255877,4354.247262255877,0.0,0,False,74178.4,0.0,10343.461094302967,0.0003743730330580952,-0.5645752737744123
2026-05-31 05:00:00+00:00,4341.309268869183,0.0,0.058621994724385305,1,False,74055.98,-0.0029713501800517905,10326.390808247128,-0.001650345653181895,-0.5658690731130818
2026-05-31 06:00:00+00:00,4335.5720023115255,4335.5720023115255,0.0,0,False,74054.87,-0.0013215521406868547,10326.236029473053,-1.4988661280468385e-05,-0.5664427997688475
2026-05-31 07:00:00+00:00,4335.5720023115255,4335.5720023115255,0.0,0,False,73871.24,0.0,10300.630600389293,-0.0024796478611061046,-0.5664427997688475
2026-05-31 08:00:00+00:00,4335.5720023115255,4335.5720023115255,0.0,0,False,73937.61,0.0,10309.885255556148,0.0008984552039468241,-0.5664427997688475
2026-05-31 09:00:00+00:00,4324.255610284649,-9.094947017729282e-13,0.058561088650270404,1,False,73841.79,-0.0026101266501497022,10296.52408246457,-0.0012959574971387333,-0.5675744389715351
2026-05-31 10:00:00+00:00,4318.557945762213,4318.557945762213,0.0,0,False,73900.0,-0.0013176058577306637,10304.640904481485,0.0007883070006835524,-0.5681442054237786
2026-05-31 11:00:00+00:00,4318.557945762213,4318.557945762213,0.0,0,False,73937.79,0.0,10309.910354816806,0.0005113667117724319,-0.5681442054237786
2026-05-31 12:00:00+00:00,4311.822415984838,-9.094947017729282e-13,0.05833093095217585,1,False,73920.0,-0.0015596710434290229,10307.429711221534,-0.00024060767842792874,-0.5688177584015162
2026-05-31 13:00:00+00:00,4309.069196043895,-9.094947017729282e-13,0.05833093095217585,1,False,73872.8,-0.0006385281385280495,10300.848127315017,-0.0006385281385281605,-0.5690930803956105
2026-05-31 14:00:00+00:00,4303.370908722055,4303.370908722055,0.0,0,False,73602.17,-0.0013223940165713044,10263.111388912042,-0.0036634593517506087,-0.5696629091277945
2026-05-31 15:00:00+00:00,4300.824875546878,0.0,0.05839131916868986,1,False,73655.21,-0.0005916369351330886,10270.507304386654,0.0007206309270502143,-0.5699175124453122
2026-05-31 16:00:00+00:00,4293.288307981774,0.0,0.05839131916868986,1,False,73526.14,-0.0017523539746885364,10252.509740089745,-0.0017523539746885364,-0.5706711692018226
2026-05-31 17:00:00+00:00,4303.991436785395,0.0,0.05839131916868986,1,False,73709.44,0.0024929909281243834,10278.069153862296,0.0024929909281243834,-0.5696008563214605
2026-05-31 18:00:00+00:00,4297.816554783306,0.0,0.05839131916868986,1,False,73603.69,-0.0014346873344853739,10263.323338224287,-0.0014346873344851518,-0.5702183445216694
2026-05-31 19:00:00+00:00,4292.13058378631,4292.13058378631,0.0,0,False,73563.42,-0.0013229906219862642,10257.708075853197,-0.0005471193088282256,-0.570786941621369
2026-05-31 20:00:00+00:00,4296.736165290733,0.0,0.05826899887103809,1,False,73739.66,0.0010730292134681907,10282.283040846512,0.0023957559341316603,-0.5703263834709267
2026-05-31 21:00:00+00:00,4305.64316445816,0.0,0.05826899887103809,1,False,73892.52,0.0020729686033269523,10303.597890760706,0.0020729686033267303,-0.5694356835541841
2026-05-31 22:00:00+00:00,4299.9718969681635,4299.9718969681635,0.0,0,False,73944.62,-0.0013171708089539935,10310.862732318534,0.0007050781324009492,-0.5700028103031837
2026-05-31 23:00:00+00:00,4264.617010107612,4264.617010107612,0.0,0,False,73674.39,-0.008222120448154402,10273.18177005036,-0.0036544916993285215,-0.5735382989892388
2026-06-01 00:00:00+00:00,4264.617010107612,4264.617010107612,0.0,0,False,73885.0,0.0,10302.549299426448,0.0028586595694921613,-0.5735382989892388
2026-06-01 01:00:00+00:00,4224.065590463995,4224.065590463995,0.0,0,False,73292.92,-0.009508806898135491,10219.989464694034,-0.00801353454693099,-0.5775934409536005
2026-06-01 02:00:00+00:00,4224.065590463995,4224.065590463995,0.0,0,False,73790.0,0.0,10289.302467411215,0.00678210119067435,-0.5775934409536005
2026-06-01 03:00:00+00:00,4224.065590463995,4224.065590463995,0.0,0,False,73769.06,0.0,10286.382586754384,-0.0002837782897411323,-0.5775934409536005
2026-06-01 04:00:00+00:00,4224.065590463995,4224.065590463995,0.0,0,False,73536.01,0.0,10253.88601621596,-0.0031591835384646716,-0.5775934409536005
2026-06-01 05:00:00+00:00,4207.7858396216825,0.0,0.05736586011754169,1,False,73350.0,-0.003854047834641827,10227.948719130134,-0.0025295090119792363,-0.5792214160378317
2026-06-01 06:00:00+00:00,4202.206674695479,4202.206674695479,0.0,0,False,73135.74,-0.0013259146588850967,10198.072232523988,-0.00292106339468301,-0.5797793325304521
2026-06-01 07:00:00+00:00,4202.206674695479,4202.206674695479,0.0,0,False,72818.0,0.0,10153.766459844826,-0.004344524305079922,-0.5797793325304521
2026-06-01 08:00:00+00:00,4202.206674695479,4202.206674695479,0.0,0,False,72902.65,0.0,10165.570084372084,0.0011624872970967814,-0.5797793325304521
2026-06-01 09:00:00+00:00,4195.361056978142,-9.094947017729282e-13,0.057565327346022814,1,False,72880.0,-0.0016290530778886314,10162.41176073898,-0.00031068829459546254,-0.5804638943021858
2026-06-01 10:00:00+00:00,4189.855202493759,4189.855202493759,0.0,0,False,72748.88,-0.0013123672574557599,10144.128343751217,-0.0017991218441273382,-0.581014479750624
2026-06-01 11:00:00+00:00,4189.855202493759,4189.855202493759,0.0,0,False,72479.99,0.0,10106.634231534626,-0.003696139376991203,-0.581014479750624
2026-06-01 12:00:00+00:00,4169.415011997832,-9.094947017729282e-13,0.057730755161885944,1,False,72221.73,-0.004878495677788863,10070.622370100373,-0.003563190337084743,-0.5830584988002168
2026-06-01 13:00:00+00:00,4139.098506431997,4139.098506431997,0.0,0,False,71711.89,-0.007271165254261636,9999.53010868304,-0.007059371189252928,-0.5860901493568003
2026-06-01 14:00:00+00:00,4139.098506431997,4139.098506431997,0.0,0,False,71567.91,0.0,9979.453488961428,-0.0020077563148871436,-0.5860901493568003
2026-06-01 15:00:00+00:00,4113.037333979625,631.0928120847357,0.04895210352445141,1,False,71129.62,-0.006296340232510356,9918.33818365662,-0.0061241134469346425,-0.5886962666020374
2026-06-01 16:00:00+00:00,4089.644344179082,4089.644344179082,0.0,0,False,71564.01,-0.005687521872773438,9978.909671647118,0.006107019832244376,-0.5910355655820918
2026-06-01 17:00:00+00:00,4089.1235200484457,974.0534836177317,0.04347862548703988,1,False,71646.01,-0.00012735193743129702,9990.343779281318,0.0011458273509268313,-0.5910876479951555
2026-06-01 18:00:00+00:00,4082.716075010421,974.0534836177317,0.04347862548703988,1,False,71498.64,-0.0015669482730492623,9969.794456817266,-0.002056918452262746,-0.5917283924989579
2026-06-01 19:00:00+00:00,4078.5969888830973,4078.5969888830973,0.0,0,False,71595.24,-0.0010089082982124298,9983.264393371705,0.0013510746498115456,-0.5921403011116902
2026-06-01 20:00:00+00:00,4067.187220104921,734.56381186314,0.046645346250899715,1,True,71446.0,-0.0027974739375514757,9962.454317477457,-0.0020844961201331724,-0.5932812779895079
2026-06-01 21:00:00+00:00,4062.7258880690797,4062.7258880690797,0.0,0,True,71038.01,-0.0010969084515677352,9905.564054383825,-0.005710466646138279,-0.593727411193092
2026-06-01 22:00:00+00:00,4062.7258880690797,4062.7258880690797,0.0,0,True,71408.0,0.0,9957.155584671365,0.0052083384655625675,-0.593727411193092
2026-06-01 23:00:00+00:00,4062.7258880690797,4062.7258880690797,0.0,0,True,71408.9,0.0,9957.281080974666,1.2603629845342468e-05,-0.593727411193092
2026-06-02 00:00:00+00:00,4062.7258880690797,4062.7258880690797,0.0,0,True,71289.23,0.0,9940.594255845583,-0.001675841526756372,-0.593727411193092
2026-06-02 01:00:00+00:00,4062.7258880690797,4062.7258880690797,0.0,0,True,70652.47,0.0,9851.804226855898,-0.008932064492771286,-0.593727411193092
2026-06-02 02:00:00+00:00,4062.7258880690797,4062.7258880690797,0.0,0,True,70846.49,0.0,9878.858441041115,0.0027461177224235023,-0.593727411193092
2026-06-02 03:00:00+00:00,4062.7258880690797,4062.7258880690797,0.0,0,True,70953.69,0.0,9893.806445167778,0.0015131307140268113,-0.593727411193092
2026-06-02 04:00:00+00:00,4062.7258880690797,4062.7258880690797,0.0,0,True,70810.0,0.0,9873.770263143895,-0.0020251237109726317,-0.593727411193092
2026-06-02 05:00:00+00:00,4062.7258880690797,4062.7258880690797,0.0,0,True,70268.96,0.0,9798.327463212088,-0.007640728710633926,-0.593727411193092
2026-06-02 06:00:00+00:00,4062.7258880690797,4062.7258880690797,0.0,0,True,70106.31,0.0,9775.647492398639,-0.00231467777522254,-0.593727411193092
2026-06-02 07:00:00+00:00,4062.7258880690797,4062.7258880690797,0.0,0,True,70118.42,0.0,9777.336114879738,0.00017273766084668907,-0.593727411193092
2026-06-02 08:00:00+00:00,4062.7258880690797,4062.7258880690797,0.0,0,True,69821.99,0.0,9736.0018157821,-0.00422756245791045,-0.593727411193092
2026-06-02 09:00:00+00:00,4062.7258880690797,4062.7258880690797,0.0,0,True,69426.01,0.0,9680.786231135868,-0.005671279205877622,-0.593727411193092
2026-06-02 10:00:00+00:00,4062.7258880690797,4062.7258880690797,0.0,0,True,69652.19,0.0,9712.324846559082,0.0032578568176393485,-0.593727411193092
2026-06-02 11:00:00+00:00,4062.7258880690797,4062.7258880690797,0.0,0,True,69461.72,0.0,9685.765645570225,-0.00273458738339738,-0.593727411193092
2026-06-02 12:00:00+00:00,4062.7258880690797,4062.7258880690797,0.0,0,True,69010.42,0.0,9622.836221481017,-0.0064971037284996536,-0.593727411193092
2026-06-02 13:00:00+00:00,4062.7258880690797,4062.7258880690797,0.0,0,True,68811.91,0.0,9595.15592018266,-0.002876522125209391,-0.593727411193092
2026-06-02 14:00:00+00:00,4062.7258880690797,4062.7258880690797,0.0,0,True,68019.3,0.0,9484.634114671142,-0.0115185002131174,-0.593727411193092
2026-06-02 15:00:00+00:00,4062.7258880690797,4062.7258880690797,0.0,0,True,67304.28,0.0,9384.931484907647,-0.01051201644239197,-0.593727411193092
2026-06-02 16:00:00+00:00,4062.7258880690797,4062.7258880690797,0.0,0,True,67413.44,0.0,9400.152792094834,0.0016218879393701258,-0.593727411193092
2026-06-02 17:00:00+00:00,4062.7258880690797,4062.7258880690797,0.0,0,True,67492.34,0.0,9411.154634684328,0.001170389762041646,-0.593727411193092
2026-06-02 18:00:00+00:00,4062.7258880690797,4062.7258880690797,0.0,0,True,67341.99,0.0,9390.18978001601,-0.0022276602055877337,-0.593727411193092
2026-06-02 19:00:00+00:00,4062.7258880690797,4062.7258880690797,0.0,0,True,67315.14,0.0,9386.445806967493,-0.00039871111619960153,-0.593727411193092
2026-06-02 20:00:00+00:00,4062.7258880690797,4062.7258880690797,0.0,0,True,67587.77,0.0,9424.461426044472,0.004050054712803064,-0.593727411193092
2026-06-02 21:00:00+00:00,4062.7258880690797,4062.7258880690797,0.0,0,True,67566.01,0.0,9421.4272043113,-0.0003219517377180958,-0.593727411193092
2026-06-02 22:00:00+00:00,4062.7258880690797,4062.7258880690797,0.0,0,True,66385.2,0.0,9256.77465997543,-0.017476390865762248,-0.593727411193092
2026-06-02 23:00:00+00:00,4062.7258880690797,4062.7258880690797,0.0,0,True,66760.83,0.0,9309.152633763662,0.00565833950940875,-0.593727411193092
2026-06-03 00:00:00+00:00,4062.7258880690797,4062.7258880690797,0.0,0,True,66938.01,0.0,9333.858672673758,0.0026539514263079766,-0.593727411193092
2026-06-03 01:00:00+00:00,4062.7258880690797,4062.7258880690797,0.0,0,True,66920.0,0.0,9331.347352204342,-0.00026905490617379346,-0.593727411193092
2026-06-03 02:00:00+00:00,4062.7258880690797,4062.7258880690797,0.0,0,True,66620.01,0.0,9289.516645506976,-0.004482815301852905,-0.593727411193092
2026-06-03 03:00:00+00:00,4062.7258880690797,4062.7258880690797,0.0,0,True,65849.9,0.0,9182.132247578014,-0.01155974008409788,-0.593727411193092
2026-06-03 04:00:00+00:00,4062.7258880690797,4062.7258880690797,0.0,0,True,66465.98,0.0,9268.038650398488,0.009355822863816199,-0.593727411193092
2026-06-03 05:00:00+00:00,4062.7258880690797,4062.7258880690797,0.0,0,True,67330.01,0.0,9388.51928477872,0.012999582643632213,-0.593727411193092
2026-06-03 06:00:00+00:00,4062.7258880690797,4062.7258880690797,0.0,0,True,66983.27,0.0,9340.169742326489,-0.0051498581390378995,-0.593727411193092
2026-06-03 07:00:00+00:00,4062.7258880690797,4062.7258880690797,0.0,0,True,67220.03,0.0,9373.18363651519,0.003534613941660325,-0.593727411193092
2026-06-03 08:00:00+00:00,4062.7258880690797,4062.7258880690797,0.0,0,True,67028.0,0.0,9346.406908600607,-0.00285673779080442,-0.593727411193092
2026-06-03 09:00:00+00:00,4062.7258880690797,4062.7258880690797,0.0,0,True,67075.17,0.0,9352.984309297013,0.0007037357522230447,-0.593727411193092
2026-06-03 10:00:00+00:00,4062.7258880690797,4062.7258880690797,0.0,0,True,67294.52,0.0,9383.570547218504,0.0032702116148197735,-0.593727411193092
2026-06-03 11:00:00+00:00,4062.7258880690797,4062.7258880690797,0.0,0,True,67067.37,0.0,9351.896674668395,-0.0033754605872812204,-0.593727411193092
2026-06-03 12:00:00+00:00,4062.7258880690797,4062.7258880690797,0.0,0,True,67078.72,0.0,9353.479322493373,0.00016923281768765897,-0.593727411193092
2026-06-03 13:00:00+00:00,4062.7258880690797,4062.7258880690797,0.0,0,True,66906.01,0.0,9329.396581889678,-0.002574736071290662,-0.593727411193092
2026-06-03 14:00:00+00:00,4062.7258880690797,4062.7258880690797,0.0,0,True,66864.95,0.0,9323.671161652357,-0.0006136967366608959,-0.593727411193092
2026-06-03 15:00:00+00:00,4062.7258880690797,4062.7258880690797,0.0,0,True,66076.01,0.0,9213.66110217764,-0.011799006804013024,-0.593727411193092
2026-06-03 16:00:00+00:00,4062.7258880690797,4062.7258880690797,0.0,0,True,66061.83,0.0,9211.683838198946,-0.00021460133564366046,-0.593727411193092
2026-06-03 17:00:00+00:00,4062.7258880690797,4062.7258880690797,0.0,0,True,65964.08,0.0,9198.053545256957,-0.0014796744201605039,-0.593727411193092
2026-06-03 18:00:00+00:00,4062.7258880690797,4062.7258880690797,0.0,0,True,66036.57,0.0,9208.161575286264,0.001098931418432425,-0.593727411193092
2026-06-03 19:00:00+00:00,4062.7258880690797,4062.7258880690797,0.0,0,True,65462.0,0.0,9128.043340854761,-0.008700785034716496,-0.593727411193092
2026-06-03 20:00:00+00:00,4062.7258880690797,4062.7258880690797,0.0,0,True,65007.27,0.0,9064.635636409635,-0.0069464727628241185,-0.593727411193092
2026-06-03 21:00:00+00:00,4062.7258880690797,4062.7258880690797,0.0,0,True,65768.88,0.0,9170.834791474077,0.0117157665596479,-0.593727411193092
2026-06-03 22:00:00+00:00,4062.7258880690797,4062.7258880690797,0.0,0,True,64912.98,0.0,9051.487807033674,-0.013013753617212354,-0.593727411193092
2026-06-03 23:00:00+00:00,4062.7258880690797,4062.7258880690797,0.0,0,True,64142.75,0.0,8944.086676264273,-0.011865577577858888,-0.593727411193092
2026-06-04 00:00:00+00:00,4062.7258880690797,4062.7258880690797,0.0,0,True,63344.97,0.0,8832.843964210453,-0.012437570886811078,-0.593727411193092
2026-06-04 01:00:00+00:00,4062.7258880690797,4062.7258880690797,0.0,0,True,62178.1,0.0,8670.135218172396,-0.018420878563838783,-0.593727411193092
2026-06-04 02:00:00+00:00,4062.7258880690797,4062.7258880690797,0.0,0,True,63231.99,0.0,8817.089994935915,0.016949536894823147,-0.593727411193092
2026-06-04 03:00:00+00:00,4062.7258880690797,4062.7258880690797,0.0,0,True,64363.49,0.0,8974.866736254195,0.017894423376521917,-0.593727411193092
2026-06-04 04:00:00+00:00,4062.7258880690797,4062.7258880690797,0.0,0,True,64399.99,0.0,8979.956308554783,0.0005670916850530894,-0.593727411193092
2026-06-04 05:00:00+00:00,4062.7258880690797,4062.7258880690797,0.0,0,True,63955.47,0.0,8917.972289950452,-0.00690248554386419,-0.593727411193092
2026-06-04 06:00:00+00:00,4062.7258880690797,4062.7258880690797,0.0,0,True,64027.99,0.0,8928.08450318987,0.0011339139560697653,-0.593727411193092
2026-06-04 07:00:00+00:00,4062.7258880690797,4062.7258880690797,0.0,0,True,63603.15,0.0,8868.844670417748,-0.006635223126635559,-0.593727411193092
2026-06-04 08:00:00+00:00,4062.7258880690797,4062.7258880690797,0.0,0,True,63629.99,0.0,8872.587249062894,0.00042199167808520954,-0.593727411193092
2026-06-04 09:00:00+00:00,4062.7258880690797,4062.7258880690797,0.0,0,True,63266.0,0.0,8821.832360797369,-0.005720415797645151,-0.593727411193092
2026-06-04 10:00:00+00:00,4062.7258880690797,4062.7258880690797,0.0,0,True,62420.0,0.0,8703.865835693292,-0.013372111402649045,-0.593727411193092
2026-06-04 11:00:00+00:00,4062.7258880690797,4062.7258880690797,0.0,0,True,62545.99,0.0,8721.43392375223,0.0020184235821851804,-0.593727411193092
2026-06-04 12:00:00+00:00,4062.7258880690797,4062.7258880690797,0.0,0,True,63766.82,0.0,8891.66687037494,0.019518917199967678,-0.593727411193092
2026-06-04 13:00:00+00:00,4062.7258880690797,4062.7258880690797,0.0,0,True,64230.0,0.0,8956.252845667737,0.007263652162676326,-0.593727411193092
2026-06-04 14:00:00+00:00,4062.7258880690797,4062.7258880690797,0.0,0,True,63958.97,0.0,8918.460331129962,-0.0042196792775961445,-0.593727411193092
2026-06-04 15:00:00+00:00,4062.7258880690797,4062.7258880690797,0.0,0,True,63896.17,0.0,8909.703477966206,-0.0009818794767959549,-0.593727411193092
2026-06-04 16:00:00+00:00,4062.7258880690797,4062.7258880690797,0.0,0,True,63563.51,0.0,8863.31725545897,-0.005206258841492395,-0.593727411193092
2026-06-04 17:00:00+00:00,4062.7258880690797,4062.7258880690797,0.0,0,True,63540.97,0.0,8860.174270262934,-0.00035460596810965583,-0.593727411193092
2026-06-04 18:00:00+00:00,4062.7258880690797,4062.7258880690797,0.0,0,True,63819.62,0.0,8899.029320168669,0.004385359556204449,-0.593727411193092
2026-06-04 19:00:00+00:00,4062.7258880690797,4062.7258880690797,0.0,0,True,63629.38,0.0,8872.50219045732,-0.002980901484528009,-0.593727411193092
2026-06-04 20:00:00+00:00,4062.7258880690797,4062.7258880690797,0.0,0,True,63638.4,0.0,8873.759942297085,0.0001417584141165662,-0.593727411193092
2026-06-04 21:00:00+00:00,4062.7258880690797,4062.7258880690797,0.0,0,True,63286.21,0.0,8824.650450008188,-0.005534237190124469,-0.593727411193092
2026-06-04 22:00:00+00:00,4062.7258880690797,4062.7258880690797,0.0,0,True,63735.43,0.0,8887.289838196431,0.007098228824257369,-0.593727411193092
2026-06-04 23:00:00+00:00,4062.7258880690797,4062.7258880690797,0.0,0,True,63885.99,0.0,8908.283975335522,0.0023622653836337104,-0.593727411193092
2026-06-05 00:00:00+00:00,4062.7258880690797,4062.7258880690797,0.0,0,True,63426.72,0.0,8844.243211760404,-0.0071889001015715825,-0.593727411193092
2026-06-05 01:00:00+00:00,4062.7258880690797,4062.7258880690797,0.0,0,True,63374.67,0.0,8836.985342219426,-0.0008206320616925833,-0.593727411193092
2026-06-05 02:00:00+00:00,4062.7258880690797,4062.7258880690797,0.0,0,True,62617.72,0.0,8731.435979125417,-0.011944046414758436,-0.593727411193092
2026-06-05 03:00:00+00:00,4062.7258880690797,4062.7258880690797,0.0,0,True,62730.0,0.0,8747.092340164054,0.0017931026552868712,-0.593727411193092
2026-06-05 04:00:00+00:00,4062.7258880690797,4062.7258880690797,0.0,0,True,63615.23,0.0,8870.529109688738,0.01411174876454635,-0.593727411193092
2026-06-05 05:00:00+00:00,4062.7258880690797,4062.7258880690797,0.0,0,True,62329.35,0.0,8691.225569144019,-0.020213398583955544,-0.593727411193092
2026-06-05 06:00:00+00:00,4062.7258880690797,4062.7258880690797,0.0,0,True,61946.57,0.0,8637.85059694622,-0.006141248063712967,-0.593727411193092
2026-06-05 07:00:00+00:00,4062.7258880690797,4062.7258880690797,0.0,0,True,63115.99,0.0,8800.91491584363,0.01887788137422275,-0.593727411193092
2026-06-05 08:00:00+00:00,4062.7258880690797,4062.7258880690797,0.0,0,True,62454.64,0.0,8708.696048967056,-0.010478327282832711,-0.593727411193092
2026-06-05 09:00:00+00:00,4062.7258880690797,4062.7258880690797,0.0,0,True,62860.09,0.0,8765.2321336047,0.006491911569740605,-0.593727411193092
2026-06-05 10:00:00+00:00,4062.7258880690797,4062.7258880690797,0.0,0,True,62536.87,0.0,8720.162227878769,-0.005141895278864328,-0.593727411193092
2026-06-05 11:00:00+00:00,4062.7258880690797,4062.7258880690797,0.0,0,True,61964.99,0.0,8640.419087953804,-0.00914468536720825,-0.593727411193092
2026-06-05 12:00:00+00:00,4062.7258880690797,4062.7258880690797,0.0,0,True,61959.73,0.0,8639.68563178117,-8.488664324801665e-05,-0.593727411193092
2026-06-05 13:00:00+00:00,4062.7258880690797,4062.7258880690797,0.0,0,True,60732.36,0.0,8468.540745354469,-0.01980915668935268,-0.593727411193092
2026-06-05 14:00:00+00:00,4062.7258880690797,4062.7258880690797,0.0,0,True,60868.97,0.0,8487.589689792372,0.0022493774323932847,-0.593727411193092
2026-06-05 15:00:00+00:00,4062.7258880690797,4062.7258880690797,0.0,0,True,60438.01,0.0,8427.496482157794,-0.007080126376378559,-0.593727411193092
2026-06-05 16:00:00+00:00,4062.7258880690797,4062.7258880690797,0.0,0,True,61394.39,0.0,8560.854431660202,0.01582414775072838,-0.593727411193092
2026-06-05 17:00:00+00:00,4062.7258880690797,4062.7258880690797,0.0,0,True,60813.99,0.0,8479.923260063977,-0.009453632489874075,-0.593727411193092
2026-06-05 18:00:00+00:00,4062.7258880690797,4062.7258880690797,0.0,0,True,59395.99,0.0,8282.196862194496,-0.023317003209294307,-0.593727411193092
2026-06-05 19:00:00+00:00,4062.7258880690797,4062.7258880690797,0.0,0,True,60300.24,0.0,8408.285786928966,0.015224091727404243,-0.593727411193092
2026-06-05 20:00:00+00:00,4062.7258880690797,4062.7258880690797,0.0,0,True,61620.01,0.0,8592.314960494698,0.021886645890630163,-0.593727411193092
2026-06-05 21:00:00+00:00,4062.7258880690797,4062.7258880690797,0.0,0,True,61670.38,0.0,8599.33857026951,0.0008174292733804656,-0.593727411193092
2026-06-05 22:00:00+00:00,4062.7258880690797,4062.7258880690797,0.0,0,True,61584.49,0.0,8587.36203972437,-0.0013927269460638492,-0.593727411193092
2026-06-05 23:00:00+00:00,4062.7258880690797,4062.7258880690797,0.0,0,True,61056.47,0.0,8513.734752980334,-0.00857391203531932,-0.593727411193092
2026-06-06 00:00:00+00:00,4062.7258880690797,4062.7258880690797,0.0,0,True,61273.29,0.0,8543.968206849206,0.0035511388064195515,-0.593727411193092
2026-06-06 01:00:00+00:00,4062.7258880690797,4062.7258880690797,0.0,0,True,61058.95,0.0,8514.080565016098,-0.003498098437345387,-0.593727411193092
2026-06-06 02:00:00+00:00,4062.7258880690797,4062.7258880690797,0.0,0,True,60951.64,0.0,8499.117222452365,-0.0017574819088764793,-0.593727411193092
2026-06-06 03:00:00+00:00,4062.7258880690797,4062.7258880690797,0.0,0,True,60687.04,0.0,8462.221309281516,-0.0043411465220623,-0.593727411193092
2026-06-06 04:00:00+00:00,4062.7258880690797,4062.7258880690797,0.0,0,True,60101.27,0.0,8380.541343075587,-0.009652307972179974,-0.593727411193092
2026-06-06 05:00:00+00:00,4062.7258880690797,4062.7258880690797,0.0,0,True,60942.38,0.0,8497.826004931721,0.013994878976766989,-0.593727411193092
2026-06-06 06:00:00+00:00,4062.7258880690797,4062.7258880690797,0.0,0,True,60786.96,0.0,8476.1541877548,-0.002550277819802771,-0.593727411193092
2026-06-06 07:00:00+00:00,4062.7258880690797,4062.7258880690797,0.0,0,True,61004.95,0.0,8506.550786817967,0.0035861309728271173,-0.593727411193092
2026-06-06 08:00:00+00:00,4062.7258880690797,4062.7258880690797,0.0,0,True,61264.0,0.0,8542.672806118453,0.004246376728445744,-0.593727411193092
2026-06-06 09:00:00+00:00,4062.7258880690797,4062.7258880690797,0.0,0,True,60981.24,0.0,8503.244656427638,-0.0046154348393837585,-0.593727411193092
2026-06-06 10:00:00+00:00,4062.7258880690797,4062.7258880690797,0.0,0,True,60593.0,0.0,8449.108339989805,-0.006366548138410977,-0.593727411193092
2026-06-06 11:00:00+00:00,4062.7258880690797,4062.7258880690797,0.0,0,True,60802.91,0.0,8478.378261129992,0.0034642615483637673,-0.593727411193092
2026-06-06 12:00:00+00:00,4062.7258880690797,4062.7258880690797,0.0,0,True,61030.63,0.0,8510.13161467219,0.003745215483929698,-0.593727411193092
2026-06-06 13:00:00+00:00,4062.7258880690797,4062.7258880690797,0.0,0,True,60801.2,0.0,8478.139818153715,-0.0037592598994964366,-0.593727411193092
2026-06-06 14:00:00+00:00,4062.7258880690797,4062.7258880690797,0.0,0,True,60791.05,0.0,8476.724498733141,-0.0001669374946545732,-0.593727411193092
2026-06-06 15:00:00+00:00,4062.7258880690797,4062.7258880690797,0.0,0,True,60784.0,0.0,8475.741444357274,-0.00011597101876015259,-0.593727411193092
2026-06-06 16:00:00+00:00,4062.7258880690797,4062.7258880690797,0.0,0,True,60774.0,0.0,8474.34704098725,-0.0001645169781521183,-0.593727411193092
2026-06-06 17:00:00+00:00,4062.7258880690797,4062.7258880690797,0.0,0,True,60576.2,0.0,8446.765742328163,-0.003254681278178184,-0.593727411193092
2026-06-06 18:00:00+00:00,4062.7258880690797,4062.7258880690797,0.0,0,True,60637.21,0.0,8455.272997288683,0.0010071612283371056,-0.593727411193092
2026-06-06 19:00:00+00:00,4062.7258880690797,4062.7258880690797,0.0,0,True,60600.01,0.0,8450.085816752193,-0.0006134846903409485,-0.593727411193092
2026-06-06 20:00:00+00:00,4062.7258880690797,4062.7258880690797,0.0,0,True,60711.69,0.0,8465.658513588625,0.0018429039863192553,-0.593727411193092
2026-06-06 21:00:00+00:00,4062.7258880690797,4062.7258880690797,0.0,0,True,60751.21,0.0,8471.169195706963,0.0006509454768925949,-0.593727411193092
2026-06-06 22:00:00+00:00,4062.7258880690797,4062.7258880690797,0.0,0,True,60543.53,0.0,8442.210226518293,-0.003418532733751367,-0.593727411193092
2026-06-06 23:00:00+00:00,4062.7258880690797,4062.7258880690797,0.0,0,True,60884.62,0.0,8489.771931066462,0.005633797698944898,-0.593727411193092
2026-06-07 00:00:00+00:00,4062.7258880690797,4062.7258880690797,0.0,0,True,60782.01,0.0,8475.463958086639,-0.0016853188867731461,-0.593727411193092
2026-06-07 01:00:00+00:00,4062.7258880690797,4062.7258880690797,0.0,0,True,61479.75,0.0,8572.757058826732,0.01147938345572963,-0.593727411193092
2026-06-07 02:00:00+00:00,4062.7258880690797,4062.7258880690797,0.0,0,True,61506.74,0.0,8576.520553522429,0.0004390063394859034,-0.593727411193092
2026-06-07 03:00:00+00:00,4062.7258880690797,4062.7258880690797,0.0,0,True,61701.07,0.0,8603.617994212116,0.0031594911386947366,-0.593727411193092
2026-06-07 04:00:00+00:00,4062.7258880690797,4062.7258880690797,0.0,0,True,61890.92,0.0,8630.090742192031,0.003076932053204029,-0.593727411193092
2026-06-07 05:00:00+00:00,4062.7258880690797,4062.7258880690797,0.0,0,True,61748.1,0.0,8610.17587326134,-0.002307608288905749,-0.593727411193092
2026-06-07 06:00:00+00:00,4062.7258880690797,4062.7258880690797,0.0,0,True,62101.0,0.0,8659.384368189509,0.005715155608027045,-0.593727411193092
2026-06-07 07:00:00+00:00,4062.7258880690797,4062.7258880690797,0.0,0,True,62404.73,0.0,8701.736581747264,0.004890903528123491,-0.593727411193092
2026-06-07 08:00:00+00:00,4062.7258880690797,4062.7258880690797,0.0,0,True,62855.01,0.0,8764.52377669273,0.007215478698489708,-0.593727411193092
2026-06-07 09:00:00+00:00,4062.7258880690797,4062.7258880690797,0.0,0,True,62530.0,0.0,8719.204272763562,-0.005170789090638839,-0.593727411193092
2026-06-07 10:00:00+00:00,4062.7258880690797,4062.7258880690797,0.0,0,True,62370.52,0.0,8696.96632781841,-0.002550455781224925,-0.593727411193092
2026-06-07 11:00:00+00:00,4062.7258880690797,4062.7258880690797,0.0,0,True,62621.96,0.0,8732.027206154307,0.004031391753668068,-0.593727411193092
2026-06-07 12:00:00+00:00,4062.7258880690797,4062.7258880690797,0.0,0,True,61900.67,0.0,8631.450285477806,-0.011518163915661628,-0.593727411193092
2026-06-07 13:00:00+00:00,4062.7258880690797,4062.7258880690797,0.0,0,True,61700.13,0.0,8603.486920295332,-0.003239706452288882,-0.593727411193092
2026-06-07 14:00:00+00:00,4062.7258880690797,4062.7258880690797,0.0,0,True,61905.49,0.0,8632.122387902158,0.003328356034258073,-0.593727411193092
2026-06-07 15:00:00+00:00,4062.7258880690797,4062.7258880690797,0.0,0,True,62093.99,0.0,8658.406891427121,0.0030449641865366583,-0.593727411193092
2026-06-07 16:00:00+00:00,4062.7258880690797,4062.7258880690797,0.0,0,True,62083.64,0.0,8656.963683939144,-0.0001666827981260388,-0.593727411193092
2026-06-07 17:00:00+00:00,4062.7258880690797,4062.7258880690797,0.0,0,True,62160.01,0.0,8667.612742476023,0.001230114729097842,-0.593727411193092
2026-06-07 18:00:00+00:00,4062.7258880690797,4062.7258880690797,0.0,0,True,62030.14,0.0,8649.503625909514,-0.002089285378171657,-0.593727411193092
2026-06-07 19:00:00+00:00,4062.7258880690797,4062.7258880690797,0.0,0,True,61328.0,0.0,8551.59698768661,-0.011319336051796802,-0.593727411193092
2026-06-07 20:00:00+00:00,4062.7258880690797,4062.7258880690797,0.0,0,True,61878.01,0.0,8628.29056744133,0.00896833420297427,-0.593727411193092
2026-06-07 21:00:00+00:00,4062.7258880690797,4062.7258880690797,0.0,0,True,61778.41,0.0,8614.402309875888,-0.0016096186674391388,-0.593727411193092
2026-06-07 22:00:00+00:00,4062.7258880690797,4062.7258880690797,0.0,0,True,62865.87,0.0,8766.038098752577,0.01760258964256267,-0.593727411193092
2026-06-07 23:00:00+00:00,4062.7258880690797,4062.7258880690797,0.0,0,True,63332.01,0.0,8831.036817442902,0.007414834154048977,-0.593727411193092
2026-06-08 00:00:00+00:00,4062.7258880690797,4062.7258880690797,0.0,0,True,63631.42,0.0,8872.786648744806,0.004727625098271737,-0.593727411193092
2026-06-08 01:00:00+00:00,4062.7258880690797,4062.7258880690797,0.0,0,True,63211.41,0.0,8814.220312800406,-0.006600669920614588,-0.593727411193092
2026-06-08 02:00:00+00:00,4062.7258880690797,4062.7258880690797,0.0,0,True,63129.93,0.0,8802.858714141445,-0.001289007791473229,-0.593727411193092
2026-06-08 03:00:00+00:00,4062.7258880690797,4062.7258880690797,0.0,0,True,63130.12,0.0,8802.885207805477,3.009665938469297e-06,-0.593727411193092
2026-06-08 04:00:00+00:00,4062.7258880690797,4062.7258880690797,0.0,0,True,62684.61,0.0,8740.763143267512,-0.007057011771877009,-0.593727411193092
2026-06-08 05:00:00+00:00,4062.7258880690797,4062.7258880690797,0.0,0,True,62764.0,0.0,8751.833311622137,0.0012664990657196284,-0.593727411193092
2026-06-08 06:00:00+00:00,4062.7258880690797,4062.7258880690797,0.0,0,True,62988.03,0.0,8783.072130320797,0.0035694028423938207,-0.593727411193092
2026-06-08 07:00:00+00:00,4062.7258880690797,4062.7258880690797,0.0,0,True,63283.99,0.0,8824.340892460043,0.004698670525177473,-0.593727411193092
2026-06-08 08:00:00+00:00,4062.7258880690797,4062.7258880690797,0.0,0,True,63132.83,0.0,8803.263091118753,-0.002388597811231352,-0.593727411193092
2026-06-08 09:00:00+00:00,4062.7258880690797,4062.7258880690797,0.0,0,True,63502.0,0.0,8854.740280329948,0.00584751230065228,-0.593727411193092
2026-06-08 10:00:00+00:00,4062.7258880690797,4062.7258880690797,0.0,0,True,63172.3,0.0,8808.76680122024,-0.005191962457875232,-0.593727411193092
2026-06-08 11:00:00+00:00,4062.7258880690797,4062.7258880690797,0.0,0,True,63479.61,0.0,8851.618211184465,0.004864632125156199,-0.593727411193092
2026-06-08 12:00:00+00:00,4062.7258880690797,4062.7258880690797,0.0,0,True,63872.0,0.0,8906.333205020857,0.006181354926408478,-0.593727411193092
2026-06-08 13:00:00+00:00,4062.7258880690797,4062.7258880690797,0.0,0,True,63758.0,0.0,8890.437006602577,-0.0017848196392786786,-0.593727411193092
2026-06-08 14:00:00+00:00,4062.7258880690797,4062.7258880690797,0.0,0,True,63964.08,0.0,8919.172871252043,0.0032322218388280977,-0.593727411193092
2026-06-08 15:00:00+00:00,4062.7258880690797,4062.7258880690797,0.0,0,True,63774.48,0.0,8892.734983356379,-0.002964163636841155,-0.593727411193092
2026-06-08 16:00:00+00:00,4062.7258880690797,4062.7258880690797,0.0,0,True,63532.01,0.0,8858.924884843393,-0.00380199101584211,-0.593727411193092
2026-06-08 17:00:00+00:00,4062.7258880690797,4062.7258880690797,0.0,0,True,63550.0,0.0,8861.433416506066,0.0002831643450285082,-0.593727411193092
2026-06-08 18:00:00+00:00,4062.7258880690797,4062.7258880690797,0.0,0,True,63466.83,0.0,8849.836163677573,-0.0013087332808809915,-0.593727411193092
2026-06-08 19:00:00+00:00,4062.7258880690797,4062.7258880690797,0.0,0,True,63372.01,0.0,8836.614430923,-0.0014940087601665875,-0.593727411193092
2026-06-08 20:00:00+00:00,4062.7258880690797,4062.7258880690797,0.0,0,False,63485.49,0.0,8852.438120366038,0.0017906959239575304,-0.593727411193092
2026-06-08 21:00:00+00:00,4068.805266556902,1633.258240684751,0.03821727242798488,1,False,63728.96,0.001496379193505426,8886.387659216027,0.0038350495522678774,-0.5931194733443098
2026-06-08 22:00:00+00:00,4065.544365815702,4065.544365815702,0.0,0,False,63440.01,-0.0008014393728800195,8846.096373839167,-0.0045340454324062085,-0.5934455634184298
2026-06-08 23:00:00+00:00,4048.3864608341096,1580.7831390891874,0.03911491793574012,1,False,63085.99,-0.004220321668571891,8796.731705733557,-0.005580390040922256,-0.595161353916589
2026-06-09 00:00:00+00:00,4045.0915910662834,4045.0915910662834,0.0,0,False,62562.0,-0.0008138723414136129,8723.66636354764,-0.008305964604819582,-0.5954908408933717
2026-06-09 01:00:00+00:00,4049.538512912757,1712.8798074660735,0.03722927686498494,1,False,62764.01,0.0010993377396681936,8751.834706025507,0.003228956874780309,-0.5950461487087243
2026-06-09 02:00:00+00:00,4046.432083062169,4046.432083062169,0.0,0,False,62868.0,-0.0007671071260793028,8766.335106670393,0.0016568412375181918,-0.5953567916937831
2026-06-09 03:00:00+00:00,4046.432083062169,4046.432083062169,0.0,0,False,62875.17,0.0,8767.334893886698,0.00011404848253460109,-0.5953567916937831
2026-06-09 04:00:00+00:00,4057.9739341228096,1484.4040243801219,0.040693767749063886,1,False,63242.36,0.002852352596983687,8818.535991230632,0.005839984209983218,-0.5942026065877191
2026-06-09 05:00:00+00:00,4061.8935578324,1484.4040243801219,0.040693767749063886,1,False,63338.68,0.0009659065763412134,8831.966884490708,0.0015230298173565249,-0.59381064421676
2026-06-09 06:00:00+00:00,4058.477039628539,4058.477039628539,0.0,0,False,63300.0,-0.0008411146563092053,8826.573332255453,-0.000610685287410484,-0.5941522960371461
2026-06-09 07:00:00+00:00,4058.477039628539,4058.477039628539,0.0,0,False,63198.44,0.0,8812.411771629482,-0.0016044233807268604,-0.5941522960371461
2026-06-09 08:00:00+00:00,4040.27279973071,1396.5944461132326,0.042063466499349285,1,False,62849.75,-0.004485485496178887,8763.790320520096,-0.00551738302401128,-0.5959727200269289
2026-06-09 09:00:00+00:00,4036.765711443646,4036.765711443646,0.0,0,False,62715.37,-0.0008680325465394434,8745.052328033707,-0.002138115107856331,-0.5963234288556354
2026-06-09 10:00:00+00:00,4036.765711443646,4036.765711443646,0.0,0,False,62786.01,0.0,8754.902393439561,0.001126358658172677,-0.5963234288556354
2026-06-09 11:00:00+00:00,4036.765711443646,4036.765711443646,0.0,0,False,62711.12,0.0,8744.459706601447,-0.001192781640368623,-0.5963234288556354
2026-06-09 12:00:00+00:00,4029.965348845677,1184.0983719783899,0.045428368786207506,1,False,62645.15,-0.0016846067084574923,8735.260827569396,-0.0010519665411810042,-0.5970034651154323
2026-06-09 13:00:00+00:00,4013.0868927068495,1184.0983719783899,0.045428368786207506,1,False,62273.61,-0.0041882385275749945,8683.453164759503,-0.005930866156438341,-0.598691310729315
2026-06-09 14:00:00+00:00,4009.3459136636466,4009.3459136636466,0.0,0,False,61541.95,-0.0009321948772157418,8581.430247788285,-0.011749118125639613,-0.5990654086336353
2026-06-09 15:00:00+00:00,4009.3459136636466,4009.3459136636466,0.0,0,False,61131.84,0.0,8524.244371180208,-0.006663909739616614,-0.5990654086336353
2026-06-09 16:00:00+00:00,4009.3459136636466,4009.3459136636466,0.0,0,False,61390.51,0.0,8560.313403152633,0.004231346545433556,-0.5990654086336353
2026-06-09 17:00:00+00:00,4017.569007929192,1717.3580243712795,0.03728539536250987,1,False,61692.01,0.0020509814923979075,8602.354664758874,0.004911182526419866,-0.5982430992070809
2026-06-09 18:00:00+00:00,4021.297547465443,1717.3580243712795,0.03728539536250987,1,False,61792.01,0.000928058616763483,8616.298698459119,0.0016209554527402137,-0.5978702452534557
2026-06-09 19:00:00+00:00,4018.2210090873086,4018.2210090873086,0.0,0,False,62098.09,-0.0007650611131906349,8658.97859680883,0.004953391223234238,-0.5981778990912692
2026-06-09 20:00:00+00:00,4017.3871706195064,1580.2557700961802,0.03920739061330963,1,False,62160.0,-0.00020751433679644382,8667.611348072653,0.000996971082363407,-0.5982612829380494
2026-06-09 21:00:00+00:00,4001.7512632429184,1580.2557700961802,0.03920739061330963,1,False,61761.2,-0.0038920588712331172,8612.002541676073,-0.006415701415701469,-0.5998248736757081
2026-06-09 22:00:00+00:00,3998.510952481995,3998.510952481995,0.0,0,False,61717.5,-0.0008097231806201144,8605.908998949066,-0.0007075639722026184,-0.6001489047518005
2026-06-09 23:00:00+00:00,3995.5883186726423,1444.1273262188915,0.04133259343032158,1,False,61730.0,-0.0007309305499184626,8607.652003161596,0.00020253574755946246,-0.6004411681327357
2026-06-10 00:00:00+00:00,3992.164802004867,3992.164802004867,0.0,0,False,61923.16,-0.000856824175748061,8634.586298656992,0.0031291106431234894,-0.6007835197995133
2026-06-10 01:00:00+00:00,3979.8627680010895,1377.8383386178875,0.042162628080876334,1,False,61714.0,-0.003081544629019106,8605.420957769558,-0.0033777345988156293,-0.602013723199891
2026-06-10 02:00:00+00:00,3976.3707910416597,3976.3707910416597,0.0,0,False,61302.36,-0.000877411399082928,8548.021737445868,-0.006670123472793832,-0.6023629208958341
2026-06-10 03:00:00+00:00,3976.3707910416597,3976.3707910416597,0.0,0,False,61549.64,0.0,8582.502543979834,0.004033776187409188,-0.6023629208958341
2026-06-10 04:00:00+00:00,3961.981824736811,1339.4615983466624,0.04278453168616983,1,False,61295.99,-0.003618617845515093,8547.13350249916,-0.004121063908741007,-0.6038018175263189
2026-06-10 05:00:00+00:00,3964.770520512116,1339.4615983466624,0.04278453168616983,1,False,61361.17,0.000703863848615649,8556.222223664981,0.001063364830228064,-0.6035229479487885
2026-06-10 06:00:00+00:00,3961.26644380697,3961.26644380697,0.0,0,False,61472.89,-0.0008838031575894023,8571.800498114895,0.0018206954006907416,-0.603873355619303
2026-06-10 07:00:00+00:00,3961.26644380697,3961.26644380697,0.0,0,False,61687.56,0.0,8601.734155259213,0.0034921084725316742,-0.603873355619303
2026-06-10 08:00:00+00:00,3938.327954200847,1170.7052660293862,0.0451771574204613,1,False,61261.55,-0.005790695963404535,8542.331177292797,-0.006905930466369559,-0.6061672045799154
2026-06-10 09:00:00+00:00,3934.652389386397,3934.652389386397,0.0,0,False,61334.94,-0.0009332805335650063,8552.564703625407,0.001197978177176262,-0.6065347610613603
2026-06-10 10:00:00+00:00,3934.652389386397,3934.652389386397,0.0,0,False,61386.09,0.0,8559.697076863082,0.0008339455455568245,-0.6065347610613603
2026-06-10 11:00:00+00:00,3934.652389386397,3934.652389386397,0.0,0,False,61034.04,0.0,8510.607106221369,-0.005735012606275958,-0.6065347610613603
2026-06-10 12:00:00+00:00,3953.858092564893,1320.2076785164736,0.042779058967218335,1,False,61564.01,0.004881168977036721,8584.50630162256,0.008683187283686111,-0.6046141907435107
2026-06-10 13:00:00+00:00,3978.7730442979905,1320.2076785164736,0.042779058967218335,1,False,62146.42,0.006301427909096935,8665.71774829616,0.00946023496520132,-0.6021226955702009
2026-06-10 14:00:00+00:00,3975.2500329989402,3975.2500329989402,0.0,0,False,62195.99,-0.0008854516856896533,8672.62980580137,0.0007976324299934223,-0.602474996700106
2026-06-10 15:00:00+00:00,3975.2500329989402,3975.2500329989402,0.0,0,False,62639.23,0.0,8734.43534077434,0.0071265044579240655,-0.602474996700106
2026-06-10 16:00:00+00:00,3975.2500329989402,3975.2500329989402,0.0,0,False,62219.33,0.0,8675.88434326701,-0.006703466821032067,-0.602474996700106
2026-06-10 17:00:00+00:00,3963.716266087605,1812.1310777739836,0.0347197924078029,1,False,61969.99,-0.0029013940797666393,8641.116289638816,-0.0040074362742255065,-0.6036283733912395
2026-06-10 18:00:00+00:00,3960.661271553643,1812.1310777739836,0.0347197924078029,1,False,61882.0,-0.000770739964436884,8628.84693438597,-0.0014198808165047927,-0.6039338728446357
2026-06-10 19:00:00+00:00,3957.7942814064977,3957.7942814064977,0.0,0,False,61942.44,-0.0007238665340397743,8637.274708354398,0.0009766975857274929,-0.6042205718593503
2026-06-10 20:00:00+00:00,3950.1205935315666,1795.6275332386444,0.03485923925379666,1,False,61805.51,-0.0019388799238458931,8618.181143008653,-0.002210600680244368,-0.6049879406468434
2026-06-10 21:00:00+00:00,3934.4572915576578,1795.6275332386444,0.03485923925379666,1,False,61356.18,-0.0039652718450059465,8555.526416383338,-0.007270063785575265,-0.6065542708442342
2026-06-10 22:00:00+00:00,3931.6024405211174,3931.6024405211174,0.0,0,False,61381.46,-0.0007256022432029496,8559.051468102762,0.0004120204354314261,-0.6068397559478882
2026-06-10 23:00:00+00:00,3933.315696100199,1717.4829681637848,0.03602336310855043,1,False,61510.99,0.00043576521405719326,8577.11317495469,0.002110246318676623,-0.6066684303899801
2026-06-11 00:00:00+00:00,3930.334270740658,3930.334270740658,0.0,0,False,61812.0,-0.0007579928970605776,8619.086110795799,0.004893597062898936,-0.6069665729259341
2026-06-11 01:00:00+00:00,3941.8271891455797,1647.0118363002553,0.03689057299841807,1,False,62206.01,0.002924158001134991,8674.026997978137,0.006374328609331625,-0.6058172810854421
2026-06-11 02:00:00+00:00,3938.7792542142774,3938.7792542142774,0.0,0,False,62148.0,-0.0007732289583103347,8665.938064028624,-0.0009325465497627139,-0.6061220745785723
2026-06-11 03:00:00+00:00,3938.7792542142774,3938.7792542142774,0.0,0,False,62689.48,0.0,8741.442217708713,0.008712750209177944,-0.6061220745785723
2026-06-11 04:00:00+00:00,3937.1249476876765,1670.242305119706,0.03613894657835527,1,False,62726.86,-0.00042000488471927167,8746.654497505866,0.0005962722932142395,-0.6062875052312324
2026-06-11 05:00:00+00:00,3932.9017503905297,1670.242305119706,0.03613894657835527,1,False,62610.0,-0.0010726602160866516,8730.359499723758,-0.0018629977652317997,-0.606709824960947
2026-06-11 06:00:00+00:00,3929.860666497786,3929.860666497786,0.0,0,False,62772.0,-0.0007732417654322532,8752.948834318157,0.002587446094873158,-0.6070139333502214
2026-06-11 07:00:00+00:00,3929.860666497786,3929.860666497786,0.0,0,False,62719.39,0.0,8745.612878188456,-0.0008381125342510343,-0.6070139333502214
2026-06-11 08:00:00+00:00,3936.1934988960243,1357.5100338525508,0.040958795937473126,1,False,62957.99,0.001611464867501855,8778.883342597243,0.003804246182879112,-0.6063806501103977
2026-06-11 09:00:00+00:00,3932.7593429912185,3932.7593429912185,0.0,0,False,62927.49,-0.0008724560684755245,8774.630412318667,-0.0004844500277090269,-0.6067240657008781
2026-06-11 10:00:00+00:00,3932.7593429912185,3932.7593429912185,0.0,0,False,63148.0,0.0,8805.37840103108,0.003504191888155761,-0.6067240657008781
2026-06-11 11:00:00+00:00,3932.7593429912185,3932.7593429912185,0.0,0,False,63108.0,0.0,8799.800787550981,-0.000633432571102821,-0.6067240657008781
2026-06-11 12:00:00+00:00,3924.467612445776,1053.822539182188,0.04555855606535514,1,False,63010.01,-0.002108374762422094,8786.137028928111,-0.0015527349939784552,-0.6075532387554223
2026-06-11 13:00:00+00:00,3927.545548493551,1053.822539182188,0.04555855606535514,1,False,63077.57,0.0007842939098321455,8795.557618095998,0.001072210590031819,-0.6072454451506448
2026-06-11 14:00:00+00:00,3923.7494676535202,3923.7494676535202,0.0,0,False,62734.02,-0.0009665275152536124,8747.652890318803,-0.005446468530731496,-0.607625053234648
2026-06-11 15:00:00+00:00,3923.7494676535202,3923.7494676535202,0.0,0,False,62749.44,0.0,8749.80306031538,0.0002457996474638513,-0.607625053234648
2026-06-11 16:00:00+00:00,3923.7494676535202,3923.7494676535202,0.0,0,False,62582.45,0.0,8726.51791843934,-0.0026612189686473497,-0.607625053234648
2026-06-11 17:00:00+00:00,3967.8941442532464,1096.369637200757,0.045118407619807704,1,False,63644.19,0.011250635893969463,8874.567301848328,0.016965459166268015,-0.6032105855746754
2026-06-11 18:00:00+00:00,3959.6343173702885,1096.369637200757,0.045118407619807704,1,False,63461.12,-0.0020816651308404044,8849.03995935329,-0.002876460522162283,-0.6040365682629711
2026-06-11 19:00:00+00:00,3955.8288325965623,3955.8288325965623,0.0,0,False,63605.68,-0.0009610697525860301,8869.197454470363,0.002277930172048359,-0.6044171167403438
2026-06-11 20:00:00+00:00,3944.0645316526716,1427.4353603688564,0.039698430005453464,1,False,63393.67,-0.00297391556655624,8839.634708622472,-0.0033331928846606074,-0.6055935468347329
2026-06-11 21:00:00+00:00,3949.0792373309605,1427.4353603688564,0.039698430005453464,1,False,63519.99,0.0012714562954139197,8857.248811992624,0.0019926279705846373,-0.605092076266904
2026-06-11 22:00:00+00:00,3945.6885958523258,3945.6885958523258,0.0,0,False,63500.01,-0.000858590389015923,8854.462794059315,-0.00031454664901553464,-0.6054311404147674
2026-06-11 23:00:00+00:00,3947.4479140309904,1168.4348124899652,0.04367732590944401,1,False,63625.99,0.00044588368694742364,8872.029487714883,0.001983936695442834,-0.605255208596901
2026-06-12 00:00:00+00:00,3943.728587174422,3943.728587174422,0.0,0,False,63648.8,-0.0009422104958872746,8875.21012180191,0.0003585012979760993,-0.6056271412825578
2026-06-12 01:00:00+00:00,3929.7474916249093,1038.2458530334948,0.04558844197810077,1,False,63426.2,-0.003545146487763162,8844.170702785163,-0.0034973165244279736,-0.6070252508375091
2026-06-12 02:00:00+00:00,3925.9139250091666,3925.9139250091666,0.0,0,False,63624.07,-0.0009755249221261586,8871.761762267839,0.0031196887090825243,-0.6074086074990833
2026-06-12 03:00:00+00:00,3925.9139250091666,3925.9139250091666,0.0,0,False,63524.82,0.0,8857.922308820345,-0.0015599442160805221,-0.6074086074990833
2026-06-12 04:00:00+00:00,3930.1973942984528,895.1317585693128,0.047646242319138776,1,False,63700.0,0.0010910757013797845,8882.349467056436,0.00275766228066443,-0.6069802605701548
2026-06-12 05:00:00+00:00,3913.911908673771,895.1317585693128,0.047646242319138776,1,False,63358.2,-0.00414368134493881,8834.688759868995,-0.005365777080062917,-0.6086088091326229
2026-06-12 06:00:00+00:00,3909.9009466164684,3909.9009466164684,0.0,0,False,62980.45,-0.0010247962015735856,8782.015172566318,-0.0059621327626100395,-0.6090099053383531
2026-06-12 07:00:00+00:00,3909.9009466164684,3909.9009466164684,0.0,0,False,63100.8,0.0,8798.796817124565,0.0019109104491950024,-0.6090099053383531
2026-06-12 08:00:00+00:00,3923.442335862551,922.6521260945083,0.04727827185076167,1,False,63470.81,0.0034633586453898246,8850.391136218843,0.005863792535118373,-0.607655766413745
2026-06-12 09:00:00+00:00,3919.454067092148,3919.454067092148,0.0,0,False,63752.93,-0.0010165228462638565,8889.730044093974,0.004444877889536736,-0.6080545932907853
2026-06-12 10:00:00+00:00,3919.454067092148,3919.454067092148,0.0,0,False,63702.01,0.0,8882.62974213381,-0.00079870838877516,-0.6080545932907853
2026-06-12 11:00:00+00:00,3919.454067092148,3919.454067092148,0.0,0,False,63766.01,0.0,8891.553923701968,0.001004677874371751,-0.6080545932907853
2026-06-12 12:00:00+00:00,3900.5780617802425,794.4959746938734,0.04894126096341728,1,False,63465.51,-0.0048159781920622535,8849.652102432728,-0.004712541995335884,-0.6099421938219758
2026-06-12 13:00:00+00:00,3889.0078582758806,794.4959746938734,0.04894126096341728,1,False,63229.1,-0.0029662791824967005,8816.687012361977,-0.0037250153666141816,-0.6110992141724119
2026-06-12 14:00:00+00:00,3884.9106004263645,3884.9106004263645,0.0,0,False,63999.99,-0.0010535483595892625,8924.180173753803,0.012192012854840728,-0.6115089399573636
2026-06-12 15:00:00+00:00,3884.9106004263645,3884.9106004263645,0.0,0,False,63593.02,0.0,8867.432139803912,-0.006358907243579348,-0.6115089399573636
2026-06-12 16:00:00+00:00,3884.9106004263645,3884.9106004263645,0.0,0,False,63982.48,0.0,8921.738573452889,0.006124257033240488,-0.6115089399573636
2026-06-12 17:00:00+00:00,3876.490278867149,1213.5568584083194,0.04169600053579572,1,False,63865.44,-0.002167442812787357,8905.418476410121,-0.001829250757394929,-0.6123509721132852
2026-06-12 18:00:00+00:00,3869.3419165352916,1213.5568584083194,0.04169600053579572,1,False,63694.0,-0.0018440294745034613,8881.51282503442,-0.0026843939382551474,-0.6130658083464708
2026-06-12 19:00:00+00:00,3865.811011081428,3865.811011081428,0.0,0,False,63589.27,-0.0009125338442628195,8866.909238540153,-0.0016442679059253118,-0.6134188988918572
2026-06-12 20:00:00+00:00,3855.674648309319,998.3394075663255,0.045033574063310586,1,False,63449.0,-0.0026220533655301193,8847.349942468818,-0.0022058752994019715,-0.614432535169068
2026-06-12 21:00:00+00:00,3856.710420512775,998.3394075663255,0.045033574063310586,1,False,63472.0,0.0002686357895653746,8850.557070219875,0.00036249586281900115,-0.6143289579487226
2026-06-12 22:00:00+00:00,3852.889146298402,3852.889146298402,0.0,0,False,63502.0,-0.0009908118053272297,8854.740280329948,0.00047264935719693035,-0.6147110853701598
2026-06-12 23:00:00+00:00,3852.581707373507,691.2275424891436,0.0497224546659298,1,False,63580.01,-7.979438629590607e-05,8865.61802101951,0.0012284652451892697,-0.6147418292626493
2026-06-13 00:00:00+00:00,3848.3709139086386,3848.3709139086386,0.0,0,False,63600.01,-0.0010929796652486834,8868.40682775956,0.0003145642789297298,-0.6151629086091361
2026-06-13 01:00:00+00:00,3856.699174700568,392.2849873423306,0.05426893318933689,1,False,63837.89,0.002164100337062047,8901.576895125703,0.0037402509842372478,-0.6143300825299431
2026-06-13 02:00:00+00:00,3852.0990417420926,3852.0990417420926,0.0,0,False,63646.01,-0.0011927642655283899,8874.821083261673,-0.003005738441542949,-0.6147900958257908
2026-06-13 03:00:00+00:00,3852.0990417420926,3852.0990417420926,0.0,0,False,63532.0,0.0,8858.923490440022,-0.0017913141766469076,-0.6147900958257908
2026-06-13 04:00:00+00:00,3846.1263111832245,235.6971616475871,0.05684640038215823,1,False,63512.01,-0.001550513238145368,8856.136078103344,-0.0003146445885536808,-0.6153873688816776
2026-06-13 05:00:00+00:00,3850.2203889387474,235.6971616475871,0.05684640038215823,1,False,63584.03,0.0010644678370594907,8866.178571174261,0.0011339587583514277,-0.6149779611061252
2026-06-13 06:00:00+00:00,3845.4404410922284,3845.4404410922284,0.0,0,False,63735.74,-0.0012414738284206583,8887.333064700902,0.0023859764786848814,-0.6154559558907772
2026-06-13 07:00:00+00:00,3845.4404410922284,3845.4404410922284,0.0,0,False,63846.0,0.0,8902.707756258793,0.0017299555947729583,-0.6154559558907772
2026-06-13 08:00:00+00:00,3837.936829747256,-4.547473508864641e-13,0.06015009293400709,1,False,63806.0,-0.0019513008873545123,8897.130142778695,-0.0006265075337530401,-0.6162063170252744
2026-06-13 09:00:00+00:00,3832.8093558239298,3832.8093558239298,0.0,0,False,63743.12,-0.0013359974774946881,8888.362134387982,-0.0009854872582513163,-0.616719064417607
2026-06-13 10:00:00+00:00,3832.8093558239298,3832.8093558239298,0.0,0,False,63843.01,0.0,8902.290829651156,0.0015670710815534061,-0.616719064417607
2026-06-13 11:00:00+00:00,3832.8093558239298,3832.8093558239298,0.0,0,False,63971.28,0.0,8920.176841678462,0.0020091471251120208,-0.616719064417607
2026-06-13 12:00:00+00:00,3837.429435096346,-4.547473508864641e-13,0.059835377338516293,1,False,64133.12,0.0012054028373198467,8942.74386581894,0.002529885286022271,-0.6162570564903653
2026-06-13 13:00:00+00:00,3835.608644563935,-4.547473508864641e-13,0.059835377338516293,1,False,64102.69,-0.0004744818277981899,8938.500696363953,-0.00047448182779841197,-0.6164391355436065
2026-06-13 14:00:00+00:00,3830.5352355233626,3830.5352355233626,0.0,0,False,64220.97,-0.0013227129018396067,8954.993699424604,0.0018451643760970526,-0.6169464764476638
2026-06-13 15:00:00+00:00,3829.914528176505,-4.547473508864641e-13,0.05956677854236226,1,False,64296.15,-0.0001620419363594916,8965.476823960451,0.0011706456629356765,-0.6170085471823494
2026-06-13 16:00:00+00:00,3824.8643400600654,3824.8643400600654,0.0,0,False,64029.17,-0.0013186164023467617,8928.249042787533,-0.004152348157704933,-0.6175135659939934
2026-06-13 17:00:00+00:00,3816.3700390719464,-4.547473508864641e-13,0.05965763711870838,1,False,63971.19,-0.0022208110492059063,8920.16429204813,-0.0009055247787844722,-0.6183629960928054
2026-06-13 18:00:00+00:00,3827.7210976865226,-4.547473508864641e-13,0.05965763711870838,1,False,64161.46,0.002974307653179409,8946.695604969587,0.002974307653179409,-0.6172278902313477
2026-06-13 19:00:00+00:00,3822.636808125108,3822.636808125108,0.0,0,False,64296.59,-0.0013282810924984956,8965.53817770873,0.002106092972323337,-0.6177363191874892
2026-06-13 20:00:00+00:00,3816.4860124517595,0.0,0.05937439880500529,1,False,64278.31,-0.0016090452695570745,8962.989208348326,-0.0002843074570515469,-0.618351398754824
2026-06-13 21:00:00+00:00,3827.9292403334484,0.0,0.05937439880500529,1,False,64471.04,0.002998367567535576,8989.863544498809,0.002998367567535576,-0.6172070759666551
2026-06-13 22:00:00+00:00,3822.875661267912,3822.875661267912,0.0,0,False,64456.47,-0.0013201861236850077,8987.831898788683,-0.00022599294194725061,-0.6177124338732087
2026-06-13 23:00:00+00:00,3817.902029521526,0.0,0.05923083926297951,1,False,64458.01,-0.0013010184445121364,8988.046636907668,2.3892093377275714e-05,-0.6182097970478474
2026-06-14 00:00:00+00:00,3812.866731545486,3812.866731545486,0.0,0,False,64565.0,-0.0013188651613124103,9002.965358563559,0.001659840258797729,-0.6187133268454514
2026-06-14 01:00:00+00:00,3807.7253280735013,0.0,0.0589768958702895,1,False,64563.0,-0.001348435136598769,9002.686477889554,-3.097653527450728e-05,-0.6192274671926499
2026-06-14 02:00:00+00:00,3802.716429397209,3802.716429397209,0.0,0,False,64490.01,-0.0013154569315603215,8992.508727691746,-0.0011305236745503544,-0.6197283570602791
2026-06-14 03:00:00+00:00,3802.716429397209,3802.716429397209,0.0,0,False,64545.3,0.0,9000.218383924612,0.000857342090658797,-0.6197283570602791
2026-06-14 04:00:00+00:00,3785.516355046035,-4.547473508864641e-13,0.05883697658430617,1,False,64339.07,-0.00452310201681283,8971.461603224596,-0.0031951203263443917,-0.6214483644953965
2026-06-14 05:00:00+00:00,3785.45339948109,-4.547473508864641e-13,0.05883697658430617,1,False,64338.0,-1.663064138168746e-05,8971.312402064003,-1.663064138168746e-05,-0.621454660051891
2026-06-14 06:00:00+00:00,3780.4588324063984,3780.4588324063984,0.0,0,False,64286.1,-0.001319410529628029,8964.075448573574,-0.0008066772358482632,-0.6219541167593601
2026-06-14 07:00:00+00:00,3780.4588324063984,3780.4588324063984,0.0,0,False,64429.39,0.0,8984.055854462656,0.0022289421819023936,-0.6219541167593601
2026-06-14 08:00:00+00:00,3777.030478849538,0.0,0.05859828629476016,1,False,64456.33,-0.0009068617617185026,8987.812377141503,0.0004181321598730747,-0.6222969521150461
2026-06-14 09:00:00+00:00,3772.0124906232377,3772.0124906232377,0.0,0,False,64616.0,-0.0013285538081834192,9010.076815750685,0.002477181061968592,-0.6227987509376762
2026-06-14 10:00:00+00:00,3772.0124906232377,3772.0124906232377,0.0,0,False,64521.13,0.0,8996.848110979261,-0.001468212207502817,-0.6227987509376762
2026-06-14 11:00:00+00:00,3772.0124906232377,3772.0124906232377,0.0,0,False,64546.0,0.0,9000.315992160513,0.0003854551214463875,-0.6227987509376762
2026-06-14 12:00:00+00:00,3754.263690799368,-4.547473508864641e-13,0.05836169507517805,1,False,64327.53,-0.00470539264331471,8969.852461735587,-0.003384717875623555,-0.6245736309200632
2026-06-14 13:00:00+00:00,3753.7069202283506,-4.547473508864641e-13,0.05836169507517805,1,False,64317.99,-0.0001483035334949312,8968.522200920583,-0.00014830353349504222,-0.624629307977165
2026-06-14 14:00:00+00:00,3748.743631356992,3748.743631356992,0.0,0,False,63983.55,-0.001322236652150921,8921.887774613482,-0.0051997893590890465,-0.6251256368643008
2026-06-14 15:00:00+00:00,3748.743631356992,3748.743631356992,0.0,0,False,64025.07,0.0,8927.677337405825,0.0006489167918941607,-0.6251256368643008
2026-06-14 16:00:00+00:00,3748.743631356992,3748.743631356992,0.0,0,False,63942.63,0.0,8916.18187602334,-0.001287620614862539,-0.6251256368643008
2026-06-14 17:00:00+00:00,3731.4788735210154,-4.547473508864641e-13,0.05854894561908962,1,False,63732.64,-0.004605478403901131,8886.900799656194,-0.0032840375818136147,-0.6268521126478985
2026-06-14 18:00:00+00:00,3736.201431474651,-4.547473508864641e-13,0.05854894561908962,1,False,63813.3,0.001265599542087159,8898.148057238814,0.001265599542087159,-0.6263798568525349
2026-06-14 19:00:00+00:00,3731.2444226701255,3731.2444226701255,0.0,0,False,63802.0,-0.0013267509515859643,8896.572381430686,-0.0001770790728579108,-0.6268755577329874
2026-06-14 20:00:00+00:00,3738.316617078772,-4.547473508864641e-13,0.058403312694642044,1,False,64008.64,0.0018953983195735269,8925.386332668872,0.0032387699445155516,-0.6261683382921228
2026-06-14 21:00:00+00:00,3774.472541989981,3774.472541989981,0.0,0,False,65311.59,0.009671712862957538,9107.070119766222,0.020355845710829046,-0.6225527458010018
2026-06-14 22:00:00+00:00,3776.1613529550204,35.5197127598517,0.05717294417049362,1,False,65426.78,0.0004474296597078986,9123.132252185536,0.0017636992147949115,-0.6223838647044979
2026-06-14 23:00:00+00:00,3794.437828018002,35.5197127598517,0.05717294417049362,1,False,65746.45,0.00483996136676712,9167.70714471511,0.004885919802258165,-0.6205562171981998
2026-06-15 00:00:00+00:00,3789.4720119777867,3789.4720119777867,0.0,0,False,65625.99,-0.0013087092911492348,9150.910161719796,-0.0018321901790894213,-0.6210527988022213
2026-06-15 01:00:00+00:00,3779.8892125631214,433.38488352137483,0.051072175948748515,1,False,65525.0,-0.002528795405897122,9136.828082085916,-0.0015388720231117592,-0.6220110787436879
2026-06-15 02:00:00+00:00,3775.467001996753,3775.467001996753,0.0,0,False,65472.01,-0.001169931264564661,9129.439138628157,-0.000808698969858801,-0.6224532998003247
2026-06-15 03:00:00+00:00,3775.467001996753,3775.467001996753,0.0,0,False,65927.1,0.0,9192.897041594606,0.006950909251144388,-0.6224532998003247
2026-06-15 04:00:00+00:00,3757.318993632836,540.7451654401002,0.04900026412452158,1,False,65644.01,-0.004806824785998476,9153.42287659258,-0.004293985326216498,-0.6242681006367163
2026-06-15 05:00:00+00:00,3767.8050501554835,540.7451654401002,0.04900026412452158,1,False,65858.01,0.0027908347788456744,9183.263108711104,0.0032600080342439774,-0.6232194949844516
2026-06-15 06:00:00+00:00,3763.5185139030464,3763.5185139030464,0.0,0,False,65812.01,-0.0011376746395783677,9176.848853208992,-0.0006984723650166336,-0.6236481486096954
2026-06-15 07:00:00+00:00,3763.5185139030464,3763.5185139030464,0.0,0,False,65674.76,0.0,9157.710666955405,-0.002085485612732363,-0.6236481486096954
2026-06-15 08:00:00+00:00,3758.2776387827557,312.27172513612186,0.052480969035925557,1,False,65662.01,-0.0013925466557238586,9155.932802658623,-0.00019413850922345155,-0.6241722361217243
2026-06-15 09:00:00+00:00,3753.6893437706876,3753.6893437706876,0.0,0,False,65596.86,-0.0012208504674375842,9146.848264702914,-0.0009922023404399516,-0.6246310656229312
2026-06-15 10:00:00+00:00,3753.6893437706876,3753.6893437706876,0.0,0,False,65917.37,0.0,9191.54028711557,0.004886057046022962,-0.6246310656229312
2026-06-15 11:00:00+00:00,3753.6893437706876,3753.6893437706876,0.0,0,False,66233.9,0.0,9235.677336986957,0.004801920950426419,-0.6246310656229312
2026-06-15 12:00:00+00:00,3766.373171626423,282.42946803297536,0.052340159802219614,1,False,66563.49,0.00337902972092885,9281.635477659598,0.004976152695221225,-0.6233626828373577
2026-06-15 13:00:00+00:00,3760.2786834190524,282.42946803297536,0.052340159802219614,1,False,66447.05,-0.0016181318020430657,9265.399044819032,-0.0017493073154667416,-0.6239721316580948
2026-06-15 14:00:00+00:00,3755.707112080812,3755.707112080812,0.0,0,False,66591.55,-0.0012157533319003822,9285.548173515886,0.0021746638865081103,-0.6244292887919188
2026-06-15 15:00:00+00:00,3755.707112080812,3755.707112080812,0.0,0,False,67292.14,0.0,9383.238679216436,0.010520704203461184,-0.6244292887919188
2026-06-15 16:00:00+00:00,3755.707112080812,3755.707112080812,0.0,0,False,67157.99,0.0,9364.532758007557,-0.0019935463488008898,-0.6244292887919188
2026-06-15 17:00:00+00:00,3736.813022349296,537.7276935447294,0.04785339822321237,1,False,66851.79,-0.005030767620494259,9321.836126817403,-0.004559397921230501,-0.6263186977650704
2026-06-15 18:00:00+00:00,3732.713421723513,537.7276935447294,0.04785339822321237,1,False,66766.12,-0.001097084762139211,9309.890273146404,-0.0012814914903548358,-0.6267286578276487
2026-06-15 19:00:00+00:00,3728.4770546297664,3728.4770546297664,0.0,0,False,66614.35,-0.0011349296383408314,9288.727413199544,-0.0022731589015504428,-0.6271522945370234
2026-06-15 20:00:00+00:00,3719.949891625123,640.0923681116801,0.04629973616217929,1,False,66519.98,-0.0022870364708439395,9275.56842859662,-0.0014166617252890923,-0.6280050108374877
2026-06-15 21:00:00+00:00,3712.920202683619,640.0923681116801,0.04629973616217929,1,False,66368.15,-0.0018897267829682818,9254.397202229537,-0.0022824721234131484,-0.6287079797316381
2026-06-15 22:00:00+00:00,3705.4284423752174,640.0923681116801,0.04629973616217929,1,False,66206.34,-0.0020177541933130705,9231.834361299168,-0.002438067054754467,-0.6294571557624782
2026-06-15 23:00:00+00:00,3711.0955300814685,640.0923681116801,0.04629973616217929,1,False,66328.74,0.0015294014698656877,9248.90185854827,0.0018487655411854043,-0.6288904469918531
2026-06-16 00:00:00+00:00,3707.0171183212665,3707.0171183212665,0.0,0,False,66250.0,-0.0010989778428346364,9237.922326412698,-0.0011871173792837864,-0.6292982881678734
2026-06-16 01:00:00+00:00,3707.4532624017656,288.93624878015316,0.05152518946919314,1,False,66346.52,0.00011765364620086594,9251.381107740175,0.0014569056603774833,-0.6292546737598235
2026-06-16 02:00:00+00:00,3702.9150789951645,3702.9150789951645,0.0,0,False,65741.99,-0.0012240702944590343,9167.085240812079,-0.009111706235685135,-0.6297084921004835
2026-06-16 03:00:00+00:00,3702.9150789951645,3702.9150789951645,0.0,0,False,66165.21,0.0,9226.099180238261,0.006437590343706168,-0.6297084921004835
2026-06-16 04:00:00+00:00,3682.8666205368645,483.96326641036603,0.04858595050715299,1,False,65840.09,-0.005414236629952773,9180.76433787202,-0.004913760569943304,-0.6317133379463136
2026-06-16 05:00:00+00:00,3692.8223676552852,483.96326641036603,0.04858595050715299,1,False,66045.0,0.0027032602980798792,9209.337057327193,0.0031122375440251204,-0.6307177632344715
2026-06-16 06:00:00+00:00,3688.5758103644,3688.5758103644,0.0,0,False,66446.0,-0.0011499489734682067,9265.252632465179,0.006071617836323817,-0.63114241896356
2026-06-16 07:00:00+00:00,3688.5758103644,3688.5758103644,0.0,0,False,66372.0,0.0,9254.934047526996,-0.001113686301658534,-0.63114241896356
2026-06-16 08:00:00+00:00,3709.765317093966,481.90495821517834,0.04824931503903816,1,False,66899.61,0.005744630941304507,9328.504163732863,0.007949285843428022,-0.6290234682906034
2026-06-16 09:00:00+00:00,3690.9669014616065,481.90495821517834,0.04824931503903816,1,False,66510.0,-0.005067278931564667,9274.176814033335,-0.005823800766551646,-0.6309033098538394
2026-06-16 10:00:00+00:00,3686.7091817234264,3686.7091817234264,0.0,0,False,66514.0,-0.0011535513191662794,9274.734575381346,6.0141332130614344e-05,-0.6313290818276573
2026-06-16 11:00:00+00:00,3686.7091817234264,3686.7091817234264,0.0,0,False,66481.73,0.0,9270.234835706276,-0.00048516101873297135,-0.6313290818276573
2026-06-16 12:00:00+00:00,3680.0404772039396,522.603196324425,0.04753041338325741,1,False,66429.83,-0.0018088501671209567,9262.99788221585,-0.0007806656054226702,-0.631995952279606
2026-06-16 13:00:00+00:00,3662.0820611153435,522.603196324425,0.04753041338325741,1,False,66052.0,-0.004879950696151214,9210.313139686212,-0.005687655681190229,-0.6337917938884656
2026-06-16 14:00:00+00:00,3657.945414369888,3657.945414369888,0.0,0,False,65654.9,-0.0011295887630097257,9154.941381862536,-0.006011929994549803,-0.6342054585630112
2026-06-16 15:00:00+00:00,3657.945414369888,3657.945414369888,0.0,0,False,65859.76,0.0,9183.507129300859,0.0031202545430728534,-0.6342054585630112
2026-06-16 16:00:00+00:00,3657.945414369888,3657.945414369888,0.0,0,False,65758.07,0.0,9169.32744143108,-0.0015440384234620685,-0.6342054585630112
2026-06-16 17:00:00+00:00,3663.7125993993,799.0114677522929,0.04341851573281364,1,False,65978.79,0.001576618668708507,9200.10471261426,0.003356546200336874,-0.63362874006007
2026-06-16 18:00:00+00:00,3658.0334575414486,799.0114677522929,0.04341851573281364,1,False,65847.99,-0.0015501057202965685,9181.86591653434,-0.0019824552708528342,-0.6341966542458551
2026-06-16 19:00:00+00:00,3654.2359743985885,3654.2359743985885,0.0,0,False,65675.88,-0.0010381214898489421,9157.866840132849,-0.002613747207773409,-0.6345764025601411
2026-06-16 20:00:00+00:00,3658.3300343636647,694.8216365691292,0.04500119047885528,1,False,65854.0,0.0011203600407196923,9182.703952959724,0.002712106788671731,-0.6341669965636335
2026-06-16 21:00:00+00:00,3654.8635926610787,694.8216365691292,0.04500119047885528,1,False,65776.97,-0.0009475475613257567,9171.962863800425,-0.0011697087496582714,-0.6345136407338922
2026-06-16 22:00:00+00:00,3654.9999462682295,694.8216365691292,0.04500119047885528,1,False,65780.0,3.7307440809764e-05,9172.385368021543,4.606475488322381e-05,-0.6345000053731771
2026-06-16 23:00:00+00:00,3650.275271279854,694.8216365691292,0.04500119047885528,1,False,65675.01,-0.001292660754536823,9157.745527039655,-0.0015960778352083205,-0.6349724728720145
2026-06-17 00:00:00+00:00,3646.3139727801113,3646.3139727801113,0.0,0,False,65700.0,-0.0010852054174955716,9161.230141061347,0.00038051002961414504,-0.6353686027219889
2026-06-17 01:00:00+00:00,3654.2609172287043,215.3117260981826,0.052152702322270574,1,False,65940.0,0.002179446012580799,9194.695821941936,0.0036529680365295913,-0.6345739082771296
2026-06-17 02:00:00+00:00,3649.700243122165,3649.700243122165,0.0,0,False,65904.0,-0.0012480428217473971,9189.675969809849,-0.0005459508644221067,-0.6350299756877835
2026-06-17 03:00:00+00:00,3649.700243122165,3649.700243122165,0.0,0,False,65851.99,0.0,9182.42367788235,-0.0007891781985919222,-0.6350299756877835
2026-06-17 04:00:00+00:00,3647.240696467591,222.00210308978512,0.05198261690915143,1,False,65892.0,-0.0006739037429741579,9188.002685765818,0.0006075746534006665,-0.6352759303532409
2026-06-17 05:00:00+00:00,3644.3452647057516,222.00210308978512,0.05198261690915143,1,False,65836.3,-0.0007938691199195214,9180.235858994782,-0.0008453226491834664,-0.6355654735294248
2026-06-17 06:00:00+00:00,3639.811213408934,3639.811213408934,0.0,0,False,65624.0,-0.001244133298984762,9150.63267544916,-0.003224664812572997,-0.6360188786591066
2026-06-17 07:00:00+00:00,3639.811213408934,3639.811213408934,0.0,0,False,65539.5,0.0,9138.849966972453,-0.0012876386687796781,-0.6360188786591066
2026-06-17 08:00:00+00:00,3595.3989942249905,3595.3989942249905,0.0,0,False,64926.02,-0.012201791955673502,9053.306109028186,-0.009360462011458792,-0.640460100577501
2026-06-17 09:00:00+00:00,3595.3989942249905,3595.3989942249905,0.0,0,False,64909.44,0.0,9050.994188240686,-0.0002553675706596925,-0.640460100577501
2026-06-17 10:00:00+00:00,3595.3989942249905,3595.3989942249905,0.0,0,False,64798.0,0.0,9035.454957085132,-0.0017168535116001138,-0.640460100577501
2026-06-17 11:00:00+00:00,3595.3989942249905,3595.3989942249905,0.0,0,False,64810.01,0.0,9037.12963553253,0.00018534522670443643,-0.640460100577501
2026-06-17 12:00:00+00:00,3602.8692312882636,252.77483704884162,0.05150751948988731,1,False,65040.88,0.002077721297489399,9069.322226136288,0.0035622583610155356,-0.6397130768711736
2026-06-17 13:00:00+00:00,3615.0826943097054,252.77483704884162,0.05150751948988731,1,False,65278.0,0.0033899268159323093,9102.386318846311,0.00364570713065393,-0.6384917305690294
2026-06-17 14:00:00+00:00,3610.6425854349773,3610.6425854349773,0.0,0,False,65101.45,-0.0012282177892408708,9077.768127348527,-0.002704586537577769,-0.6389357414565022
2026-06-17 15:00:00+00:00,3610.6425854349773,3610.6425854349773,0.0,0,False,65752.0,0.0,9168.481038585474,0.009992864982270033,-0.6389357414565022
2026-06-17 16:00:00+00:00,3610.6425854349773,3610.6425854349773,0.0,0,False,65864.12,0.0,9184.11508917019,0.0017051952792310754,-0.6389357414565022
2026-06-17 17:00:00+00:00,3616.7874572127935,963.7989938954724,0.04013350557661979,1,False,66104.08,0.0017018776110944156,9217.5751924373,0.003643258271726957,-0.6383212542787207
2026-06-17 18:00:00+00:00,3568.4116676144968,3568.4116676144968,0.0,0,False,65516.0,-0.013375347645000035,9135.573119052895,-0.008896273875984684,-0.6431588332385503
2026-06-17 19:00:00+00:00,3568.4116676144968,3568.4116676144968,0.0,0,False,64301.85,0.0,8966.271633881363,-0.01853211429269197,-0.6431588332385503
2026-06-17 20:00:00+00:00,3569.8566549953466,1621.8799781663304,0.030231955075351355,1,False,64434.36,0.0004049385316060583,8984.74887293756,0.002060749418562935,-0.6430143345004653
2026-06-17 21:00:00+00:00,3564.5179940485905,1621.8799781663304,0.030231955075351355,1,False,64257.77,-0.0014954832820207598,8960.125103826294,-0.002740618514718185,-0.643548200595141
2026-06-17 22:00:00+00:00,3565.7949918309732,1621.8799781663304,0.030231955075351355,1,False,64300.01,0.00035825258408417326,8966.015063661278,0.0006573524104556139,-0.6434205008169027
2026-06-17 23:00:00+00:00,3572.1252609042012,1621.8799781663304,0.030231955075351355,1,False,64509.4,0.001775275664397391,8995.212475826223,0.0032564536148596,-0.6427874739095798
2026-06-18 00:00:00+00:00,3569.5087891477247,3569.5087891477247,0.0,0,False,64468.01,-0.0007324692068089167,8989.441040277692,-0.0006416119201232418,-0.6430491210852276
2026-06-18 01:00:00+00:00,3569.3163666491046,1308.5138365771281,0.03502473526318216,1,False,64548.74,-5.390727687937247e-05,9000.6980586839,0.0012522489836430672,-0.6430683633350895
2026-06-18 02:00:00+00:00,3566.2951248580316,3566.2951248580316,0.0,0,False,64689.5,-0.0008464483057043504,9020.325680520365,0.002180677732826375,-0.6433704875141968
2026-06-18 03:00:00+00:00,3566.2951248580316,3566.2951248580316,0.0,0,False,64282.82,0.0,8963.618084268206,-0.006286646209972324,-0.6433704875141968
2026-06-18 04:00:00+00:00,3548.210243557435,1165.952538518071,0.03729070982653187,1,False,63883.41,-0.0050710557223769825,8907.924219266057,-0.0062133241821062946,-0.6451789756442565
2026-06-18 05:00:00+00:00,3552.3342231571514,1165.952538518071,0.03729070982653187,1,False,63994.0,0.0011622703607274687,8923.344926135158,0.0017311223680764876,-0.6447665776842848
2026-06-18 06:00:00+00:00,3549.1635160639607,3549.1635160639607,0.0,0,False,64083.41,-0.0008925700381797741,8935.812286666547,0.0013971622339594703,-0.645083648393604
2026-06-18 07:00:00+00:00,3549.1635160639607,3549.1635160639607,0.0,0,False,64510.44,0.0,8995.357493776704,0.00666365912800182,-0.645083648393604
2026-06-18 08:00:00+00:00,3541.5777025596267,1053.992063859277,0.03862715417504167,1,False,64399.92,-0.0021373524972855273,8979.946547731193,-0.0017132110709522363,-0.6458422297440374
2026-06-18 09:00:00+00:00,3538.2817203770205,3538.2817203770205,0.0,0,False,64199.53,-0.0009306536406709087,8952.004098599273,-0.003111649828136276,-0.6461718279622979
2026-06-18 10:00:00+00:00,3538.2817203770205,3538.2817203770205,0.0,0,False,64078.61,0.0,8935.142973048936,-0.0018835028854572444,-0.6461718279622979
2026-06-18 11:00:00+00:00,3538.2817203770205,3538.2817203770205,0.0,0,False,63974.4,0.0,8920.61189552991,-0.0016262837162042132,-0.6461718279622979
2026-06-18 12:00:00+00:00,3551.758976047586,825.6546652035554,0.042345232015250395,1,False,64378.07,0.003808983211526007,8976.89977636769,0.006309867697078753,-0.6448241023952415
2026-06-18 13:00:00+00:00,3535.0719904673365,825.6546652035554,0.042345232015250395,1,False,63984.0,-0.004698231409502651,8921.950522765133,-0.006121183813059261,-0.6464928009532663
2026-06-18 14:00:00+00:00,3531.489366537059,3531.489366537059,0.0,0,False,63816.61,-0.0010134514770669956,8898.609604754292,-0.002616122780695118,-0.646851063346294
2026-06-18 15:00:00+00:00,3531.489366537059,3531.489366537059,0.0,0,False,62369.44,0.0,8696.815732254447,-0.022677011517847956,-0.646851063346294
2026-06-18 16:00:00+00:00,3531.489366537059,3531.489366537059,0.0,0,False,62688.0,0.0,8741.23584600995,0.005107629634000244,-0.646851063346294
2026-06-18 17:00:00+00:00,3525.9295461418087,1414.6082266499425,0.033723945300639976,1,False,62606.0,-0.0015743556947765969,8729.801738375749,-0.0013080653394588193,-0.6474070453858192
2026-06-18 18:00:00+00:00,3529.400414592151,1414.6082266499425,0.033723945300639976,1,False,62708.92,0.0009843839489476203,8744.15293786004,0.0016439318915120182,-0.6470599585407849
2026-06-18 19:00:00+00:00,3526.5936136792584,3526.5936136792584,0.0,0,False,62950.79,-0.0007952628161111974,8777.879372170826,0.0038570270385778205,-0.6473406386320741
2026-06-18 20:00:00+00:00,3528.4046837117994,1305.532810772463,0.03523558115809112,1,False,63086.0,0.0005135465638899106,8796.733100136928,0.002147868199906533,-0.6471595316288201
2026-06-18 21:00:00+00:00,3524.3638672645893,1305.532810772463,0.03523558115809112,1,False,62971.32,-0.001145224771371578,8780.742082289486,-0.0018178359699457802,-0.6475636132735411
2026-06-18 22:00:00+00:00,3521.3522821430074,1305.532810772463,0.03523558115809112,1,False,62885.85,-0.0008545045957242259,8768.824116685884,-0.0013572845543020629,-0.6478647717856992
2026-06-18 23:00:00+00:00,3523.8948816793754,1305.532810772463,0.03523558115809112,1,False,62958.01,0.0007220520222477322,8778.886131403982,0.0011474759425214032,-0.6476105118320625
2026-06-19 00:00:00+00:00,3520.947323824776,3520.947323824776,0.0,0,False,63020.0,-0.0008364488594491126,8787.530037894765,0.0009846245140214815,-0.6479052676175223
2026-06-19 01:00:00+00:00,3517.5662803569544,907.2217603893778,0.04141966803213324,1,False,63021.86,-0.0009602652800124734,8787.789396921591,2.951443986054514e-05,-0.6482433719643046
2026-06-19 02:00:00+00:00,3514.0990604379094,3514.0990604379094,0.0,0,False,63006.0,-0.000985687160582227,8785.577873176731,-0.000251658710168301,-0.648590093956209
2026-06-19 03:00:00+00:00,3514.0990604379094,3514.0990604379094,0.0,0,False,62773.51,0.0,8753.15938922703,-0.0036899660349808405,-0.648590093956209
2026-06-19 04:00:00+00:00,3497.0034432212265,858.3054325431835,0.04225161064756831,1,False,62452.01,-0.004864864912075828,8708.32932088074,-0.005121587115329396,-0.6502996556778773
2026-06-19 05:00:00+00:00,3493.4812597499053,3493.4812597499053,0.0,0,False,62739.2,-0.0010072004584806837,8748.375191264475,0.004598570966730886,-0.6506518740250095
2026-06-19 06:00:00+00:00,3493.4812597499053,3493.4812597499053,0.0,0,False,62894.08,0.0,8769.971710659416,0.0024686320514129,-0.6506518740250095
2026-06-19 07:00:00+00:00,3493.4812597499053,3493.4812597499053,0.0,0,False,62629.99,0.0,8733.146912060438,-0.004198964354037771,-0.6506518740250095
2026-06-19 08:00:00+00:00,3488.6942276723694,741.8518386046212,0.04387647479126727,1,False,62603.99,-0.0013702755851847659,8729.521463298373,-0.0004151365823307218,-0.6511305772327631
2026-06-19 09:00:00+00:00,3485.039006382489,3485.039006382489,0.0,0,False,62390.0,-0.0010477333498840613,8699.682625583218,-0.0034181527407437517,-0.6514960993617511
2026-06-19 10:00:00+00:00,3485.039006382489,3485.039006382489,0.0,0,False,62533.25,0.0,8719.65745385882,0.002296041032216589,-0.6514960993617511
2026-06-19 11:00:00+00:00,3485.039006382489,3485.039006382489,0.0,0,False,62626.0,0.0,8732.590545115798,0.0014832109317843845,-0.6514960993617511
2026-06-19 12:00:00+00:00,3490.8948295014534,458.3121479957417,0.04826646822920626,1,False,62830.01,0.0016802747711690547,8761.037768267668,0.00325759269313064,-0.6509105170498546
2026-06-19 13:00:00+00:00,3509.235604763869,458.3121479957417,0.04826646822920626,1,False,63210.0,0.005253889377422105,8814.023701925233,0.006047906088189503,-0.649076439523613
2026-06-19 14:00:00+00:00,3505.2059179349462,3505.2059179349462,0.0,0,False,63203.53,-0.0011483090002427643,8813.121522944826,-0.00010235722195861552,-0.6494794082065054
2026-06-19 15:00:00+00:00,3505.2059179349462,3505.2059179349462,0.0,0,False,63214.01,0.0,8814.582857676613,0.00016581352339040123,-0.6494794082065054
2026-06-19 16:00:00+00:00,3505.2059179349462,3505.2059179349462,0.0,0,False,62971.99,0.0,8780.835507315278,-0.0038285816704239917,-0.6494794082065054
2026-06-19 17:00:00+00:00,3511.5280852389974,714.0203464305473,0.044265756766842024,1,False,63198.01,0.0018036507560661441,8812.351812284573,0.0035892148239240473,-0.6488471914761003
2026-06-19 18:00:00+00:00,3507.632698643515,714.0203464305473,0.044265756766842024,1,False,63110.01,-0.0011093138089530719,8800.081062628356,-0.0013924489078057656,-0.6492367301356485
2026-06-19 19:00:00+00:00,3503.90556081787,3503.90556081787,0.0,0,False,63021.6,-0.0010625792794913824,8787.753142433969,-0.0014008871175904547,-0.649609443918213
2026-06-19 20:00:00+00:00,3510.73598540358,512.0471585365922,0.047410092533850784,1,False,63250.01,0.00194937462415945,8819.6027098087,0.0036243129339781355,-0.6489264014596421
2026-06-19 21:00:00+00:00,3502.4852069999138,512.0471585365922,0.047410092533850784,1,False,63075.98,-0.0023501563313134133,8795.335907960163,-0.002751462015579076,-0.6497514793000086
2026-06-19 22:00:00+00:00,3498.463227555679,3498.463227555679,0.0,0,False,63315.28,-0.0011483216078105318,8828.70398060485,0.0037938372102976903,-0.6501536772444321
2026-06-19 23:00:00+00:00,3505.637734969411,352.8880477467246,0.04961529259409259,1,False,63543.91,0.0020507597042100922,8860.584224853723,0.0036109766868281934,-0.6494362265030589
2026-06-20 00:00:00+00:00,3501.464915825634,3501.464915825634,0.0,0,False,63530.01,-0.0011903167010535176,8858.646004169388,-0.00021874637553787046,-0.6498535084174366
2026-06-20 01:00:00+00:00,3500.0768976870954,335.5989433459886,0.0497666785089662,1,False,63586.28,-0.0003964106943539214,8866.492311932516,0.0008857231409218347,-0.6499923102312904
2026-06-20 02:00:00+00:00,3495.8620098545107,3495.8620098545107,0.0,0,False,63340.57,-0.0012042272086564276,8832.230426727643,-0.003864198377385719,-0.6504137990145489
2026-06-20 03:00:00+00:00,3495.8620098545107,3495.8620098545107,0.0,0,False,63476.79,0.0,8851.224989434117,0.0021505963713301934,-0.6504137990145489
2026-06-20 04:00:00+00:00,3497.040287045143,76.23564291076991,0.05380016875650618,1,False,63583.53,0.0003370491132976827,8866.10885100576,0.0016815595117523063,-0.6502959712954857
2026-06-20 05:00:00+00:00,3502.126554999383,76.23564291076991,0.05380016875650618,1,False,63678.07,0.0014544493448023221,8879.291540465973,0.001486863028837826,-0.6497873445000617
2026-06-20 06:00:00+00:00,3497.582579729145,3497.582579729145,0.0,0,False,63744.61,-0.001297490310209204,8888.569900490116,0.001044943730235559,-0.6502417420270855
2026-06-20 07:00:00+00:00,3497.582579729145,3497.582579729145,0.0,0,False,63655.21,0.0,8876.103934362094,-0.001402471518768711,-0.6502417420270855
2026-06-20 08:00:00+00:00,3479.9318048595433,-4.547473508864641e-13,0.05487296116320885,1,False,63417.97,-0.005046564153166733,8843.023108811632,-0.003726953378992759,-0.6520068195140456
2026-06-20 09:00:00+00:00,3475.3279880378295,3475.3279880378295,0.0,0,False,63741.16,-0.0013229617934710225,8888.088831327457,0.005096189613133406,-0.652467201196217
2026-06-20 10:00:00+00:00,3475.3279880378295,3475.3279880378295,0.0,0,False,63674.7,0.0,8878.821626530273,-0.0010426543853297998,-0.652467201196217
2026-06-20 11:00:00+00:00,3475.3279880378295,3475.3279880378295,0.0,0,False,63688.0,0.0,8880.676183012405,0.00020887416823311966,-0.652467201196217
2026-06-20 12:00:00+00:00,3468.919116452378,0.0,0.054495549632439105,1,False,63655.09,-0.0018441055369481374,8876.087201521654,-0.0005167378470042339,-0.6531080883547622
2026-06-20 13:00:00+00:00,3454.896866576455,0.0,0.054495549632439105,1,False,63397.78,-0.004042253337478652,8840.207808407553,-0.00404225333747843,-0.6545103133423544
2026-06-20 14:00:00+00:00,3450.315435339855,3450.315435339855,0.0,0,False,63949.9,-0.001326068885274756,8917.19560727335,0.008708822296301433,-0.6549684564660145
2026-06-20 15:00:00+00:00,3450.315435339855,3450.315435339855,0.0,0,False,64160.04,0.0,8946.497599691045,0.003286009829569503,-0.6549684564660145
2026-06-20 16:00:00+00:00,3450.315435339855,3450.315435339855,0.0,0,False,64034.31,0.0,8928.965766119727,-0.001959630947860891,-0.6549684564660145
2026-06-20 17:00:00+00:00,3436.147881655968,260.6644543802522,0.049745411622138365,1,False,63834.7,-0.004106161871107794,8901.132080450665,-0.0031172351197352732,-0.6563852118344031
2026-06-20 18:00:00+00:00,3434.714716347134,260.6644543802522,0.049745411622138365,1,False,63805.89,-0.0004170848747473421,8897.114804341625,-0.0004513219299220328,-0.6565285283652866
2026-06-20 19:00:00+00:00,3430.4231120416634,3430.4231120416634,0.0,0,False,63936.0,-0.0012494791154110674,8915.257386589015,0.002039153438655905,-0.6569576887958337
2026-06-20 20:00:00+00:00,3425.2825693746695,-4.547473508864641e-13,0.05358200270929977,1,False,63925.99,-0.0014985156346892792,8913.86158881562,-0.0001565628128128438,-0.657471743062533
2026-06-20 21:00:00+00:00,3429.91259022878,-4.547473508864641e-13,0.05358200270929977,1,False,64012.4,0.0013517193867471633,8925.910628336003,0.0013517193867471633,-0.6570087409771219
2026-06-20 22:00:00+00:00,3425.3432435474497,3425.3432435474497,0.0,0,False,64272.01,-0.001332204993896302,8962.11073422521,0.004055620473533139,-0.657465675645255
2026-06-20 23:00:00+00:00,3422.191962456186,-4.547473508864641e-13,0.05322391723252689,1,False,64298.01,-0.0009199898717303645,8965.736182987273,0.00040453068139600923,-0.6577808037543814
2026-06-21 00:00:00+00:00,3417.632721947954,3417.632721947954,0.0,0,False,64294.0,-0.001332257383060309,8965.177027235894,-6.236584926966326e-05,-0.6582367278052046
2026-06-21 01:00:00+00:00,3410.672102934337,0.0,0.05308604319098396,1,False,64248.0,-0.0020366784789119796,8958.762771733782,-0.0007154633402804977,-0.6589327897065662
2026-06-21 02:00:00+00:00,3406.1671229615513,3406.1671229615513,0.0,0,False,64241.25,-0.0013208481603699251,8957.821549459015,-0.00010506163615986441,-0.6593832877038448
2026-06-21 03:00:00+00:00,3406.1671229615513,3406.1671229615513,0.0,0,False,64426.0,0.0,8983.583151720219,0.002875878037865043,-0.6593832877038448
2026-06-21 04:00:00+00:00,3393.7566022203087,0.0,0.05279964942221635,1,False,64276.12,-0.003643544281072164,8962.683834010291,-0.002326389966783471,-0.6606243397779692
2026-06-21 05:00:00+00:00,3389.267754185916,3389.267754185916,0.0,0,False,64256.55,-0.0013226782473014786,8959.954986615152,-0.0003044676623294995,-0.6610732245814084
2026-06-21 06:00:00+00:00,3389.267754185916,3389.267754185916,0.0,0,False,64303.46,0.0,8966.496132823937,0.000730042306970935,-0.6610732245814084
2026-06-21 07:00:00+00:00,3389.267754185916,3389.267754185916,0.0,0,False,64191.07,0.0,8950.82443334823,-0.0017478064166376317,-0.6610732245814084
2026-06-21 08:00:00+00:00,3375.4511347899634,-4.547473508864641e-13,0.052729889317804916,1,False,64014.0,-0.004076579485019605,8926.133732875207,-0.0027584833840593737,-0.6624548865210036
2026-06-21 09:00:00+00:00,3370.9859101451593,3370.9859101451593,0.0,0,False,64209.16,-0.001322852699238375,8953.346909044607,0.003048708095104269,-0.6629014089854841
2026-06-21 10:00:00+00:00,3370.9859101451593,3370.9859101451593,0.0,0,False,64365.99,0.0,8975.2153370967,0.0024424863991365786,-0.6629014089854841
2026-06-21 11:00:00+00:00,3370.9859101451593,3370.9859101451593,0.0,0,False,64176.0,0.0,8948.723067469604,-0.002951714096217639,-0.6629014089854841
2026-06-21 12:00:00+00:00,3367.7969636040684,-4.547473508864641e-13,0.05245789662934687,1,False,64200.0,-0.000945998181568708,8952.069635557664,0.00037397157816010385,-0.6632203036395932
2026-06-21 13:00:00+00:00,3364.9642371860837,-4.547473508864641e-13,0.05245789662934687,1,False,64146.0,-0.0008411214953271129,8944.53985735953,-0.0008411214953272239,-0.6635035762813917
2026-06-21 14:00:00+00:00,3360.4761371678346,3360.4761371678346,0.0,0,False,64145.97,-0.001333773467382282,8944.53567414942,-4.6768309802658337e-07,-0.6639523862832165
2026-06-21 15:00:00+00:00,3360.4761371678346,3360.4761371678346,0.0,0,False,64224.0,0.0,8955.416203645722,0.0012164443066338126,-0.6639523862832165
2026-06-21 16:00:00+00:00,3360.4761371678346,3360.4761371678346,0.0,0,False,64145.31,0.0,8944.443643527,-0.0012252428998503762,-0.6639523862832165
2026-06-21 17:00:00+00:00,3356.3423030100444,-4.547473508864641e-13,0.05231903222483237,1,False,64151.46,-0.001230133465930261,8945.301201599563,9.587606638716828e-05,-0.6643657696989955
2026-06-21 18:00:00+00:00,3359.6043946692625,-4.547473508864641e-13,0.05231903222483237,1,False,64213.81,0.0009719186437844307,8953.995306611667,0.0009719186437846528,-0.6640395605330738
2026-06-21 19:00:00+00:00,3355.1537295721264,3355.1537295721264,0.0,0,False,64207.12,-0.0013247586841469428,8953.062450757121,-0.00010418319672977905,-0.6644846270427873
2026-06-21 20:00:00+00:00,3323.802633963579,3323.802633963579,0.0,0,False,63848.0,-0.009344160695893278,8902.9866369328,-0.005593149170995404,-0.667619736603642
2026-06-21 21:00:00+00:00,3317.3348260475846,-4.547473508864641e-13,0.05198931648311215,1,False,63808.01,-0.0019459061286926094,8897.41041785607,-0.0006263312868062254,-0.6682665173952416
2026-06-21 22:00:00+00:00,3312.9654759341206,3312.9654759341206,0.0,0,False,63801.59,-0.0013171266521413427,8896.515210892514,-0.00010061432726082842,-0.668703452406588
2026-06-21 23:00:00+00:00,3277.6067194439306,3277.6067194439306,0.0,0,False,63311.99,-0.010672841823146428,8828.245221896112,-0.007673789947868048,-0.6722393280556069
2026-06-22 00:00:00+00:00,3277.6067194439306,3277.6067194439306,0.0,0,False,63896.01,0.0,8909.681167512286,0.009224477069825099,-0.6722393280556069
2026-06-22 01:00:00+00:00,3309.495675332291,16.058440945467282,0.05097726580173395,1,False,64606.0,0.00972934174780149,9008.68241238066,0.011111648442523991,-0.669050432466771
2026-06-22 02:00:00+00:00,3305.157224746751,3305.157224746751,0.0,0,False,64257.99,-0.0013109098820938136,8960.155780700436,-0.005386651394607256,-0.6694842775253249
2026-06-22 03:00:00+00:00,3305.157224746751,3305.157224746751,0.0,0,False,63974.01,0.0,8920.557513798478,-0.004419372594754445,-0.6694842775253249
2026-06-22 04:00:00+00:00,3306.934344439298,556.0589155132157,0.042915359916051235,1,False,64100.02,0.0005376808338317662,8938.128390664158,0.001969706135350968,-0.6693065655560702
2026-06-22 05:00:00+00:00,3313.273801406097,556.0589155132157,0.042915359916051235,1,False,64247.74,0.0019170193014139691,8958.72651724616,0.0023045234619269994,-0.6686726198593903
2026-06-22 06:00:00+00:00,3309.6409581687553,3309.6409581687553,0.0,0,False,63989.95,-0.0010964512609250576,8922.780192770297,-0.0040124368577011404,-0.6690359041831244
2026-06-22 07:00:00+00:00,3309.6409581687553,3309.6409581687553,0.0,0,False,64211.19,0.0,8953.62997292872,0.0034574179226583013,-0.6690359041831244
2026-06-22 08:00:00+00:00,3303.823934760184,450.1024283542506,0.04447405091709694,1,False,64165.99,-0.0017575995348420026,8947.32726969621,-0.0007039271503922473,-0.6696176065239816
2026-06-22 09:00:00+00:00,3300.025684769873,3300.025684769873,0.0,0,False,64145.39,-0.0011496526647043481,8944.454798753959,-0.00032104234657648334,-0.6699974315230127
2026-06-22 10:00:00+00:00,3300.025684769873,3300.025684769873,0.0,0,False,64139.21,0.0,8943.593057471284,-9.634363435939708e-05,-0.6699974315230127
2026-06-22 11:00:00+00:00,3300.025684769873,3300.025684769873,0.0,0,False,64657.22,0.0,9015.824546441925,0.0080763389508538,-0.6699974315230127
2026-06-22 12:00:00+00:00,3318.257900866281,400.3500515600358,0.04478782974785935,1,False,65149.57,0.00552487096708143,9084.477996365085,0.007614772178575091,-0.6681742099133718
2026-06-22 13:00:00+00:00,3337.4463507651562,400.3500515600358,0.04478782974785935,1,False,65578.0,0.0057826879260547415,9144.218419947047,0.006576098660359353,-0.6662553649234844
2026-06-22 14:00:00+00:00,3333.5765567432873,3333.5765567432873,0.0,0,False,64980.39,-0.00115950748421223,9060.887480151008,-0.009112964713776095,-0.6666423443256713
2026-06-22 15:00:00+00:00,3333.5765567432873,3333.5765567432873,0.0,0,False,64836.95,0.0,9040.886158211377,-0.0022074351969878503,-0.6666423443256713
2026-06-22 16:00:00+00:00,3333.5765567432873,3333.5765567432873,0.0,0,False,64719.77,0.0,9024.54653952143,-0.0018073027802817387,-0.6666423443256713
2026-06-22 17:00:00+00:00,3325.5782360190265,786.9541431959547,0.03929636997032711,1,False,64602.0,-0.0023993211459569785,9008.124651032651,-0.001819691262808898,-0.6674421763980973
2026-06-22 18:00:00+00:00,3315.0472018306787,786.9541431959547,0.03929636997032711,1,False,64334.01,-0.0031666776244465566,8970.756035119362,-0.00414832358131334,-0.6684952798169321
2026-06-22 19:00:00+00:00,3311.6915136346815,3311.6915136346815,0.0,0,False,64472.0,-0.0010122595521849798,8989.99740722233,0.002144899719448423,-0.6688308486365319
2026-06-22 20:00:00+00:00,3306.634911012132,684.3623905269324,0.04069715771047493,1,False,64433.8,-0.0015268942175715727,8984.670786348837,-0.0005925052736071024,-0.6693365088987868
2026-06-22 21:00:00+00:00,3302.026771844575,684.3623905269324,0.04069715771047493,1,False,64320.57,-0.0013936038575684817,8968.88195699005,-0.0017573075001008354,-0.6697973228155425
2026-06-22 22:00:00+00:00,3298.5246465083824,3298.5246465083824,0.0,0,False,63971.12,-0.001060598710481142,8920.154531224542,-0.005432943147114511,-0.6701475353491617
2026-06-22 23:00:00+00:00,3297.070113154348,719.2368904027703,0.04026605467183741,1,False,64020.01,-0.0004409648281920031,8926.971769300591,0.0007642511183170164,-0.6702929886845652
2026-06-23 00:00:00+00:00,3293.643604817792,3293.643604817792,0.0,0,False,64154.99,-0.0010392585595572212,8945.793425989183,0.002108403294532435,-0.6706356395182208
2026-06-23 01:00:00+00:00,3290.0862054132735,571.3671558996302,0.04237669196199332,1,False,64156.0,-0.0010800802489118189,8945.934260729555,1.5743124579969958e-05,-0.6709913794586726
2026-06-23 02:00:00+00:00,3286.479947058015,3286.479947058015,0.0,0,False,64204.01,-0.0010960984394040585,8952.628791309044,0.0007483321902863604,-0.6713520052941985
2026-06-23 03:00:00+00:00,3286.479947058015,3286.479947058015,0.0,0,False,64065.35,0.0,8933.293994180282,-0.002159678188325187,-0.6713520052941985
2026-06-23 04:00:00+00:00,3262.8219260188002,412.88180710304323,0.044794165993939886,1,False,63623.02,-0.0071985898043872565,8871.615349913985,-0.006904356254980204,-0.67371780739812
2026-06-23 05:00:00+00:00,3259.0303724942773,3259.0303724942773,0.0,0,False,63400.0,-0.0011620473352492722,8840.517365955699,-0.0035053350186771137,-0.6740969627505723
2026-06-23 06:00:00+00:00,3259.0303724942773,3259.0303724942773,0.0,0,False,62936.01,0.0,8775.818443989929,-0.007318454258675167,-0.6740969627505723
2026-06-23 07:00:00+00:00,3259.0303724942773,3259.0303724942773,0.0,0,False,62886.03,0.0,8768.849215946546,-0.0007941399526281145,-0.6740969627505723
2026-06-23 08:00:00+00:00,3220.4670711070435,3220.4670711070435,0.0,0,True,62385.99,-0.011832752990798223,8699.123469831839,-0.007951527549123316,-0.6779532928892957
2026-06-23 09:00:00+00:00,3220.4670711070435,3220.4670711070435,0.0,0,True,62386.0,0.0,8699.124864235207,1.6029239890968938e-07,-0.6779532928892957
2026-06-23 10:00:00+00:00,3220.4670711070435,3220.4670711070435,0.0,0,True,62328.01,0.0,8691.038719092436,-0.0009295354727021365,-0.6779532928892957
2026-06-23 11:00:00+00:00,3220.4670711070435,3220.4670711070435,0.0,0,True,62507.06,0.0,8716.005511432726,0.002872705225146932,-0.6779532928892957
2026-06-23 12:00:00+00:00,3220.4670711070435,3220.4670711070435,0.0,0,True,62256.6,0.0,8681.08128462709,-0.00400690737974263,-0.6779532928892957
2026-06-23 13:00:00+00:00,3220.4670711070435,3220.4670711070435,0.0,0,True,62475.99,0.0,8711.67310016206,0.003523963724328061,-0.6779532928892957
2026-06-23 14:00:00+00:00,3220.4670711070435,3220.4670711070435,0.0,0,True,62493.63,0.0,8714.132827706782,0.000282348466987159,-0.6779532928892957
2026-06-23 15:00:00+00:00,3220.4670711070435,3220.4670711070435,0.0,0,True,62487.79,0.0,8713.318496138689,-9.344952437539966e-05,-0.6779532928892957
2026-06-23 16:00:00+00:00,3220.4670711070435,3220.4670711070435,0.0,0,True,62558.0,0.0,8723.10860219963,0.001123579502491534,-0.6779532928892957
2026-06-23 17:00:00+00:00,3220.4670711070435,3220.4670711070435,0.0,0,True,62358.02,0.0,8695.22332360588,-0.0031967134499184535,-0.6779532928892957
2026-06-23 18:00:00+00:00,3220.4670711070435,3220.4670711070435,0.0,0,True,62241.99,0.0,8679.044061303484,-0.0018607069307204904,-0.6779532928892957
2026-06-23 19:00:00+00:00,3220.4670711070435,3220.4670711070435,0.0,0,True,62388.49,0.0,8699.472070674345,0.002353716518382676,-0.6779532928892957
2026-06-23 20:00:00+00:00,3220.4670711070435,3220.4670711070435,0.0,0,True,62470.7,0.0,8710.935460779316,0.0013177110072706277,-0.6779532928892957
2026-06-23 21:00:00+00:00,3220.4670711070435,3220.4670711070435,0.0,0,True,62599.77,0.0,8728.933025076223,0.0020660885823273745,-0.6779532928892957
2026-06-23 22:00:00+00:00,3220.4670711070435,3220.4670711070435,0.0,0,True,62590.0,0.0,8727.570692983709,-0.0001560708609632533,-0.6779532928892957
2026-06-23 23:00:00+00:00,3220.4670711070435,3220.4670711070435,0.0,0,True,62734.57,0.0,8747.729582504155,0.0023097938967886478,-0.6779532928892957
2026-06-24 00:00:00+00:00,3220.4670711070435,3220.4670711070435,0.0,0,True,63014.0,0.0,8786.693395872751,0.004454162991792243,-0.6779532928892957
2026-06-24 01:00:00+00:00,3220.4670711070435,3220.4670711070435,0.0,0,True,62932.19,0.0,8775.28578190258,-0.0012982829212556668,-0.6779532928892957
2026-06-24 02:00:00+00:00,3220.4670711070435,3220.4670711070435,0.0,0,True,62630.0,0.0,8733.148306463807,-0.004801835118085074,-0.6779532928892957
2026-06-24 03:00:00+00:00,3220.4670711070435,3220.4670711070435,0.0,0,True,62729.78,0.0,8747.061663289913,0.0015931662142742997,-0.6779532928892957
2026-06-24 04:00:00+00:00,3220.4670711070435,3220.4670711070435,0.0,0,True,62744.42,0.0,8749.103069823628,0.00023338197583333553,-0.6779532928892957
2026-06-24 05:00:00+00:00,3220.4670711070435,3220.4670711070435,0.0,0,True,62890.0,0.0,8769.402794084446,0.0023202063227296676,-0.6779532928892957
2026-06-24 06:00:00+00:00,3220.4670711070435,3220.4670711070435,0.0,0,True,62780.0,0.0,8754.064357014176,-0.0017490857051994935,-0.6779532928892957
2026-06-24 07:00:00+00:00,3220.4670711070435,3220.4670711070435,0.0,0,True,62657.99,0.0,8737.051241496507,-0.0019434533290857425,-0.6779532928892957
2026-06-24 08:00:00+00:00,3220.4670711070435,3220.4670711070435,0.0,0,True,62800.0,0.0,8756.853163754226,0.0022664308255020416,-0.6779532928892957
2026-06-24 09:00:00+00:00,3220.4670711070435,3220.4670711070435,0.0,0,True,62681.7,0.0,8740.357371886834,-0.0018837579617835276,-0.6779532928892957
2026-06-24 10:00:00+00:00,3220.4670711070435,3220.4670711070435,0.0,0,True,62445.99,0.0,8707.489890051986,-0.003760427684635137,-0.6779532928892957
2026-06-24 11:00:00+00:00,3220.4670711070435,3220.4670711070435,0.0,0,True,62921.19,0.0,8773.751938195552,0.007609776064083418,-0.6779532928892957
2026-06-24 12:00:00+00:00,3220.4670711070435,3220.4670711070435,0.0,0,True,62618.31,0.0,8731.518248924249,-0.004813640682892251,-0.6779532928892957
2026-06-24 13:00:00+00:00,3220.4670711070435,3220.4670711070435,0.0,0,True,61338.01,0.0,8552.992785460005,-0.020446096357439214,-0.6779532928892957
2026-06-24 14:00:00+00:00,3220.4670711070435,3220.4670711070435,0.0,0,True,61113.1,0.0,8521.631259264781,-0.0036667312813051245,-0.6779532928892957
2026-06-24 15:00:00+00:00,3220.4670711070435,3220.4670711070435,0.0,0,True,60250.0,0.0,8401.280304397962,-0.014122994906165753,-0.6779532928892957
2026-06-24 16:00:00+00:00,3220.4670711070435,3220.4670711070435,0.0,0,True,59850.0,0.0,8345.50416959698,-0.006639004149377681,-0.6779532928892957
2026-06-24 17:00:00+00:00,3220.4670711070435,3220.4670711070435,0.0,0,True,59404.0,0.0,8283.313779293885,-0.007451963241436821,-0.6779532928892957
2026-06-24 18:00:00+00:00,3220.4670711070435,3220.4670711070435,0.0,0,True,59599.99,0.0,8310.642690942996,0.0032992727762439777,-0.6779532928892957
2026-06-24 19:00:00+00:00,3220.4670711070435,3220.4670711070435,0.0,0,True,59958.3,0.0,8360.605558094347,0.006011913760388454,-0.6779532928892957
2026-06-24 20:00:00+00:00,3220.4670711070435,3220.4670711070435,0.0,0,True,60956.0,0.0,8499.725182321696,0.01663989806248667,-0.6779532928892957
2026-06-24 21:00:00+00:00,3220.4670711070435,3220.4670711070435,0.0,0,True,61110.0,0.0,8521.198994220074,0.0025264124942581123,-0.6779532928892957
2026-06-24 22:00:00+00:00,3220.4670711070435,3220.4670711070435,0.0,0,True,60873.99,0.0,8488.289680284124,-0.0038620520373098266,-0.6779532928892957
2026-06-24 23:00:00+00:00,3220.4670711070435,3220.4670711070435,0.0,0,True,61077.99,0.0,8516.735509032625,0.003351184964218712,-0.6779532928892957
2026-06-25 00:00:00+00:00,3220.4670711070435,3220.4670711070435,0.0,0,True,60832.0,0.0,8482.434580533392,-0.00402747372662382,-0.6779532928892957
2026-06-25 01:00:00+00:00,3220.4670711070435,3220.4670711070435,0.0,0,True,60928.0,0.0,8495.820852885628,0.0015781167806419027,-0.6779532928892957
2026-06-25 02:00:00+00:00,3220.4670711070435,3220.4670711070435,0.0,0,True,60799.08,0.0,8477.844204639272,-0.0021159401260504307,-0.6779532928892957
2026-06-25 03:00:00+00:00,3220.4670711070435,3220.4670711070435,0.0,0,True,60883.65,0.0,8489.636673939569,0.0013909749950162809,-0.6779532928892957
2026-06-25 04:00:00+00:00,3220.4670711070435,3220.4670711070435,0.0,0,True,61357.63,0.0,8555.728604871993,0.00778501288933886,-0.6779532928892957
2026-06-25 05:00:00+00:00,3220.4670711070435,3220.4670711070435,0.0,0,True,61600.01,0.0,8589.526153754648,0.003950282955844431,-0.6779532928892957
2026-06-25 06:00:00+00:00,3220.4670711070435,3220.4670711070435,0.0,0,True,61732.06,0.0,8607.939250255822,0.002143668483170602,-0.6779532928892957
2026-06-25 07:00:00+00:00,3220.4670711070435,3220.4670711070435,0.0,0,True,61911.04,0.0,8632.896281772522,0.002899303862531122,-0.6779532928892957
2026-06-25 08:00:00+00:00,3220.4670711070435,3220.4670711070435,0.0,0,True,61712.35,0.0,8605.190881213503,-0.0032092822217170136,-0.6779532928892957
2026-06-25 09:00:00+00:00,3220.4670711070435,3220.4670711070435,0.0,0,True,61739.29,0.0,8608.94740389235,0.0004365414702245385,-0.6779532928892957
2026-06-25 10:00:00+00:00,3220.4670711070435,3220.4670711070435,0.0,0,True,61269.94,0.0,8543.501081720247,-0.007602128239570072,-0.6779532928892957
2026-06-25 11:00:00+00:00,3220.4670711070435,3220.4670711070435,0.0,0,True,61282.01,0.0,8545.184126587867,0.00019699709188536474,-0.6779532928892957
2026-06-25 12:00:00+00:00,3220.4670711070435,3220.4670711070435,0.0,0,True,61244.01,0.0,8539.885393781773,-0.0006200840997219181,-0.6779532928892957
2026-06-25 13:00:00+00:00,3220.4670711070435,3220.4670711070435,0.0,0,True,58290.17,0.0,8128.000948730439,-0.04823067594692121,-0.6779532928892957
2026-06-25 14:00:00+00:00,3220.4670711070435,3220.4670711070435,0.0,0,True,59471.5,0.0,8292.72600204155,0.02026636738235643,-0.6779532928892957
2026-06-25 15:00:00+00:00,3220.4670711070435,3220.4670711070435,0.0,0,True,59557.99,0.0,8304.786196788893,0.0014543100476698267,-0.6779532928892957
2026-06-25 16:00:00+00:00,3220.4670711070435,3220.4670711070435,0.0,0,True,59312.64,0.0,8270.57451010534,-0.004119514442982419,-0.6779532928892957
2026-06-25 17:00:00+00:00,3220.4670711070435,3220.4670711070435,0.0,0,True,59676.01,0.0,8321.242945361922,0.006126350133799585,-0.6779532928892957
2026-06-25 18:00:00+00:00,3220.4670711070435,3220.4670711070435,0.0,0,True,59512.71,0.0,8298.472338329422,-0.0027364430028079534,-0.6779532928892957
2026-06-25 19:00:00+00:00,3220.4670711070435,3220.4670711070435,0.0,0,True,59320.0,0.0,8271.600790985678,-0.003238131820917034,-0.6779532928892957
2026-06-25 20:00:00+00:00,3220.4670711070435,3220.4670711070435,0.0,0,True,59456.62,0.0,8290.651129826954,0.0023031018206338683,-0.6779532928892957
2026-06-25 21:00:00+00:00,3220.4670711070435,3220.4670711070435,0.0,0,True,60211.87,0.0,8395.963444348059,0.012702538422130205,-0.6779532928892957
2026-06-25 22:00:00+00:00,3220.4670711070435,3220.4670711070435,0.0,0,True,59851.27,0.0,8345.681258824974,-0.005988852364160024,-0.6779532928892957
2026-06-25 23:00:00+00:00,3220.4670711070435,3220.4670711070435,0.0,0,True,59794.0,0.0,8337.695510724843,-0.0009568719260260039,-0.6779532928892957
2026-06-26 00:00:00+00:00,3220.4670711070435,3220.4670711070435,0.0,0,True,59667.09,0.0,8319.99913755586,-0.0021224537579023206,-0.6779532928892957
2026-06-26 01:00:00+00:00,3220.4670711070435,3220.4670711070435,0.0,0,True,59431.5,0.0,8287.148388561453,-0.003948407740347215,-0.6779532928892957
2026-06-26 02:00:00+00:00,3220.4670711070435,3220.4670711070435,0.0,0,True,58561.99,0.0,8165.903621134447,-0.014630456912580025,-0.6779532928892957
2026-06-26 03:00:00+00:00,3220.4670711070435,3220.4670711070435,0.0,0,True,60036.01,0.0,8371.441466682807,0.02517025121584826,-0.6779532928892957
2026-06-26 04:00:00+00:00,3220.4670711070435,3220.4670711070435,0.0,0,True,59920.47,0.0,8355.330530145544,-0.0019245116389312589,-0.6779532928892957
2026-06-26 05:00:00+00:00,3220.4670711070435,3220.4670711070435,0.0,0,True,59953.3,0.0,8359.908356409334,0.0005478928987039389,-0.6779532928892957
2026-06-26 06:00:00+00:00,3220.4670711070435,3220.4670711070435,0.0,0,True,60324.0,0.0,8411.598889336145,0.0061831458818779605,-0.6779532928892957
2026-06-26 07:00:00+00:00,3220.4670711070435,3220.4670711070435,0.0,0,True,60532.0,0.0,8440.602479432655,0.003448047211723315,-0.6779532928892957
2026-06-26 08:00:00+00:00,3220.4670711070435,3220.4670711070435,0.0,0,True,60245.67,0.0,8400.676527738742,-0.004730225335359717,-0.6779532928892957
2026-06-26 09:00:00+00:00,3220.4670711070435,3220.4670711070435,0.0,0,True,59736.01,0.0,8329.60936558207,-0.00845969511169864,-0.6779532928892957
2026-06-26 10:00:00+00:00,3220.4670711070435,3220.4670711070435,0.0,0,True,59313.26,0.0,8270.660963114282,-0.007076970825470208,-0.6779532928892957
2026-06-26 11:00:00+00:00,3220.4670711070435,3220.4670711070435,0.0,0,True,59413.24,0.0,8284.602208007787,0.0016856264518254616,-0.6779532928892957
2026-06-26 12:00:00+00:00,3220.4670711070435,3220.4670711070435,0.0,0,True,59185.02,0.0,8252.779134297087,-0.0038412313484335048,-0.6779532928892957
2026-06-26 13:00:00+00:00,3220.4670711070435,3220.4670711070435,0.0,0,True,60175.43,0.0,8390.88223846769,0.01673413306272442,-0.6779532928892957
2026-06-26 14:00:00+00:00,3220.4670711070435,3220.4670711070435,0.0,0,True,59590.73,0.0,8309.351473422354,-0.009716590309367112,-0.6779532928892957
2026-06-26 15:00:00+00:00,3220.4670711070435,3220.4670711070435,0.0,0,True,60328.32,0.0,8412.201271591995,0.012377596314057548,-0.6779532928892957
2026-06-26 16:00:00+00:00,3220.4670711070435,3220.4670711070435,0.0,0,True,60041.75,0.0,8372.241854217202,-0.00475017371609221,-0.6779532928892957
2026-06-26 17:00:00+00:00,3220.4670711070435,3220.4670711070435,0.0,0,True,60023.97,0.0,8369.762605025297,-0.00029612727810246486,-0.6779532928892957
2026-06-26 18:00:00+00:00,3220.4670711070435,3220.4670711070435,0.0,0,True,59668.01,0.0,8320.127422665904,-0.0059302975128100455,-0.6779532928892957
2026-06-26 19:00:00+00:00,3220.4670711070435,3220.4670711070435,0.0,0,True,59751.97,0.0,8331.83483336063,0.0014071191581552789,-0.6779532928892957
2026-06-26 20:00:00+00:00,3220.4670711070435,3220.4670711070435,0.0,0,True,59718.0,0.0,8327.098045112656,-0.0005685168204496716,-0.6779532928892957
2026-06-26 21:00:00+00:00,3220.4670711070435,3220.4670711070435,0.0,0,True,59918.7,0.0,8355.08372074905,0.00336079573997794,-0.6779532928892957
2026-06-26 22:00:00+00:00,3220.4670711070435,3220.4670711070435,0.0,0,True,60048.0,0.0,8373.113356323467,0.0021579239870024303,-0.6779532928892957
2026-06-26 23:00:00+00:00,3220.4670711070435,3220.4670711070435,0.0,0,True,60097.27,0.0,8379.983581727578,0.0008205102584599722,-0.6779532928892957
2026-06-27 00:00:00+00:00,3220.4670711070435,3220.4670711070435,0.0,0,True,60059.07,0.0,8374.656960854085,-0.0006356361944559463,-0.6779532928892957
2026-06-27 01:00:00+00:00,3220.4670711070435,3220.4670711070435,0.0,0,True,59945.53,0.0,8358.824904990825,-0.001890472163488588,-0.6779532928892957
2026-06-27 02:00:00+00:00,3220.4670711070435,3220.4670711070435,0.0,0,True,60290.01,0.0,8406.85931228143,0.005746550243195925,-0.6779532928892957
2026-06-27 03:00:00+00:00,3220.4670711070435,3220.4670711070435,0.0,0,True,60305.73,0.0,8409.051314379109,0.0002607397145895085,-0.6779532928892957
2026-06-27 04:00:00+00:00,3220.4670711070435,3220.4670711070435,0.0,0,True,60239.99,0.0,8399.884506624569,-0.0010901120009655374,-0.6779532928892957
2026-06-27 05:00:00+00:00,3220.4670711070435,3220.4670711070435,0.0,0,True,60236.76,0.0,8399.43411433605,-5.361886680255168e-05,-0.6779532928892957
2026-06-27 06:00:00+00:00,3220.4670711070435,3220.4670711070435,0.0,0,True,60370.62,0.0,8418.0995978472,0.0022222310761734754,-0.6779532928892957
2026-06-27 07:00:00+00:00,3220.4670711070435,3220.4670711070435,0.0,0,True,60548.07,0.0,8442.843285648285,0.002939343674124739,-0.6779532928892957
2026-06-27 08:00:00+00:00,3220.4670711070435,3220.4670711070435,0.0,0,True,60456.0,0.0,8430.005013820468,-0.0015206099880641366,-0.6779532928892957
2026-06-27 09:00:00+00:00,3220.4670711070435,3220.4670711070435,0.0,0,True,60414.62,0.0,8424.234972675307,-0.0006844647346829769,-0.6779532928892957
2026-06-27 10:00:00+00:00,3220.4670711070435,3220.4670711070435,0.0,0,True,60420.28,0.0,8425.024204982741,9.368593231240396e-05,-0.6779532928892957
2026-06-27 11:00:00+00:00,3220.4670711070435,3220.4670711070435,0.0,0,True,60363.65,0.0,8417.127698698292,-0.0009372680828357849,-0.6779532928892957
2026-06-27 12:00:00+00:00,3220.4670711070435,3220.4670711070435,0.0,0,True,60430.0,0.0,8426.379565058405,0.001099171438440294,-0.6779532928892957
2026-06-27 13:00:00+00:00,3220.4670711070435,3220.4670711070435,0.0,0,True,60588.35,0.0,8448.459942422742,0.002620387224887999,-0.6779532928892957
2026-06-27 14:00:00+00:00,3220.4670711070435,3220.4670711070435,0.0,0,True,60611.5,0.0,8451.68798622435,0.0003820866552728397,-0.6779532928892957
2026-06-27 15:00:00+00:00,3220.4670711070435,3220.4670711070435,0.0,0,True,60840.06,0.0,8483.558469649632,0.003770901561584994,-0.6779532928892957
2026-06-27 16:00:00+00:00,3220.4670711070435,3220.4670711070435,0.0,0,True,60807.99,0.0,8479.086618041963,-0.0005271197957398277,-0.6779532928892957
2026-06-27 17:00:00+00:00,3220.4670711070435,3220.4670711070435,0.0,0,True,60524.88,0.0,8439.609664233198,-0.004655802633831585,-0.6779532928892957
2026-06-27 18:00:00+00:00,3220.4670711070435,3220.4670711070435,0.0,0,True,60570.86,0.0,8446.021130928571,0.0007596875863282726,-0.6779532928892957
2026-06-27 19:00:00+00:00,3220.4670711070435,3220.4670711070435,0.0,0,True,60175.95,0.0,8390.954747442931,-0.006519801766063815,-0.6779532928892957
2026-06-27 20:00:00+00:00,3220.4670711070435,3220.4670711070435,0.0,0,True,60300.0,0.0,8408.252321248085,0.0020614547838462283,-0.6779532928892957
2026-06-27 21:00:00+00:00,3220.4670711070435,3220.4670711070435,0.0,0,True,60203.82,0.0,8394.84094963519,-0.0015950248756216867,-0.6779532928892957
2026-06-27 22:00:00+00:00,3220.4670711070435,3220.4670711070435,0.0,0,True,60228.95,0.0,8398.345085304061,0.0004174153733100816,-0.6779532928892957
2026-06-27 23:00:00+00:00,3220.4670711070435,3220.4670711070435,0.0,0,True,60029.0,0.0,8370.46398992042,-0.0033198320741106846,-0.6779532928892957
2026-06-28 00:00:00+00:00,3220.4670711070435,3220.4670711070435,0.0,0,True,60146.0,0.0,8386.778509349708,0.0019490579553216314,-0.6779532928892957
2026-06-28 01:00:00+00:00,3220.4670711070435,3220.4670711070435,0.0,0,True,60222.22,0.0,8397.406651836034,0.0012672496924150956,-0.6779532928892957
2026-06-28 02:00:00+00:00,3220.4670711070435,3220.4670711070435,0.0,0,True,60150.45,0.0,8387.399018849368,-0.0011917528115037435,-0.6779532928892957
2026-06-28 03:00:00+00:00,3220.4670711070435,3220.4670711070435,0.0,0,True,60197.04,0.0,8393.895544150313,0.0007745577963258476,-0.6779532928892957
2026-06-28 04:00:00+00:00,3220.4670711070435,3220.4670711070435,0.0,0,True,60133.0,0.0,8384.965784968676,-0.0010638396838117403,-0.6779532928892957
2026-06-28 05:00:00+00:00,3220.4670711070435,3220.4670711070435,0.0,0,True,59989.17,0.0,8364.910081297612,-0.002391864699915258,-0.6779532928892957
2026-06-28 06:00:00+00:00,3220.4670711070435,3220.4670711070435,0.0,0,True,60002.82,0.0,8366.813441897695,0.00022754107116318423,-0.6779532928892957
2026-06-28 07:00:00+00:00,3220.4670711070435,3220.4670711070435,0.0,0,True,60219.99,0.0,8397.09569988452,0.003619329891495271,-0.6779532928892957
2026-06-28 08:00:00+00:00,3220.4670711070435,3220.4670711070435,0.0,0,True,60370.0,0.0,8418.013144838258,0.002491033293097633,-0.6779532928892957
2026-06-28 09:00:00+00:00,3220.4670711070435,3220.4670711070435,0.0,0,True,60258.84,0.0,8402.512956977063,-0.0018413119098892317,-0.6779532928892957
2026-06-28 10:00:00+00:00,3220.4670711070435,3220.4670711070435,0.0,0,True,60166.71,0.0,8389.666318729027,-0.0015289043068204,-0.6779532928892957
2026-06-28 11:00:00+00:00,3220.4670711070435,3220.4670711070435,0.0,0,True,60342.0,0.0,8414.108815402189,0.00291340510391902,-0.6779532928892957
2026-06-28 12:00:00+00:00,3220.4670711070435,3220.4670711070435,0.0,0,True,60293.51,0.0,8407.34735346094,-0.0008035862251830617,-0.6779532928892957
2026-06-28 13:00:00+00:00,3220.4670711070435,3220.4670711070435,0.0,0,True,60071.88,0.0,8376.443191571085,-0.0036758516795589724,-0.6779532928892957
2026-06-28 14:00:00+00:00,3220.4670711070435,3220.4670711070435,0.0,0,True,60033.0,0.0,8371.02175126843,-0.0006472246248993008,-0.6779532928892957
2026-06-28 15:00:00+00:00,3220.4670711070435,3220.4670711070435,0.0,0,True,59890.0,0.0,8351.08178307708,-0.002382023220562024,-0.6779532928892957
2026-06-28 16:00:00+00:00,3220.4670711070435,3220.4670711070435,0.0,0,True,59690.62,0.0,8323.28016868553,-0.003329103356152996,-0.6779532928892957
2026-06-28 17:00:00+00:00,3220.4670711070435,3220.4670711070435,0.0,0,True,59586.01,0.0,8308.693315031702,-0.00175253666321451,-0.6779532928892957
2026-06-28 18:00:00+00:00,3220.4670711070435,3220.4670711070435,0.0,0,True,59614.46,0.0,8312.660392619422,0.00047746106846235925,-0.6779532928892957
2026-06-28 19:00:00+00:00,3220.4670711070435,3220.4670711070435,0.0,0,True,59481.79,0.0,8294.160843109306,-0.0022254667743363266,-0.6779532928892957
2026-06-28 20:00:00+00:00,3220.4670711070435,3220.4670711070435,0.0,0,True,59660.0,0.0,8319.010505566514,0.0029960429906361608,-0.6779532928892957
2026-06-28 21:00:00+00:00,3220.4670711070435,3220.4670711070435,0.0,0,True,59445.95,0.0,8289.163301431137,-0.003587831042574652,-0.6779532928892957
2026-06-28 22:00:00+00:00,3220.4670711070435,3220.4670711070435,0.0,0,True,59067.01,0.0,8236.323780127428,-0.006374530140404677,-0.6779532928892957
2026-06-28 23:00:00+00:00,3220.4670711070435,3220.4670711070435,0.0,0,True,59577.01,0.0,8307.43835199868,0.008634261324553139,-0.6779532928892957
2026-06-29 00:00:00+00:00,3220.4670711070435,3220.4670711070435,0.0,0,True,59667.01,0.0,8319.987982328901,0.001510649829523203,-0.6779532928892957
2026-06-29 01:00:00+00:00,3220.4670711070435,3220.4670711070435,0.0,0,True,59440.95,0.0,8288.466099746125,-0.0037886932829381825,-0.6779532928892957
2026-06-29 02:00:00+00:00,3220.4670711070435,3220.4670711070435,0.0,0,True,59757.46,0.0,8332.600360810773,0.005324780307178978,-0.6779532928892957
2026-06-29 03:00:00+00:00,3220.4670711070435,3220.4670711070435,0.0,0,True,60049.46,0.0,8373.31693921549,0.004886419201887149,-0.6779532928892957
2026-06-29 04:00:00+00:00,3220.4670711070435,3220.4670711070435,0.0,0,True,59830.0,0.0,8342.71536285693,-0.0036546540135415917,-0.6779532928892957
2026-06-29 05:00:00+00:00,3220.4670711070435,3220.4670711070435,0.0,0,True,60102.8,0.0,8380.7546867912,0.004559585492228013,-0.6779532928892957
2026-06-29 06:00:00+00:00,3220.4670711070435,3220.4670711070435,0.0,0,True,60075.49,0.0,8376.946571187664,-0.00045438814830589536,-0.6779532928892957
2026-06-29 07:00:00+00:00,3220.4670711070435,3220.4670711070435,0.0,0,True,60026.0,0.0,8370.045668909412,-0.000823796859584558,-0.6779532928892957
2026-06-29 08:00:00+00:00,3220.4670711070435,3220.4670711070435,0.0,0,True,59840.0,0.0,8344.109766226955,-0.003098657248525649,-0.6779532928892957
2026-06-29 09:00:00+00:00,3220.4670711070435,3220.4670711070435,0.0,0,True,60057.0,0.0,8374.368319356488,0.0036263368983957545,-0.6779532928892957
2026-06-29 10:00:00+00:00,3220.4670711070435,3220.4670711070435,0.0,0,True,60088.0,0.0,8378.690969803565,0.0005161762991825469,-0.6779532928892957
2026-06-29 11:00:00+00:00,3220.4670711070435,3220.4670711070435,0.0,0,True,59956.05,0.0,8360.29181733609,-0.002195945945946076,-0.6779532928892957
2026-06-29 12:00:00+00:00,3220.4670711070435,3220.4670711070435,0.0,0,True,59948.78,0.0,8359.278086086084,-0.00012125548631025662,-0.6779532928892957
2026-06-29 13:00:00+00:00,3220.4670711070435,3220.4670711070435,0.0,0,True,59580.0,0.0,8307.855278606317,-0.006151584736169835,-0.6779532928892957
2026-06-29 14:00:00+00:00,3220.4670711070435,3220.4670711070435,0.0,0,True,59469.67,0.0,8292.470826224835,-0.0018517959046661092,-0.6779532928892957
2026-06-29 15:00:00+00:00,3220.4670711070435,3220.4670711070435,0.0,0,True,59824.01,0.0,8341.880115238286,0.005958331364542602,-0.6779532928892957
2026-06-29 16:00:00+00:00,3220.4670711070435,3220.4670711070435,0.0,0,True,59892.86,0.0,8351.480582440907,0.0011508757102711709,-0.6779532928892957
2026-06-29 17:00:00+00:00,3220.4670711070435,3220.4670711070435,0.0,0,True,60413.99,0.0,8424.147125262994,0.00870103715200754,-0.6779532928892957
2026-06-29 18:00:00+00:00,3220.4670711070435,3220.4670711070435,0.0,0,True,60295.0,0.0,8407.555119563072,-0.0019695769142213937,-0.6779532928892957
2026-06-29 19:00:00+00:00,3220.4670711070435,3220.4670711070435,0.0,0,True,60433.49,0.0,8426.866211834544,0.0022968737042874388,-0.6779532928892957
2026-06-29 20:00:00+00:00,3220.4670711070435,3220.4670711070435,0.0,0,True,60296.0,0.0,8407.694559900076,-0.0022750630486507717,-0.6779532928892957
2026-06-29 21:00:00+00:00,3220.4670711070435,3220.4670711070435,0.0,0,True,60479.72,0.0,8433.312538614167,0.0030469682897704686,-0.6779532928892957
2026-06-29 22:00:00+00:00,3220.4670711070435,3220.4670711070435,0.0,0,True,60352.31,0.0,8415.546445276685,-0.002106656578436561,-0.6779532928892957
2026-06-29 23:00:00+00:00,3220.4670711070435,3220.4670711070435,0.0,0,True,60260.21,0.0,8402.703990238757,-0.0015260393512693815,-0.6779532928892957
2026-06-30 00:00:00+00:00,3220.4670711070435,3220.4670711070435,0.0,0,True,59838.01,0.0,8343.832279956321,-0.00700628159111949,-0.6779532928892957
2026-06-30 01:00:00+00:00,3220.4670711070435,3220.4670711070435,0.0,0,True,59939.94,0.0,8358.04543350698,0.0017034323166829068,-0.6779532928892957
2026-06-30 02:00:00+00:00,3220.4670711070435,3220.4670711070435,0.0,0,True,59948.24,0.0,8359.202788304101,0.00013847194374894123,-0.6779532928892957
2026-06-30 03:00:00+00:00,3220.4670711070435,3220.4670711070435,0.0,0,True,59627.48,0.0,8314.475905807194,-0.005350615797894864,-0.6779532928892957
2026-06-30 04:00:00+00:00,3220.4670711070435,3220.4670711070435,0.0,0,True,59492.01,0.0,8295.585923353472,-0.0022719390455541166,-0.6779532928892957
2026-06-30 05:00:00+00:00,3220.4670711070435,3220.4670711070435,0.0,0,True,59652.13,0.0,8317.913110114303,0.0026914538607787364,-0.6779532928892957
2026-06-30 06:00:00+00:00,3220.4670711070435,3220.4670711070435,0.0,0,True,59592.0,0.0,8309.528562650346,-0.0010080109461303444,-0.6779532928892957
2026-06-30 07:00:00+00:00,3220.4670711070435,3220.4670711070435,0.0,0,True,59524.01,0.0,8300.04801413755,-0.0011409249563698598,-0.6779532928892957
2026-06-30 08:00:00+00:00,3220.4670711070435,3220.4670711070435,0.0,0,False,59311.92,0.0,8270.474113062699,-0.0035630999994792356,-0.6779532928892957
2026-06-30 09:00:00+00:00,3220.4670711070435,3220.4670711070435,0.0,0,False,59374.96,0.0,8279.264431907333,0.001062855493465742,-0.6779532928892957
2026-06-30 10:00:00+00:00,3220.4670711070435,3220.4670711070435,0.0,0,False,59334.01,0.0,8273.554350107082,-0.0006896846751560659,-0.6779532928892957
2026-06-30 11:00:00+00:00,3220.4670711070435,3220.4670711070435,0.0,0,False,59192.7,0.0,8253.850036085265,-0.0023816020525159187,-0.6779532928892957
2026-06-30 12:00:00+00:00,3181.9085536752,3181.9085536752,0.0,0,False,58412.0,-0.01197295813945054,8144.9889649874485,-0.013189126361865422,-0.68180914463248
2026-06-30 13:00:00+00:00,3192.3428054146657,724.8140503553682,0.04200965649115769,1,False,58737.18,0.003279243121997899,8190.332173773907,0.005567006779428896,-0.6807657194585335
2026-06-30 14:00:00+00:00,3189.1015912576745,3189.1015912576745,0.0,0,False,58482.81,-0.001015308929696923,8154.862735250593,-0.004330647130148191,-0.6810898408742325
2026-06-30 15:00:00+00:00,3189.1015912576745,3189.1015912576745,0.0,0,False,58381.99,0.0,8140.804360474005,-0.001723925372258961,-0.6810898408742325
2026-06-30 16:00:00+00:00,3189.1015912576745,3189.1015912576745,0.0,0,False,58497.65,0.0,8156.9320298517105,0.0019810904013379815,-0.6810898408742325
2026-06-30 17:00:00+00:00,3189.1015912576745,3189.1015912576745,0.0,0,False,58417.99,0.0,8145.824212606093,-0.001361764105053953,-0.6810898408742325
2026-06-30 18:00:00+00:00,3196.0578087065282,992.9393331568103,0.037544066329448046,1,False,58680.87,0.0021812467398101276,8182.4802883973,0.004499983652296313,-0.6803942191293472
2026-06-30 19:00:00+00:00,3193.1321065141897,3193.1321065141897,0.0,0,False,58818.05,-0.0009154096601032835,8201.608713827296,0.002337729484924056,-0.6806867893485811
2026-06-30 20:00:00+00:00,3186.704273325429,885.0438432298706,0.03918919904317183,1,False,58732.01,-0.002013018244891196,8189.611267231605,-0.0014628162613347095,-0.6813295726674571
2026-06-30 21:00:00+00:00,3183.0980832294763,885.0438432298706,0.03918919904317183,1,False,58639.99,-0.0011316362569750993,8176.779967420639,-0.0015667776396550703,-0.6816901916770524
2026-06-30 22:00:00+00:00,3181.8440288600946,885.0438432298706,0.03918919904317183,1,False,58607.99,-0.00039397289577369765,8172.31787663656,-0.000545702685147198,-0.6818155971139905
2026-06-30 23:00:00+00:00,3178.7703777603874,3178.7703777603874,0.0,0,False,58624.71,-0.0009659967842007289,8174.649319071241,0.0002852853339621042,-0.6821229622239613
2026-07-01 00:00:00+00:00,3178.7703777603874,3178.7703777603874,0.0,0,False,58576.0,0.0,8167.857180255852,-0.0008308783105280826,-0.6821229622239613
2026-07-01 01:00:00+00:00,3141.091832790781,3141.091832790781,0.0,0,False,58770.57,-0.011853182360454961,8194.98808662642,0.0033216675771647886,-0.6858908167209219
2026-07-01 02:00:00+00:00,3141.091832790781,3141.091832790781,0.0,0,False,59085.0,0.0,8238.832311790102,0.0053501267726348,-0.6858908167209219
2026-07-01 03:00:00+00:00,3141.091832790781,3141.091832790781,0.0,0,False,59197.13,0.0,8254.467756778186,0.0018977743928236812,-0.6858908167209219
2026-07-01 04:00:00+00:00,3143.4174156230974,998.897713650561,0.036139535951599196,1,False,59339.99,0.0007403740342892817,8274.388203322358,0.002413292671452405,-0.6856582584376902
2026-07-01 05:00:00+00:00,3140.56256420859,3140.56256420859,0.0,0,False,59154.33,-0.0009081999101736571,8248.499710354483,-0.0031287501059571454,-0.685943743579141
2026-07-01 06:00:00+00:00,3140.56256420859,3140.56256420859,0.0,0,False,58755.8,0.0,8192.928552848893,-0.006737123047459215,-0.685943743579141
2026-07-01 07:00:00+00:00,3140.56256420859,3140.56256420859,0.0,0,False,58768.65,0.0,8194.720361179376,0.00021870181326799631,-0.685943743579141
2026-07-01 08:00:00+00:00,3145.333003866633,931.53988689875,0.03753846597403166,1,False,58973.99,0.0015189761580964856,8223.353039979458,0.0034940397643978827,-0.6854666996133367
2026-07-01 09:00:00+00:00,3142.3771044717228,3142.3771044717228,0.0,0,False,58944.55,-0.000939773115049114,8219.247916458107,-0.0004992031232750049,-0.6857622895528277
2026-07-01 10:00:00+00:00,3142.3771044717228,3142.3771044717228,0.0,0,False,58659.98,0.0,8179.567379757318,-0.004827757612875239,-0.6857622895528277
2026-07-01 11:00:00+00:00,3142.3771044717228,3142.3771044717228,0.0,0,False,58622.03,0.0,8174.275618968075,-0.000646948737452635,-0.6857622895528277
2026-07-01 12:00:00+00:00,3135.8642697893315,785.476887149397,0.04015147393360202,1,False,58538.01,-0.0020725821458931204,8162.559841853128,-0.0014332495821111069,-0.6864135730210669
2026-07-01 13:00:00+00:00,3174.410487795068,785.476887149397,0.04015147393360202,1,False,59498.03,0.012292055615125808,8296.425354182225,0.016399942533065204,-0.6825589512204933
2026-07-01 14:00:00+00:00,3171.2697236174445,3171.2697236174445,0.0,0,False,59542.0,-0.0009894007689613682,8302.556545800224,0.0007390160649016764,-0.6828730276382555
2026-07-01 15:00:00+00:00,3171.2697236174445,3171.2697236174445,0.0,0,False,60147.15,0.0,8386.93886573726,0.010163414060663012,-0.6828730276382555
2026-07-01 16:00:00+00:00,3171.2697236174445,3171.2697236174445,0.0,0,False,59920.0,0.0,8355.264993187153,-0.0037765712922390726,-0.6828730276382555
2026-07-01 17:00:00+00:00,3171.2697236174445,3171.2697236174445,0.0,0,False,60190.6,0.0,8392.997548380015,0.004516021361815614,-0.6828730276382555
2026-07-01 18:00:00+00:00,3168.0287646698407,1212.1316999283017,0.03250555689372681,1,False,60171.16,-0.0010219751803094423,8390.28682822869,-0.0003229740191986741,-0.6831971235330159
2026-07-01 19:00:00+00:00,3165.411944732416,3165.411944732416,0.0,0,False,60028.67,-0.0008260088944291866,8370.417974609209,-0.002368077996169893,-0.6834588055267584
2026-07-01 20:00:00+00:00,3165.981687115203,1117.2604997129788,0.03407379814726116,1,False,60126.0,0.0001799899642556113,8383.989702609659,0.0016213919115650732,-0.6834018312884798
2026-07-01 21:00:00+00:00,3189.4922670988317,1117.2604997129788,0.03407379814726116,1,False,60815.99,0.0074259999921386655,8480.202140737982,0.011475734291321427,-0.6810507732901168
2026-07-01 22:00:00+00:00,3177.9760048010207,1117.2604997129788,0.03407379814726116,1,False,60478.01,-0.0036106882642754634,8433.074095637892,-0.005557420014045578,-0.6822023995198979
2026-07-01 23:00:00+00:00,3175.2603251060677,3175.2603251060677,0.0,0,False,60024.0,-0.0008545312144743189,8369.766788235407,-0.007507026107505865,-0.6824739674893932
2026-07-02 00:00:00+00:00,3175.2603251060677,3175.2603251060677,0.0,0,False,59761.73,0.0,8333.195771049774,-0.004369418899106914,-0.6824739674893932
2026-07-02 01:00:00+00:00,3185.8011549078274,1292.0313409856485,0.03147055855435495,1,False,60175.92,0.003319674206998302,8390.95056423282,0.006930689590143979,-0.6814198845092172
2026-07-02 02:00:00+00:00,3183.282826702911,3183.282826702911,0.0,0,False,60423.1,-0.0007904850561802901,8425.417426733087,0.00410762311569135,-0.6816717173297089
2026-07-02 03:00:00+00:00,3183.282826702911,3183.282826702911,0.0,0,False,61058.0,0.0,8513.948096695947,0.010507570780049491,-0.6816717173297089
2026-07-02 04:00:00+00:00,3172.7820126339543,1353.9172122537354,0.029921454872825496,1,False,60787.98,-0.003298737385465933,8476.296416898544,-0.004422352517278738,-0.6827217987366045
2026-07-02 05:00:00+00:00,3170.3705289774393,3170.3705289774393,0.0,0,False,60504.54,-0.0007600533685934163,8436.773447778569,-0.0046627639214198435,-0.682962947102256
2026-07-02 06:00:00+00:00,3170.3705289774393,3170.3705289774393,0.0,0,False,60274.01,0.0,8404.628266889391,-0.003810127306149491,-0.682962947102256
2026-07-02 07:00:00+00:00,3170.3705289774393,3170.3705289774393,0.0,0,False,60149.99,0.0,8387.334876294346,-0.0020576032688053303,-0.682962947102256
2026-07-02 08:00:00+00:00,3179.6923206741158,1179.3832208667618,0.03305640914812674,1,False,60511.99,0.0029402846170423214,8437.812278289235,0.006018288614844325,-0.6820307679325884
2026-07-02 09:00:00+00:00,3177.033239299307,3177.033239299307,0.0,0,False,61184.0,-0.0008362700244674004,8531.517579158257,0.011105402416942578,-0.6822966760700693
2026-07-02 10:00:00+00:00,3177.033239299307,3177.033239299307,0.0,0,False,61263.68,0.0,8542.628185210611,0.0013023012552300095,-0.6822966760700693
2026-07-02 11:00:00+00:00,3177.033239299307,3177.033239299307,0.0,0,False,61358.01,0.0,8555.781592200054,0.0015397377369430476,-0.6822966760700693
2026-07-02 12:00:00+00:00,3180.4164629376037,1163.1642367818863,0.032778181627497564,1,False,61542.53,0.0010649002964298049,8581.511123183747,0.003007268325684098,-0.6819583537062397
2026-07-02 13:00:00+00:00,3193.413339734723,1163.1642367818863,0.032778181627497564,1,False,61939.04,0.00408653298980699,8636.800611208591,0.006442861546316125,-0.6806586660265277
2026-07-02 14:00:00+00:00,3190.745717752372,3190.745717752372,0.0,0,False,61696.61,-0.0008353512992379519,8602.996090309085,-0.003914009645612948,-0.6809254282247628
2026-07-02 15:00:00+00:00,3190.745717752372,3190.745717752372,0.0,0,False,61612.93,0.0,8591.32772290872,-0.0013563143906933917,-0.6809254282247628
2026-07-02 16:00:00+00:00,3190.745717752372,3190.745717752372,0.0,0,False,61682.34,0.0,8601.00627670006,0.0011265492486722817,-0.6809254282247628
2026-07-02 17:00:00+00:00,3190.745717752372,3190.745717752372,0.0,0,False,61667.39,0.0,8598.921643661874,-0.00024237083093792133,-0.6809254282247628
2026-07-02 18:00:00+00:00,3191.1291554009076,1238.2217945501034,0.03162021304017276,1,False,61761.36,0.0001201717975840566,8612.024852129995,0.001523819963841433,-0.6808870844599093
2026-07-02 19:00:00+00:00,3188.527213552535,3188.527213552535,0.0,0,False,61479.6,-0.000815367138609413,8572.73614277618,-0.0045620757055869765,-0.6811472786447466
2026-07-02 20:00:00+00:00,3189.3133589326385,1122.1307166908719,0.033566453306186475,1,False,61584.78,0.00024655438936260765,8587.402477422102,0.0017108113910959677,-0.6810686641067362
2026-07-02 21:00:00+00:00,3189.564436003369,1122.1307166908719,0.033566453306186475,1,False,61592.26,7.872449097146017e-05,8588.445491142878,0.00012145858116219266,-0.6810435563996631
2026-07-02 22:00:00+00:00,3185.3014964334834,1122.1307166908719,0.033566453306186475,1,False,61465.26,-0.0013365271827607828,8570.736568343567,-0.0020619473940393096,-0.6814698503566516
2026-07-02 23:00:00+00:00,3182.5473548549903,3182.5473548549903,0.0,0,False,61560.0,-0.0008646407825372293,8583.94714587118,0.0015413584844512496,-0.681745264514501
2026-07-03 00:00:00+00:00,3182.5473548549903,3182.5473548549903,0.0,0,False,61308.75,0.0,8548.912761199314,-0.004081384015594436,-0.681745264514501
2026-07-03 01:00:00+00:00,3190.400389449314,749.1756151725385,0.03963799399683015,1,False,61588.0,0.0024675311059687566,8587.851475307249,0.004554814769506699,-0.6809599610550686
2026-07-03 02:00:00+00:00,3187.1440601571758,3187.1440601571758,0.0,0,False,61440.01,-0.001020664773896951,8567.215699834254,-0.0024029031629538844,-0.6812855939842823
2026-07-03 03:00:00+00:00,3187.1440601571758,3187.1440601571758,0.0,0,False,61434.0,0.0,8566.37766340887,-9.781899449556875e-05,-0.6812855939842823
2026-07-03 04:00:00+00:00,3184.3961228397716,683.0910016352082,0.04070604610735196,1,False,61448.0,-0.0008621942609235989,8568.329828126905,0.00022788683790753161,-0.6815603877160228
2026-07-03 05:00:00+00:00,3181.0818864303305,3181.0818864303305,0.0,0,False,61700.49,-0.0010407739117850312,8603.537118816655,0.0041090027340189295,-0.681891811356967
2026-07-03 06:00:00+00:00,3181.0818864303305,3181.0818864303305,0.0,0,False,61710.01,0.0,8604.864590824918,0.00015429375034137216,-0.681891811356967
2026-07-03 07:00:00+00:00,3181.0818864303305,3181.0818864303305,0.0,0,False,61750.47,0.0,8610.506346860037,0.0006556472766734434,-0.681891811356967
2026-07-03 08:00:00+00:00,3169.9978143677636,416.5985438859666,0.04470965300210764,1,False,61584.0,-0.0034843718138312108,8587.29371395924,-0.002695849926324212,-0.6830002185632236
2026-07-03 09:00:00+00:00,3166.328118065209,3166.328118065209,0.0,0,False,61718.68,-0.0011576337011722782,8606.073538546729,0.0021869316705636077,-0.6833671881934791
2026-07-03 10:00:00+00:00,3166.328118065209,3166.328118065209,0.0,0,False,61916.46,0.0,8633.652048399075,0.003204540343377582,-0.6833671881934791
2026-07-03 11:00:00+00:00,3166.328118065209,3166.328118065209,0.0,0,False,62024.02,0.0,8648.65025104706,0.0017371794188492107,-0.6833671881934791
2026-07-03 12:00:00+00:00,3160.7113348454377,312.7658259822092,0.04594646954581705,1,False,61983.99,-0.0017739106657093107,8643.068454356851,-0.0006453951227283206,-0.6839288665154561
2026-07-03 13:00:00+00:00,3166.7771877548766,312.7658259822092,0.04594646954581705,1,False,62116.01,0.0019191416952777374,8661.477367647914,0.0021299048351033356,-0.6833222812245123
2026-07-03 14:00:00+00:00,3163.0076400296107,3163.0076400296107,0.0,0,False,62167.48,-0.0011903419475932653,8668.654361793431,0.0008286108524999669,-0.6836992359970389
2026-07-03 15:00:00+00:00,3163.0076400296107,3163.0076400296107,0.0,0,False,61922.72,0.0,8634.52494490871,-0.003937106667344481,-0.6836992359970389
2026-07-03 16:00:00+00:00,3163.0076400296107,3163.0076400296107,0.0,0,False,62104.81,0.0,8659.915635873487,0.002940600800481752,-0.6836992359970389
2026-07-03 17:00:00+00:00,3163.0076400296107,3163.0076400296107,0.0,0,False,62194.0,0.0,8672.352319530737,0.0014361206483042288,-0.6836992359970389
2026-07-03 18:00:00+00:00,3159.7419313912787,371.7438034704214,0.04482023149184204,1,False,62204.01,-0.00103246941202495,8673.74811730413,0.00016094800141486232,-0.6840258068608721
2026-07-03 19:00:00+00:00,3156.0254694362807,3156.0254694362807,0.0,0,False,62210.0,-0.0011761916117503102,8674.583364922775,9.629604265071201e-05,-0.6843974530563719
2026-07-03 20:00:00+00:00,3179.5115342795443,133.88536191818002,0.048515062101826024,1,False,62776.92,0.007441658842968213,8753.634880776208,0.009113004340138398,-0.6820488465720456
2026-07-03 21:00:00+00:00,3177.33223768993,133.88536191818002,0.048515062101826024,1,False,62732.0,-0.0006854186770887116,8747.371220838058,-0.0007155496000758044,-0.6822667762310071
2026-07-03 22:00:00+00:00,3169.860918126249,133.88536191818002,0.048515062101826024,1,False,62578.0,-0.002351444232068345,8725.89740893968,-0.0024548874577569046,-0.6830139081873752
2026-07-03 23:00:00+00:00,3165.8280171195925,3165.8280171195925,0.0,0,False,62583.26,-0.0012722643392949484,8726.630865112313,8.405509923625765e-05,-0.6834171982880408
2026-07-04 00:00:00+00:00,3165.8280171195925,3165.8280171195925,0.0,0,False,62756.29,0.0,8750.758226623848,0.0027647968482307217,-0.6834171982880408
2026-07-04 01:00:00+00:00,3148.5599660499706,242.40078391508405,0.046522038682811455,1,False,62468.44,-0.005454513314129161,8710.62032561769,-0.004586791220449804,-0.6851440033950029
2026-07-04 02:00:00+00:00,3144.720008147187,3144.720008147187,0.0,0,False,62538.96,-0.001219591795674435,8720.453658183103,0.0011288900443167105,-0.6855279991852813
2026-07-04 03:00:00+00:00,3144.720008147187,3144.720008147187,0.0,0,False,62627.29,0.0,8732.77042315053,0.001412399566606215,-0.6855279991852813
2026-07-04 04:00:00+00:00,3144.190178959421,88.70352593252937,0.04873184454588344,1,False,62700.0,-0.0001684821498872946,8742.909130053979,0.0011609954701854441,-0.6855809821040579
2026-07-04 05:00:00+00:00,3140.132316373478,3140.132316373478,0.0,0,False,62471.52,-0.0012905906942581868,8711.04980185566,-0.003644019138755783,-0.6859867683626522
2026-07-04 06:00:00+00:00,3140.132316373478,3140.132316373478,0.0,0,False,62500.01,0.0,8715.022457056859,0.000456047811866922,-0.6859867683626522
2026-07-04 07:00:00+00:00,3140.132316373478,3140.132316373478,0.0,0,False,62576.0,0.0,8725.618528265675,0.0012158398054655795,-0.6859867683626522
2026-07-04 08:00:00+00:00,3134.8668026863024,0.0,0.050114746106251336,1,False,62553.78,-0.001676844526493193,8722.52016397748,-0.00035508821273333435,-0.6865133197313698
2026-07-04 09:00:00+00:00,3130.704670193487,3130.704670193487,0.0,0,False,62494.0,-0.0013276903788221883,8714.184420631473,-0.0009556576756833968,-0.6869295329806513
2026-07-04 10:00:00+00:00,3130.704670193487,3130.704670193487,0.0,0,False,62513.0,0.0,8716.83378703452,0.00030402918680194624,-0.6869295329806513
2026-07-04 11:00:00+00:00,3130.704670193487,3130.704670193487,0.0,0,False,62482.01,0.0,8712.512530990814,-0.0004957368867275491,-0.6869295329806513
2026-07-04 12:00:00+00:00,3135.65547400443,-4.547473508864641e-13,0.05003917677793729,1,False,62664.01,0.0015813704365277292,8737.89067232526,0.0029128384314138778,-0.686434452599557
2026-07-04 13:00:00+00:00,3131.894029086032,-4.547473508864641e-13,0.05003917677793729,1,False,62588.84,-0.001199572130797355,8727.408942192786,-0.001199572130797244,-0.6868105970913968
2026-07-04 14:00:00+00:00,3127.7333018392706,3127.7333018392706,0.0,0,False,62693.99,-0.0013285019250717234,8742.071093628594,0.0016800119637943034,-0.6872266698160729
2026-07-04 15:00:00+00:00,3127.7333018392706,3127.7333018392706,0.0,0,False,62943.29,0.0,8776.833569643308,0.003976457711496906,-0.6872266698160729
2026-07-04 16:00:00+00:00,3127.7333018392706,3127.7333018392706,0.0,0,False,62927.29,0.0,8774.602524251268,-0.00025419707168161665,-0.6872266698160729
2026-07-04 17:00:00+00:00,3127.7333018392706,3127.7333018392706,0.0,0,False,63280.38,0.0,8823.837512843464,0.005611079072370462,-0.6872266698160729
2026-07-04 18:00:00+00:00,3118.3054919419983,-4.547473508864641e-13,0.04936153659759787,1,False,63172.78,-0.00301426272237737,8808.833732582001,-0.0017003690559378448,-0.6881694508058002
2026-07-04 19:00:00+00:00,3114.1730328312274,3114.1730328312274,0.0,0,False,63294.72,-0.0013252258707331377,8825.837087276079,0.0019302617361462993,-0.6885826967168773
2026-07-04 20:00:00+00:00,3107.05126499272,-4.547473508864641e-13,0.049135940710688504,1,False,63233.78,-0.0022868889311628005,8817.33959313915,-0.0009627975287669344,-0.689294873500728
2026-07-04 21:00:00+00:00,3110.1989133546467,-4.547473508864641e-13,0.049135940710688504,1,False,63297.84,0.0010130661175087319,8826.272141127527,0.0010130661175087319,-0.6889801086645353
2026-07-04 22:00:00+00:00,3104.6539224454455,-4.547473508864641e-13,0.049135940710688504,1,False,63184.99,-0.0017828412470315413,8810.5362990968,-0.0017828412470314303,-0.6895346077554554
2026-07-04 23:00:00+00:00,3100.554296808131,3100.554296808131,0.0,0,False,63144.01,-0.0013204774959539867,8804.822034086439,-0.000648571757311478,-0.6899445703191869
2026-07-05 00:00:00+00:00,3100.554296808131,3100.554296808131,0.0,0,False,62991.29,0.0,8783.526705819426,-0.0024185983753642892,-0.6899445703191869
2026-07-05 01:00:00+00:00,3091.3692877654653,-4.547473508864641e-13,0.04915679043971651,1,False,62887.94,-0.0029623764538234676,8769.11554699022,-0.001640703024180179,-0.6908630712234535
2026-07-05 02:00:00+00:00,3087.2828453916995,3087.2828453916995,0.0,0,False,62693.56,-0.0013218874852443108,8742.011134283684,-0.003090894693004609,-0.6912717154608301
2026-07-05 03:00:00+00:00,3087.2828453916995,3087.2828453916995,0.0,0,False,62769.04,0.0,8752.536090920628,0.0012039514106392257,-0.6912717154608301
2026-07-05 04:00:00+00:00,3085.483027911051,0.0,0.04911938867653047,1,False,62815.99,-0.000582977838695653,8759.082814742895,0.0007479802144498837,-0.6914516972088949
2026-07-05 05:00:00+00:00,3081.3900246126645,3081.3900246126645,0.0,0,False,62740.5,-0.0013265356708694886,8748.556463702578,-0.0012017640731286638,-0.6918609975387335
2026-07-05 06:00:00+00:00,3081.3900246126645,3081.3900246126645,0.0,0,False,62782.18,0.0,8754.36833694884,0.0006643236824699361,-0.6918609975387335
2026-07-05 07:00:00+00:00,3081.3900246126645,3081.3900246126645,0.0,0,False,63020.21,0.0,8787.559320365535,0.0037913624534859913,-0.6918609975387335
2026-07-05 08:00:00+00:00,3072.18273792844,-4.547473508864641e-13,0.04883068803828086,1,False,62915.0,-0.0029880302755188604,8772.888802509508,-0.0016694644464052555,-0.6927817262071561
2026-07-05 09:00:00+00:00,3068.117154037029,3068.117154037029,0.0,0,False,62622.18,-0.0013233535366298232,8732.057883028448,-0.004654216005722023,-0.6931882845962971
2026-07-05 10:00:00+00:00,3068.117154037029,3068.117154037029,0.0,0,False,62756.12,0.0,8750.734521766559,0.002138858787733122,-0.6931882845962971
2026-07-05 11:00:00+00:00,3068.117154037029,3068.117154037029,0.0,0,False,62658.92,0.0,8737.180921009918,-0.0015488529246233673,-0.6931882845962971
2026-07-05 12:00:00+00:00,3068.25735480743,-4.547473508864641e-13,0.04890042020564552,1,False,62745.01,4.56960289851871e-05,8749.18533962246,0.0013739464389108669,-0.693174264519257
2026-07-05 13:00:00+00:00,3070.555185552893,-4.547473508864641e-13,0.04890042020564552,1,False,62792.0,0.0007489041758059756,8755.737641058206,0.0007489041758061976,-0.6929444814447108
2026-07-05 14:00:00+00:00,3066.49074228141,3066.49074228141,0.0,0,False,62812.25,-0.0013236835118959345,8758.561307882504,0.000322493311249783,-0.6933509257718591
2026-07-05 15:00:00+00:00,3066.49074228141,3066.49074228141,0.0,0,False,62740.01,0.0,8748.488137937447,-0.0011500941297278855,-0.6933509257718591
2026-07-05 16:00:00+00:00,3066.49074228141,3066.49074228141,0.0,0,False,62637.48,0.0,8734.191320184585,-0.0016342043936556916,-0.6933509257718591
2026-07-05 17:00:00+00:00,3066.49074228141,3066.49074228141,0.0,0,False,62624.93,0.0,8732.441343955205,-0.000200359273712869,-0.6933509257718591
2026-07-05 18:00:00+00:00,3071.985988651844,0.0,0.048901143764317125,1,False,62820.33,0.0017920309670804713,8759.687985805485,0.0031201631682464814,-0.6928014011348156
2026-07-05 19:00:00+00:00,3067.9259742843715,3067.9259742843715,0.0,0,False,62768.88,-0.0013216252881590451,8752.513780466708,-0.0008190023834641069,-0.6932074025715629
2026-07-05 20:00:00+00:00,3062.0006452981015,0.0,0.0488119061060956,1,False,62730.61,-0.0019313793865747275,8747.177398769625,-0.0006096970345813579,-0.6937999354701898
2026-07-05 21:00:00+00:00,3079.641268164845,0.0,0.0488119061060956,1,False,63092.01,0.005761142765868366,8797.571136562312,0.0057611427658681436,-0.6920358731835154
2026-07-05 22:00:00+00:00,3106.7774029466354,3106.7774029466354,0.0,0,False,63736.0,0.00881145965353336,8887.369319188523,0.010207156183485111,-0.6893222597053364
2026-07-05 23:00:00+00:00,3106.7774029466354,3106.7774029466354,0.0,0,False,63650.0,0.0,8875.377450206312,-0.0013493159282038647,-0.6893222597053364
2026-07-06 00:00:00+00:00,3106.7774029466354,3106.7774029466354,0.0,0,False,63761.99,0.0,8890.993373547217,0.0017594658287509723,-0.6893222597053364
2026-07-06 01:00:00+00:00,3093.7520082631504,27.851809533464348,0.04822417576962511,1,False,63576.0,-0.004192574167409258,8865.05886526813,-0.002916941582281174,-0.6906247991736849
2026-07-06 02:00:00+00:00,3089.684501175025,3089.684501175025,0.0,0,False,63460.01,-0.0013147489124083478,8848.885180579216,-0.0018244306027430657,-0.6910315498824975
2026-07-06 03:00:00+00:00,3089.684501175025,3089.684501175025,0.0,0,False,63294.0,0.0,8825.736690233438,-0.002615978156952803,-0.6910315498824975
2026-07-06 04:00:00+00:00,3084.4698283281605,86.33739018355209,0.04738782499878072,1,False,63267.99,-0.0016877687171235056,8822.109847068004,-0.0004109394255379373,-0.691553017167184
2026-07-06 05:00:00+00:00,3080.4749750941114,3080.4749750941114,0.0,0,False,63114.0,-0.001295150692465774,8800.637429572997,-0.002433932230184621,-0.6919525024905888
2026-07-06 06:00:00+00:00,3080.4749750941114,3080.4749750941114,0.0,0,False,62976.0,0.0,8781.394663066658,-0.0021865196311435797,-0.6919525024905888
2026-07-06 07:00:00+00:00,3080.4749750941114,3080.4749750941114,0.0,0,False,63089.42,0.0,8797.209986089476,0.0018010035569104854,-0.6919525024905888
2026-07-06 08:00:00+00:00,3067.362714240583,-4.547473508864641e-13,0.04876259421681676,1,False,62904.01,-0.004256571132550069,8771.35635320585,-0.002938844579645883,-0.6932637285759418
2026-07-06 09:00:00+00:00,3063.3034124594687,3063.3034124594687,0.0,0,False,62664.77,-0.0013233849920221141,8737.996646981383,-0.0038032551501884226,-0.6936696587540532
2026-07-06 10:00:00+00:00,3063.3034124594687,3063.3034124594687,0.0,0,False,62822.06,0.0,8759.9292175885,0.0025100227767533845,-0.6936696587540532
2026-07-06 11:00:00+00:00,3063.3034124594687,3063.3034124594687,0.0,0,False,62483.84,0.0,8712.767706807528,-0.005383777609330398,-0.6936696587540532
2026-07-06 12:00:00+00:00,3025.950848545479,3025.950848545479,0.0,0,False,61754.01,-0.012193556721173837,8610.999965653025,-0.011680300058383164,-0.6974049151454521
2026-07-06 13:00:00+00:00,3023.17202811774,455.69594529954793,0.041566302193607234,1,False,61768.21,-0.0009183296645662864,8612.98001843846,0.00022994458173641874,-0.697682797188226
2026-07-06 14:00:00+00:00,3019.8072456126984,3019.8072456126984,0.0,0,False,62052.0,-0.0011129973662585835,8652.551791676387,0.004594434580506679,-0.6980192754387302
2026-07-06 15:00:00+00:00,3019.8072456126984,3019.8072456126984,0.0,0,False,63545.98,0.0,8860.872866351317,0.024076258621801294,-0.6980192754387302
2026-07-06 16:00:00+00:00,3022.967376149304,1057.38203872214,0.030841419340788993,1,False,63732.0,0.0010464676317327726,8886.811557840514,0.002927329155990588,-0.6977032623850696
2026-07-06 17:00:00+00:00,3020.3810922380803,3020.3810922380803,0.0,0,False,63587.38,-0.0008555447642700775,8866.645696303218,-0.002269189732002852,-0.697961890776192
2026-07-06 18:00:00+00:00,3021.160050597334,1028.6083429319726,0.0312820144885011,1,False,63696.4,0.000257900687186563,8881.847481843228,0.0017144911458848444,-0.6978839949402666
2026-07-06 19:00:00+00:00,3018.500244930164,3018.500244930164,0.0,0,False,63738.52,-0.000880392174735567,8887.720708837769,0.0006612618609527221,-0.6981499755069835
2026-07-06 20:00:00+00:00,3018.6409351801217,900.0828239563934,0.033191673109352136,1,False,63828.0,4.660932202793511e-05,8900.19783019275,0.0014038606481607818,-0.6981359064819879
2026-07-06 21:00:00+00:00,3040.6131589450506,900.0828239563934,0.033191673109352136,1,False,64489.98,0.0072788464202078185,8992.504544481635,0.010371310396690925,-0.6959386841054949
2026-07-06 22:00:00+00:00,3032.448671193612,900.0828239563934,0.033191673109352136,1,False,64244.0,-0.002685145174557979,8958.205010385771,-0.0038142359479720334,-0.6967551328806387
2026-07-06 23:00:00+00:00,3029.597617167995,3029.597617167995,0.0,0,False,64042.02,-0.0009401821216959982,8930.040851118016,-0.003143951186102889,-0.6970402382832005
2026-07-07 00:00:00+00:00,3029.597617167995,3029.597617167995,0.0,0,False,64203.99,0.0,8952.626002502302,0.0025291207241744385,-0.6970402382832005
2026-07-07 01:00:00+00:00,3014.3546862591734,848.2142028562589,0.03393077198312836,1,False,63840.0,-0.005031338426741416,8901.87111423678,-0.005669273825505083,-0.6985645313740827
2026-07-07 02:00:00+00:00,3011.482576949385,3011.482576949385,0.0,0,False,63322.01,-0.0009528106705162243,8829.642414072878,-0.00811387844611522,-0.6988517423050615
2026-07-07 03:00:00+00:00,3011.482576949385,3011.482576949385,0.0,0,False,63191.01,0.0,8811.375729925556,-0.0020687909306732477,-0.6988517423050615
2026-07-07 04:00:00+00:00,3005.5430280231326,867.2357325370954,0.03388759043756153,1,False,63100.01,-0.0019723006109068075,8798.686659258332,-0.001440078264297484,-0.6994456971976868
2026-07-07 05:00:00+00:00,3002.711487528366,3002.711487528366,0.0,0,False,63128.01,-0.0009421061247055773,8802.590988694401,0.0004437400247638834,-0.6997288512471633
2026-07-07 06:00:00+00:00,3002.711487528366,3002.711487528366,0.0,0,False,63340.0,0.0,8832.150945735551,0.0033580973010236548,-0.6997288512471633
2026-07-07 07:00:00+00:00,3002.711487528366,3002.711487528366,0.0,0,False,63083.18,0.0,8796.33987838658,-0.004054625828860292,-0.6997288512471633
2026-07-07 08:00:00+00:00,3000.501882706467,781.3506225353658,0.0351665704261394,1,False,63104.0,-0.000735869840001846,8799.243026202972,0.00033004043233098024,-0.6999498117293533
2026-07-07 09:00:00+00:00,2997.553452454955,2997.553452454955,0.0,0,False,63256.0,-0.0009826456928774263,8820.437957427344,0.0024087221095334677,-0.7002446547545045
2026-07-07 10:00:00+00:00,2997.553452454955,2997.553452454955,0.0,0,False,63284.0,0.0,8824.342286863413,0.00044264575692420927,-0.7002446547545045
2026-07-07 11:00:00+00:00,2997.553452454955,2997.553452454955,0.0,0,False,63406.0,0.0,8841.354007977714,0.0019278174578094553,-0.7002446547545045
2026-07-07 12:00:00+00:00,2997.2060636914503,533.8587359914263,0.038804243695672445,1,False,63481.39,-0.00011589076525730935,8851.866414984328,0.0011890041951865271,-0.7002793936308549
2026-07-07 13:00:00+00:00,2980.699126465748,533.8587359914263,0.038804243695672445,1,False,63056.0,-0.005507441555543835,8792.549890026854,-0.006701018991550067,-0.7019300873534252
2026-07-07 14:00:00+00:00,2977.472071953549,2977.472071953549,0.0,0,False,63562.05,-0.001082650202278379,8863.113672566948,0.008025405988328016,-0.7022527928046451
2026-07-07 15:00:00+00:00,2977.472071953549,2977.472071953549,0.0,0,False,63930.51,0.0,8914.49185913887,0.00579685519897466,-0.7022527928046451
2026-07-07 16:00:00+00:00,2976.460416965441,905.558490399776,0.03236630335657532,1,False,63983.27,-0.00033976976564698,8921.848731319122,0.0008252710638474436,-0.7023539583034559
2026-07-07 17:00:00+00:00,2973.722805278427,2973.722805278427,0.0,0,False,64186.0,-0.000919754105046966,8950.117470839628,0.0031684845116541904,-0.7026277194721573
2026-07-07 18:00:00+00:00,2954.167625268723,847.0804373303918,0.0330886859111996,1,False,63679.99,-0.006575992885077708,8879.559265913016,-0.007883494843112127,-0.7045832374731277
2026-07-07 19:00:00+00:00,2951.380904854232,2951.380904854232,0.0,0,False,63817.99,-0.000943318310936192,8898.802032419355,0.002167085767444288,-0.7048619095145767
2026-07-07 20:00:00+00:00,2944.8003775728143,894.4767940890638,0.032188199085775714,1,False,63697.99,-0.0022296435104647294,8882.06919197906,-0.0018803475320986474,-0.7055199622427186
2026-07-07 21:00:00+00:00,2935.979201613358,894.4767940890638,0.032188199085775714,1,False,63423.94,-0.002995508974610761,8843.855567623537,-0.004302333558719895,-0.7064020798386642
2026-07-07 22:00:00+00:00,2940.0696779531777,894.4767940890638,0.032188199085775714,1,False,63551.02,0.0013932238816856124,8861.57564564981,0.0020036598167820774,-0.7059930322046822
2026-07-07 23:00:00+00:00,2937.340369642012,2937.340369642012,0.0,0,False,63363.99,-0.0009283141592296706,8835.49611942024,-0.0029429897427294405,-0.7062659630357988
2026-07-08 00:00:00+00:00,2937.340369642012,2937.340369642012,0.0,0,False,63612.77,0.0,8870.186086459711,0.0039262047734052175,-0.7062659630357988
2026-07-08 01:00:00+00:00,2915.847890075984,860.1718657546216,0.032610103401445614,1,False,63038.01,-0.007316986409936277,8790.04135836418,-0.009035292756470081,-0.7084152109924016
2026-07-08 02:00:00+00:00,2913.123180345871,2913.123180345871,0.0,0,False,62979.99,-0.0009344485147482207,8781.951030011296,-0.0009203970747174717,-0.7086876819654129
2026-07-08 03:00:00+00:00,2913.123180345871,2913.123180345871,0.0,0,False,62766.0,0.0,8752.112192296141,-0.0033977458554692586,-0.7086876819654129
2026-07-08 04:00:00+00:00,2911.5745645636143,962.8502360339144,0.031030642174039804,1,False,62800.0,-0.0005315998282203749,8756.853163754226,0.0005416945480039015,-0.7088425435436385
2026-07-08 05:00:00+00:00,2908.9829603040944,2908.9829603040944,0.0,0,False,62637.88,-0.0008901040320458131,8734.247096319386,-0.0025815286624204514,-0.7091017039695906
2026-07-08 06:00:00+00:00,2908.9829603040944,2908.9829603040944,0.0,0,False,62657.81,0.0,8737.026142235845,0.0003181780737151474,-0.7091017039695906
2026-07-08 07:00:00+00:00,2908.9829603040944,2908.9829603040944,0.0,0,False,62888.35,0.0,8769.17271752839,0.003679349788956676,-0.7091017039695906
2026-07-08 08:00:00+00:00,2874.9076483157746,2874.9076483157746,0.0,0,False,62018.36,-0.011713823165453552,8647.861018739626,-0.013833881792096325,-0.7125092351684226
2026-07-08 09:00:00+00:00,2874.9076483157746,2874.9076483157746,0.0,0,False,62057.67,0.0,8653.342418387192,0.0006338445582887431,-0.7125092351684226
2026-07-08 10:00:00+00:00,2874.9076483157746,2874.9076483157746,0.0,0,False,62183.12,0.0,8670.835208664152,0.00202150676942936,-0.7125092351684226
2026-07-08 11:00:00+00:00,2874.9076483157746,2874.9076483157746,0.0,0,False,62299.99,0.0,8687.131600849627,0.0018794489565654438,-0.7125092351684226
2026-07-08 12:00:00+00:00,2861.2884372540516,875.6157816483158,0.03204882838034472,1,False,61957.73,-0.004737269063130323,8639.406751107166,-0.005493740849717654,-0.7138711562745949
2026-07-08 13:00:00+00:00,2860.8961595946757,875.6157816483158,0.03204882838034472,1,False,61945.49,-0.00013709825764796069,8637.700001382256,-0.00019755404208643412,-0.7139103840405324
2026-07-08 14:00:00+00:00,2858.2773362266316,2858.2773362266316,0.0,0,False,61889.83,-0.0009153856770582891,8629.9387522247,-0.0008985319189499519,-0.7141722663773369
2026-07-08 15:00:00+00:00,2858.2773362266316,2858.2773362266316,0.0,0,False,61704.01,0.0,8604.027948802903,-0.003002431901978131,-0.7141722663773369
2026-07-08 16:00:00+00:00,2868.7339569510223,885.8796852206606,0.03192332223577503,1,False,62113.03,0.0036583646351808774,8661.061835443648,0.006628742605221394,-0.7131266043048978
2026-07-08 17:00:00+00:00,2866.1101490454457,2866.1101490454457,0.0,0,False,62104.62,-0.0009146222497276035,8659.889142209458,-0.000135398321414959,-0.7133889850954555
2026-07-08 18:00:00+00:00,2866.051748665167,855.4908552614261,0.03233176083042977,1,False,62185.32,-2.03761813892811e-05,8671.141977405556,0.0012994202363687535,-0.7133948251334833
2026-07-08 19:00:00+00:00,2863.3664025268304,2863.3664025268304,0.0,0,False,62277.98,-0.0009369496344884265,8684.062519032203,0.0014900622847964229,-0.713663359747317
2026-07-08 20:00:00+00:00,2854.417817898257,730.1869347769443,0.03420683130089404,1,False,62099.61,-0.0031251971877146456,8659.190546121075,-0.0028640941790339935,-0.7145582182101743
2026-07-08 21:00:00+00:00,2857.412968046963,730.1869347769443,0.03420683130089404,1,False,62187.17,0.0010493033395200246,8671.39994202901,0.0014099927519672928,-0.7142587031953036
2026-07-08 22:00:00+00:00,2862.31241249419,730.1869347769443,0.03420683130089404,1,False,62330.4,0.0017146434561663426,8691.371981497872,0.0023032082019491806,-0.713768758750581
2026-07-08 23:00:00+00:00,2859.4679063139915,2859.4679063139915,0.0,0,False,62290.0,-0.0009937790744930508,8685.738591882973,-0.0006481588438386199,-0.7140532093686008
2026-07-09 00:00:00+00:00,2859.4679063139915,2859.4679063139915,0.0,0,False,62129.99,0.0,8663.42674355921,-0.002568791138224502,-0.7140532093686008
2026-07-09 01:00:00+00:00,2847.6171612861535,373.11470512293135,0.039965476713018,1,False,61916.0,-0.00414438819252716,8633.587905844053,-0.003444230395015513,-0.7152382838713847
2026-07-09 02:00:00+00:00,2844.3489589200876,2844.3489589200876,0.0,0,False,61788.8,-0.0011476972433295263,8615.851094977343,-0.002054396278829196,-0.7155651041079912
2026-07-09 03:00:00+00:00,2844.3489589200876,2844.3489589200876,0.0,0,False,61974.34,0.0,8641.722855104776,0.0030028095706662317,-0.7155651041079912
2026-07-09 04:00:00+00:00,2858.935478087338,566.0515456480653,0.036713316647478164,1,False,62453.74,0.005128245295467737,8708.570552663754,0.007735459546644785,-0.7141064521912661
2026-07-09 05:00:00+00:00,2855.8917035042996,2855.8917035042996,0.0,0,False,62589.61,-0.0010646531222435751,8727.516311252279,0.0021755302404629084,-0.71441082964957
2026-07-09 06:00:00+00:00,2855.8917035042996,2855.8917035042996,0.0,0,False,62959.96,0.0,8779.158040061138,0.005917116275369061,-0.71441082964957
2026-07-09 07:00:00+00:00,2855.8917035042996,2855.8917035042996,0.0,0,False,63000.0,0.0,8784.741231154716,0.0006359597433034381,-0.71441082964957
2026-07-09 08:00:00+00:00,2849.618831870081,651.7511276234991,0.03494022531675955,1,False,62903.65,-0.0021964669131261383,8771.306154684531,-0.0015293650793648528,-0.7150381168129919
2026-07-09 09:00:00+00:00,2846.7187784193634,2846.7187784193634,0.0,0,False,62953.4,-0.0010176987245744673,8778.243311450402,0.0007908921024453175,-0.7153281221580636
2026-07-09 10:00:00+00:00,2846.7187784193634,2846.7187784193634,0.0,0,False,62786.04,0.0,8754.906576649671,-0.0026584743635768016,-0.7153281221580636
2026-07-09 11:00:00+00:00,2846.7187784193634,2846.7187784193634,0.0,0,False,62786.34,0.0,8754.94840875077,4.778132208782537e-06,-0.7153281221580636
2026-07-09 12:00:00+00:00,2836.9176604061754,434.24799548116835,0.03837271053551596,1,False,62614.02,-0.0034429526679941036,8730.920049878509,-0.0027445460270496547,-0.7163082339593825
2026-07-09 13:00:00+00:00,2852.816625562356,434.24799548116835,0.03837271053551596,1,False,63028.35,0.0056043096978373175,8788.694364708736,0.006617208094928273,-0.7147183374437645
2026-07-09 14:00:00+00:00,2849.617659964544,2849.617659964544,0.0,0,False,63016.0,-0.0011213358647548244,8786.972276546756,-0.00019594357142449503,-0.7150382340035456
2026-07-09 15:00:00+00:00,2849.617659964544,2849.617659964544,0.0,0,False,62868.05,0.0,8766.342078687243,-0.0023478164275738678,-0.7150382340035456
2026-07-09 16:00:00+00:00,2840.9255880450687,670.5599171926146,0.03461507694899019,1,False,62700.01,-0.003050259001968536,8742.91052445735,-0.002672899827495967,-0.7159074411954931
2026-07-09 17:00:00+00:00,2838.0471166887137,2838.0471166887137,0.0,0,False,63142.79,-0.0010132160336997487,8804.651916875297,0.007061880851374713,-0.7161952883311287
2026-07-09 18:00:00+00:00,2837.8003535893886,698.641559680058,0.03383726061455436,1,False,63219.03,-8.694820388077673e-05,8815.282848168365,0.0012074220983901984,-0.7162199646410612
2026-07-09 19:00:00+00:00,2834.9733054904987,2834.9733054904987,0.0,0,False,63248.1,-0.000996211060201646,8819.336378765025,0.0004598298961562275,-0.7165026694509502
2026-07-09 20:00:00+00:00,2834.330409712553,633.7677451464497,0.03475667646500792,1,False,63313.38,-0.00022677313281949107,8828.439043964545,0.0010321258662315813,-0.7165669590287447
2026-07-09 21:00:00+00:00,2832.982198232475,633.7677451464497,0.03475667646500792,1,False,63274.59,-0.00047567195252107286,8823.030153292219,-0.0006126667064687563,-0.7167017801767525
2026-07-09 22:00:00+00:00,2831.042428118963,633.7677451464497,0.03475667646500792,1,False,63218.78,-0.0006847096020308197,8815.247988084113,-0.0008820286310822212,-0.7168957571881037
2026-07-09 23:00:00+00:00,2828.115736861214,2828.115736861214,0.0,0,False,63230.0,-0.0010337857280696694,8816.812508665282,0.00017747890737540573,-0.7171884263138786
2026-07-10 00:00:00+00:00,2828.115736861214,2828.115736861214,0.0,0,False,63113.93,0.0,8800.627668749405,-0.0018356792661713417,-0.7171884263138786
2026-07-10 01:00:00+00:00,2850.1941646157925,302.4996523507357,0.03996392325042058,1,False,63749.86,0.007806762455585536,8889.301962259378,0.010075905588512901,-0.7149805835384208
2026-07-10 02:00:00+00:00,2846.837087880559,2846.837087880559,0.0,0,False,63961.99,-0.0011778414175814822,8918.881440947709,0.003327536719296198,-0.7153162912119442
2026-07-10 03:00:00+00:00,2846.837087880559,2846.837087880559,0.0,0,False,63947.2,0.0,8916.819118363443,-0.00023123107958333833,-0.7153162912119442
2026-07-10 04:00:00+00:00,2847.4141738593153,492.68922942420704,0.03676507238701903,1,False,64047.88,0.0002027112760378813,8930.85797149285,0.0015744238997172921,-0.7152585826140685
2026-07-10 05:00:00+00:00,2844.29761036182,2844.29761036182,0.0,0,False,64115.99,-0.0010945241216072654,8940.355252846086,0.0010634231765360713,-0.715570238963818
2026-07-10 06:00:00+00:00,2844.29761036182,2844.29761036182,0.0,0,False,63854.71,0.0,8903.922281594085,-0.004075114491720377,-0.715570238963818
2026-07-10 07:00:00+00:00,2844.29761036182,2844.29761036182,0.0,0,False,63963.0,0.0,8919.022275688081,0.0016958811652265648,-0.715570238963818
2026-07-10 08:00:00+00:00,2852.1659938587727,303.4110804347847,0.03967180083905581,1,False,64246.01,0.002766371376992538,8958.485285463146,0.004424589215640262,-0.7147834006141227
2026-07-10 09:00:00+00:00,2848.806329667633,2848.806329667633,0.0,0,False,64385.09,-0.0011779343132110043,8977.878647533447,0.002164803697537021,-0.7151193670332368
2026-07-10 10:00:00+00:00,2848.806329667633,2848.806329667633,0.0,0,False,64407.8,0.0,8981.045337586773,0.00035272141422804104,-0.7151193670332368
2026-07-10 11:00:00+00:00,2848.806329667633,2848.806329667633,0.0,0,False,64425.18,0.0,8983.468810643875,0.0002698430935383911,-0.7151193670332368
2026-07-10 12:00:00+00:00,2839.380672565129,136.75121882405847,0.042040297233469824,1,False,64286.64,-0.003308633866874189,8964.150746355555,-0.0021504014424174045,-0.7160619327434872
2026-07-10 13:00:00+00:00,2835.8216083652633,2835.8216083652633,0.0,0,False,64484.0,-0.0012534649665872921,8991.670691266361,0.003070000236441217,-0.7164178391634737
2026-07-10 14:00:00+00:00,2835.8216083652633,2835.8216083652633,0.0,0,False,63914.87,0.0,8912.311012268154,-0.00882591030333102,-0.7164178391634737
2026-07-10 15:00:00+00:00,2835.8216083652633,2835.8216083652633,0.0,0,False,64040.0,0.0,8929.75918163727,0.001957760377201634,-0.7164178391634737
2026-07-10 16:00:00+00:00,2836.3804280191034,505.64160157512197,0.0363382984574524,1,False,64140.01,0.00019705740734599075,8943.704609740886,0.0015616801998750152,-0.7163619571980897
2026-07-10 17:00:00+00:00,2833.2986709916872,2833.2986709916872,0.0,0,False,63823.99,-0.0010865104684030236,8899.63867444137,-0.004927033843617923,-0.7166701329008313
2026-07-10 18:00:00+00:00,2829.683271484566,491.38505690768625,0.03664469855158877,1,False,63810.0,-0.001276038966218751,8897.687904126706,-0.00021919657483027155,-0.7170316728515433
2026-07-10 19:00:00+00:00,2826.5881036828396,2826.5881036828396,0.0,0,False,63917.88,-0.0010938212883813137,8912.730727682529,0.0016906440996706795,-0.7173411896317161
2026-07-10 20:00:00+00:00,2820.4894358368856,398.8641347161588,0.03793198443202047,1,False,63841.25,-0.0021576075544957884,8902.045414658032,-0.0011988820655501886,-0.7179510564163114
2026-07-10 21:00:00+00:00,2826.965942858809,398.8641347161588,0.03793198443202047,1,False,64011.99,0.0022962351638808887,8925.853457797832,0.002674446380670714,-0.7173034057141191
2026-07-10 22:00:00+00:00,2830.7705208973402,398.8641347161588,0.03793198443202047,1,False,64112.29,0.0013458167220379291,8939.839323599177,0.0015668939522111014,-0.7169229479102659
2026-07-10 23:00:00+00:00,2827.5533188229983,2827.5533188229983,0.0,0,False,64161.72,-0.0011365110843820636,8946.731859457208,0.0007709910221580518,-0.7172446681177002
2026-07-11 00:00:00+00:00,2827.5533188229983,2827.5533188229983,0.0,0,False,64124.0,0.0,8941.472169945477,-0.0005878894767782361,-0.7172446681177002
2026-07-11 01:00:00+00:00,2818.9475594125693,12.949043808957413,0.04383485709694073,1,False,64012.95,-0.003043535679111864,8925.987320521353,-0.0017318008857838407,-0.7181052440587431
2026-07-11 02:00:00+00:00,2815.227442365938,2815.227442365938,0.0,0,False,64158.04,-0.001319682955509327,8946.21871901704,0.0022665726231958505,-0.7184772557634063
2026-07-11 03:00:00+00:00,2815.227442365938,2815.227442365938,0.0,0,False,64150.42,0.0,8945.15618364908,-0.00011876921427167453,-0.7184772557634063
2026-07-11 04:00:00+00:00,2811.537286680858,-4.547473508864641e-13,0.04382618291995352,1,False,64152.0,-0.0013107842121553581,8945.376499381546,2.4629612713544802e-05,-0.7188462713319141
2026-07-11 05:00:00+00:00,2807.7953304202956,2807.7953304202956,0.0,0,False,64176.01,-0.0013309289114852296,8948.724461872975,0.0003742673650080075,-0.7192204669579705
2026-07-11 06:00:00+00:00,2807.7953304202956,2807.7953304202956,0.0,0,False,64219.1,0.0,8954.732945994409,0.0006714346996641307,-0.7192204669579705
2026-07-11 07:00:00+00:00,2807.7953304202956,2807.7953304202956,0.0,0,False,64162.18,0.0,8946.79600201223,-0.000886340668118879,-0.7192204669579705
2026-07-11 08:00:00+00:00,2808.6291995367387,-4.547473508864641e-13,0.043703203460629385,1,False,64265.98,0.0002969835826025502,8961.269908993085,0.0016177754558837076,-0.7191370800463261
2026-07-11 09:00:00+00:00,2804.892642306091,2804.892642306091,0.0,0,False,64167.34,-0.0013303846699534994,8947.515514151162,-0.0015348711713414342,-0.7195107357693908
2026-07-11 10:00:00+00:00,2804.892642306091,2804.892642306091,0.0,0,False,64196.0,0.0,8951.511874209653,0.00044664466378074863,-0.7195107357693908
2026-07-11 11:00:00+00:00,2804.892642306091,2804.892642306091,0.0,0,False,64198.0,0.0,8951.790754883657,3.115458907099189e-05,-0.7195107357693908
2026-07-11 12:00:00+00:00,2801.0934399435605,0.0,0.04363380418069183,1,False,64195.49,-0.0013544911863033748,8951.440759637782,-3.909779120836454e-05,-0.719890656005644
2026-07-11 13:00:00+00:00,2797.406176775885,2797.406176775885,0.0,0,False,64235.66,-0.0013163656431789406,8957.042077975171,0.0006257448926707543,-0.7202593823224115
2026-07-11 14:00:00+00:00,2797.406176775885,2797.406176775885,0.0,0,False,64350.07,0.0,8972.995446931622,0.0017810979135264304,-0.7202593823224115
2026-07-11 15:00:00+00:00,2797.406176775885,2797.406176775885,0.0,0,False,64175.75,0.0,8948.688207385354,-0.0027089325621556526,-0.7202593823224115
2026-07-11 16:00:00+00:00,2793.928448724102,-4.547473508864641e-13,0.043532689520056206,1,False,64180.01,-0.0012431973878712643,8949.282223220984,6.638021370997116e-05,-0.7206071551275898
2026-07-11 17:00:00+00:00,2790.249012152154,2790.249012152154,0.0,0,False,64315.53,-0.0013169401577295403,8968.179177691556,0.002111560905023291,-0.7209750987847846
2026-07-11 18:00:00+00:00,2787.1030333059966,-4.547473508864641e-13,0.04332644364150034,1,False,64327.99,-0.0011274903538917025,8969.916604290607,0.00019373236914943526,-0.7212896966694003
2026-07-11 19:00:00+00:00,2783.4208645458293,2783.4208645458293,0.0,0,False,64286.0,-0.0013211455465281796,8964.061504539874,-0.0006527485158482893,-0.7216579135454171
2026-07-11 20:00:00+00:00,2783.909920659532,0.0,0.043240198542607994,1,False,64382.45,0.00017570325779048268,8977.510525043761,0.001500326665214935,-0.7216090079340468
2026-07-11 21:00:00+00:00,2782.7657850060946,0.0,0.043240198542607994,1,False,64355.99,-0.00041098156407526343,8973.820933726676,-0.00041098156407526343,-0.7217234214993906
2026-07-11 22:00:00+00:00,2776.1539262469446,0.0,0.043240198542607994,1,False,64203.08,-0.002376002606750305,8952.49911179563,-0.002376002606750416,-0.7223846073753055
2026-07-11 23:00:00+00:00,2772.493013108502,2772.493013108502,0.0,0,False,63819.0,-0.0013186996239044069,8898.942867159727,-0.005982267517383955,-0.7227506986891499
2026-07-12 00:00:00+00:00,2772.493013108502,2772.493013108502,0.0,0,False,63828.47,0.0,8900.263367151141,0.00014838841097497557,-0.7227506986891499
2026-07-12 01:00:00+00:00,2782.108314404782,0.0,0.04337988013468729,1,False,64133.61,0.003468106592448894,8942.812191584071,0.004780625322837961,-0.7217891685595218
2026-07-12 02:00:00+00:00,2778.4399167474826,2778.4399167474826,0.0,0,False,64070.39,-0.001318567518850955,8933.996773478773,-0.000985754583283538,-0.7221560083252517
2026-07-12 03:00:00+00:00,2778.4399167474826,2778.4399167474826,0.0,0,False,64223.73,0.0,8955.37855475473,0.002393305238191923,-0.7221560083252517
2026-07-12 04:00:00+00:00,2765.1179379063065,-4.547473508864641e-13,0.04320501503527124,1,False,63999.93,-0.004794769453489334,8924.171807333581,-0.0034846932745886683,-0.7234882062093694
2026-07-12 05:00:00+00:00,2761.4747928182355,2761.4747928182355,0.0,0,False,63959.93,-0.0013175369622133726,8918.594193853483,-0.000625000683594501,-0.7238525207181765
2026-07-12 06:00:00+00:00,2761.4747928182355,2761.4747928182355,0.0,0,False,63762.46,0.0,8891.058910505608,-0.00308740175294131,-0.7238525207181765
2026-07-12 07:00:00+00:00,2761.4747928182355,2761.4747928182355,0.0,0,False,63885.27,0.0,8908.183578292881,0.0019260549232260615,-0.7238525207181765
2026-07-12 08:00:00+00:00,2762.070783747134,-4.547473508864641e-13,0.04316870127035159,1,False,63983.18,0.00021582341814174733,8921.83618168879,0.001532591159119967,-0.7237929216252865
2026-07-12 09:00:00+00:00,2758.4539573971815,2758.4539573971815,0.0,0,False,63961.61,-0.0013094618614537534,8918.828453619648,-0.0003371198493102856,-0.7241546042602818
2026-07-12 10:00:00+00:00,2758.4539573971815,2758.4539573971815,0.0,0,False,63865.76,0.0,8905.463097317963,-0.0014985551489400395,-0.7241546042602818
2026-07-12 11:00:00+00:00,2758.4539573971815,2758.4539573971815,0.0,0,False,64018.01,0.0,8926.692888626587,0.00238390649387088,-0.7241546042602818
2026-07-12 12:00:00+00:00,2755.138846370598,-4.547473508864641e-13,0.04303156290211162,1,False,64026.0,-0.001201800384484808,8927.807016919236,0.00012480862807184856,-0.7244861153629403
2026-07-12 13:00:00+00:00,2751.505087901689,2751.505087901689,0.0,0,False,64023.14,-0.001318902121283605,8927.408217555409,-4.466935307534392e-05,-0.7248494912098311
2026-07-12 14:00:00+00:00,2751.505087901689,2751.505087901689,0.0,0,False,64203.08,0.0,8952.49911179563,0.0028105463118490714,-0.7248494912098311
2026-07-12 15:00:00+00:00,2751.505087901689,2751.505087901689,0.0,0,False,64176.0,0.0,8948.723067469604,-0.00042178661833669473,-0.7248494912098311
2026-07-12 16:00:00+00:00,2747.943345819131,-4.547473508864641e-13,0.042817728678639644,1,False,64177.7,-0.00129447046935105,8948.960116042508,2.6489653452976825e-05,-0.725205665418087
2026-07-12 17:00:00+00:00,2744.314963883346,2744.314963883346,0.0,0,False,64078.0,-0.0013203991055003028,8935.057914443363,-0.0015534991126201492,-0.7255685036116655
2026-07-12 18:00:00+00:00,2743.6871701806526,-4.547473508864641e-13,0.04277121029327113,1,False,64147.99,-0.00022876153464723714,8944.817343630166,0.0010922625550111587,-0.7256312829819347
2026-07-12 19:00:00+00:00,2740.060918155429,2740.060918155429,0.0,0,False,64228.59,-0.00132167109451653,8956.056234792562,0.001256469610349198,-0.7259939081844571
2026-07-12 20:00:00+00:00,2735.1738248476936,-4.547473508864641e-13,0.04260469028121349,1,False,64198.89,-0.0017835710422910989,8951.91485678359,-0.000462410898324328,-0.7264826175152306
2026-07-12 21:00:00+00:00,2723.3088446512784,-4.547473508864641e-13,0.04260469028121349,1,False,63920.4,-0.0043379254688048485,8913.082117331778,-0.0043379254688045155,-0.7276691155348722
2026-07-12 22:00:00+00:00,2717.3225869020093,2717.3225869020093,0.0,0,False,63886.87,-0.0021981560266388644,8908.406682832085,-0.0005245586698457982,-0.7282677413097991
2026-07-12 23:00:00+00:00,2717.3225869020093,2717.3225869020093,0.0,0,False,63780.0,0.0,8893.504694016632,-0.0016728006865887046,-0.7282677413097991
2026-07-13 00:00:00+00:00,2717.3225869020093,2717.3225869020093,0.0,0,False,64072.01,0.0,8934.222666824719,0.0045783944810284805,-0.7282677413097991
2026-07-13 01:00:00+00:00,2690.240141119196,2690.240141119196,0.0,0,False,63412.01,-0.00996659208345585,8842.192044403098,-0.01030090986688248,-0.7309759858880804
2026-07-13 02:00:00+00:00,2690.240141119196,2690.240141119196,0.0,0,False,63375.99,0.0,8837.16940346427,-0.0005680311978756292,-0.7309759858880804
2026-07-13 03:00:00+00:00,2690.240141119196,2690.240141119196,0.0,0,False,62806.41,0.0,8757.74697631441,-0.008987315227738435,-0.7309759858880804
2026-07-13 04:00:00+00:00,2680.955435647768,-4.547473508864641e-13,0.04277756311666723,1,False,62672.0,-0.0034512552725368684,8739.004800617911,-0.002140068187307609,-0.7319044564352233
2026-07-13 05:00:00+00:00,2677.4189642162387,2677.4189642162387,0.0,0,False,62799.0,-0.0013191086224358939,8756.713723417222,0.0020264232831246343,-0.7322581035783762
2026-07-13 06:00:00+00:00,2677.4189642162387,2677.4189642162387,0.0,0,False,62797.55,0.0,8756.51153492857,-2.3089539642251466e-05,-0.7322581035783762
2026-07-13 07:00:00+00:00,2677.4189642162387,2677.4189642162387,0.0,0,False,62985.52,0.0,8782.72213507492,0.0029932696418888405,-0.7322581035783762
2026-07-13 08:00:00+00:00,2683.3082852924404,-4.547473508864641e-13,0.04245272768639979,1,False,63206.97,0.0021996262650383347,8813.601197704114,0.0035158874611180835,-0.7316691714707559
2026-07-13 09:00:00+00:00,2679.790343230652,2679.790343230652,0.0,0,False,63100.02,-0.0013110465469325927,8798.688053661703,-0.001692060226902048,-0.7320209656769348
2026-07-13 10:00:00+00:00,2679.790343230652,2679.790343230652,0.0,0,False,62867.89,0.0,8766.319768233321,-0.003678762700867755,-0.7320209656769348
2026-07-13 11:00:00+00:00,2679.790343230652,2679.790343230652,0.0,0,False,62901.99,0.0,8771.074683725104,0.0005424072606858843,-0.7320209656769348
2026-07-13 12:00:00+00:00,2664.4718318136884,0.0,0.042546354488790655,1,False,62625.15,-0.005716309656708551,8732.472020829346,-0.004401132619174519,-0.7335528168186312
2026-07-13 13:00:00+00:00,2660.9584759280524,2660.9584759280524,0.0,0,False,62318.0,-0.0013185937429274208,8689.64292131904,-0.004904579070868609,-0.7339041524071948
2026-07-13 14:00:00+00:00,2660.9584759280524,2660.9584759280524,0.0,0,False,62791.85,0.0,8755.716725007655,0.007603742096986554,-0.7339041524071948
2026-07-13 15:00:00+00:00,2651.2037866126398,267.9568604239462,0.038060087284611785,1,False,62618.01,-0.0036658555192262687,8731.476416823149,-0.002768512155637892,-0.7348796213387361
2026-07-13 16:00:00+00:00,2638.1868561604297,267.9568604239462,0.038060087284611785,1,False,62276.0,-0.00490981889733999,8683.786427164938,-0.005461847158669042,-0.7361813143839571
2026-07-13 17:00:00+00:00,2635.0638685544277,2635.0638685544277,0.0,0,False,61904.99,-0.0011837628554283164,8632.052667733657,-0.005957511722011755,-0.7364936131445572
2026-07-13 18:00:00+00:00,2636.2654031791994,411.380373292689,0.03587367026582571,1,False,62020.0,0.00045597931765906097,8648.08970089231,0.0018578470007022396,-0.7363734596820801
2026-07-13 19:00:00+00:00,2633.3261619462464,2633.3261619462464,0.0,0,False,62288.23,-0.0011149261487134465,8685.491782486479,0.004324895195098488,-0.7366673838053753
2026-07-13 20:00:00+00:00,2627.4264977660832,330.1061575785516,0.036927885895844635,1,False,62210.99,-0.0022403849038596935,8674.721410856408,-0.0012400416579506635,-0.7372573502233917
2026-07-13 21:00:00+00:00,2622.0376113773027,330.1061575785516,0.036927885895844635,1,False,62065.06,-0.002051013184712236,8654.37288247764,-0.0023457270170429423,-0.7377962388622697
2026-07-13 22:00:00+00:00,2616.8285637928348,330.1061575785516,0.036927885895844635,1,False,61924.0,-0.001986641061846428,8634.703428540073,-0.002272776341471494,-0.7383171436207165
2026-07-13 23:00:00+00:00,2613.794152832497,2613.794152832497,0.0,0,False,62334.52,-0.0011595757560594055,8691.946475686322,0.006629416704347246,-0.7386205847167503
2026-07-14 00:00:00+00:00,2613.794152832497,2613.794152832497,0.0,0,False,62549.54,0.0,8721.92893694859,0.0034494530478457186,-0.7386205847167503
2026-07-14 01:00:00+00:00,2610.440743725373,322.17009720017813,0.036588667721214455,1,False,62540.42,-0.0012829660298573353,8720.657241075127,-0.00014580442957712325,-0.7389559256274627
2026-07-14 02:00:00+00:00,2607.4108348423506,2607.4108348423506,0.0,0,False,62544.0,-0.0011606886271237071,8721.156437481597,5.724297982023785e-05,-0.7392589165157649
2026-07-14 03:00:00+00:00,2607.4108348423506,2607.4108348423506,0.0,0,False,62572.89,0.0,8725.184868817596,0.0004619148119722194,-0.7392589165157649
2026-07-14 04:00:00+00:00,2610.8522462428114,195.52600187264215,0.038494181061575025,1,False,62745.23,0.0013198577510202814,8749.2160164966,0.0027542279092434008,-0.7389147753757188
2026-07-14 05:00:00+00:00,2607.643073624193,2607.643073624193,0.0,0,False,62737.0,-0.0012291666919246325,8748.06842252307,-0.00013116534914281441,-0.7392356926375807
2026-07-14 06:00:00+00:00,2607.643073624193,2607.643073624193,0.0,0,False,62624.05,0.0,8732.318636458644,-0.0018003729856383988,-0.7392356926375807
2026-07-14 07:00:00+00:00,2607.643073624193,2607.643073624193,0.0,0,False,62560.92,0.0,8723.515767983678,-0.0010080791644744291,-0.7392356926375807
2026-07-14 08:00:00+00:00,2610.5596229682496,-4.547473508864641e-13,0.041626524650747,1,False,62713.85,0.001118461868327314,8744.840378721463,0.0024444972995920633,-0.7389440377031751
2026-07-14 09:00:00+00:00,2607.1012329521664,2607.1012329521664,0.0,0,False,62629.55,-0.0013247695956283279,8733.085558312157,-0.001344200682943053,-0.7392898767047833
2026-07-14 10:00:00+00:00,2607.1012329521664,2607.1012329521664,0.0,0,False,62800.0,0.0,8756.853163754226,0.0027215587530167173,-0.7392898767047833
2026-07-14 11:00:00+00:00,2607.1012329521664,2607.1012329521664,0.0,0,False,62844.99,0.0,8763.126584515965,0.0007164012738851699,-0.7392898767047833
2026-07-14 12:00:00+00:00,2649.8403670524544,-4.547473508864641e-13,0.04142964926598585,1,False,63960.0,0.016393354258780413,8918.603954677073,0.01774222575260187,-0.7350159632947546
2026-07-14 13:00:00+00:00,2648.702479780433,2648.702479780433,0.0,0,False,63840.01,-0.00042941729100731685,8901.872508640148,-0.0018760162601626496,-0.7351297520219566
2026-07-14 14:00:00+00:00,2648.702479780433,2648.702479780433,0.0,0,False,64305.02,0.0,8966.713659749661,0.007283990087094461,-0.7351297520219566
2026-07-14 15:00:00+00:00,2660.6862523504587,470.6285526085171,0.033826424657206665,1,False,64743.99,0.0045243936083827485,9027.92378448363,0.00682637218680604,-0.7339313747649541
2026-07-14 16:00:00+00:00,2660.2130206695047,470.6285526085171,0.033826424657206665,1,False,64730.0,-0.00017786076074777224,9025.973014168965,-0.00021608183246046853,-0.7339786979330496
2026-07-14 17:00:00+00:00,2657.3317594485243,2657.3317594485243,0.0,0,False,64621.43,-0.0010830941727573151,9010.833976780608,-0.001677274833925546,-0.7342668240551475
2026-07-14 18:00:00+00:00,2653.03244858369,590.0768756060047,0.03194815418355895,1,False,64571.98,-0.0016179051974024583,9003.938652115836,-0.0007652260248652842,-0.734696755141631
2026-07-14 19:00:00+00:00,2650.3008331059814,2650.3008331059814,0.0,0,False,64569.59,-0.0010296200784000176,9003.6053897104,-3.701295825220274e-05,-0.7349699166894019
2026-07-14 20:00:00+00:00,2647.4337839580144,427.49154688842555,0.034379321524548694,1,False,64572.02,-0.0010817825328179875,9003.944229729317,3.763381492771778e-05,-0.7352566216041986
2026-07-14 21:00:00+00:00,2651.039487199509,427.49154688842555,0.034379321524548694,1,False,64676.9,0.0013619616336935092,9018.568732274136,0.0016242329107871711,-0.7348960512800491
2026-07-14 22:00:00+00:00,2657.3649385668105,427.49154688842555,0.034379321524548694,1,False,64860.89,0.002386026838847144,9044.224359879216,0.002844756010260019,-0.7342635061433189
2026-07-14 23:00:00+00:00,2654.432279796902,2654.432279796902,0.0,0,False,65043.98,-0.0011035965468446651,9069.754491180996,0.0028228104794738584,-0.7345567720203098
2026-07-15 00:00:00+00:00,2654.432279796902,2654.432279796902,0.0,0,False,64824.58,0.0,9039.161281242657,-0.0033731023224593537,-0.7345567720203098
2026-07-15 01:00:00+00:00,2645.991323193472,336.5550723683841,0.03570868900615295,1,False,64674.35,-0.003179947994030541,9018.213159414778,-0.002317485126783758,-0.7354008676806528
2026-07-15 02:00:00+00:00,2642.9406242822292,2642.9406242822292,0.0,0,False,64490.87,-0.0011529512151086108,8992.628646381569,-0.0028369825131600024,-0.7357059375717772
2026-07-15 03:00:00+00:00,2642.9406242822292,2642.9406242822292,0.0,0,False,64792.01,0.0,9034.619709466488,0.004669498178579312,-0.7357059375717772
2026-07-15 04:00:00+00:00,2638.001459843862,215.22107187515667,0.03741976359575988,1,False,64746.01,-0.001868813999447494,9028.205453964374,-0.000709964083534409,-0.7361998540156138
2026-07-15 05:00:00+00:00,2634.7802458129013,2634.7802458129013,0.0,0,False,64944.06,-0.001221081216214115,9055.82161270771,0.003058875751571488,-0.7365219754187099
2026-07-15 06:00:00+00:00,2634.7802458129013,2634.7802458129013,0.0,0,False,64814.0,0.0,9037.68600247717,-0.0020026465853845155,-0.7365219754187099
2026-07-15 07:00:00+00:00,2634.7802458129013,2634.7802458129013,0.0,0,False,64549.34,0.0,9000.7817228861,-0.004083377048168635,-0.7365219754187099
2026-07-15 08:00:00+00:00,2639.7670202473028,225.20256215985592,0.037280201415597715,1,False,64768.01,0.001892671862226969,9031.273141378428,0.0033876411439683896,-0.7360232979752697
2026-07-15 09:00:00+00:00,2636.5882759365445,2636.5882759365445,0.0,0,False,64671.83,-0.0012041760831076331,9017.861769765532,-0.001484992359654047,-0.7363411724063456
2026-07-15 10:00:00+00:00,2636.5882759365445,2636.5882759365445,0.0,0,False,64663.0,0.0,9016.6305115898,-0.0001365354900272342,-0.7363411724063456
2026-07-15 11:00:00+00:00,2636.5882759365445,2636.5882759365445,0.0,0,False,64732.15,0.0,9026.27281089352,0.0010693905324530295,-0.7363411724063456
2026-07-15 12:00:00+00:00,2650.6719886008186,-4.547473508864641e-13,0.04067693801179822,1,False,65164.0,0.005341642755834375,9086.49012042803,0.006671337194886773,-0.7349328011399181
2026-07-15 13:00:00+00:00,2648.8004426828957,-4.547473508864641e-13,0.04067693801179822,1,False,65117.99,-0.0007060646982997021,9080.074470522548,-0.0007060646982995911,-0.7351199557317104
2026-07-15 14:00:00+00:00,2645.3239972074784,2645.3239972074784,0.0,0,False,65399.81,-0.001312460319546016,9119.37154629658,0.00432783628610145,-0.7354676002792522
2026-07-15 15:00:00+00:00,2643.261277354067,326.3864385861352,0.035411271155524886,1,False,65427.61,-0.0007797607610973145,9123.247987665249,0.0004250776875347473,-0.7356738722645932
2026-07-15 16:00:00+00:00,2632.396391138129,326.3864385861352,0.035411271155524886,1,False,65120.79,-0.004110409481280608,9080.464903466154,-0.004689457554692966,-0.7367603608861871
2026-07-15 17:00:00+00:00,2629.3649105858776,2629.3649105858776,0.0,0,False,65056.1,-0.0011516048884038232,9071.444508065464,-0.0009933847546997887,-0.7370635089414123
2026-07-15 18:00:00+00:00,2619.6472900128165,382.6215353633738,0.03449006713921435,1,False,64860.0,-0.003695805224272153,9044.100257979284,-0.003014321485609983,-0.7380352709987184
2026-07-15 19:00:00+00:00,2616.7032555908313,2616.7032555908313,0.0,0,False,64977.34,-0.0011238285524960423,9060.46218712315,0.001809127351217743,-0.7383296744409169
2026-07-15 20:00:00+00:00,2613.2948912241286,297.12766970314806,0.035650887591000255,1,False,64968.01,-0.0013025414171135008,9059.16120877892,-0.00014358851870488465,-0.7386705108775871
2026-07-15 21:00:00+00:00,2608.528367553212,297.12766970314806,0.035650887591000255,1,False,64834.31,-0.0018239517043879827,9040.51803572169,-0.002057935897990526,-0.7391471632446789
2026-07-15 22:00:00+00:00,2609.6912995064304,297.12766970314806,0.035650887591000255,1,False,64866.93,0.00044581917056518705,9045.06657951471,0.0005031286675218904,-0.739030870049357
2026-07-15 23:00:00+00:00,2606.6180257776286,2606.6180257776286,0.0,0,False,64756.28,-0.0011776387994177906,9029.63750622539,-0.0017057998582635792,-0.739338197422237
2026-07-16 00:00:00+00:00,2606.6180257776286,2606.6180257776286,0.0,0,False,64584.07,0.0,9005.624485790197,-0.0026593559728879113,-0.739338197422237
2026-07-16 01:00:00+00:00,2609.027670798202,42.56118051972544,0.03964878871915015,1,False,64730.01,0.0009244334984044311,9025.974408572334,0.0022596903539835456,-0.7390972329201798
2026-07-16 02:00:00+00:00,2605.629956506531,2605.629956506531,0.0,0,False,64642.01,-0.0013022913975578865,9013.703658916118,-0.00135949306975236,-0.7394370043493469
2026-07-16 03:00:00+00:00,2605.629956506531,2605.629956506531,0.0,0,False,64619.95,0.0,9010.627605081843,-0.00034126414076551814,-0.7394370043493469
2026-07-16 04:00:00+00:00,2603.3724543099656,-4.547473508864641e-13,0.04026868431362336,1,False,64650.05,-0.0008663940138269322,9014.82475922562,0.0004658004223156986,-0.7396627545690034
2026-07-16 05:00:00+00:00,2599.9396304916168,2599.9396304916168,0.0,0,False,64917.99,-0.0013186064916165252,9052.186403122056,0.004144467018973419,-0.7400060369508383
2026-07-16 06:00:00+00:00,2599.9396304916168,2599.9396304916168,0.0,0,False,64777.32,0.0,9032.571330915922,-0.0021668877918121776,-0.7400060369508383
2026-07-16 07:00:00+00:00,2599.9396304916168,2599.9396304916168,0.0,0,False,64238.0,0.0,8957.368368363756,-0.008325753519905055,-0.7400060369508383
2026-07-16 08:00:00+00:00,2592.4505164771117,137.97321965650463,0.038275344833257945,1,False,64126.85,-0.002880495349458889,8941.869574905932,-0.0017302842554252074,-0.7407549483522888
2026-07-16 09:00:00+00:00,2589.24000027806,2589.24000027806,0.0,0,False,64090.0,-0.0012384098283250156,8936.731198487392,-0.0005746422910214433,-0.741075999972194
2026-07-16 10:00:00+00:00,2589.24000027806,2589.24000027806,0.0,0,False,64221.34,0.0,8955.045292349294,0.0020493056639099283,-0.741075999972194
2026-07-16 11:00:00+00:00,2589.24000027806,2589.24000027806,0.0,0,False,64256.53,0.0,8959.952197808412,0.0005479487036554875,-0.741075999972194
2026-07-16 12:00:00+00:00,2574.1212197568075,0.0,0.04024201634206678,1,True,63966.01,-0.005839080394103635,8919.441991102458,-0.0045212525481846955,-0.7425878780243192
2026-07-16 13:00:00+00:00,2570.7273659503658,2570.7273659503658,0.0,0,True,64376.0,-0.0013184514312664097,8976.611134870096,0.006409497794219288,-0.7429272634049634
2026-07-16 14:00:00+00:00,2570.7273659503658,2570.7273659503658,0.0,0,True,64543.51,0.0,8999.968785721378,0.002602056667081021,-0.7429272634049634
2026-07-16 15:00:00+00:00,2570.7273659503658,2570.7273659503658,0.0,0,True,64704.73,0.0,9022.449356852912,0.002497849900013005,-0.7429272634049634
2026-07-16 16:00:00+00:00,2570.7273659503658,2570.7273659503658,0.0,0,True,64484.0,0.0,8991.670691266361,-0.003411342571091658,-0.7429272634049634
2026-07-16 17:00:00+00:00,2570.7273659503658,2570.7273659503658,0.0,0,True,64069.03,0.0,8933.807134620452,-0.006435239749395194,-0.7429272634049634
2026-07-16 18:00:00+00:00,2570.7273659503658,2570.7273659503658,0.0,0,True,64246.01,0.0,8958.485285463146,0.0027623330648207656,-0.7429272634049634
2026-07-16 19:00:00+00:00,2570.7273659503658,2570.7273659503658,0.0,0,True,64271.84,0.0,8962.087029367918,0.0004020483139728359,-0.7429272634049634
2026-07-16 20:00:00+00:00,2570.7273659503658,2570.7273659503658,0.0,0,True,64114.27,0.0,8940.115415466442,-0.0024516180025341283,-0.7429272634049634
2026-07-16 21:00:00+00:00,2570.7273659503658,2570.7273659503658,0.0,0,True,64161.99,0.0,8946.7695083482,0.0007442960826038458,-0.7429272634049634
2026-07-16 22:00:00+00:00,2570.7273659503658,2570.7273659503658,0.0,0,True,63968.0,0.0,8919.719477373093,-0.003023441137034566,-0.7429272634049634
2026-07-16 23:00:00+00:00,2570.7273659503658,2570.7273659503658,0.0,0,True,63830.2,0.0,8900.504598934154,-0.002154202101050662,-0.7429272634049634
2026-07-17 00:00:00+00:00,2570.7273659503658,2570.7273659503658,0.0,0,True,63886.0,0.0,8908.285369738893,0.0008741943468766333,-0.7429272634049634
2026-07-17 01:00:00+00:00,2570.7273659503658,2570.7273659503658,0.0,0,True,63546.24,0.0,8860.909120838938,-0.005318223084869955,-0.7429272634049634
2026-07-17 02:00:00+00:00,2570.7273659503658,2570.7273659503658,0.0,0,True,63482.0,0.0,8851.9514735899,-0.0010109174043972935,-0.7429272634049634
2026-07-17 03:00:00+00:00,2570.7273659503658,2570.7273659503658,0.0,0,True,63570.0,0.0,8864.222223246115,0.0013862197158249767,-0.7429272634049634
2026-07-17 04:00:00+00:00,2570.7273659503658,2570.7273659503658,0.0,0,True,63486.01,0.0,8852.51062934128,-0.001321220701588799,-0.7429272634049634
2026-07-17 05:00:00+00:00,2570.7273659503658,2570.7273659503658,0.0,0,True,62839.76,0.0,8762.397311553443,-0.010179408030210002,-0.7429272634049634
2026-07-17 06:00:00+00:00,2570.7273659503658,2570.7273659503658,0.0,0,True,62948.0,0.0,8777.490333630589,0.0017224763430032652,-0.7429272634049634
2026-07-17 07:00:00+00:00,2570.7273659503658,2570.7273659503658,0.0,0,True,62828.11,0.0,8760.772831627364,-0.001904587913833633,-0.7429272634049634
2026-07-17 08:00:00+00:00,2570.7273659503658,2570.7273659503658,0.0,0,True,62888.0,0.0,8769.123913410442,0.0009532357411357051,-0.7429272634049634
2026-07-17 09:00:00+00:00,2570.7273659503658,2570.7273659503658,0.0,0,True,62989.46,0.0,8783.27153000271,0.0016133443582240226,-0.7429272634049634
2026-07-17 10:00:00+00:00,2570.7273659503658,2570.7273659503658,0.0,0,True,63179.92,0.0,8809.829336588198,0.003023680469716794,-0.7429272634049634
2026-07-17 11:00:00+00:00,2570.7273659503658,2570.7273659503658,0.0,0,True,63298.01,0.0,8826.295845984818,0.0018691065135885143,-0.7429272634049634
2026-07-17 12:00:00+00:00,2570.7273659503658,2570.7273659503658,0.0,0,True,63099.75,0.0,8798.650404770711,-0.0031321679781085576,-0.7429272634049634
2026-07-17 13:00:00+00:00,2570.7273659503658,2570.7273659503658,0.0,0,True,63153.99,0.0,8806.213648649724,0.0008595913612969852,-0.7429272634049634
2026-07-17 14:00:00+00:00,2570.7273659503658,2570.7273659503658,0.0,0,True,63174.0,0.0,8809.003849793144,0.000316844588916787,-0.7429272634049634
2026-07-17 15:00:00+00:00,2570.7273659503658,2570.7273659503658,0.0,0,True,63452.0,0.0,8847.768263479826,0.0044005445278119115,-0.7429272634049634
2026-07-17 16:00:00+00:00,2570.7273659503658,2570.7273659503658,0.0,0,True,63594.0,0.0,8867.568791334175,0.0022379121225495346,-0.7429272634049634
2026-07-17 17:00:00+00:00,2570.7273659503658,2570.7273659503658,0.0,0,True,64049.86,0.0,8931.134063360116,0.007168286316319161,-0.7429272634049634
2026-07-17 18:00:00+00:00,2570.7273659503658,2570.7273659503658,0.0,0,True,64259.73,0.0,8960.39840688682,0.0032766660223766397,-0.7429272634049634
2026-07-17 19:00:00+00:00,2570.7273659503658,2570.7273659503658,0.0,0,True,64160.8,0.0,8946.603574347168,-0.001539533390507386,-0.7429272634049634
2026-07-17 20:00:00+00:00,2570.7273659503658,2570.7273659503658,0.0,0,True,64120.0,0.0,8940.914408597466,-0.0006359022954827154,-0.7429272634049634
2026-07-17 21:00:00+00:00,2570.7273659503658,2570.7273659503658,0.0,0,True,64110.0,0.0,8939.520005227441,-0.0001559575795383461,-0.7429272634049634
2026-07-17 22:00:00+00:00,2570.7273659503658,2570.7273659503658,0.0,0,True,63986.0,0.0,8922.229403439138,-0.0019341756356261453,-0.7429272634049634
2026-07-17 23:00:00+00:00,2570.7273659503658,2570.7273659503658,0.0,0,True,63931.67,0.0,8914.653609929794,-0.0008490919888726189,-0.7429272634049634
2026-07-18 00:00:00+00:00,2570.7273659503658,2570.7273659503658,0.0,0,True,63910.04,0.0,8911.63751544043,-0.00033832997010718735,-0.7429272634049634
2026-07-18 01:00:00+00:00,2570.7273659503658,2570.7273659503658,0.0,0,True,63952.98,0.0,8917.625083511317,0.0006718819140154597,-0.7429272634049634
2026-07-18 02:00:00+00:00,2570.7273659503658,2570.7273659503658,0.0,0,True,63967.61,0.0,8919.665095641663,0.0002287618184484419,-0.7429272634049634
2026-07-18 03:00:00+00:00,2570.7273659503658,2570.7273659503658,0.0,0,True,64017.84,0.0,8926.669183769294,0.0007852411556408256,-0.7429272634049634
2026-07-18 04:00:00+00:00,2570.7273659503658,2570.7273659503658,0.0,0,True,63967.99,0.0,8919.718082969723,-0.0007786891903880377,-0.7429272634049634
2026-07-18 05:00:00+00:00,2570.7273659503658,2570.7273659503658,0.0,0,True,63967.95,0.0,8919.712505356243,-6.253127540212233e-07,-0.7429272634049634
2026-07-18 06:00:00+00:00,2570.7273659503658,2570.7273659503658,0.0,0,True,63979.67,0.0,8921.346746105912,0.00018321675151389272,-0.7429272634049634
2026-07-18 07:00:00+00:00,2570.7273659503658,2570.7273659503658,0.0,0,True,64002.75,0.0,8924.56502908393,0.0003607395911857658,-0.7429272634049634
2026-07-18 08:00:00+00:00,2570.7273659503658,2570.7273659503658,0.0,0,True,64006.01,0.0,8925.019604582556,5.093531137312368e-05,-0.7429272634049634
2026-07-18 09:00:00+00:00,2570.7273659503658,2570.7273659503658,0.0,0,True,63987.76,0.0,8922.474818432262,-0.00028512947456027504,-0.7429272634049634
2026-07-18 10:00:00+00:00,2570.7273659503658,2570.7273659503658,0.0,0,True,64016.43,0.0,8926.472572894121,0.00044805444041173814,-0.7429272634049634
2026-07-18 11:00:00+00:00,2570.7273659503658,2570.7273659503658,0.0,0,True,64069.89,0.0,8933.927053310274,0.0008350981146560965,-0.7429272634049634
2026-07-18 12:00:00+00:00,2570.7273659503658,2570.7273659503658,0.0,0,True,64218.0,0.0,8954.579561623706,0.002311694307575607,-0.7429272634049634
2026-07-18 13:00:00+00:00,2570.7273659503658,2570.7273659503658,0.0,0,True,64106.0,0.0,8938.962243879432,-0.0017440592980160208,-0.7429272634049634
2026-07-18 14:00:00+00:00,2570.7273659503658,2570.7273659503658,0.0,0,True,64126.0,0.0,8941.751050619481,0.00031198327769632606,-0.7429272634049634
2026-07-18 15:00:00+00:00,2570.7273659503658,2570.7273659503658,0.0,0,True,64123.12,0.0,8941.349462448916,-4.491158032604581e-05,-0.7429272634049634
2026-07-18 16:00:00+00:00,2570.7273659503658,2570.7273659503658,0.0,0,True,64303.47,0.0,8966.497527227308,0.0028125580913715975,-0.7429272634049634
2026-07-18 17:00:00+00:00,2570.7273659503658,2570.7273659503658,0.0,0,True,64480.29,0.0,8991.153367616082,0.00274977384579711,-0.7429272634049634
2026-07-18 18:00:00+00:00,2570.7273659503658,2570.7273659503658,0.0,0,True,64512.41,0.0,8995.632191240602,0.0004981367174374807,-0.7429272634049634
2026-07-18 19:00:00+00:00,2570.7273659503658,2570.7273659503658,0.0,0,True,64552.79,0.0,9001.26279204876,0.0006259260815086876,-0.7429272634049634
2026-07-18 20:00:00+00:00,2570.7273659503658,2570.7273659503658,0.0,0,True,64693.01,0.0,9020.815116103244,0.0021721756720352037,-0.7429272634049634
2026-07-18 21:00:00+00:00,2570.7273659503658,2570.7273659503658,0.0,0,True,64731.72,0.0,9026.21285154861,0.0005983644910014796,-0.7429272634049634
2026-07-18 22:00:00+00:00,2570.7273659503658,2570.7273659503658,0.0,0,True,64805.05,0.0,9036.438011461,0.0011328294690764462,-0.7429272634049634
2026-07-18 23:00:00+00:00,2570.7273659503658,2570.7273659503658,0.0,0,True,64834.22,0.0,9040.50548609136,0.0004501192422503575,-0.7429272634049634
2026-07-19 00:00:00+00:00,2570.7273659503658,2570.7273659503658,0.0,0,True,64792.08,0.0,9034.629470290078,-0.0006499654040720282,-0.7429272634049634
2026-07-19 01:00:00+00:00,2570.7273659503658,2570.7273659503658,0.0,0,True,64765.99,0.0,9030.991471897683,-0.0004026726723389551,-0.7429272634049634
2026-07-19 02:00:00+00:00,2570.7273659503658,2570.7273659503658,0.0,0,True,64826.01,0.0,9039.36068092457,0.0009267209533891929,-0.7429272634049634
2026-07-19 03:00:00+00:00,2570.7273659503658,2570.7273659503658,0.0,0,True,64706.18,0.0,9022.651545341565,-0.0018484864331462791,-0.7429272634049634
2026-07-19 04:00:00+00:00,2570.7273659503658,2570.7273659503658,0.0,0,True,64720.17,0.0,9024.60231565623,0.00021620809635192195,-0.7429272634049634
2026-07-19 05:00:00+00:00,2570.7273659503658,2570.7273659503658,0.0,0,True,64724.01,0.0,9025.13776655032,5.933235342259202e-05,-0.7429272634049634
2026-07-19 06:00:00+00:00,2570.7273659503658,2570.7273659503658,0.0,0,True,64711.69,0.0,9023.41986159845,-0.00019034667351425227,-0.7429272634049634
2026-07-19 07:00:00+00:00,2570.7273659503658,2570.7273659503658,0.0,0,True,64711.05,0.0,9023.330619782768,-9.890021416603112e-06,-0.7429272634049634
2026-07-19 08:00:00+00:00,2570.7273659503658,2570.7273659503658,0.0,0,True,64707.49,0.0,9022.83421218304,-5.501378821703984e-05,-0.7429272634049634
2026-07-19 09:00:00+00:00,2570.7273659503658,2570.7273659503658,0.0,0,True,64509.99,0.0,8995.294745625055,-0.0030521968940534494,-0.7429272634049634
2026-07-19 10:00:00+00:00,2570.7273659503658,2570.7273659503658,0.0,0,True,64595.0,0.0,9007.148568673632,0.001317780393393253,-0.7429272634049634
2026-07-19 11:00:00+00:00,2570.7273659503658,2570.7273659503658,0.0,0,True,64467.64,0.0,8989.389447353,-0.0019716696338725193,-0.7429272634049634
2026-07-19 12:00:00+00:00,2570.7273659503658,2570.7273659503658,0.0,0,True,64441.15,0.0,8985.695672825806,-0.00041090382709818574,-0.7429272634049634
2026-07-19 13:00:00+00:00,2570.7273659503658,2570.7273659503658,0.0,0,True,64483.31,0.0,8991.574477433829,0.0006542403417690856,-0.7429272634049634
2026-07-19 14:00:00+00:00,2570.7273659503658,2570.7273659503658,0.0,0,True,64593.07,0.0,9006.87944882322,0.001702145873095029,-0.7429272634049634
2026-07-19 15:00:00+00:00,2570.7273659503658,2570.7273659503658,0.0,0,True,64585.32,0.0,9005.79878621145,-0.00011998191137230219,-0.7429272634049634
2026-07-19 16:00:00+00:00,2570.7273659503658,2570.7273659503658,0.0,0,True,64538.72,0.0,8999.300866507134,-0.0007215261920202609,-0.7429272634049634
2026-07-19 17:00:00+00:00,2570.7273659503658,2570.7273659503658,0.0,0,True,64547.86,0.0,9000.575351187337,0.00014162041019716298,-0.7429272634049634
2026-07-19 18:00:00+00:00,2570.7273659503658,2570.7273659503658,0.0,0,True,64419.99,0.0,8982.745115294832,-0.001981010679517614,-0.7429272634049634
2026-07-19 19:00:00+00:00,2570.7273659503658,2570.7273659503658,0.0,0,True,64462.58,0.0,8988.683879247768,0.000661130186453196,-0.7429272634049634
2026-07-19 20:00:00+00:00,2570.7273659503658,2570.7273659503658,0.0,0,True,64535.99,0.0,8998.920194387118,0.001138800215566782,-0.7429272634049634
2026-07-19 21:00:00+00:00,2570.7273659503658,2570.7273659503658,0.0,0,True,64415.75,0.0,8982.153888265942,-0.0018631464396842157,-0.7429272634049634
2026-07-19 22:00:00+00:00,2570.7273659503658,2570.7273659503658,0.0,0,True,64674.67,0.0,9018.257780322618,0.004019513861128532,-0.7429272634049634
2026-07-19 23:00:00+00:00,2570.7273659503658,2570.7273659503658,0.0,0,True,64722.54,0.0,9024.932789254926,0.0007401661268624515,-0.7429272634049634
2026-07-20 00:00:00+00:00,2570.7273659503658,2570.7273659503658,0.0,0,True,64553.84,0.0,9001.409204402611,-0.0026065108075178367,-0.7429272634049634
2026-07-20 01:00:00+00:00,2570.7273659503658,2570.7273659503658,0.0,0,True,64628.01,0.0,9011.751494198084,0.0011489634079089317,-0.7429272634049634
2026-07-20 02:00:00+00:00,2570.7273659503658,2570.7273659503658,0.0,0,True,64827.2,0.0,9039.526614925602,0.0030821001605958465,-0.7429272634049634
2026-07-20 03:00:00+00:00,2570.7273659503658,2570.7273659503658,0.0,0,True,64869.8,0.0,9045.466773281909,0.0006571315744010597,-0.7429272634049634
2026-07-20 04:00:00+00:00,2570.7273659503658,2570.7273659503658,0.0,0,True,64540.01,0.0,8999.480744541868,-0.0050838757017904745,-0.7429272634049634
2026-07-20 05:00:00+00:00,2570.7273659503658,2570.7273659503658,0.0,0,True,64128.0,0.0,8942.029931293486,-0.006383792007469524,-0.7429272634049634
2026-07-20 06:00:00+00:00,2570.7273659503658,2570.7273659503658,0.0,0,True,63917.98,0.0,8912.744671716231,-0.003275012475049799,-0.7429272634049634
2026-07-20 07:00:00+00:00,2570.7273659503658,2570.7273659503658,0.0,0,True,64280.01,0.0,8963.226256921229,0.005663977491153327,-0.7429272634049634
2026-07-20 08:00:00+00:00,2570.7273659503658,2570.7273659503658,0.0,0,True,64049.99,0.0,8931.152190603925,-0.003578406412817814,-0.7429272634049634
2026-07-20 09:00:00+00:00,2570.7273659503658,2570.7273659503658,0.0,0,True,64199.5,0.0,8951.999915389162,0.0023342704659281566,-0.7429272634049634
2026-07-20 10:00:00+00:00,2570.7273659503658,2570.7273659503658,0.0,0,True,64301.18,0.0,8966.178208855572,0.0015838129580447724,-0.7429272634049634
2026-07-20 11:00:00+00:00,2570.7273659503658,2570.7273659503658,0.0,0,True,65002.01,0.0,9063.902180237003,0.010899177900001167,-0.7429272634049634
2026-07-20 12:00:00+00:00,2570.7273659503658,2570.7273659503658,0.0,0,True,64640.0,0.0,9013.423383838744,-0.005569212398201073,-0.7429272634049634
2026-07-20 13:00:00+00:00,2570.7273659503658,2570.7273659503658,0.0,0,True,64344.01,0.0,8972.150438489387,-0.004579053217821816,-0.7429272634049634
2026-07-20 14:00:00+00:00,2570.7273659503658,2570.7273659503658,0.0,0,True,64416.01,0.0,8982.190142753563,0.0011189852792823363,-0.7429272634049634
2026-07-20 15:00:00+00:00,2570.7273659503658,2570.7273659503658,0.0,0,True,65598.75,0.0,9147.111806939849,0.0183609633691999,-0.7429272634049634
2026-07-20 16:00:00+00:00,2570.7273659503658,2570.7273659503658,0.0,0,True,65508.5,0.0,9134.527316525377,-0.0013757884106023743,-0.7429272634049634
2026-07-20 17:00:00+00:00,2570.7273659503658,2570.7273659503658,0.0,0,True,65587.98,0.0,9145.610034510331,0.0012132776662570066,-0.7429272634049634
2026-07-20 18:00:00+00:00,2570.7273659503658,2570.7273659503658,0.0,0,True,65240.01,0.0,9097.088980443586,-0.005305392847896884,-0.7429272634049634
2026-07-20 19:00:00+00:00,2570.7273659503658,2570.7273659503658,0.0,0,True,65142.0,0.0,9083.422433013977,-0.0015022989726701796,-0.7429272634049634
2026-07-20 20:00:00+00:00,2570.7273659503658,2570.7273659503658,0.0,0,True,65367.58,0.0,9114.877384234991,0.0034628964416199004,-0.7429272634049634
2026-07-20 21:00:00+00:00,2570.7273659503658,2570.7273659503658,0.0,0,True,65286.02,0.0,9103.50463034907,-0.001247713315989385,-0.7429272634049634
2026-07-20 22:00:00+00:00,2570.7273659503658,2570.7273659503658,0.0,0,True,65141.99,0.0,9083.421038610606,-0.0022061384657849903,-0.7429272634049634
2026-07-20 23:00:00+00:00,2570.7273659503658,2570.7273659503658,0.0,0,True,65255.51,0.0,9099.250305667125,0.0017426547761283384,-0.7429272634049634
2026-07-21 00:00:00+00:00,2570.7273659503658,2570.7273659503658,0.0,0,True,65568.01,0.0,9142.825410980393,0.004788867637384175,-0.7429272634049634
2026-07-21 01:00:00+00:00,2570.7273659503658,2570.7273659503658,0.0,0,True,65235.55,0.0,9096.467076540557,-0.0050704604272723275,-0.7429272634049634
2026-07-21 02:00:00+00:00,2570.7273659503658,2570.7273659503658,0.0,0,True,65414.01,0.0,9121.351599082014,0.0027356249774852515,-0.7429272634049634
2026-07-21 03:00:00+00:00,2570.7273659503658,2570.7273659503658,0.0,0,True,65566.78,0.0,9142.65389936588,0.0023354324249500458,-0.7429272634049634
2026-07-21 04:00:00+00:00,2570.7273659503658,2570.7273659503658,0.0,0,True,65522.01,0.0,9136.41115547828,-0.0006828152915241414,-0.7429272634049634
2026-07-21 05:00:00+00:00,2570.7273659503658,2570.7273659503658,0.0,0,True,65751.56,0.0,9168.419684837194,0.003503402902322428,-0.7429272634049634
2026-07-21 06:00:00+00:00,2570.7273659503658,2570.7273659503658,0.0,0,True,65913.0,0.0,9190.93093284287,0.002455302961632988,-0.7429272634049634
2026-07-21 07:00:00+00:00,2570.7273659503658,2570.7273659503658,0.0,0,True,66186.86,0.0,9229.118063534363,0.0041548708145586755,-0.7429272634049634
2026-07-21 08:00:00+00:00,2570.7273659503658,2570.7273659503658,0.0,0,True,66226.44,0.0,9234.63711207292,0.0005980038938242505,-0.7429272634049634
2026-07-21 09:00:00+00:00,2570.7273659503658,2570.7273659503658,0.0,0,True,66291.99,0.0,9243.777426163431,0.0009897859525591635,-0.7429272634049634
2026-07-21 10:00:00+00:00,2570.7273659503658,2570.7273659503658,0.0,0,True,66180.0,0.0,9228.161502822526,-0.0016893443687541199,-0.7429272634049634
2026-07-21 11:00:00+00:00,2570.7273659503658,2570.7273659503658,0.0,0,True,66345.59,0.0,9251.25142822676,0.0025021154427316006,-0.7429272634049634
2026-07-21 12:00:00+00:00,2570.7273659503658,2570.7273659503658,0.0,0,True,66558.82,0.0,9280.984291285797,0.003213928763012186,-0.7429272634049634
2026-07-21 13:00:00+00:00,2570.7273659503658,2570.7273659503658,0.0,0,True,66786.0,0.0,9312.662347046014,0.0034132215685314105,-0.7429272634049634
2026-07-21 14:00:00+00:00,2570.7273659503658,2570.7273659503658,0.0,0,True,66842.3,0.0,9320.512838019253,0.0008429910460276968,-0.7429272634049634
2026-07-21 15:00:00+00:00,2570.7273659503658,2570.7273659503658,0.0,0,True,66676.54,0.0,9297.399207757724,-0.002479866790939478,-0.7429272634049634
2026-07-21 16:00:00+00:00,2570.7273659503658,2570.7273659503658,0.0,0,True,66542.01,0.0,9278.640299220784,-0.0020176511858592816,-0.7429272634049634
2026-07-21 17:00:00+00:00,2570.7273659503658,2570.7273659503658,0.0,0,True,66207.95,0.0,9232.058860241745,-0.005020287183990835,-0.7429272634049634
2026-07-21 18:00:00+00:00,2570.7273659503658,2570.7273659503658,0.0,0,True,66319.95,0.0,9247.676177986019,0.001691639750211138,-0.7429272634049634
2026-07-21 19:00:00+00:00,2570.7273659503658,2570.7273659503658,0.0,0,True,66444.76,0.0,9265.079726447297,0.0018819374863825455,-0.7429272634049634
2026-07-21 20:00:00+00:00,2570.7273659503658,2570.7273659503658,0.0,0,True,66406.57,0.0,9259.754499977173,-0.0005747631566432876,-0.7429272634049634
2026-07-21 21:00:00+00:00,2570.7273659503658,2570.7273659503658,0.0,0,True,66385.0,0.0,9256.746771908029,-0.00032481725829247576,-0.7429272634049634
2026-07-21 22:00:00+00:00,2570.7273659503658,2570.7273659503658,0.0,0,True,66304.02,0.0,9245.454893417571,-0.0012198538826541094,-0.7429272634049634
2026-07-21 23:00:00+00:00,2570.7273659503658,2570.7273659503658,0.0,0,True,66556.16,0.0,9280.61337998937,0.0038027860150862125,-0.7429272634049634
2026-07-22 00:00:00+00:00,2570.7273659503658,2570.7273659503658,0.0,0,True,66620.97,0.0,9289.650508230498,0.0009737641113907181,-0.7429272634049634
2026-07-22 01:00:00+00:00,2570.7273659503658,2570.7273659503658,0.0,0,True,66433.3,0.0,9263.481740185249,-0.0028169808995573975,-0.7429272634049634
2026-07-22 02:00:00+00:00,2570.7273659503658,2570.7273659503658,0.0,0,True,66314.12,0.0,9246.863240821294,-0.001793979826382408,-0.7429272634049634
2026-07-22 03:00:00+00:00,2570.7273659503658,2570.7273659503658,0.0,0,True,66210.0,0.0,9232.3447129326,-0.0015701030187837972,-0.7429272634049634
2026-07-22 04:00:00+00:00,2570.7273659503658,2570.7273659503658,0.0,0,True,66381.05,0.0,9256.19598257687,0.0025834466092735653,-0.7429272634049634
2026-07-22 05:00:00+00:00,2570.7273659503658,2570.7273659503658,0.0,0,True,65974.9,0.0,9199.56228970332,-0.006118463025215903,-0.7429272634049634
2026-07-22 06:00:00+00:00,2570.7273659503658,2570.7273659503658,0.0,0,True,65934.33,0.0,9193.905195231133,-0.0006149308297547229,-0.7429272634049634
2026-07-22 07:00:00+00:00,2570.7273659503658,2570.7273659503658,0.0,0,True,65843.48,0.0,9181.237040614458,-0.0013778861482328653,-0.7429272634049634
2026-07-22 08:00:00+00:00,2570.7273659503658,2570.7273659503658,0.0,0,True,65987.96,0.0,9201.383380504576,0.0021942947122481904,-0.7429272634049634
2026-07-22 09:00:00+00:00,2570.7273659503658,2570.7273659503658,0.0,0,True,65928.0,0.0,9193.022537897907,-0.0009086506083839652,-0.7429272634049634
2026-07-22 10:00:00+00:00,2570.7273659503658,2570.7273659503658,0.0,0,True,66046.02,0.0,9209.479286470936,0.0017901346923916428,-0.7429272634049634
2026-07-22 11:00:00+00:00,2570.7273659503658,2570.7273659503658,0.0,0,True,66013.36,0.0,9204.925165064436,-0.0004945036809181902,-0.7429272634049634
2026-07-22 12:00:00+00:00,2570.7273659503658,2570.7273659503658,0.0,0,True,65636.01,0.0,9152.30735389656,-0.005716267131380626,-0.7429272634049634
2026-07-22 13:00:00+00:00,2570.7273659503658,2570.7273659503658,0.0,0,True,65951.39,0.0,9196.284047380394,0.004804984337103857,-0.7429272634049634
2026-07-22 14:00:00+00:00,2570.7273659503658,2570.7273659503658,0.0,0,True,65793.98,0.0,9174.334743932837,-0.0023867578833440817,-0.7429272634049634
2026-07-22 15:00:00+00:00,2570.7273659503658,2570.7273659503658,0.0,0,True,66047.39,0.0,9209.67031973263,0.0038515681829858206,-0.7429272634049634
2026-07-22 16:00:00+00:00,2570.7273659503658,2570.7273659503658,0.0,0,True,66229.01,0.0,9234.995473739016,0.002749843710705413,-0.7429272634049634
2026-07-22 17:00:00+00:00,2570.7273659503658,2570.7273659503658,0.0,0,True,66024.03,0.0,9206.412993460253,-0.0030950183310908264,-0.7429272634049634
2026-07-22 18:00:00+00:00,2570.7273659503658,2570.7273659503658,0.0,0,True,65895.46,0.0,9188.485149331847,-0.0019473213010475776,-0.7429272634049634
2026-07-22 19:00:00+00:00,2570.7273659503658,2570.7273659503658,0.0,0,True,65923.19,0.0,9192.351829876925,0.00042081806546301337,-0.7429272634049634
2026-07-22 20:00:00+00:00,2570.7273659503658,2570.7273659503658,0.0,0,True,65919.68,0.0,9191.862394294047,-5.324378265070262e-05,-0.7429272634049634
2026-07-22 21:00:00+00:00,2570.7273659503658,2570.7273659503658,0.0,0,True,66072.47,0.0,9213.167483384652,0.0023178207175762466,-0.7429272634049634
2026-07-22 22:00:00+00:00,2570.7273659503658,2570.7273659503658,0.0,0,True,66044.17,0.0,9209.22132184748,-0.000428317573113457,-0.7429272634049634
2026-07-22 23:00:00+00:00,2570.7273659503658,2570.7273659503658,0.0,0,True,66114.49,0.0,9219.026766345494,0.0010647419749540976,-0.7429272634049634
2026-07-23 00:00:00+00:00,2570.7273659503658,2570.7273659503658,0.0,0,True,66058.19,0.0,9211.176275372256,-0.0008515531164197121,-0.7429272634049634
2026-07-23 01:00:00+00:00,2570.7273659503658,2570.7273659503658,0.0,0,True,65830.0,0.0,9179.357384871666,-0.0034543786319304326,-0.7429272634049634
2026-07-23 02:00:00+00:00,2570.7273659503658,2570.7273659503658,0.0,0,True,65805.34,0.0,9175.918786161184,-0.0003746012456328218,-0.7429272634049634
2026-07-23 03:00:00+00:00,2570.7273659503658,2570.7273659503658,0.0,0,True,65662.53,0.0,9156.005311633866,-0.0021701886199506637,-0.7429272634049634
2026-07-23 04:00:00+00:00,2570.7273659503658,2570.7273659503658,0.0,0,True,65616.48,0.0,9149.584084114902,-0.0007013132147056789,-0.7429272634049634
2026-07-23 05:00:00+00:00,2570.7273659503658,2570.7273659503658,0.0,0,True,65691.01,0.0,9159.976572431695,0.0011358427029306561,-0.7429272634049634
2026-07-23 06:00:00+00:00,2570.7273659503658,2570.7273659503658,0.0,0,True,65790.0,0.0,9173.779771391568,0.0015069033038157542,-0.7429272634049634
2026-07-23 07:00:00+00:00,2570.7273659503658,2570.7273659503658,0.0,0,True,65442.13,0.0,9125.272661358522,-0.005287581699346622,-0.7429272634049634
2026-07-23 08:00:00+00:00,2570.7273659503658,2570.7273659503658,0.0,0,True,65633.0,0.0,9151.887638482182,0.002916622671053082,-0.7429272634049634
2026-07-23 09:00:00+00:00,2570.7273659503658,2570.7273659503658,0.0,0,True,65638.92,0.0,9152.713125277236,9.01985281793749e-05,-0.7429272634049634
2026-07-23 10:00:00+00:00,2570.7273659503658,2570.7273659503658,0.0,0,True,65740.0,0.0,9166.807754541445,0.0015399400233886418,-0.7429272634049634
2026-07-23 11:00:00+00:00,2570.7273659503658,2570.7273659503658,0.0,0,True,65555.21,0.0,9141.040574666762,-0.0028109218132035263,-0.7429272634049634
2026-07-23 12:00:00+00:00,2570.7273659503658,2570.7273659503658,0.0,0,False,65167.04,0.0,9086.914019052518,-0.005921268500245991,-0.7429272634049634
2026-07-23 13:00:00+00:00,2570.7273659503658,2570.7273659503658,0.0,0,False,64880.0,0.0,9046.889064719333,-0.004404680648376846,-0.7429272634049634
2026-07-23 14:00:00+00:00,2570.7273659503658,2570.7273659503658,0.0,0,False,64909.99,0.0,9051.070880426036,0.0004622379778049801,-0.7429272634049634
2026-07-23 15:00:00+00:00,2569.266473754574,-4.547473508864641e-13,0.03955251446856993,1,False,64958.36,-0.0005682797075806656,9057.815609526846,0.0007451857564606534,-0.7430733526245425
2026-07-23 16:00:00+00:00,2561.2958510388676,-4.547473508864641e-13,0.03955251446856993,1,False,64756.84,-0.003102295070257277,9029.71559281411,-0.003102295070257499,-0.7438704148961133
2026-07-23 17:00:00+00:00,2557.9262872435525,2557.9262872435525,0.0,0,False,64681.27,-0.001315569926819804,9019.178086546835,-0.0011669809706587042,-0.7442073712756447
2026-07-23 18:00:00+00:00,2561.9773346964566,-4.547473508864641e-13,0.03949455973345187,1,False,64869.12,0.0015837232969171389,9045.371953852748,0.0029042410577282407,-0.7438022665303543
2026-07-23 19:00:00+00:00,2558.595361767363,2558.595361767363,0.0,0,False,64846.94,-0.0013200635631284152,9042.27916717803,-0.00034191923676496483,-0.7441404638232637
2026-07-23 20:00:00+00:00,2567.0671064253274,-4.547473508864641e-13,0.0394039235032093,1,False,65147.5,0.0033110920095285046,9084.18935486749,0.004634914153235581,-0.7432932893574673
2026-07-23 21:00:00+00:00,2567.9462079586838,-4.547473508864641e-13,0.0394039235032093,1,False,65169.81,0.0003424536628418018,9087.300268786015,0.00034245366284202383,-0.7432053792041315
2026-07-23 22:00:00+00:00,2568.955736478836,-4.547473508864641e-13,0.0394039235032093,1,False,65195.43,0.0003931268174635072,9090.872730220017,0.00039312681746328515,-0.7431044263521164
2026-07-23 23:00:00+00:00,2565.5655826796506,2565.5655826796506,0.0,0,False,65098.97,-0.0013196622078947007,9077.42231531276,-0.001479551557524772,-0.743443441732035
2026-07-24 00:00:00+00:00,2565.5655826796506,2565.5655826796506,0.0,0,False,64973.99,0.0,9059.995061994194,-0.0019198460436470333,-0.743443441732035
2026-07-24 01:00:00+00:00,2566.5910358569326,-4.547473508864641e-13,0.039433841930014646,1,False,65086.0,0.0003996986801682034,9075.613774141839,0.001723920602690443,-0.7433408964143067
2026-07-24 02:00:00+00:00,2563.213232863717,2563.213232863717,0.0,0,False,65116.99,-0.0013160659201351121,9079.935030185545,0.0004761392618997107,-0.7436786767136283
2026-07-24 03:00:00+00:00,2563.213232863717,2563.213232863717,0.0,0,False,65456.7,0.0,9127.304307068649,0.005216918042434182,-0.7436786767136283
2026-07-24 04:00:00+00:00,2554.4042866051036,-4.547473508864641e-13,0.03910720301609211,1,False,65318.0,-0.003436681016495746,9107.96393232641,-0.0021189580287426235,-0.7445595713394897
2026-07-24 05:00:00+00:00,2551.0227200995682,2551.0227200995682,0.0,0,False,65325.0,-0.0013238180515385833,9108.940014685426,0.00010716800881827027,-0.7448977279900432
2026-07-24 06:00:00+00:00,2551.0227200995682,2551.0227200995682,0.0,0,False,65472.0,0.0,9129.437744224786,0.0022502870264062835,-0.7448977279900432
2026-07-24 07:00:00+00:00,2551.0227200995682,2551.0227200995682,0.0,0,False,65499.95,0.0,9133.335101644005,0.00042690004887591115,-0.7448977279900432
2026-07-24 08:00:00+00:00,2539.9868603420323,0.0,0.03889589689566309,1,False,65302.18,-0.004326053104342864,9105.757986195029,-0.0030193916178562485,-0.7460013139657968
2026-07-24 09:00:00+00:00,2536.6250152884945,2536.6250152884945,0.0,0,False,65113.13,-0.0013235678916405647,9079.396790484714,-0.0028950028927059446,-0.7463374984711506
2026-07-24 10:00:00+00:00,2536.6250152884945,2536.6250152884945,0.0,0,False,64950.0,0.0,9056.649888309505,-0.0025053318739245434,-0.7463374984711506
2026-07-24 11:00:00+00:00,2536.6250152884945,2536.6250152884945,0.0,0,False,65083.43,0.0,9075.255412475743,0.002054349499615027,-0.7463374984711506
2026-07-24 12:00:00+00:00,2521.482103425911,-4.547473508864641e-13,0.038923768357336026,1,False,64780.01,-0.0059697084793043365,9032.946425422457,-0.004662016122997881,-0.7478517896574088
2026-07-24 13:00:00+00:00,2518.156111439858,2518.156111439858,0.0,0,False,64155.46,-0.0013190623013086267,8945.858962947574,-0.009641091441634497,-0.7481843888560142
2026-07-24 14:00:00+00:00,2518.156111439858,2518.156111439858,0.0,0,False,64055.12,0.0,8931.867519532749,-0.0015640134136671868,-0.7481843888560142
2026-07-24 15:00:00+00:00,2516.458618267464,118.2956312283759,0.03741642898716629,1,False,64093.85,-0.0006741016431357494,8937.268043784852,0.0006046355076687604,-0.7483541381732537
2026-07-24 16:00:00+00:00,2511.3755963895574,118.2956312283759,0.03741642898716629,1,False,63958.0,-0.002019910775010514,8918.325074003069,-0.002119548131372939,-0.7488624403610442
2026-07-24 17:00:00+00:00,2508.2115646056895,2508.2115646056895,0.0,0,False,64180.0,-0.0012598799591811982,8949.280828817615,0.0034710278620344592,-0.7491788435394311
2026-07-24 18:00:00+00:00,2508.4733208624452,145.2050888693675,0.03676979449827417,1,False,64272.0,0.00010435972006894723,8962.10933982184,0.0014334683702086348,-0.7491526679137555
2026-07-24 19:00:00+00:00,2505.34369922941,2505.34369922941,0.0,0,False,64225.32,-0.0012476200591837738,8955.600264890565,-0.0007262882748320099,-0.749465630077059
2026-07-24 20:00:00+00:00,2499.893672378506,-4.547473508864641e-13,0.03895721851672507,1,False,64170.23,-0.002175360950507632,8947.9184967251,-0.0008577613937928996,-0.7500106327621494
2026-07-24 21:00:00+00:00,2499.3003539404963,-4.547473508864641e-13,0.03895721851672507,1,False,64155.0,-0.00023733746941534406,8945.794820392553,-0.00023733746941523304,-0.7500699646059503
2026-07-24 22:00:00+00:00,2499.846144571916,-4.547473508864641e-13,0.03895721851672507,1,False,64169.01,0.0002183773673136713,8947.748379513958,0.00021837736731344926,-0.7500153855428084
2026-07-24 23:00:00+00:00,2496.5530119454243,2496.5530119454243,0.0,0,False,64139.99,-0.001317334122198699,8943.701820934146,-0.0004522432245721575,-0.7503446988054576
2026-07-25 00:00:00+00:00,2496.5530119454243,2496.5530119454243,0.0,0,False,64073.61,0.0,8934.445771363924,-0.0010349237659686983,-0.7503446988054576
2026-07-25 01:00:00+00:00,2493.0434865083685,-4.547473508864641e-13,0.038912453914338355,1,False,64068.01,-0.0014057484140186371,8933.66490547671,-8.739947694547112e-05,-0.7506956513491632
2026-07-25 02:00:00+00:00,2489.7603027173686,2489.7603027173686,0.0,0,False,64052.0,-0.0013169380352839877,8931.432465681299,-0.00024989070208381037,-0.7510239697282631
2026-07-25 03:00:00+00:00,2489.7603027173686,2489.7603027173686,0.0,0,False,64085.36,0.0,8936.084195323701,0.0005208268282022033,-0.7510239697282631
2026-07-25 04:00:00+00:00,2490.216115458186,0.0,0.03879961776279608,1,False,64181.46,0.00018307494915070777,8949.484411709638,0.0014995624585709688,-0.7509783884541814
2026-07-25 05:00:00+00:00,2486.9159040994214,2486.9159040994214,0.0,0,False,64024.0,-0.001325271063133071,8927.528136245232,-0.002453356467740031,-0.7513084095900578
2026-07-25 06:00:00+00:00,2486.9159040994214,2486.9159040994214,0.0,0,False,64010.0,0.0,8925.575971527196,-0.00021866799950032156,-0.7513084095900578
2026-07-25 07:00:00+00:00,2486.9159040994214,2486.9159040994214,0.0,0,False,64003.2,0.0,8924.627777235579,-0.00010623340103110834,-0.7513084095900578
2026-07-25 08:00:00+00:00,2478.715488959899,-9.094947017729282e-13,0.0388050779738121,1,False,63876.06,-0.0032974235783383987,8906.899332789088,-0.0019864631768410357,-0.75212845110401
2026-07-25 09:00:00+00:00,2475.460925446181,2475.460925446181,0.0,0,False,63999.99,-0.0013130040652966635,8924.180173753803,0.001940163497873959,-0.7524539074553819
2026-07-25 10:00:00+00:00,2475.460925446181,2475.460925446181,0.0,0,False,64070.0,0.0,8933.942391747343,0.0010939064209227745,-0.7524539074553819
2026-07-25 11:00:00+00:00,2475.460925446181,2475.460925446181,0.0,0,False,64064.01,0.0,8933.107144128699,-9.349149367876564e-05,-0.7524539074553819
2026-07-25 12:00:00+00:00,2474.508376166517,0.0,0.038589546723159215,1,False,64123.8,-0.0003847967341648051,8941.444281878077,0.0009332853188555035,-0.7525491623833483
2026-07-25 13:00:00+00:00,2471.2435800411113,2471.2435800411113,0.0,0,False,64172.0,-0.0013193716201774786,8948.165306121595,0.0007516709864354709,-0.7528756419958889
2026-07-25 14:00:00+00:00,2471.2435800411113,2471.2435800411113,0.0,0,False,64214.04,0.0,8954.027377889177,0.0006551143801034609,-0.7528756419958889
2026-07-25 15:00:00+00:00,2466.764607323058,-4.547473508864641e-13,0.038433900584635236,1,False,64182.0,-0.0018124367643187478,8949.55970949162,-0.0004989563030139976,-0.7533235392676942
2026-07-25 16:00:00+00:00,2467.71008127744,-4.547473508864641e-13,0.038433900584635236,1,False,64206.6,0.00038328503318685314,8952.989941781878,0.0003832850331866311,-0.753228991872256
2026-07-25 17:00:00+00:00,2464.4503060497136,2464.4503060497136,0.0,0,False,64267.4,-0.0013209717188653602,8961.46791427163,0.000946943149147117,-0.7535549693950286
2026-07-25 18:00:00+00:00,2466.8967041218916,-4.547473508864641e-13,0.038296340770698274,1,False,64415.99,0.0009926749450668293,8982.187353946823,0.0023120586798281995,-0.7533103295878109
2026-07-25 19:00:00+00:00,2463.6563096896944,2463.6563096896944,0.0,0,False,64388.38,-0.0013135509187648386,8978.337406242184,-0.0004286202851188081,-0.7536343690310305
2026-07-25 20:00:00+00:00,2458.5595367692636,-4.547473508864641e-13,0.03821214003425975,1,False,64339.75,-0.0020687840671544944,8971.556422653755,-0.000755260498866317,-0.7541440463230736
2026-07-25 21:00:00+00:00,2458.7227026072096,-4.547473508864641e-13,0.03821214003425975,1,False,64344.02,6.63664375444295e-05,8972.151832892758,6.636643754465155e-05,-0.754127729739279
2026-07-25 22:00:00+00:00,2461.320363886739,-4.547473508864641e-13,0.03821214003425975,1,False,64412.0,0.0010565084369924538,8981.630987002183,0.0010565084369920097,-0.7538679636113261
2026-07-25 23:00:00+00:00,2458.1001378417186,2458.1001378417186,0.0,0,False,64375.0,-0.0013083327519117782,8976.471694533093,-0.0005744271253803612,-0.7541899862158281
2026-07-26 00:00:00+00:00,2458.1001378417186,2458.1001378417186,0.0,0,False,64506.99,0.0,8994.876424614047,0.0020503300970873273,-0.7541899862158281
2026-07-26 01:00:00+00:00,2453.1632825437855,-4.547473508864641e-13,0.03805595982972582,1,False,64462.0,-0.0020084028400355614,8988.603003852306,-0.0006974437964011315,-0.7546836717456215
2026-07-26 02:00:00+00:00,2449.9444592541086,2449.9444592541086,0.0,0,False,64527.56,-0.0013121113105603044,8997.744712346188,0.0010170332909311686,-0.7550055540745891
2026-07-26 03:00:00+00:00,2449.9444592541086,2449.9444592541086,0.0,0,False,64557.0,0.0,9001.84983586754,0.0004562391635449803,-0.7550055540745891
2026-07-26 04:00:00+00:00,2445.7141785575427,-4.547473508864641e-13,0.03790038593730648,1,False,64530.06,-0.0017266843256739106,8998.093313188694,-0.00041730563687902844,-0.7554285821442457
2026-07-26 05:00:00+00:00,2442.512333066469,2442.512333066469,0.0,0,False,64417.69,-0.0013091658539436946,8982.424402519728,-0.0017413589883537028,-0.7557487666933531
2026-07-26 06:00:00+00:00,2442.512333066469,2442.512333066469,0.0,0,False,64438.0,0.0,8985.256435764248,0.00031528606505459855,-0.7557487666933531
2026-07-26 07:00:00+00:00,2442.512333066469,2442.512333066469,0.0,0,False,64370.0,0.0,8975.77449284808,-0.0010552779415873292,-0.7557487666933531
2026-07-26 08:00:00+00:00,2443.480130854468,-4.547473508864641e-13,0.037895157442662745,1,False,64480.01,0.00039623046111048055,8991.114324321721,0.0017090259437626543,-0.7556519869145533
2026-07-26 09:00:00+00:00,2440.270807974977,2440.270807974977,0.0,0,False,64538.0,-0.0013134229490824323,8999.200469464493,0.0008993484957584563,-0.7559729192025023
2026-07-26 10:00:00+00:00,2440.270807974977,2440.270807974977,0.0,0,False,64515.4,0.0,8996.049117848239,-0.00035018128854302777,-0.7559729192025023
2026-07-26 11:00:00+00:00,2440.270807974977,2440.270807974977,0.0,0,False,64507.35,0.0,8994.926623135367,-0.00012477640997365924,-0.7559729192025023
2026-07-26 12:00:00+00:00,2435.531924185252,0.0,0.037779707315194845,1,False,64466.67,-0.0019419499566349918,8989.254190226107,-0.0006306258124073594,-0.7564468075814748
2026-07-26 13:00:00+00:00,2432.3410688289514,2432.3410688289514,0.0,0,False,64518.0,-0.0013101266809992795,8996.411662724444,0.0007962253983337941,-0.7567658931171048
2026-07-26 14:00:00+00:00,2432.3410688289514,2432.3410688289514,0.0,0,False,64712.99,0.0,9023.601134036553,0.0030222573545366505,-0.7567658931171048
2026-07-26 15:00:00+00:00,2431.224838408466,0.0,0.037537438834122805,1,False,64768.0,-0.0004589119654271334,9031.271746975059,0.0008500611700990035,-0.7568775161591534
2026-07-26 16:00:00+00:00,2429.9549468527075,0.0,0.037537438834122805,1,False,64734.17,-0.0005223258399209563,9026.554480374265,-0.0005223258399210673,-0.7570045053147292
2026-07-26 17:00:00+00:00,2426.771052573138,2426.771052573138,0.0,0,False,64697.2,-0.0013102688523888295,9021.399371115283,-0.0005711048739792668,-0.7573228947426862
2026-07-26 18:00:00+00:00,2424.984122105291,-4.547473508864641e-13,0.03746052904353593,1,False,64734.38,-0.0007363407709813918,9026.583762845035,0.0005746771112196125,-0.7575015877894709
2026-07-26 19:00:00+00:00,2421.7852538077,2421.7852538077,0.0,0,False,64695.52,-0.0013191295845739193,9021.16511134912,-0.0006002992536576768,-0.75782147461923
2026-07-26 20:00:00+00:00,2416.877038444278,0.0,0.03738457738033353,1,False,64649.04,-0.0020266930586455567,9014.683924485245,-0.000718442328000557,-0.7583122961555722
2026-07-26 21:00:00+00:00,2424.68966742522,0.0,0.03738457738033353,1,False,64858.02,0.0032325305990621445,9043.82416611202,0.0032325305990623665,-0.7575310332574781
2026-07-26 22:00:00+00:00,2436.5361304946773,2436.5361304946773,0.0,0,False,65412.68,0.004885764652116098,9121.1661434338,0.00855191077371753,-0.7563463869505322
2026-07-26 23:00:00+00:00,2436.5361304946773,2436.5361304946773,0.0,0,False,65399.99,0.0,9119.39664555724,-0.00019399908396944276,-0.7563463869505322
2026-07-27 00:00:00+00:00,2436.5361304946773,2436.5361304946773,0.0,0,False,65131.95,0.0,9082.021057627102,-0.004098471574689899,-0.7563463869505322
2026-07-27 01:00:00+00:00,2436.112762282378,0.0,0.037360134292153735,1,False,65206.21,-0.00017375823284571101,9092.375897052903,0.0011401470399703406,-0.7563887237717623
2026-07-27 02:00:00+00:00,2432.9122108495553,2432.9122108495553,0.0,0,False,65172.0,-0.0013137944525293266,9087.60564312405,-0.000524643281675008,-0.7567087789150444
2026-07-27 03:00:00+00:00,2432.9122108495553,2432.9122108495553,0.0,0,False,65284.0,0.0,9103.222960868325,0.0017185294298163178,-0.7567087789150444
2026-07-27 04:00:00+00:00,2429.675809343861,0.0,0.03721770220247693,1,False,65282.8,-0.0013302582358958315,9103.055632463922,-1.8381226640551418e-05,-0.7570324190656139
2026-07-27 05:00:00+00:00,2426.4771927487914,2426.4771927487914,0.0,0,False,65468.38,-0.001316478759334383,9128.932970204838,0.0028427089524347693,-0.7573522807251208
2026-07-27 06:00:00+00:00,2426.4771927487914,2426.4771927487914,0.0,0,False,65416.76,0.0,9121.735060008772,-0.0007884722365207875,-0.7573522807251208
2026-07-27 07:00:00+00:00,2426.4771927487914,2426.4771927487914,0.0,0,False,65221.99,0.0,9094.576265570802,-0.0029773715482088736,-0.7573522807251208
2026-07-27 08:00:00+00:00,2421.109601148188,0.0,0.037154678947282464,1,False,65162.98,-0.002212092335606375,9086.347891284287,-0.0009047562026243128,-0.7578890398851812
2026-07-27 09:00:00+00:00,2417.9346228170507,2417.9346228170507,0.0,0,False,65262.17,-0.0013113732354915753,9100.178978311562,0.0015221833010092833,-0.7582065377182949
2026-07-27 10:00:00+00:00,2417.9346228170507,2417.9346228170507,0.0,0,False,65333.35,0.0,9110.104341499395,0.001090677800017703,-0.7582065377182949
2026-07-27 11:00:00+00:00,2417.9346228170507,2417.9346228170507,0.0,0,False,65100.79,0.0,9077.676096726105,-0.0035595909286756378,-0.7582065377182949
2026-07-27 12:00:00+00:00,2414.2004709870007,0.0,0.03709246951705437,1,False,65086.0,-0.0015443559949108732,9075.613774141839,-0.00022718618314776506,-0.7585799529013
2026-07-27 13:00:00+00:00,2411.0287670486377,2411.0287670486377,0.0,0,False,65217.37,-0.0013137699111898105,9093.932051213853,0.0020184064161266058,-0.7588971232951363
2026-07-27 14:00:00+00:00,2411.0287670486377,2411.0287670486377,0.0,0,False,64687.45,0.0,9020.03982782951,-0.008125442654311366,-0.7588971232951363
2026-07-27 15:00:00+00:00,2402.896385858604,0.0,0.03722303828776251,1,False,64554.01,-0.0033729921854017686,9001.432909259902,-0.002062842174177626,-0.7597103614141396
2026-07-27 16:00:00+00:00,2415.7200947791207,0.0,0.03722303828776251,1,False,64898.52,0.0053367714879368755,9049.471499760619,0.0053367714879370975,-0.7584279905220879
2026-07-27 17:00:00+00:00,2412.5257554805653,2412.5257554805653,0.0,0,False,65019.81,-0.0013223135020730137,9066.384218235647,0.0018689178119932759,-0.7587474244519434
2026-07-27 18:00:00+00:00,2404.2162656055325,38.97631243579872,0.036456733456175186,1,False,64878.0,-0.0034443113637879774,9046.610184045328,-0.0021810275975892024,-0.7595783734394468
2026-07-27 19:00:00+00:00,2401.0785666669267,2401.0785666669267,0.0,0,False,64984.0,-0.0013050818195906588,9061.390859767589,0.001633835814914164,-0.7598921433333073
2026-07-27 20:00:00+00:00,2397.0319224308273,0.0,0.03689975273386007,1,False,64960.65,-0.0016853443666013934,9058.134927898582,-0.0003593192170380233,-0.7602968077569172
2026-07-27 21:00:00+00:00,2391.8880968997273,0.0,0.03689975273386007,1,False,64821.25,-0.0021459144882324255,9038.696944920439,-0.0021459144882325365,-0.7608111903100273
2026-07-27 22:00:00+00:00,2371.5806179741185,2371.5806179741185,0.0,0,False,63792.0,-0.008490145902699475,8895.177978060661,-0.015878280656420496,-0.7628419382025882
2026-07-27 23:00:00+00:00,2371.5806179741185,2371.5806179741185,0.0,0,False,63755.86,0.0,8890.138604281394,-0.0005665287183344025,-0.7628419382025882
2026-07-28 00:00:00+00:00,2371.5806179741185,2371.5806179741185,0.0,0,False,63487.88,0.0,8852.771382771474,-0.0042032214764260445,-0.7628419382025882
2026-07-28 01:00:00+00:00,2360.124321942028,234.6711050654485,0.03361419131895911,1,False,63230.83,-0.004830658483740202,8816.928244144994,-0.0040488042757136355,-0.7639875678057972
2026-07-28 02:00:00+00:00,2357.33002710158,2357.33002710158,0.0,0,False,63185.59,-0.0011839608678532176,8810.619963299001,-0.0007154737649341936,-0.7642669972898419
2026-07-28 03:00:00+00:00,2357.33002710158,2357.33002710158,0.0,0,False,63343.83,0.0,8832.685002226272,0.0025043684802186217,-0.7642669972898419
2026-07-28 04:00:00+00:00,2354.6762171914597,154.3865447996327,0.03473175496802853,1,False,63350.95,-0.0011257693575401628,8833.677817425727,0.00011240242340870843,-0.764532378280854
2026-07-28 05:00:00+00:00,2351.7597499801145,2351.7597499801145,0.0,0,False,63451.61,-0.0012385852415938148,8847.713881748396,0.0015889264486168564,-0.7648240250019885
2026-07-28 06:00:00+00:00,2351.7597499801145,2351.7597499801145,0.0,0,False,63640.63,0.0,8874.070894248598,0.002978963023948289,-0.7648240250019885
2026-07-28 07:00:00+00:00,2351.7597499801145,2351.7597499801145,0.0,0,False,63505.99,0.0,8855.296647274588,-0.0021156295907188705,-0.7648240250019885
2026-07-28 08:00:00+00:00,2345.7886665198434,-4.547473508864641e-13,0.03698344119071307,1,False,63428.08,-0.0025389853110300287,8844.432850618728,-0.0012268134076799386,-0.7654211333480156
2026-07-28 09:00:00+00:00,2342.6760700876343,2342.6760700876343,0.0,0,False,63393.99,-0.0013268869769188507,8839.679329530314,-0.0005374591190526745,-0.7657323929912365
2026-07-28 10:00:00+00:00,2342.6760700876343,2342.6760700876343,0.0,0,False,63473.47,0.0,8850.762047515269,0.0012537466091027127,-0.7657323929912365
2026-07-28 11:00:00+00:00,2342.6760700876343,2342.6760700876343,0.0,0,False,63450.0,0.0,8847.489382805821,-0.0003697607835210226,-0.7657323929912365
2026-07-28 12:00:00+00:00,2343.1474323646858,0.0,0.03687287106975247,1,False,63546.65,0.0002012067665138062,8860.96629137711,0.001523246650906307,-0.7656852567635314
2026-07-28 13:00:00+00:00,2340.05463542259,2340.05463542259,0.0,0,False,63104.0,-0.0013199327107533687,8799.243026202972,-0.006965748784554471,-0.765994536457741
2026-07-28 14:00:00+00:00,2340.05463542259,2340.05463542259,0.0,0,False,63412.45,0.0,8842.253398151379,0.004887962728194584,-0.765994536457741
2026-07-28 15:00:00+00:00,2354.9135127666805,158.56539489773058,0.03435633791750295,1,False,63928.47,0.006349799324838035,8914.207400851386,0.008137518736462734,-0.7645086487233319
2026-07-28 16:00:00+00:00,2358.8572767962305,158.56539489773058,0.03435633791750295,1,False,64043.26,0.0016746959105589099,8930.213757135898,0.0017956006142489933,-0.764114272320377
2026-07-28 17:00:00+00:00,2355.9465803295716,2355.9465803295716,0.0,0,False,63685.88,-0.0012339434417211192,8880.38056949796,-0.005580290572341329,-0.7644053419670429
2026-07-28 18:00:00+00:00,2354.839682387409,376.39376160961774,0.031041998151672526,1,False,63734.49,-0.00046983151120838507,8887.15876427965,0.0007632775114359003,-0.7645160317612592
2026-07-28 19:00:00+00:00,2352.2118002135594,2352.2118002135594,0.0,0,False,63904.0,-0.001115949503273761,8910.795295804935,0.002659627463873937,-0.764778819978644
2026-07-28 20:00:00+00:00,2349.8505788783527,233.5994292243081,0.033109078017759516,1,False,63917.55,-0.0010038302396885301,8912.68471237132,0.00021203680520787138,-0.7650149421121647
2026-07-28 21:00:00+00:00,2351.667936170748,233.5994292243081,0.033109078017759516,1,False,63972.44,0.0007733927036597255,8920.338592469383,0.0008587625777269903,-0.7648332063829252
2026-07-28 22:00:00+00:00,2345.4192598764557,233.5994292243081,0.033109078017759516,1,False,63783.71,-0.0026571252676375057,8894.02201766691,-0.0029501766698284415,-0.7654580740123544
2026-07-28 23:00:00+00:00,2342.6204982599597,2342.6204982599597,0.0,0,False,63915.0,-0.0011932884087613171,8912.329139511963,0.002058362550563464,-0.765737950174004
2026-07-29 00:00:00+00:00,2342.6204982599597,2342.6204982599597,0.0,0,False,63953.99,0.0,8917.765918251689,0.000610028944692198,-0.765737950174004
2026-07-29 01:00:00+00:00,2330.722003346845,55.528294840850776,0.035714489688982234,1,False,63705.06,-0.005079138905320968,8883.055035161668,-0.00389232946998308,-0.7669277996653154
2026-07-29 02:00:00+00:00,2327.7218920866794,2327.7218920866794,0.0,0,False,63979.96,-0.0012872025303136692,8921.387183803643,0.004315198824080824,-0.7672278107913321
2026-07-29 03:00:00+00:00,2327.7218920866794,2327.7218920866794,0.0,0,False,63753.03,0.0,8889.743988127675,-0.003546891870517044,-0.7672278107913321
2026-07-29 04:00:00+00:00,2332.280716776948,102.84333169874708,0.034852200089578705,1,False,63968.34,0.001958491994153766,8919.766887087673,0.0033772512459406823,-0.7667719283223052
2026-07-29 05:00:00+00:00,2329.3397055357054,2329.3397055357054,0.0,0,False,64067.32,-0.001261002254182686,8933.568691644177,0.0015473279437923093,-0.7670660294464294
2026-07-29 06:00:00+00:00,2329.3397055357054,2329.3397055357054,0.0,0,False,64435.62,0.0,8984.924567762182,0.005748640648617798,-0.7670660294464294
2026-07-29 07:00:00+00:00,2329.3397055357054,2329.3397055357054,0.0,0,False,64561.0,0.0,9002.40759721555,0.0019458181670324315,-0.7670660294464294
2026-07-29 08:00:00+00:00,2321.1083581224543,5.715993621600319,0.0359436363378237,1,False,64417.31,-0.0035337685583983758,8982.371415191667,-0.0022256470624680835,-0.7678891641877545
2026-07-29 09:00:00+00:00,2318.04686342227,2318.04686342227,0.0,0,False,64698.0,-0.0013189796544703647,9021.510923384885,0.00435736916055629,-0.768195313657773
2026-07-29 10:00:00+00:00,2318.04686342227,2318.04686342227,0.0,0,False,64469.83,0.0,8989.694821691037,-0.0035266932517231675,-0.768195313657773
2026-07-29 11:00:00+00:00,2318.04686342227,2318.04686342227,0.0,0,False,64507.54,0.0,8994.9531167994,0.0005849247624818421,-0.768195313657773
2026-07-29 12:00:00+00:00,2306.6971146678206,0.0,0.03588692585502953,1,False,64276.81,-0.004896255090241275,8962.780047842822,-0.0035767911782096373,-0.7693302885332179
2026-07-29 13:00:00+00:00,2303.6509781128807,2303.6509781128807,0.0,0,False,64664.7,-0.0013205619999132612,9016.867560162704,0.006034680314719987,-0.7696349021887119
2026-07-29 14:00:00+00:00,2303.6509781128807,2303.6509781128807,0.0,0,False,64108.01,0.0,8939.242518956808,-0.008608870063574026,-0.7696349021887119
2026-07-29 15:00:00+00:00,2296.159319855096,199.32105434862888,0.032781532388392584,1,False,63964.01,-0.0032520804275315562,8919.163110428453,-0.0022462091710536702,-0.7703840680144904
2026-07-29 16:00:00+00:00,2291.055890892871,199.32105434862888,0.032781532388392584,1,False,63808.33,-0.0022225935796766905,8897.455038763912,-0.002433868670835282,-0.7708944109107129
2026-07-29 17:00:00+00:00,2288.2984153110065,2288.2984153110065,0.0,0,False,64269.83,-0.0012035828513943247,8961.806754290545,0.007232598000919133,-0.7711701584688994
2026-07-29 18:00:00+00:00,2292.757323182583,331.32213435935364,0.03040913127044494,1,False,64501.52,0.0019485692258238707,8994.113685970644,0.00360495741158795,-0.7707242676817416
2026-07-29 19:00:00+00:00,2290.1829272154496,2290.1829272154496,0.0,0,False,63589.46,-0.0011228384012138548,8866.935732204183,-0.014140131891465568,-0.770981707278455
2026-07-29 20:00:00+00:00,2286.432326217881,709.5822641233842,0.024823680203042955,1,False,63522.01,-0.0016376862096901812,8857.530481473368,-0.0010607103755873037,-0.7713567673782119
2026-07-29 21:00:00+00:00,2294.822481889707,709.5822641233842,0.024823680203042955,1,False,63860.0,0.003669540347037037,8904.659920976828,0.005320832889261551,-0.7705177518110293
2026-07-29 22:00:00+00:00,2296.8704355064583,709.5822641233842,0.024823680203042955,1,False,63942.5,0.000892423546009935,8916.16374877953,0.001291888506107064,-0.7703129564493542
2026-07-29 23:00:00+00:00,2294.77426788802,2294.77426788802,0.0,0,False,63984.28,-0.0009126190080356311,8921.989566059494,0.0006533995386481806,-0.770522573211198
2026-07-30 00:00:00+00:00,2294.77426788802,2294.77426788802,0.0,0,False,63696.72,0.0,8881.892102751068,-0.0044942288949723075,-0.770522573211198
2026-07-30 01:00:00+00:00,2307.5085967241616,620.3092023294823,0.02625337494779011,1,False,64266.0,0.005549272978322861,8961.272697799825,0.008937351876203259,-0.7692491403275838
2026-07-30 02:00:00+00:00,2305.2791451047947,2305.2791451047947,0.0,0,False,64189.99,-0.0009661726168785911,8950.673837784268,-0.001182740484859779,-0.7694720854895205
2026-07-30 03:00:00+00:00,2305.2791451047947,2305.2791451047947,0.0,0,False,64161.98,0.0,8946.768113944829,-0.00043636087184317773,-0.7694720854895205
2026-07-30 04:00:00+00:00,2299.1625643749503,543.9726398922558,0.02741456639117141,1,False,64023.99,-0.002653292874675417,8927.52674184186,-0.002150650587777858,-0.770083743562505
2026-07-30 05:00:00+00:00,2296.8516396469768,2296.8516396469768,0.0,0,False,64033.89,-0.0010051158468656896,8928.907201178185,0.00015462953808409452,-0.7703148360353023
2026-07-30 06:00:00+00:00,2296.8516396469768,2296.8516396469768,0.0,0,False,64002.0,0.0,8924.460448831176,-0.0004980175341526838,-0.7703148360353023
2026-07-30 07:00:00+00:00,2296.8516396469768,2296.8516396469768,0.0,0,False,64026.0,0.0,8927.807016919236,0.0003749882816164174,-0.7703148360353023
2026-07-30 08:00:00+00:00,2303.1227275361653,261.67148773373856,0.031744898338518436,1,False,64308.01,0.0027302973256697616,8967.130586357298,0.004404616874394751,-0.7696877272463835
2026-07-30 09:00:00+00:00,2300.439125638248,2300.439125638248,0.0,0,False,64567.56,-0.0011652014310102876,9003.322325826286,0.004036044654468496,-0.7699560874361753
2026-07-30 10:00:00+00:00,2300.439125638248,2300.439125638248,0.0,0,False,64570.72,0.0,9003.762957291214,4.894098522534307e-05,-0.7699560874361753
2026-07-30 11:00:00+00:00,2300.439125638248,2300.439125638248,0.0,0,False,64788.0,0.0,9034.060553715108,0.003364992677795886,-0.7699560874361753
2026-07-30 12:00:00+00:00,2302.172426357067,116.88172547217982,0.03365869389118039,1,False,64925.0,0.0007534651534577552,9053.163879884443,0.002114589121442245,-0.7697827573642934
2026-07-30 13:00:00+00:00,2299.2960464283856,2299.2960464283856,0.0,0,False,65022.01,-0.0012494198504638954,9066.690986977052,0.0014941855987677943,-0.7700703953571615
2026-07-30 14:00:00+00:00,2299.2960464283856,2299.2960464283856,0.0,0,False,64683.97,0.0,9019.554575456741,-0.005198854972339406,-0.7700703953571615
2026-07-30 15:00:00+00:00,2298.0298095937837,183.03044542190992,0.03267402382148505,1,False,64730.3,-0.0005507063070754326,9026.014846270065,0.0007162516462735358,-0.7701970190406217
2026-07-30 16:00:00+00:00,2300.895648223166,183.03044542190992,0.03267402382148505,1,False,64818.01,0.00124708505408333,9038.24515822855,0.0013550068515053582,-0.7699104351776834
2026-07-30 17:00:00+00:00,2298.102772492949,2298.102772492949,0.0,0,False,64872.0,-0.0012138211189081094,9045.773542023313,0.0008329475094961403,-0.7701897227507051
2026-07-30 18:00:00+00:00,2289.2228267974147,35.98469662018715,0.034824430011950444,1,False,64702.8,-0.003864033324280647,9022.180237002498,-0.002608213096559342,-0.7710777173202585
2026-07-30 19:00:00+00:00,2286.230058208471,2286.230058208471,0.0,0,False,64800.0,-0.0013073295241995408,9035.733837759137,0.001502253380070151,-0.771376994179153
2026-07-30 20:00:00+00:00,2282.4089767391324,-4.547473508864641e-13,0.03523466569789933,1,False,64777.37,-0.0016713460028308091,9032.578302932772,-0.00034922839506157377,-0.7717591023260868
2026-07-30 21:00:00+00:00,2280.9347583263325,-4.547473508864641e-13,0.03523466569789933,1,False,64735.53,-0.0006459045805656816,9026.744119232588,-0.0006459045805659036,-0.7719065241673667
2026-07-30 22:00:00+00:00,2285.0089427209805,-4.547473508864641e-13,0.03523466569789933,1,False,64851.16,0.0017861906745799683,9042.867605400183,0.0017861906745801903,-0.7714991057279019
2026-07-30 23:00:00+00:00,2281.9948398317274,2281.9948398317274,0.0,0,False,64780.02,-0.0013190770648205952,9032.947819825828,-0.0010969734388714958,-0.7718005160168273
2026-07-31 00:00:00+00:00,2281.9948398317274,2281.9948398317274,0.0,0,False,64724.91,0.0,9025.263262853623,-0.0008507252699211376,-0.7718005160168273
2026-07-31 01:00:00+00:00,2273.3281649082883,0.0,0.03521045494089181,1,False,64564.01,-0.0037978503597659863,9002.827312629926,-0.0024859053492698457,-0.7726671835091712
2026-07-31 02:00:00+00:00,2270.3412489530774,2270.3412489530774,0.0,0,False,64297.79,-0.0013138956360624343,8965.705506113134,-0.004123349835302825,-0.7729658751046923
2026-07-31 03:00:00+00:00,2270.3412489530774,2270.3412489530774,0.0,0,False,64370.0,0.0,8975.77449284808,0.0011230557068913072,-0.7729658751046923
2026-07-31 04:00:00+00:00,2265.1237456921544,101.02536086926148,0.03365627348091591,1,False,64300.0,-0.0022981141109641445,8966.013669257909,-0.001087463103930375,-0.7734876254307845
2026-07-31 05:00:00+00:00,2262.259640125135,2262.259640125135,0.0,0,False,64363.06,-0.0012644366880469882,8974.806776909283,0.0009807153965784021,-0.7737740359874865
2026-07-31 06:00:00+00:00,2262.259640125135,2262.259640125135,0.0,0,False,64231.97,0.0,8956.527543131631,-0.002036727278038053,-0.7737740359874865
2026-07-31 07:00:00+00:00,2262.259640125135,2262.259640125135,0.0,0,False,63950.01,0.0,8917.21094571042,-0.00438971434318447,-0.7737740359874865
2026-07-31 08:00:00+00:00,2255.2046566398512,-4.547473508864641e-13,0.03532920235842698,1,False,63834.01,-0.0031185560490719633,8901.035866618135,-0.0018139168391060334,-0.7744795343360149
2026-07-31 09:00:00+00:00,2252.2356556080963,2252.2356556080963,0.0,0,False,63715.9,-0.001316510686962924,8884.566568414775,-0.0018502675924635392,-0.7747764344391903
2026-07-31 10:00:00+00:00,2252.2356556080963,2252.2356556080963,0.0,0,False,63918.67,0.0,8912.840885548761,0.003182408158716843,-0.7747764344391903
2026-07-31 11:00:00+00:00,2252.2356556080963,2252.2356556080963,0.0,0,False,63805.51,0.0,8897.061817013564,-0.0017703747590491759,-0.7747764344391903
2026-07-31 12:00:00+00:00,2247.437311117257,-4.547473508864641e-13,0.035251701204634146,1,False,63754.01,-0.00213048065325272,8889.880639657938,-0.0008071403237744912,-0.7752562688882743
2026-07-31 13:00:00+00:00,2244.473780948129,2244.473780948129,0.0,0,False,63270.73,-0.0013186263992631675,8822.491913591391,-0.007580385923959931,-0.7755526219051871
2026-07-31 14:00:00+00:00,2244.473780948129,2244.473780948129,0.0,0,False,62682.06,0.0,8740.407570408155,-0.00930398621922024,-0.7755526219051871
2026-07-31 15:00:00+00:00,2244.473780948129,2244.473780948129,0.0,0,False,62716.57,0.0,8745.21965643811,0.0005505562516612272,-0.7755526219051871
2026-07-31 16:00:00+00:00,2246.7917722716566,215.7713260448552,0.032304628887440436,1,False,62870.88,0.0010327549126230018,8766.736694840958,0.0024604342998986173,-0.7753208227728343
2026-07-31 17:00:00+00:00,2244.1182029087167,2244.1182029087167,0.0,0,False,63245.44,-0.001189949774578647,8818.965467468599,0.005957607082961225,-0.7755881797091283
2026-07-31 18:00:00+00:00,2236.7099684621685,214.72755472992344,0.03204532938007351,1,False,63097.57,-0.003301178359030321,8798.346424836047,-0.002338034172898351,-0.7763290031537832
2026-07-31 19:00:00+00:00,2234.045551969704,2234.045551969704,0.0,0,False,62972.0,-0.0011912212714357828,8780.836901718647,-0.001990092486921613,-0.7765954448030297
2026-07-31 20:00:00+00:00,2230.696502689691,162.65309154791066,0.03285022820170666,1,False,62953.7,-0.001499096236896369,8778.285143551502,-0.00029060534840874563,-0.7769303497310309
2026-07-31 21:00:00+00:00,2230.502029338737,162.65309154791066,0.03285022820170666,1,False,62947.78,-8.718055132983515e-05,8777.459656756448,-9.403736396751405e-05,-0.7769497970661263
2026-07-31 22:00:00+00:00,2230.574956845345,162.65309154791066,0.03285022820170666,1,False,62950.0,3.2695557165451916e-05,8777.769214304593,3.5267327934462855e-05,-0.7769425043154655
2026-07-31 23:00:00+00:00,2227.844578405769,2227.844578405769,0.0,0,False,62887.88,-0.001224069350907353,8769.10718057,-0.0009868149324862019,-0.7772155421594231
2026-08-01 00:00:00+00:00,2227.844578405769,2227.844578405769,0.0,0,False,62938.01,0.0,8776.097324663933,0.0007971329292704166,-0.7772155421594231
2026-08-01 01:00:00+00:00,2226.2182567369755,0.0,0.035350820218003544,1,False,62975.01,-0.0007299978124852835,8781.256617133025,0.0005878800426009079,-0.7773781743263024
2026-08-01 02:00:00+00:00,2223.279502370346,2223.279502370346,0.0,0,False,63075.07,-0.0013200657023344498,8795.209017253492,0.0015888842256635005,-0.7776720497629654
2026-08-01 03:00:00+00:00,2223.279502370346,2223.279502370346,0.0,0,False,63004.48,0.0,8785.365923864487,-0.0011191426343246658,-0.7776720497629654
2026-08-01 04:00:00+00:00,2224.2466199566707,-4.547473508864641e-13,0.03524116719551611,1,False,63115.01,0.00043499595318241546,8800.778264313369,0.0017543196928218041,-0.7775753380043329
2026-08-01 05:00:00+00:00,2221.3030563260863,2221.3030563260863,0.0,0,False,63020.0,-0.0013233980459602668,8787.530037894765,-0.0015053471432548982,-0.7778696943673914
2026-08-01 06:00:00+00:00,2221.3030563260863,2221.3030563260863,0.0,0,False,63080.64,0.0,8795.985699930594,0.0009622342113615456,-0.7778696943673914
2026-08-01 07:00:00+00:00,2221.3030563260863,2221.3030563260863,0.0,0,False,63050.46,0.0,8791.77739055986,-0.0004784352219634469,-0.7778696943673914
2026-08-01 08:00:00+00:00,2221.0288381019286,-4.547473508864641e-13,0.03518391854580193,1,False,63126.25,-0.00012344926252938482,8802.345573701275,0.0012020530857346223,-0.7778971161898072
2026-08-01 09:00:00+00:00,2218.077374927035,2218.077374927035,0.0,0,False,63053.17,-0.00132887206337029,8792.155273873135,-0.0011576800459397463,-0.7781922625072965
2026-08-01 10:00:00+00:00,2218.077374927035,2218.077374927035,0.0,0,False,63056.0,0.0,8792.549890026854,4.488275530012409e-05,-0.7781922625072965
2026-08-01 11:00:00+00:00,2218.077374927035,2218.077374927035,0.0,0,False,63076.0,0.0,8795.338696766903,0.0003171783811215523,-0.7781922625072965
2026-08-01 12:00:00+00:00,2216.1247818674265,0.0,0.035118788347485067,1,False,63103.68,-0.0008803088123437997,8799.19840529513,0.00043883569027824976,-0.7783875218132573
2026-08-01 13:00:00+00:00,2213.213219775047,2213.213219775047,0.0,0,False,63069.32,-0.0013138078307693979,8794.407235315726,-0.0005445007327622431,-0.7786786780224952
2026-08-01 14:00:00+00:00,2213.213219775047,2213.213219775047,0.0,0,False,63126.52,0.0,8802.383222592267,0.0009069385875732916,-0.7786786780224952
2026-08-01 15:00:00+00:00,2213.213219775047,2213.213219775047,0.0,0,False,63007.06,0.0,8785.725679933954,-0.0018923900763102575,-0.7786786780224952
2026-08-01 16:00:00+00:00,2207.6782500503996,0.0,0.03508019806119335,1,False,62932.32,-0.002500875051347329,8775.30390914639,-0.0011862162748110805,-0.77923217499496
2026-08-01 17:00:00+00:00,2204.7813492235555,2204.7813492235555,0.0,0,False,62708.07,-0.0013121933990054568,8744.03441357359,-0.0035633518675299847,-0.7795218650776444
2026-08-01 18:00:00+00:00,2188.1240051040854,2188.1240051040854,0.0,0,False,62580.56,-0.007555100248528568,8726.254376202407,-0.0020333905986901213,-0.7811875994895915
2026-08-01 19:00:00+00:00,2188.1240051040854,2188.1240051040854,0.0,0,False,62529.82,0.0,8719.179173502902,-0.0008107949177827978,-0.7811875994895915
2026-08-01 20:00:00+00:00,2189.872654841428,0.0,0.034947306368957265,1,False,62662.13,0.0007991547705996638,8737.628524491696,0.0021159504377270544,-0.7810127345158572
2026-08-01 21:00:00+00:00,2195.1364181267204,0.0,0.034947306368957265,1,False,62812.75,0.0024036846497239583,8758.631028051006,0.0024036846497237363,-0.7804863581873279
2026-08-01 22:00:00+00:00,2195.783991713737,0.0,0.034947306368957265,1,False,62831.28,0.0002950038009799094,8761.214857495663,0.00029500380098013146,-0.7804216008286263
2026-08-01 23:00:00+00:00,2192.8794750754846,2192.8794750754846,0.0,0,False,62823.64,-0.0013227697483966239,8760.149533320962,-0.00012159548556089916,-0.7807120524924516
2026-08-02 00:00:00+00:00,2192.8794750754846,2192.8794750754846,0.0,0,False,62833.99,0.0,8761.59274080894,0.00016474690100753975,-0.7807120524924516
2026-08-02 01:00:00+00:00,2195.1575329909965,0.0,0.03485380051419554,1,False,62981.87,0.001038843192890715,8782.213177844862,0.0023535032551649238,-0.7804842467009003
2026-08-02 02:00:00+00:00,2192.2651464240207,2192.2651464240207,0.0,0,False,63451.58,-0.0013176214114505314,8847.709698538285,0.007457860492233737,-0.7807734853575979
2026-08-02 03:00:00+00:00,2192.2651464240207,2192.2651464240207,0.0,0,False,63461.95,0.0,8849.155694833,0.00016343170650756633,-0.7807734853575979
2026-08-02 04:00:00+00:00,2193.8026100538336,0.0,0.03449917612916864,1,False,63590.0,0.0007013128098674049,8867.011029986164,0.0020177444909903475,-0.7806197389946167
2026-08-02 05:00:00+00:00,2190.9143942994165,2190.9143942994165,0.0,0,False,63453.27,-0.0013165340132156311,8847.945352707819,-0.0021501808460450134,-0.7809085605700583
2026-08-02 06:00:00+00:00,2190.9143942994165,2190.9143942994165,0.0,0,False,63482.49,0.0,8852.01979935503,0.0004604963621259728,-0.7809085605700583
2026-08-02 07:00:00+00:00,2190.9143942994165,2190.9143942994165,0.0,0,False,63506.24,0.0,8855.33150735884,0.0003741189105848086,-0.7809085605700583
2026-08-02 08:00:00+00:00,2177.2825361021446,-4.547473508864641e-13,0.034453949435731865,1,False,63193.99,-0.0062219949043836875,8811.791262129822,-0.004916839668039019,-0.7822717463897855
2026-08-02 09:00:00+00:00,2174.4262807871496,2174.4262807871496,0.0,0,False,63273.94,-0.0013118441303021644,8822.939517073168,0.001265151955114563,-0.782557371921285
2026-08-02 10:00:00+00:00,2174.4262807871496,2174.4262807871496,0.0,0,False,63205.03,0.0,8813.33068345033,-0.00108907395366864,-0.782557371921285
2026-08-02 11:00:00+00:00,2174.4262807871496,2174.4262807871496,0.0,0,False,63031.99,0.0,8789.201927535425,-0.002737756789293444,-0.782557371921285
2026-08-02 12:00:00+00:00,2174.7913094778446,-4.547473508864641e-13,0.03445187212769113,1,False,63125.49,0.00016787356459047054,8802.239599045155,0.001483373759895601,-0.7825208690522155
2026-08-02 13:00:00+00:00,2171.9248919471343,2171.9248919471343,0.0,0,False,63126.92,-0.0013180195811056672,8802.438998727068,2.2653289503127283e-05,-0.7828075108052865
2026-08-02 14:00:00+00:00,2171.9248919471343,2171.9248919471343,0.0,0,False,63069.37,0.0,8794.414207332577,-0.0009116554395494081,-0.7828075108052865
2026-08-02 15:00:00+00:00,2171.9248919471343,2171.9248919471343,0.0,0,False,63109.14,0.0,8799.959749535163,0.000630575507571951,-0.7828075108052865
2026-08-02 16:00:00+00:00,2171.5102384275624,0.0,0.03437002002564662,1,False,63180.36,-0.0001909152204614406,8809.89069033648,0.0011285211619112001,-0.7828489761572437
2026-08-02 17:00:00+00:00,2168.651862107014,2168.651862107014,0.0,0,False,63300.28,-0.0013163080099581892,8826.612375549814,0.0018980581940335473,-0.7831348137892986
2026-08-02 18:00:00+00:00,2168.6086259684603,-4.547473508864641e-13,0.03421489198541448,1,False,63382.01,-1.9936873828951818e-05,8838.008834293025,0.001291147527309633,-0.783139137403154
2026-08-02 19:00:00+00:00,2165.7629669113157,2165.7629669113157,0.0,0,False,63456.01,-0.0013122049885205822,8848.327419231206,0.001167523718480945,-0.7834237033088685
2026-08-02 20:00:00+00:00,2164.224904646623,-4.547473508864641e-13,0.03408522349088746,1,False,63494.52,-0.0007101710982185816,8853.697266609171,0.0006068771106158,-0.7835775095353377
2026-08-02 21:00:00+00:00,2167.0703391036427,-4.547473508864641e-13,0.03408522349088746,1,False,63578.0,0.001314759131969323,8865.337745942135,0.001314759131969101,-0.7832929660896357
2026-08-02 22:00:00+00:00,2161.840984115671,-4.547473508864641e-13,0.03408522349088746,1,False,63424.58,-0.0024130988706785317,8843.94480943922,-0.0024130988706784207,-0.783815901588433
2026-08-02 23:00:00+00:00,2159.0011840683114,2159.0011840683114,0.0,0,False,63570.0,-0.0013136026508078213,8864.222223246115,0.002292801938932776,-0.7840998815931688
2026-08-03 00:00:00+00:00,2159.0011840683114,2159.0011840683114,0.0,0,False,63317.6,0.0,8829.027482186695,-0.003970426301714736,-0.7840998815931688
2026-08-03 01:00:00+00:00,2152.5690352846614,-4.547473508864641e-13,0.03405308464834395,1,False,63212.16,-0.0029792242964543636,8814.324893053159,-0.0016652557898590992,-0.7847430964715338
2026-08-03 02:00:00+00:00,2149.7344554070432,2149.7344554070432,0.0,0,False,63141.4,-0.0013168357581819778,8804.458094806865,-0.0011194048739989748,-0.7850265544592957
2026-08-03 03:00:00+00:00,2149.7344554070432,2149.7344554070432,0.0,0,False,62870.49,0.0,8766.682313109528,-0.0042905288764584215,-0.7850265544592957
2026-08-03 04:00:00+00:00,2144.1618824326724,0.0,0.034148142736624816,1,False,62790.0,-0.002592214568806206,8755.458760384201,-0.00128025087763739,-0.7855838117567328
2026-08-03 05:00:00+00:00,2141.333753231621,2141.333753231621,0.0,0,False,62827.17,-0.0013189905222281695,8760.64175771058,0.0005919732441468373,-0.7858666246768379
2026-08-03 06:00:00+00:00,2141.333753231621,2141.333753231621,0.0,0,False,62623.6,0.0,8732.25588830699,-0.0032401586765725687,-0.7858666246768379
2026-08-03 07:00:00+00:00,2141.333753231621,2141.333753231621,0.0,0,False,62621.1,0.0,8731.907287464484,-3.9921052127356305e-05,-0.7858666246768379
2026-08-03 08:00:00+00:00,2135.8147883354795,0.0,0.03415036077381386,1,False,62541.5,-0.00257734922816788,8720.807836639091,-0.0012711370448615922,-0.7864185211664521
2026-08-03 09:00:00+00:00,2133.0103021707737,2133.0103021707737,0.0,0,False,62837.4,-0.0013130755438263142,8762.068232358119,0.004731258444393038,-0.7866989697829226
2026-08-03 10:00:00+00:00,2133.0103021707737,2133.0103021707737,0.0,0,False,62742.01,0.0,8748.767018611452,-0.0015180449859480971,-0.7866989697829226
2026-08-03 11:00:00+00:00,2133.0103021707737,2133.0103021707737,0.0,0,False,62560.01,0.0,8723.388877277006,-0.002900767763098333,-0.7866989697829226
2026-08-03 12:00:00+00:00,2134.962100827471,-4.547473508864641e-13,0.03405043223010321,1,False,62700.0,0.0009150441771008655,8742.909130053979,0.002237691458169433,-0.7865037899172529
2026-08-03 13:00:00+00:00,2132.1503293831697,2132.1503293831697,0.0,0,False,63351.09,-0.001317012345657842,8833.697339072907,0.010384210526315663,-0.786784967061683
2026-08-03 14:00:00+00:00,2132.1503293831697,2132.1503293831697,0.0,0,False,63967.19,0.0,8919.60653070012,0.009725168106815563,-0.786784967061683
2026-08-03 15:00:00+00:00,2120.6603963317457,65.2730046144975,0.032269256549969975,1,False,63694.91,-0.00538889443820223,8881.639715741094,-0.004256557150626561,-0.7879339603668254
2026-08-03 16:00:00+00:00,2123.2919542033956,65.2730046144975,0.032269256549969975,1,False,63776.46,0.0012409143284808355,8893.011075223643,0.0012803220853909725,-0.7876708045796604
2026-08-03 17:00:00+00:00,2120.5836394760686,2120.5836394760686,0.0,0,False,63906.0,-0.0012755262986634541,8911.074176478942,0.002031156950385915,-0.7879416360523932
2026-08-03 18:00:00+00:00,2116.731209935555,55.870502340438634,0.03226605035433393,1,False,63870.87,-0.001816683609548897,8906.175637440045,-0.0005497136419116977,-0.7883268790064445
2026-08-03 19:00:00+00:00,2114.0041618306136,2114.0041618306136,0.0,0,False,63869.38,-0.001288329898544105,8905.96787133791,-2.3328318527693348e-05,-0.7885995838169386
2026-08-03 20:00:00+00:00,2108.112740773483,-4.547473508864641e-13,0.0330552493456098,1,False,63775.43,-0.002786854048588472,8892.86745167653,-0.0014709709096910606,-0.7891887259226518
2026-08-03 21:00:00+00:00,2101.9882641747286,-4.547473508864641e-13,0.0330552493456098,1,False,63590.15,-0.0029051940535719245,8867.031946036717,-0.0029051940535717025,-0.7898011735825271
2026-08-03 22:00:00+00:00,2102.9088528690036,-4.547473508864641e-13,0.0330552493456098,1,False,63618.0,0.00043796091061265585,8870.915359422233,0.0004379609106124338,-0.7897091147130997
2026-08-03 23:00:00+00:00,2100.131496980643,2100.131496980643,0.0,0,False,63520.0,-0.00132072100251579,8857.250206395993,-0.0015404445282781731,-0.7899868503019357
2026-08-04 00:00:00+00:00,2100.131496980643,2100.131496980643,0.0,0,False,63361.99,0.0,8835.217238746234,-0.0024875629722922454,-0.7899868503019357
2026-08-04 01:00:00+00:00,2113.4511774093116,0.0,0.033101326502038696,1,False,63847.93,0.006342307825875748,8902.976876109207,0.007669266700745858,-0.7886548822590689
2026-08-04 02:00:00+00:00,2110.6710280312955,2110.6710280312955,0.0,0,False,63822.44,-0.0013154547442274511,8899.422541919015,-0.0003992298575693498,-0.7889328971968704
2026-08-04 03:00:00+00:00,2110.6710280312955,2110.6710280312955,0.0,0,False,63800.01,0.0,8896.29489516005,-0.00035144378685614264,-0.7889328971968704
2026-08-04 04:00:00+00:00,2115.4465729897274,0.0,0.033038881959576556,1,False,64029.0,0.002262571900125243,8928.225337930244,0.003589184390410116,-0.7884553427010272
2026-08-04 05:00:00+00:00,2112.6638929481,2112.6638929481,0.0,0,False,63818.48,-0.001315410219835833,8898.870358184486,-0.0032878851770292705,-0.78873361070519
2026-08-04 06:00:00+00:00,2112.6638929481,2112.6638929481,0.0,0,False,63670.0,0.0,8878.16625694636,-0.0023265988158915896,-0.78873361070519
2026-08-04 07:00:00+00:00,2112.6638929481,2112.6638929481,0.0,0,False,63685.74,0.0,8880.36104785078,0.0002472121878436262,-0.78873361070519
2026-08-04 08:00:00+00:00,2106.681221909386,0.0,0.03312967981396428,1,False,63588.94,-0.0028318139287010213,8866.863223228942,-0.0015199634957527852,-0.7893318778090614
2026-08-04 09:00:00+00:00,2103.9030551921123,2103.9030551921123,0.0,0,False,63603.73,-0.0013187409126642624,8868.925545813208,0.00023258761665156946,-0.7896096944807888
2026-08-04 10:00:00+00:00,2103.9030551921123,2103.9030551921123,0.0,0,False,63764.0,0.0,8891.273648624592,0.002519820771517578,-0.7896096944807888
2026-08-04 11:00:00+00:00,2103.9030551921123,2103.9030551921123,0.0,0,False,63926.0,0.0,8913.86298321899,0.002540618530832539,-0.7896096944807888
2026-08-04 12:00:00+00:00,2100.4875961968605,0.0,0.03286818327295901,1,False,63906.41,-0.001623391813050934,8911.131347017114,-0.00030644808059310247,-0.789951240380314
2026-08-04 13:00:00+00:00,2097.7216431876022,2097.7216431876022,0.0,0,False,63683.94,-0.0013168147311445333,8880.110055244175,-0.0034811844383062507,-0.7902278356812398
2026-08-04 14:00:00+00:00,2097.7216431876022,2097.7216431876022,0.0,0,False,64128.72,0.0,8942.130328336129,0.006984178428658838,-0.7902278356812398
2026-08-04 15:00:00+00:00,2094.8489711746,-4.547473508864641e-13,0.03266813875454464,1,False,64125.14,-0.0013694247863300646,8941.631131929658,-5.5825221523364554e-05,-0.79051510288254
2026-08-04 16:00:00+00:00,2089.157854722171,-4.547473508864641e-13,0.03266813875454464,1,False,63950.93,-0.002716719214959862,8917.33923082046,-0.002716719214959973,-0.7910842145277829
2026-08-04 17:00:00+00:00,2086.4030915720055,2086.4030915720055,0.0,0,False,63972.09,-0.0013185998099373153,8920.289788351432,0.00033087869089620803,-0.7913596908427994
2026-08-04 18:00:00+00:00,2094.5348532803873,0.0,0.032571380259916495,1,False,64305.99,0.003897502712313816,8966.848916876554,0.0052194636754874235,-0.7905465146719612
2026-08-04 19:00:00+00:00,2091.7766300535977,2091.7766300535977,0.0,0,False,64233.36,-0.0013168667126592926,8956.721365200066,-0.0011294437734337137,-0.7908223369946402
2026-08-04 20:00:00+00:00,2092.5212859375465,0.0,0.03252236188336436,1,False,64341.0,0.00035599206590708476,8971.730723075008,0.001675764742806285,-0.7907478714062454
2026-08-04 21:00:00+00:00,2087.7404987406917,0.0,0.03252236188336436,1,False,64194.0,-0.0022847018230989224,8951.232993535648,-0.0022847018230987004,-0.7912259501259309
2026-08-04 22:00:00+00:00,2090.2320368845762,0.0,0.03252236188336436,1,False,64270.61,0.0011934137146774049,8961.915517753407,0.0011934137146774049,-0.7909767963115424
2026-08-04 23:00:00+00:00,2087.4504368169432,2087.4504368169432,0.0,0,False,64106.56,-0.0013307613789036443,8939.040330468153,-0.0025524886102684663,-0.7912549563183057
2026-08-05 00:00:00+00:00,2087.4504368169432,2087.4504368169432,0.0,0,False,63988.0,0.0,8922.508284113143,-0.0018494207145103303,-0.7912549563183057
2026-08-05 01:00:00+00:00,2095.9717760553854,-4.547473508864641e-13,0.03257961558109054,1,False,64333.84,0.004082175599549043,8970.73233026207,0.005404763393136003,-0.7904028223944615
2026-08-05 02:00:00+00:00,2093.2017961200677,2093.2017961200677,0.0,0,False,64368.26,-0.0013215731084560423,8975.531866661697,0.0005350216930937179,-0.7906798203879932
2026-08-05 03:00:00+00:00,2093.2017961200677,2093.2017961200677,0.0,0,False,64183.27,0.0,8949.736798719612,-0.0028739319658478424,-0.7906798203879932
2026-08-05 04:00:00+00:00,2090.2264854241844,0.0,0.03256986547180183,1,False,64176.7,-0.0014214160820033017,8948.820675705505,-0.00010236312359912514,-0.7909773514575815
2026-08-05 05:00:00+00:00,2087.4453563725033,2087.4453563725033,0.0,0,False,64330.87,-0.0013305395712257528,8970.318192461174,0.0024022737223947654,-0.7912554643627496
2026-08-05 06:00:00+00:00,2087.4453563725033,2087.4453563725033,0.0,0,False,64253.58,0.0,8959.540848814255,-0.0012014449672450578,-0.7912554643627496
2026-08-05 07:00:00+00:00,2087.4453563725033,2087.4453563725033,0.0,0,False,64163.99,0.0,8947.048389022204,-0.0013943191959110424,-0.7912554643627496
2026-08-05 08:00:00+00:00,2083.2960848833295,-4.547473508864641e-13,0.03249017105185243,1,False,64120.81,-0.0019877269967844002,8941.027355270438,-0.0006729631371116263,-0.7916703915116671
2026-08-05 09:00:00+00:00,2080.5434783001187,2080.5434783001187,0.0,0,False,64155.05,-0.0013212747833513117,8945.801792409404,0.0005339920066513848,-0.7919456521699881
2026-08-05 10:00:00+00:00,2080.5434783001187,2080.5434783001187,0.0,0,False,64062.23,0.0,8932.858940328835,-0.0014468073830510297,-0.7919456521699881
2026-08-05 11:00:00+00:00,2080.5434783001187,2080.5434783001187,0.0,0,False,64075.28,0.0,8934.678636726718,0.00020370817562875843,-0.7919456521699881
2026-08-05 12:00:00+00:00,2086.134193893818,0.0,0.032427411709674545,1,False,64332.43,0.002687141918450653,8970.535719386899,0.004013248166843564,-0.7913865806106182
2026-08-05 13:00:00+00:00,2088.584409122601,0.0,0.032427411709674545,1,False,64407.99,0.0011745242640452958,8981.071831250803,0.0011745242640452958,-0.79114155908774
2026-08-05 14:00:00+00:00,2085.8431966272487,2085.8431966272487,0.0,0,False,64476.39,-0.0013124738858428797,8990.609550301771,0.0010619800431592719,-0.7914156803372752
2026-08-05 15:00:00+00:00,2080.252632266978,-4.547473508864641e-13,0.03230807462859899,1,False,64388.01,-0.002680241913347481,8978.285813317494,-0.0013707343106523773,-0.7919747367733022
2026-08-05 16:00:00+00:00,2089.1043985537212,-4.547473508864641e-13,0.03230807462859899,1,False,64661.99,0.004255140048589734,9016.489676849427,0.004255140048589734,-0.7910895601446278
2026-08-05 17:00:00+00:00,2086.3514925420063,2086.3514925420063,0.0,0,False,64770.0,-0.001317744586446068,9031.550627649063,0.0016703785330456355,-0.7913648507457993
2026-08-05 18:00:00+00:00,2084.5388908361488,0.0,0.032169256839001605,1,False,64799.1,-0.0008687901882002969,9035.608341455832,0.00044928207503458495,-0.7915461109163852
2026-08-05 19:00:00+00:00,2081.7925721068727,2081.7925721068727,0.0,0,False,64840.28,-0.001317470612493321,9041.350494533595,0.0006355026535864727,-0.7918207427893127
2026-08-05 20:00:00+00:00,2078.494600590581,-4.547473508864641e-13,0.03206420757529603,1,False,64822.89,-0.0015841979457896782,9038.925627073122,-0.00026819748465001236,-0.7921505399409419
2026-08-05 21:00:00+00:00,2075.6165173186223,-4.547473508864641e-13,0.03206420757529603,1,False,64733.13,-0.0013846960541252784,9026.409462423782,-0.0013846960541252784,-0.7924383482681377
2026-08-05 22:00:00+00:00,2072.502120836834,-4.547473508864641e-13,0.03206420757529603,1,False,64636.0,-0.0015004681528607566,9012.865622490734,-0.0015004681528608677,-0.7927497879163166
2026-08-05 23:00:00+00:00,2069.763185666243,2069.763185666243,0.0,0,False,64665.23,-0.0013215596466965573,9016.941463541316,0.0004522247663840684,-0.7930236814333758
2026-08-06 00:00:00+00:00,2069.763185666243,2069.763185666243,0.0,0,False,64644.99,0.0,9014.119191120386,-0.00031299664440997965,-0.7930236814333758
2026-08-06 01:00:00+00:00,2064.9694926119696,-4.547473508864641e-13,0.03197533685875488,1,False,64580.07,-0.0023160587102287744,9005.066724442187,-0.001004254157978779,-0.793503050738803
2026-08-06 02:00:00+00:00,2062.2513771235895,2062.2513771235895,0.0,0,False,64579.36,-0.0013162981332678347,9004.967721802916,-1.0994103908590347e-05,-0.793774862287641
2026-08-06 03:00:00+00:00,2062.2513771235895,2062.2513771235895,0.0,0,False,64531.03,0.0,8998.228570315587,-0.0007483815262337989,-0.793774862287641
2026-08-06 04:00:00+00:00,2066.025744445147,-4.547473508864641e-13,0.03191529952575858,1,False,64734.65,0.0018302168995625312,9026.621411736027,0.00315538121737724,-0.7933974255554853
2026-08-06 05:00:00+00:00,2063.3057304872304,2063.3057304872304,0.0,0,False,64908.09,-0.0013165440775507742,9050.80594378573,0.0026792451955788277,-0.793669426951277
2026-08-06 06:00:00+00:00,2063.3057304872304,2063.3057304872304,0.0,0,False,64860.0,0.0,9044.100257979284,-0.0007408937776475222,-0.793669426951277
2026-08-06 07:00:00+00:00,2063.3057304872304,2063.3057304872304,0.0,0,False,64809.7,0.0,9037.08640902806,-0.0007755164970707495,-0.793669426951277
2026-08-06 08:00:00+00:00,2064.8079576781042,-4.547473508864641e-13,0.03179465177580953,1,False,64941.99,0.0007280681523231802,9055.532971210116,0.0020412067946620205,-0.7935192042321896
2026-08-06 09:00:00+00:00,2062.089082313023,2062.089082313023,0.0,0,False,64683.62,-0.0013167691237196966,9019.505771338792,-0.003978473711692465,-0.7937910917686977
2026-08-06 10:00:00+00:00,2062.089082313023,2062.089082313023,0.0,0,False,64615.95,0.0,9010.069843733834,-0.0010461690301194482,-0.7937910917686977
2026-08-06 11:00:00+00:00,2062.089082313023,2062.089082313023,0.0,0,False,64622.09,0.0,9010.926007403028,9.502297807251203e-05,-0.7937910917686977
2026-08-06 12:00:00+00:00,2053.0666029548297,-4.547473508864641e-13,0.03186803990678676,1,True,64424.0,-0.004375407171097079,8983.304271046212,-0.0030653604672952195,-0.794693339704517
2026-08-06 13:00:00+00:00,2050.364312474515,2050.364312474515,0.0,0,True,64434.01,-0.0013162215372972685,8984.700068819608,0.00015537687818212298,-0.7949635687525485
2026-08-06 14:00:00+00:00,2050.364312474515,2050.364312474515,0.0,0,True,64778.0,0.0,9032.666150345083,0.005338640261563832,-0.7949635687525485
2026-08-06 15:00:00+00:00,2050.364312474515,2050.364312474515,0.0,0,True,64631.87,0.0,9012.289733898915,-0.002255858470468275,-0.7949635687525485
2026-08-06 16:00:00+00:00,2050.364312474515,2050.364312474515,0.0,0,True,64757.99,0.0,9029.875949201663,0.001951359290702781,-0.7949635687525485
2026-08-06 17:00:00+00:00,2050.364312474515,2050.364312474515,0.0,0,True,64621.69,0.0,9010.870231268229,-0.002104759582562621,-0.7949635687525485
2026-08-06 18:00:00+00:00,2050.364312474515,2050.364312474515,0.0,0,True,64418.47,0.0,8982.53316598259,-0.0031447645519638856,-0.7949635687525485
2026-08-06 19:00:00+00:00,2050.364312474515,2050.364312474515,0.0,0,True,64446.0,0.0,8986.371958460268,0.00042736190412484554,-0.7949635687525485
2026-08-06 20:00:00+00:00,2050.364312474515,2050.364312474515,0.0,0,True,64439.7,0.0,8985.493484337152,-9.775626105579249e-05,-0.7949635687525485
2026-08-06 21:00:00+00:00,2050.364312474515,2050.364312474515,0.0,0,True,64440.74,0.0,8985.638502287635,1.6139119207503327e-05,-0.7949635687525485
2026-08-06 22:00:00+00:00,2050.364312474515,2050.364312474515,0.0,0,True,64351.49,0.0,8973.193452210166,-0.0013849934063451252,-0.7949635687525485
2026-08-06 23:00:00+00:00,2050.364312474515,2050.364312474515,0.0,0,True,64323.61,0.0,8969.305855614537,-0.0004332456016170605,-0.7949635687525485
2026-08-07 00:00:00+00:00,2050.364312474515,2050.364312474515,0.0,0,True,64317.99,0.0,8968.522200920583,-8.73707181546779e-05,-0.7949635687525485
2026-08-07 01:00:00+00:00,2050.364312474515,2050.364312474515,0.0,0,True,64422.55,0.0,8983.10208255756,0.0016256726928189913,-0.7949635687525485
2026-08-07 02:00:00+00:00,2050.364312474515,2050.364312474515,0.0,0,True,64399.87,0.0,8979.939575714345,-0.00035205064065291225,-0.7949635687525485
2026-08-07 03:00:00+00:00,2050.364312474515,2050.364312474515,0.0,0,True,64289.99,0.0,8964.617871484514,-0.0017062146243463916,-0.7949635687525485
2026-08-07 04:00:00+00:00,2050.364312474515,2050.364312474515,0.0,0,True,64255.13,0.0,8959.756981336608,-0.0005422306023068479,-0.7949635687525485
2026-08-07 05:00:00+00:00,2050.364312474515,2050.364312474515,0.0,0,True,64336.43,0.0,8971.093480734908,0.0012652686252443424,-0.7949635687525485
2026-08-07 06:00:00+00:00,2050.364312474515,2050.364312474515,0.0,0,True,64304.12,0.0,8966.58816344636,-0.0005022038058373202,-0.7949635687525485
2026-08-07 07:00:00+00:00,2050.364312474515,2050.364312474515,0.0,0,True,64319.84,0.0,8968.780165544036,0.00024446334076233533,-0.7949635687525485
2026-08-07 08:00:00+00:00,2050.364312474515,2050.364312474515,0.0,0,True,64600.0,0.0,9007.845770358645,0.004355732228189746,-0.7949635687525485
2026-08-07 09:00:00+00:00,2050.364312474515,2050.364312474515,0.0,0,True,64839.32,0.0,9041.216631810074,0.0037046439628485306,-0.7949635687525485
2026-08-07 10:00:00+00:00,2050.364312474515,2050.364312474515,0.0,0,True,64893.98,0.0,9048.838440630627,0.0008430069902027881,-0.7949635687525485
2026-08-07 11:00:00+00:00,2050.364312474515,2050.364312474515,0.0,0,True,65029.98,0.0,9067.802326462961,0.002095725982595109,-0.7949635687525485
2026-08-07 12:00:00+00:00,2050.364312474515,2050.364312474515,0.0,0,True,65292.32,0.0,9104.383104472186,0.004034139330813424,-0.7949635687525485
2026-08-07 13:00:00+00:00,2050.364312474515,2050.364312474515,0.0,0,True,65009.24,0.0,9064.91033387353,-0.004335578824584796,-0.7949635687525485
2026-08-07 14:00:00+00:00,2050.364312474515,2050.364312474515,0.0,0,True,64957.98,0.0,9057.762622198785,-0.0007885032958390159,-0.7949635687525485
2026-08-07 15:00:00+00:00,2050.364312474515,2050.364312474515,0.0,0,True,64912.72,0.0,9051.451552546054,-0.0006967581196336559,-0.7949635687525485
2026-08-07 16:00:00+00:00,2050.364312474515,2050.364312474515,0.0,0,True,64814.0,0.0,9037.68600247717,-0.0015208113294282732,-0.7949635687525485
2026-08-07 17:00:00+00:00,2050.364312474515,2050.364312474515,0.0,0,True,64764.33,0.0,9030.760000938259,-0.0007663467769308818,-0.7949635687525485
2026-08-07 18:00:00+00:00,2050.364312474515,2050.364312474515,0.0,0,True,64735.51,0.0,9026.741330425848,-0.0004449980413601118,-0.7949635687525485
2026-08-07 19:00:00+00:00,2050.364312474515,2050.364312474515,0.0,0,True,64960.47,0.0,9058.10982863792,0.0034750633771170047,-0.7949635687525485
2026-08-07 20:00:00+00:00,2050.364312474515,2050.364312474515,0.0,0,True,64972.0,0.0,9059.717575723558,0.00017749255816656984,-0.7949635687525485
2026-08-07 21:00:00+00:00,2050.364312474515,2050.364312474515,0.0,0,True,64928.01,0.0,9053.583595298822,-0.0006770608877668671,-0.7949635687525485
2026-08-07 22:00:00+00:00,2050.364312474515,2050.364312474515,0.0,0,True,64888.0,0.0,9048.004587415353,-0.000616220949941404,-0.7949635687525485
2026-08-07 23:00:00+00:00,2050.364312474515,2050.364312474515,0.0,0,True,64923.19,0.0,9052.91149287447,0.0005423190728639504,-0.7949635687525485
2026-08-08 00:00:00+00:00,2050.364312474515,2050.364312474515,0.0,0,True,64929.01,0.0,9053.723035635823,8.964439362868504e-05,-0.7949635687525485
2026-08-08 01:00:00+00:00,2050.364312474515,2050.364312474515,0.0,0,True,64911.79,0.0,9051.32187303264,-0.0002652127300262208,-0.7949635687525485
2026-08-08 02:00:00+00:00,2050.364312474515,2050.364312474515,0.0,0,True,64923.97,0.0,9053.020256337331,0.00018763925628917377,-0.7949635687525485
2026-08-08 03:00:00+00:00,2050.364312474515,2050.364312474515,0.0,0,True,65033.0,0.0,9068.223436280708,0.0016793489369180126,-0.7949635687525485
2026-08-08 04:00:00+00:00,2050.364312474515,2050.364312474515,0.0,0,True,65013.58,0.0,9065.515504936122,-0.00029861762489802324,-0.7949635687525485
2026-08-08 05:00:00+00:00,2050.364312474515,2050.364312474515,0.0,0,True,64995.39,0.0,9062.979085206045,-0.00027978769973924233,-0.7949635687525485
2026-08-08 06:00:00+00:00,2050.364312474515,2050.364312474515,0.0,0,True,65006.61,0.0,9064.543605787214,0.00017262762789815866,-0.7949635687525485
2026-08-08 07:00:00+00:00,2050.364312474515,2050.364312474515,0.0,0,True,64960.0,0.0,9058.04429167953,-0.0007170040092846497,-0.7949635687525485
2026-08-08 08:00:00+00:00,2050.364312474515,2050.364312474515,0.0,0,True,64993.87,0.0,9062.767135893804,0.0005213977832514427,-0.7949635687525485
2026-08-08 09:00:00+00:00,2050.364312474515,2050.364312474515,0.0,0,True,64994.31,0.0,9062.828489642085,6.76986921988032e-06,-0.7949635687525485
2026-08-08 10:00:00+00:00,2050.364312474515,2050.364312474515,0.0,0,True,65005.87,0.0,9064.440419937833,0.0001778617235879132,-0.7949635687525485
2026-08-08 11:00:00+00:00,2050.364312474515,2050.364312474515,0.0,0,True,64967.35,0.0,9059.069178156496,-0.0005925618717204095,-0.7949635687525485
2026-08-08 12:00:00+00:00,2050.364312474515,2050.364312474515,0.0,0,True,65008.34,0.0,9064.784837570227,0.000630932306766363,-0.7949635687525485
2026-08-08 13:00:00+00:00,2050.364312474515,2050.364312474515,0.0,0,True,65015.27,0.0,9065.751159105655,0.00010660170679654968,-0.7949635687525485
2026-08-08 14:00:00+00:00,2050.364312474515,2050.364312474515,0.0,0,True,65129.02,0.0,9081.612497439684,0.0017495889811731669,-0.7949635687525485
2026-08-08 15:00:00+00:00,2050.364312474515,2050.364312474515,0.0,0,True,65080.82,0.0,9074.891473196167,-0.0007400694805479446,-0.7949635687525485
2026-08-08 16:00:00+00:00,2050.364312474515,2050.364312474515,0.0,0,True,65086.45,0.0,9075.67652229349,8.650782212016317e-05,-0.7949635687525485
2026-08-08 17:00:00+00:00,2050.364312474515,2050.364312474515,0.0,0,True,65119.75,0.0,9080.319885515672,0.0005116272280942802,-0.7949635687525485
2026-08-08 18:00:00+00:00,2050.364312474515,2050.364312474515,0.0,0,True,65044.07,0.0,9069.767040811326,-0.0011621666237968675,-0.7949635687525485
2026-08-08 19:00:00+00:00,2050.364312474515,2050.364312474515,0.0,0,True,65075.41,0.0,9074.137100972985,0.00048182716733458086,-0.7949635687525485
2026-08-08 20:00:00+00:00,2050.364312474515,2050.364312474515,0.0,0,True,65082.41,0.0,9075.113183332001,0.00010756751282858801,-0.7949635687525485
2026-08-08 21:00:00+00:00,2050.364312474515,2050.364312474515,0.0,0,True,65012.96,0.0,9065.42905192718,-0.001067108608916123,-0.7949635687525485
2026-08-08 22:00:00+00:00,2050.364312474515,2050.364312474515,0.0,0,True,64950.61,0.0,9056.734946915078,-0.0009590395514985639,-0.7949635687525485
2026-08-08 23:00:00+00:00,2050.364312474515,2050.364312474515,0.0,0,True,64962.6,0.0,9058.406836555734,0.0001846018074345146,-0.7949635687525485
2026-08-09 00:00:00+00:00,2050.364312474515,2050.364312474515,0.0,0,True,64973.65,0.0,9059.947652279614,0.0001700978716987489,-0.7949635687525485
2026-08-09 01:00:00+00:00,2050.364312474515,2050.364312474515,0.0,0,True,64861.46,0.0,9044.303840871307,-0.0017266999776064385,-0.7949635687525485
2026-08-09 02:00:00+00:00,2050.364312474515,2050.364312474515,0.0,0,True,64820.01,0.0,9038.524038902557,-0.0006390543783626468,-0.7949635687525485
2026-08-09 03:00:00+00:00,2050.364312474515,2050.364312474515,0.0,0,True,64788.8,0.0,9034.17210598471,-0.0004814871210294669,-0.7949635687525485
2026-08-09 04:00:00+00:00,2050.364312474515,2050.364312474515,0.0,0,True,64785.0,0.0,9033.6422327041,-5.865211271083304e-05,-0.7949635687525485
2026-08-09 05:00:00+00:00,2050.364312474515,2050.364312474515,0.0,0,True,64801.58,0.0,9035.9541534916,0.00025592343906777337,-0.7949635687525485
2026-08-09 06:00:00+00:00,2050.364312474515,2050.364312474515,0.0,0,True,64849.99,0.0,9042.704460205889,0.0007470496861341491,-0.7949635687525485
2026-08-09 07:00:00+00:00,2050.364312474515,2050.364312474515,0.0,0,True,64826.14,0.0,9039.37880816838,-0.0003677718377443906,-0.7949635687525485
2026-08-09 08:00:00+00:00,2050.364312474515,2050.364312474515,0.0,0,True,64824.16,0.0,9039.102716301117,-3.054323456530561e-05,-0.7949635687525485
2026-08-09 09:00:00+00:00,2050.364312474515,2050.364312474515,0.0,0,True,64877.85,0.0,9046.589267994777,0.0008282405819064476,-0.7949635687525485
2026-08-09 10:00:00+00:00,2050.364312474515,2050.364312474515,0.0,0,True,64959.86,0.0,9058.02477003235,0.0012640677827642222,-0.7949635687525485
2026-08-09 11:00:00+00:00,2050.364312474515,2050.364312474515,0.0,0,True,64950.0,0.0,9056.649888309505,-0.00015178604141097285,-0.7949635687525485
2026-08-09 12:00:00+00:00,2050.364312474515,2050.364312474515,0.0,0,True,64960.11,0.0,9058.0596301166,0.00015565819861440566,-0.7949635687525485
2026-08-09 13:00:00+00:00,2050.364312474515,2050.364312474515,0.0,0,True,65219.78,0.0,9094.268102426027,0.003997376235969963,-0.7949635687525485
2026-08-09 14:00:00+00:00,2050.364312474515,2050.364312474515,0.0,0,True,65260.01,0.0,9099.877787183636,0.0006168374073018956,-0.7949635687525485
2026-08-09 15:00:00+00:00,2050.364312474515,2050.364312474515,0.0,0,True,65228.68,0.0,9095.509121425348,-0.0004800796077107927,-0.7949635687525485
2026-08-09 16:00:00+00:00,2050.364312474515,2050.364312474515,0.0,0,True,65232.14,0.0,9095.991584991378,5.3044151744341406e-05,-0.7949635687525485
2026-08-09 17:00:00+00:00,2050.364312474515,2050.364312474515,0.0,0,True,65198.68,0.0,9091.325911315274,-0.0005129373342651622,-0.7949635687525485
2026-08-09 18:00:00+00:00,2050.364312474515,2050.364312474515,0.0,0,True,65199.68,0.0,9091.465351652278,1.533773383144421e-05,-0.7949635687525485
2026-08-09 19:00:00+00:00,2050.364312474515,2050.364312474515,0.0,0,True,65180.66,0.0,9088.813196442492,-0.00029171922316173493,-0.7949635687525485
2026-08-09 20:00:00+00:00,2050.364312474515,2050.364312474515,0.0,0,True,65137.96,0.0,9082.859094052486,-0.0006551022956809982,-0.7949635687525485
2026-08-09 21:00:00+00:00,2050.364312474515,2050.364312474515,0.0,0,True,65192.99,0.0,9090.532495797732,0.0008448222818153717,-0.7949635687525485
2026-08-09 22:00:00+00:00,2050.364312474515,2050.364312474515,0.0,0,True,65077.13,0.0,9074.376938352627,-0.001777184939669163,-0.7949635687525485
2026-08-09 23:00:00+00:00,2050.364312474515,2050.364312474515,0.0,0,True,64901.59,0.0,9049.899581595215,-0.0026974145909631764,-0.7949635687525485
2026-08-10 00:00:00+00:00,2050.364312474515,2050.364312474515,0.0,0,True,64968.01,0.0,9059.16120877892,0.0010233955747465107,-0.7949635687525485
2026-08-10 01:00:00+00:00,2050.364312474515,2050.364312474515,0.0,0,True,65189.99,0.0,9090.114174786724,0.0034167584939108764,-0.7949635687525485
2026-08-10 02:00:00+00:00,2050.364312474515,2050.364312474515,0.0,0,True,65099.99,0.0,9077.564544456503,-0.0013805800553121639,-0.7949635687525485
2026-08-10 03:00:00+00:00,2050.364312474515,2050.364312474515,0.0,0,True,64982.01,0.0,9061.113373496953,-0.0018122890648677448,-0.7949635687525485
2026-08-10 04:00:00+00:00,2050.364312474515,2050.364312474515,0.0,0,True,65006.73,0.0,9064.560338627654,0.0003804129789153343,-0.7949635687525485
2026-08-10 05:00:00+00:00,2050.364312474515,2050.364312474515,0.0,0,True,65134.0,0.0,9082.306910317957,0.0019577972926803078,-0.7949635687525485
2026-08-10 06:00:00+00:00,2050.364312474515,2050.364312474515,0.0,0,True,65299.4,0.0,9105.370342058164,0.002539380354346532,-0.7949635687525485
2026-08-10 07:00:00+00:00,2050.364312474515,2050.364312474515,0.0,0,True,65202.73,0.0,9091.890644680136,-0.0014804117648861137,-0.7949635687525485
2026-08-10 08:00:00+00:00,2050.364312474515,2050.364312474515,0.0,0,True,65245.58,0.0,9097.86566312069,0.0006571810720195082,-0.7949635687525485
2026-08-10 09:00:00+00:00,2050.364312474515,2050.364312474515,0.0,0,True,64967.24,0.0,9059.053839719427,-0.004266036105434301,-0.7949635687525485
2026-08-10 10:00:00+00:00,2050.364312474515,2050.364312474515,0.0,0,True,65013.06,0.0,9065.44299596088,0.0007052785373060644,-0.7949635687525485
2026-08-10 11:00:00+00:00,2050.364312474515,2050.364312474515,0.0,0,True,65125.98,0.0,9081.188598815197,0.0017368817895972999,-0.7949635687525485
2026-08-10 12:00:00+00:00,2050.364312474515,2050.364312474515,0.0,0,True,64870.75,0.0,9045.59924160206,-0.00391901972146913,-0.7949635687525485
2026-08-10 13:00:00+00:00,2050.364312474515,2050.364312474515,0.0,0,True,64561.98,0.0,9002.544248745811,-0.00475977231649094,-0.7949635687525485
2026-08-10 14:00:00+00:00,2050.364312474515,2050.364312474515,0.0,0,True,64625.77,0.0,9011.439147843199,0.0009880428078570258,-0.7949635687525485
2026-08-10 15:00:00+00:00,2050.364312474515,2050.364312474515,0.0,0,True,64299.99,0.0,8966.012274854538,-0.0050410231088929836,-0.7949635687525485
2026-08-10 16:00:00+00:00,2050.364312474515,2050.364312474515,0.0,0,True,63904.65,0.0,8910.885932023988,-0.006148367985749248,-0.7949635687525485
2026-08-10 17:00:00+00:00,2050.364312474515,2050.364312474515,0.0,0,True,63953.04,0.0,8917.633449931536,0.000757221892303539,-0.7949635687525485
2026-08-10 18:00:00+00:00,2050.364312474515,2050.364312474515,0.0,0,True,63889.39,0.0,8908.758072481329,-0.0009952615231427764,-0.7949635687525485
2026-08-10 19:00:00+00:00,2050.364312474515,2050.364312474515,0.0,0,True,64045.7,0.0,8930.553991558183,0.002446572114712664,-0.7949635687525485
2026-08-10 20:00:00+00:00,2050.364312474515,2050.364312474515,0.0,0,True,64158.5,0.0,8946.282861572061,0.0017612423628754481,-0.7949635687525485
2026-08-10 21:00:00+00:00,2050.364312474515,2050.364312474515,0.0,0,True,63987.0,0.0,8922.36884377614,-0.002673067481315905,-0.7949635687525485
2026-08-10 22:00:00+00:00,2050.364312474515,2050.364312474515,0.0,0,True,64016.0,0.0,8926.412613549212,0.00045321705971534954,-0.7949635687525485
2026-08-10 23:00:00+00:00,2050.364312474515,2050.364312474515,0.0,0,True,63970.01,0.0,8919.999752450469,-0.000718414146463342,-0.7949635687525485
2026-08-11 00:00:00+00:00,2050.364312474515,2050.364312474515,0.0,0,True,64040.0,0.0,8929.75918163727,0.0010941064414402568,-0.7949635687525485
2026-08-11 01:00:00+00:00,2050.364312474515,2050.364312474515,0.0,0,True,64060.8,0.0,8932.659540646922,0.00032479700187404426,-0.7949635687525485
2026-08-11 02:00:00+00:00,2050.364312474515,2050.364312474515,0.0,0,True,64044.59,0.0,8930.39921278411,-0.0002530408611821633,-0.7949635687525485
2026-08-11 03:00:00+00:00,2050.364312474515,2050.364312474515,0.0,0,True,64155.01,0.0,8945.796214795922,0.0017241112793446867,-0.7949635687525485
2026-08-11 04:00:00+00:00,2050.364312474515,2050.364312474515,0.0,0,True,64023.51,0.0,8927.459810480099,-0.0020497230068237116,-0.7949635687525485
2026-08-11 05:00:00+00:00,2050.364312474515,2050.364312474515,0.0,0,True,64000.0,0.0,8924.181568157172,-0.00036720885812102644,-0.7949635687525485
2026-08-11 06:00:00+00:00,2050.364312474515,2050.364312474515,0.0,0,True,63969.28,0.0,8919.897961004457,-0.00047999999999992493,-0.7949635687525485
2026-08-11 07:00:00+00:00,2050.364312474515,2050.364312474515,0.0,0,True,64065.99,0.0,8933.383235995963,0.0015118194233230131,-0.7949635687525485
2026-08-11 08:00:00+00:00,2050.364312474515,2050.364312474515,0.0,0,True,64136.41,0.0,8943.202624527677,0.0010991791432553022,-0.7949635687525485
2026-08-11 09:00:00+00:00,2050.364312474515,2050.364312474515,0.0,0,True,64300.0,0.0,8966.013669257909,0.0025506572631677216,-0.7949635687525485
2026-08-11 10:00:00+00:00,2050.364312474515,2050.364312474515,0.0,0,True,64233.23,0.0,8956.703237956255,-0.0010384136858475612,-0.7949635687525485
2026-08-11 11:00:00+00:00,2050.364312474515,2050.364312474515,0.0,0,True,64389.57,0.0,8978.503340243218,0.0024339426804473874,-0.7949635687525485
2026-08-11 12:00:00+00:00,2050.364312474515,2050.364312474515,0.0,0,True,64330.01,0.0,8970.198273771352,-0.0009249945293935413,-0.7949635687525485
2026-08-11 13:00:00+00:00,2050.364312474515,2050.364312474515,0.0,0,True,64200.28,0.0,8952.108678852024,-0.0020166326726824835,-0.7949635687525485
2026-08-11 14:00:00+00:00,2050.364312474515,2050.364312474515,0.0,0,True,63770.03,0.0,8892.114473856718,-0.0067016841671094785,-0.7949635687525485
2026-08-11 15:00:00+00:00,2050.364312474515,2050.364312474515,0.0,0,True,63609.87,0.0,8869.781709482404,-0.0025115246143055936,-0.7949635687525485
2026-08-11 16:00:00+00:00,2050.364312474515,2050.364312474515,0.0,0,True,63512.59,0.0,8856.216953498804,-0.0015293224149021123,-0.7949635687525485
2026-08-11 17:00:00+00:00,2050.364312474515,2050.364312474515,0.0,0,True,63607.88,0.0,8869.504223211768,0.0015003324537701257,-0.7949635687525485
2026-08-11 18:00:00+00:00,2050.364312474515,2050.364312474515,0.0,0,True,63373.07,0.0,8836.762237680223,-0.0036915237546039092,-0.7949635687525485
2026-08-11 19:00:00+00:00,2050.364312474515,2050.364312474515,0.0,0,True,63536.0,0.0,8859.481251788033,0.0025709658692565363,-0.7949635687525485
2026-08-11 20:00:00+00:00,2050.364312474515,2050.364312474515,0.0,0,True,63740.0,0.0,8887.927080536534,0.0032107781415260384,-0.7949635687525485
2026-08-11 21:00:00+00:00,2050.364312474515,2050.364312474515,0.0,0,True,63672.73,0.0,8878.546929066379,-0.001055381236272357,-0.7949635687525485
2026-08-11 22:00:00+00:00,2050.364312474515,2050.364312474515,0.0,0,True,63668.49,0.0,8877.955702037487,-6.659051685098394e-05,-0.7949635687525485
2026-08-11 23:00:00+00:00,2050.364312474515,2050.364312474515,0.0,0,True,63600.0,0.0,8868.405433356189,-0.0010757283547953023,-0.7949635687525485
2026-08-12 00:00:00+00:00,2050.364312474515,2050.364312474515,0.0,0,True,63742.07,0.0,8888.215722034129,0.002233805031446545,-0.7949635687525485
2026-08-12 01:00:00+00:00,2050.364312474515,2050.364312474515,0.0,0,True,63813.8,0.0,8898.217777407315,0.0011253164511286773,-0.7949635687525485
2026-08-12 02:00:00+00:00,2050.364312474515,2050.364312474515,0.0,0,True,63749.76,0.0,8889.288018225678,-0.0010035446878261522,-0.7949635687525485
2026-08-12 03:00:00+00:00,2050.364312474515,2050.364312474515,0.0,0,True,63835.59,0.0,8901.256182350597,0.0013463580098180827,-0.7949635687525485
2026-08-12 04:00:00+00:00,2050.364312474515,2050.364312474515,0.0,0,True,63769.58,0.0,8892.051725705067,-0.0010340626600299219,-0.7949635687525485
2026-08-12 05:00:00+00:00,2050.364312474515,2050.364312474515,0.0,0,True,63849.94,0.0,8903.257151186583,0.0012601619769172512,-0.7949635687525485
2026-08-12 06:00:00+00:00,2050.364312474515,2050.364312474515,0.0,0,True,63711.97,0.0,8884.018567890354,-0.002160847762738616,-0.7949635687525485
2026-08-12 07:00:00+00:00,2050.364312474515,2050.364312474515,0.0,0,True,63837.99,0.0,8901.590839159404,0.001977964266369314,-0.7949635687525485
2026-08-12 08:00:00+00:00,2050.364312474515,2050.364312474515,0.0,0,True,63794.94,0.0,8895.587932651448,-0.0006743633375675406,-0.7949635687525485
2026-08-12 09:00:00+00:00,2050.364312474515,2050.364312474515,0.0,0,True,64108.81,0.0,8939.35407122641,0.004919982682012103,-0.7949635687525485
2026-08-12 10:00:00+00:00,2050.364312474515,2050.364312474515,0.0,0,True,64143.36,0.0,8944.171734869844,0.0005389274890610363,-0.7949635687525485
2026-08-12 11:00:00+00:00,2050.364312474515,2050.364312474515,0.0,0,True,64240.04,0.0,8957.652826651241,0.0015072487627714182,-0.7949635687525485
2026-08-12 12:00:00+00:00,2050.364312474515,2050.364312474515,0.0,0,True,64119.71,0.0,8940.873970899736,-0.0018731308386482626,-0.7949635687525485
2026-08-12 13:00:00+00:00,2050.364312474515,2050.364312474515,0.0,0,True,63840.0,0.0,8901.87111423678,-0.004362309186987878,-0.7949635687525485
2026-08-12 14:00:00+00:00,2050.364312474515,2050.364312474515,0.0,0,True,63363.39,0.0,8835.412455218038,-0.007465695488721891,-0.7949635687525485
2026-08-12 15:00:00+00:00,2050.364312474515,2050.364312474515,0.0,0,True,63441.47,0.0,8846.29995673119,0.0012322573018901384,-0.7949635687525485
2026-08-12 16:00:00+00:00,2050.364312474515,2050.364312474515,0.0,0,True,63492.12,0.0,8853.362609800366,0.000798373682072695,-0.7949635687525485
2026-08-12 17:00:00+00:00,2050.364312474515,2050.364312474515,0.0,0,True,63471.0,0.0,8850.417629882873,-0.00033263970395081,-0.7949635687525485
2026-08-12 18:00:00+00:00,2050.364312474515,2050.364312474515,0.0,0,True,63386.59,0.0,8838.647471036495,-0.0013298986938918844,-0.7949635687525485
2026-08-12 19:00:00+00:00,2050.364312474515,2050.364312474515,0.0,0,True,63421.11,0.0,8843.46095146982,0.0005445946847748573,-0.7949635687525485
2026-08-12 20:00:00+00:00,2050.364312474515,2050.364312474515,0.0,0,True,63599.99,0.0,8868.40403895282,0.0028205119714870275,-0.7949635687525485
2026-08-12 21:00:00+00:00,2050.364312474515,2050.364312474515,0.0,0,True,63469.83,0.0,8850.254484688581,-0.0020465412022862006,-0.7949635687525485
2026-08-12 22:00:00+00:00,2050.364312474515,2050.364312474515,0.0,0,True,63432.28,0.0,8845.018500034137,-0.0005916196718979139,-0.7949635687525485
2026-08-12 23:00:00+00:00,2050.364312474515,2050.364312474515,0.0,0,True,63479.99,0.0,8851.671198512524,0.0007521407081694242,-0.7949635687525485
2026-08-13 00:00:00+00:00,2050.364312474515,2050.364312474515,0.0,0,True,63556.92,0.0,8862.398343638124,0.0012118779476810726,-0.7949635687525485
2026-08-13 01:00:00+00:00,2050.364312474515,2050.364312474515,0.0,0,True,63456.11,0.0,8848.341363264906,-0.0015861372766333703,-0.7949635687525485
2026-08-13 02:00:00+00:00,2050.364312474515,2050.364312474515,0.0,0,True,63550.01,0.0,8861.434810909437,0.0014797629416616331,-0.7949635687525485
2026-08-13 03:00:00+00:00,2050.364312474515,2050.364312474515,0.0,0,True,63646.99,0.0,8874.957734791935,0.0015260422460987577,-0.7949635687525485
2026-08-13 04:00:00+00:00,2050.364312474515,2050.364312474515,0.0,0,True,63693.74,0.0,8881.4765705468,0.0007345202027622122,-0.7949635687525485
2026-08-13 05:00:00+00:00,2050.364312474515,2050.364312474515,0.0,0,True,63878.0,0.0,8907.169847042873,0.0028929059590472317,-0.7949635687525485
2026-08-13 06:00:00+00:00,2050.364312474515,2050.364312474515,0.0,0,True,63942.35,0.0,8916.14283272898,0.001007389085444066,-0.7949635687525485
2026-08-13 07:00:00+00:00,2050.364312474515,2050.364312474515,0.0,0,True,63865.84,0.0,8905.474252544922,-0.0011965465767210803,-0.7949635687525485
2026-08-13 08:00:00+00:00,2050.364312474515,2050.364312474515,0.0,0,True,63766.8,0.0,8891.6640815682,-0.0015507507612831928,-0.7949635687525485
2026-08-13 09:00:00+00:00,2050.364312474515,2050.364312474515,0.0,0,True,63782.64,0.0,8893.872816506317,0.0002484051261781861,-0.7949635687525485
2026-08-13 10:00:00+00:00,2050.364312474515,2050.364312474515,0.0,0,True,63651.19,0.0,8875.543384207345,-0.002060905600645979,-0.7949635687525485
2026-08-13 11:00:00+00:00,2050.364312474515,2050.364312474515,0.0,0,True,63484.3,0.0,8852.272186365006,-0.0026219462668333193,-0.7949635687525485
2026-08-13 12:00:00+00:00,2050.364312474515,2050.364312474515,0.0,0,False,63697.76,0.0,8882.03712070155,0.003362406138210705,-0.7949635687525485
2026-08-13 13:00:00+00:00,2050.364312474515,2050.364312474515,0.0,0,False,63724.0,0.0,8885.696035144494,0.00041194541220912484,-0.7949635687525485
2026-08-13 14:00:00+00:00,2050.364312474515,2050.364312474515,0.0,0,False,63859.45,0.0,8904.583228791476,0.0021255727826250403,-0.7949635687525485
2026-08-13 15:00:00+00:00,2033.5850611890232,0.0,0.03206535384004233,1,False,63420.01,-0.008183546301213873,8843.307567099118,-0.006881362116335055,-0.7966414938810977
2026-08-13 16:00:00+00:00,2030.9059790527112,2030.9059790527112,0.0,0,False,63160.13,-0.0013174182813604496,8807.069812318918,-0.004097760312557819,-0.7969094020947289
2026-08-13 17:00:00+00:00,2030.9059790527112,2030.9059790527112,0.0,0,False,63144.38,0.0,8804.87362701113,-0.00024936617451543075,-0.7969094020947289
2026-08-13 18:00:00+00:00,2033.5567104870127,-4.547473508864641e-13,0.03212062407971905,1,False,63310.0,0.0013051965288604084,8827.967735625478,0.0026228779188268714,-0.7966443289512988
2026-08-13 19:00:00+00:00,2030.8688963512907,2030.8688963512907,0.0,0,False,63407.99,-0.0013217306022796915,8841.631494248348,0.0015477807613331063,-0.7969131103648709
2026-08-13 20:00:00+00:00,2028.4307995951285,-2.2737367544323206e-13,0.03198633142179053,1,False,63415.55,-0.0012005190293389312,8842.685663196087,0.00011922787648699362,-0.7971569200404871
2026-08-13 21:00:00+00:00,2030.300400666732,-2.2737367544323206e-13,0.03198633142179053,1,False,63474.0,0.0009216982270121576,8850.83595089388,0.0009216982270119356,-0.7969699599333269
2026-08-13 22:00:00+00:00,2032.0919550896665,-2.2737367544323206e-13,0.03198633142179053,1,False,63530.01,0.0008824085452310282,8858.646004169388,0.0008824085452312502,-0.7967908044910333
2026-08-13 23:00:00+00:00,2029.404038139865,2029.404038139865,0.0,0,False,63490.86,-0.0013227339161838714,8853.186914975742,-0.0006162441970337662,-0.7970595961860135
2026-08-14 00:00:00+00:00,2029.404038139865,2029.404038139865,0.0,0,False,63541.45,0.0,8860.241201624696,0.0007968076034881033,-0.7970595961860135
2026-08-14 01:00:00+00:00,2027.8321395851603,-2.2737367544323206e-13,0.031896259674429266,1,False,63575.86,-0.0007745616570987712,8865.03934362095,0.0005415362727794193,-0.7972167860414839
2026-08-14 02:00:00+00:00,2025.1602941713138,2025.1602941713138,0.0,0,False,63465.39,-0.001317587073254023,8849.635369592288,-0.0017376092120501285,-0.7974839705828687
2026-08-14 03:00:00+00:00,2025.1602941713138,2025.1602941713138,0.0,0,False,63310.0,0.0,8827.967735625478,-0.002448421100067155,-0.7974839705828687
2026-08-14 04:00:00+00:00,2024.491884303203,-2.2737367544323206e-13,0.031945875064905115,1,False,63372.56,-0.000330052821020943,8836.691123108352,0.0009881535302480593,-0.7975508115696797
2026-08-14 05:00:00+00:00,2021.8332200746165,2021.8332200746165,0.0,0,False,63379.83,-0.0013132501291807097,8837.704854358359,0.00011471842071686389,-0.7978166779925384
2026-08-14 06:00:00+00:00,2021.8332200746165,2021.8332200746165,0.0,0,False,62974.14,0.0,8781.135304039832,-0.006400932283977534,-0.7978166779925384
2026-08-14 07:00:00+00:00,2021.8332200746165,2021.8332200746165,0.0,0,False,62920.78,0.0,8773.694767657382,-0.0008473319365693843,-0.7978166779925384
2026-08-14 08:00:00+00:00,2019.8005968047207,0.0,0.03209088458684262,1,False,62940.01,-0.001005336765522502,8776.37620533794,0.00030562240328246837,-0.7980199403195279
2026-08-14 09:00:00+00:00,2017.1531558018153,2017.1531558018153,0.0,0,False,62792.75,-0.001310743747226173,8755.842221310957,-0.002339688220577174,-0.7982846844198185
2026-08-14 10:00:00+00:00,2017.1531558018153,2017.1531558018153,0.0,0,False,62814.14,0.0,8758.82485011944,0.00034064442152947905,-0.7982846844198185
2026-08-14 11:00:00+00:00,2017.1531558018153,2017.1531558018153,0.0,0,False,62868.83,0.0,8766.450842150105,0.0008706638346080986,-0.7982846844198185
2026-08-14 12:00:00+00:00,2010.4297490963515,-4.547473508864641e-13,0.03204296455987003,1,False,62741.69,-0.0033331166184012995,8748.722397703612,-0.00202230580718632,-0.7989570250903648
2026-08-14 13:00:00+00:00,2007.7881646560072,2007.7881646560072,0.0,0,False,62668.0,-0.0013139401869335376,8738.4470392699,-0.001174498168602156,-0.7992211835343993
2026-08-14 14:00:00+00:00,2007.7881646560072,2007.7881646560072,0.0,0,False,62620.01,0.0,8731.755297497153,-0.0007657815791152212,-0.7992211835343993
2026-08-14 15:00:00+00:00,2017.038674382182,-2.2737367544323206e-13,0.0320210867494804,1,False,62990.95,0.004607313604600094,8783.479296104844,0.005923665614234297,-0.7982961325617818
2026-08-14 16:00:00+00:00,2021.6026398765857,-2.2737367544323206e-13,0.0320210867494804,1,False,63133.48,0.0022627059918924886,8803.353727337804,0.0022627059918924886,-0.7978397360123415
2026-08-14 17:00:00+00:00,2018.9466091625195,2018.9466091625195,0.0,0,False,63013.69,-0.0013138243202078792,8786.650169368279,-0.001897408474869633,-0.798105339083748
2026-08-14 18:00:00+00:00,2013.6145770938213,-2.2737367544323206e-13,0.03199768404762404,1,False,62930.01,-0.0026409970647565117,8774.981801967915,-0.0013279653992646079,-0.7986385422906179
2026-08-14 19:00:00+00:00,2010.9621229288502,2010.9621229288502,0.0,0,False,62968.05,-0.0013172601128063066,8780.286112387488,0.0006044810734973094,-0.798903787707115
2026-08-14 20:00:00+00:00,2006.3887494710234,0.0,0.03189422372516613,1,False,62907.59,-0.002274221580646163,8771.855549612317,-0.0009601694827776619,-0.7993611250528977
2026-08-14 21:00:00+00:00,2007.0553387468794,0.0,0.03189422372516613,1,False,62928.49,0.0003322333600763727,8774.76985265567,0.00033223336007659476,-0.7992944661253121
2026-08-14 22:00:00+00:00,2005.7282200976751,0.0,0.03189422372516613,1,False,62886.88,-0.0006612267352991141,8768.967740232998,-0.0006612267352991141,-0.7994271779902324
2026-08-14 23:00:00+00:00,2003.0815640969595,2003.0815640969595,0.0,0,False,63043.56,-0.0013195486677586299,8790.815252234543,0.0024914576776586816,-0.799691843590304
2026-08-15 00:00:00+00:00,2003.0815640969595,2003.0815640969595,0.0,0,False,63019.88,0.0,8787.513305054325,-0.00037561330610136334,-0.799691843590304
2026-08-15 01:00:00+00:00,2001.2427085431596,-2.2737367544323206e-13,0.031743018192573476,1,False,63045.13,-0.0009180133184586436,8791.034173563636,0.00040066721802700656,-0.7998757291456841
2026-08-15 02:00:00+00:00,1998.6178692456465,1998.6178692456465,0.0,0,False,63134.41,-0.0013116046775875079,8803.483406851217,0.001416128414677198,-0.8001382130754353
2026-08-15 03:00:00+00:00,1998.6178692456465,1998.6178692456465,0.0,0,False,63051.25,0.0,8791.887548426092,-0.0013171897860455584,-0.8001382130754353
2026-08-15 04:00:00+00:00,1998.2249214268638,-2.2737367544323206e-13,0.03165655273006027,1,False,63122.0,-0.00019660977960278547,8801.752952269017,0.001122103051089507,-0.8001775078573137
2026-08-15 05:00:00+00:00,1995.590894549385,1995.590894549385,0.0,0,False,63089.0,-0.0013181833782744956,8797.151421147935,-0.0005227971230316042,-0.8004409105450615
2026-08-15 06:00:00+00:00,1995.590894549385,1995.590894549385,0.0,0,False,63114.68,0.0,8800.732249002158,0.0004070440171819456,-0.8004409105450615
2026-08-15 07:00:00+00:00,1995.590894549385,1995.590894549385,0.0,0,False,63075.43,0.0,8795.259215774811,-0.0006218838469909116,-0.8004409105450615
2026-08-15 08:00:00+00:00,1988.5678796097607,-2.2737367544323206e-13,0.031596808292806706,1,False,62935.72,-0.0035192658769923613,8775.778006292197,-0.002214967064037565,-0.8011432120390239
2026-08-15 09:00:00+00:00,1985.949811018521,1985.949811018521,0.0,0,False,63030.38,-0.0013165598308635396,8788.97742859285,0.0015040743158258874,-0.8014050188981479
2026-08-15 10:00:00+00:00,1985.949811018521,1985.949811018521,0.0,0,False,63046.1,0.0,8791.169430690528,0.0002494035415936402,-0.8014050188981479
2026-08-15 11:00:00+00:00,1985.949811018521,1985.949811018521,0.0,0,False,63022.01,0.0,8787.81031297214,-0.00038210135123328826,-0.8014050188981479
2026-08-15 12:00:00+00:00,1984.2256988726726,0.0,0.031470604404347347,1,False,63050.13,-0.000868154943434396,8791.731375248648,0.0004461933219837011,-0.8015774301127327
2026-08-15 13:00:00+00:00,1981.6091114446454,1981.6091114446454,0.0,0,False,63060.35,-0.0013186944557335156,8793.156455492814,0.00016209324231386546,-0.8018390888555355
2026-08-15 14:00:00+00:00,1981.6091114446454,1981.6091114446454,0.0,0,False,63040.0,0.0,8790.318844634814,-0.0003227067404477646,-0.8018390888555355
2026-08-15 15:00:00+00:00,1980.9133098944676,-2.2737367544323206e-13,0.03139296424348865,1,False,63100.55,-0.00035112956746075064,8798.761957040313,0.0009605012690354631,-0.8019086690105532
2026-08-15 16:00:00+00:00,1980.790249474633,-2.2737367544323206e-13,0.03139296424348865,1,False,63096.63,-6.212307182751342e-05,8798.215350919263,-6.212307182751342e-05,-0.8019209750525367
2026-08-15 17:00:00+00:00,1978.1918363443801,1978.1918363443801,0.0,0,False,63070.5,-0.0013118063010164605,8794.57177491339,-0.00041412671326501727,-0.8021808163655619
2026-08-15 18:00:00+00:00,1975.1860638959695,-2.2737367544323206e-13,0.031323531031415566,1,False,63057.58,-0.0015194544801909737,8792.770205759318,-0.00020485012803128644,-0.802481393610403
2026-08-15 19:00:00+00:00,1972.6008543273467,1972.6008543273467,0.0,0,False,63126.08,-0.0013088435646024799,8802.321868843987,0.0010863087356032253,-0.8027399145672653
2026-08-15 20:00:00+00:00,1969.3150713268758,0.0,0.03120780344934275,1,False,63103.29,-0.001665711029812611,8799.1440235637,-0.0003610235262510031,-0.8030684928673124
2026-08-15 21:00:00+00:00,1971.0549063691767,0.0,0.03120780344934275,1,False,63159.04,0.0008834721612771546,8806.917822351586,0.0008834721612771546,-0.8028945093630824
2026-08-15 22:00:00+00:00,1970.320898832048,0.0,0.03120780344934275,1,False,63135.52,-0.0003723932472692315,8803.638185625288,-0.0003723932472691205,-0.8029679101167952
2026-08-15 23:00:00+00:00,1967.7326229734088,1967.7326229734088,0.0,0,False,63086.01,-0.001313631632376966,8796.734494540297,-0.0007841861443447229,-0.8032267377026592
2026-08-16 00:00:00+00:00,1967.7326229734088,1967.7326229734088,0.0,0,False,63085.82,0.0,8796.708000876268,-3.0117612445090813e-06,-0.8032267377026592
2026-08-16 01:00:00+00:00,1965.119950903264,-4.547473508864641e-13,0.031150460553294543,1,False,63084.78,-0.0013277576636386845,8796.562982925785,-1.648547962129765e-05,-0.8034880049096735
2026-08-16 02:00:00+00:00,1962.5478494176903,1962.5478494176903,0.0,0,False,63121.91,-0.0013088776002663227,8801.740402638687,0.0005885730282328971,-0.8037452150582309
2026-08-16 03:00:00+00:00,1962.5478494176903,1962.5478494176903,0.0,0,False,63130.0,0.0,8802.868474965035,0.00012816468956633464,-0.8037452150582309
2026-08-16 04:00:00+00:00,1958.734649861791,-2.2737367544323206e-13,0.031046668876130962,1,False,63090.01,-0.0019429842472532544,8797.292255888307,-0.000633454775859188,-0.8041265350138209
2026-08-16 05:00:00+00:00,1956.168378082049,1956.168378082049,0.0,0,False,63069.43,-0.001310168163882297,8794.422573752796,-0.0003262006140117846,-0.8043831621917951
2026-08-16 06:00:00+00:00,1956.168378082049,1956.168378082049,0.0,0,False,63069.31,0.0,8794.405840912357,-1.9026650468489947e-06,-0.8043831621917951
2026-08-16 07:00:00+00:00,1956.168378082049,1956.168378082049,0.0,0,False,63061.02,0.0,8793.249880518606,-0.0001314426937603086,-0.8043831621917951
2026-08-16 08:00:00+00:00,1953.9641413348327,-2.2737367544323206e-13,0.030979691937218088,1,False,63072.42,-0.0011268134031373611,8794.839500360433,0.0001807772852389089,-0.8046035858665167
2026-08-16 09:00:00+00:00,1951.406447333121,1951.406447333121,0.0,0,False,62992.69,-0.0013089769395483453,8783.721922291228,-0.0012641024397033185,-0.804859355266688
2026-08-16 10:00:00+00:00,1951.406447333121,1951.406447333121,0.0,0,False,63008.57,0.0,8785.936234842828,0.0002520927428246722,-0.804859355266688
2026-08-16 11:00:00+00:00,1951.406447333121,1951.406447333121,0.0,0,False,63013.66,0.0,8786.645986158172,8.078266178723759e-05,-0.804859355266688
2026-08-16 12:00:00+00:00,1949.1169464916957,0.0,0.030927573943117872,1,False,63021.98,-0.0011732567782350989,8787.80612976203,0.0001320348635516222,-0.8050883053508304
2026-08-16 13:00:00+00:00,1946.5639866908166,1946.5639866908166,0.0,0,False,63060.01,-0.0013098032960383588,8793.109045778234,0.000603440260048993,-0.8053436013309183
2026-08-16 14:00:00+00:00,1946.5639866908166,1946.5639866908166,0.0,0,False,63102.85,0.0,8799.082669815418,0.0006793528894142309,-0.8053436013309183
2026-08-16 15:00:00+00:00,1945.3637813135929,-2.2737367544323206e-13,0.03080720499324812,1,False,63146.39,-0.0006165763804477642,8805.153902088505,0.0006899846837344903,-0.8054636218686407
2026-08-16 16:00:00+00:00,1949.7809931698132,1949.7809931698132,0.0,0,False,63260.01,0.0022706353940842305,8820.997113178724,0.0017993110928431477,-0.8050219006830187
2026-08-16 17:00:00+00:00,1949.7809931698132,1949.7809931698132,0.0,0,False,63159.3,0.0,8806.954076839207,-0.0015920010129621964,-0.8050219006830187
2026-08-16 18:00:00+00:00,1946.639676961698,-2.2737367544323206e-13,0.030830500904840734,1,False,63140.06,-0.0016111123347286593,8804.27124475528,-0.0003046265553924288,-0.8053360323038302
2026-08-16 19:00:00+00:00,1944.0868554695492,1944.0868554695492,0.0,0,False,63108.81,-0.0013113990854913826,8799.913734223954,-0.0004949314270528138,-0.8055913144530451
2026-08-16 20:00:00+00:00,1940.284276282814,-2.2737367544323206e-13,0.03076505893551707,1,False,63067.79,-0.0019559718620785205,8794.193891600113,-0.000649988488136688,-0.8059715723717186
2026-08-16 21:00:00+00:00,1934.5376692864877,1934.5376692864877,0.0,0,False,62929.61,-0.00296173455950266,8774.926025833114,-0.002190975773845749,-0.8065462330713512
2026-08-16 22:00:00+00:00,1923.8146063625857,1923.8146063625857,0.0,0,False,62913.7,-0.005542958968515199,8772.707530071404,-0.0002528221611417525,-0.8076185393637414
2026-08-16 23:00:00+00:00,1923.8146063625857,1923.8146063625857,0.0,0,False,62900.0,0.0,8770.79719745447,-0.00021775861219408554,-0.8076185393637414
2026-08-17 00:00:00+00:00,1923.8146063625857,1923.8146063625857,0.0,0,False,62917.54,0.0,8773.242980965493,0.0002788553259140958,-0.8076185393637414
2026-08-17 01:00:00+00:00,1927.3667781297863,-2.2737367544323206e-13,0.030536838736756736,1,False,63116.12,0.0018464210404955939,8800.933043087442,0.003156194600106854,-0.8072633221870213
2026-08-17 02:00:00+00:00,1924.845220442717,1924.845220442717,0.0,0,False,63403.34,-0.001308291559075303,8840.983096681286,0.004550659958184822,-0.8075154779557283
2026-08-17 03:00:00+00:00,1924.845220442717,1924.845220442717,0.0,0,False,63429.21,0.0,8844.59041819954,0.0004080226688372157,-0.8075154779557283
2026-08-17 04:00:00+00:00,1925.457137525949,-4.547473508864641e-13,0.03030667699093486,1,False,63532.44,0.0003179045653818324,8858.984844188304,0.0016274836151988215,-0.8074542862474051
2026-08-17 05:00:00+00:00,1922.9383469904615,1922.9383469904615,0.0,0,False,63520.18,-0.0013081519637067052,8857.275305656653,-0.00019297228313619463,-0.8077061653009538
2026-08-17 06:00:00+00:00,1922.9383469904615,1922.9383469904615,0.0,0,False,63667.99,0.0,8877.885981868987,0.0023269770331257877,-0.8077061653009538
2026-08-17 07:00:00+00:00,1922.9383469904615,1922.9383469904615,0.0,0,False,63514.45,0.0,8856.476312525629,-0.0024115729112856865,-0.8077061653009538
2026-08-17 08:00:00+00:00,1916.3847537130214,0.0,0.030236026435008143,1,False,63380.84,-0.0034081140914875574,8837.84568909873,-0.002103615791367086,-0.8083615246286979
2026-08-17 09:00:00+00:00,1913.8743055634075,1913.8743055634075,0.0,0,False,63323.96,-0.0013099917147377793,8829.914322730032,-0.0008974320946203429,-0.8086125694436592
2026-08-17 10:00:00+00:00,1913.8743055634075,1913.8743055634075,0.0,0,False,63692.21,0.0,8881.263226831186,0.0058153343536948565,-0.8086125694436592
2026-08-17 11:00:00+00:00,1913.8743055634075,1913.8743055634075,0.0,0,False,63631.1,0.0,8872.742027836965,-0.0009594579933717151,-0.8086125694436592
2026-08-17 12:00:00+00:00,1909.0703418457354,-2.2737367544323206e-13,0.03003822915107816,1,False,63554.69,-0.0025100727376440313,8862.087391686608,-0.0012008278970502273,-0.8090929658154264
2026-08-17 13:00:00+00:00,1906.5660929782,1906.5660929782,0.0,0,False,63672.36,-0.0013117635388512072,8878.495336141688,0.0018514762639862958,-0.80934339070218
2026-08-17 14:00:00+00:00,1906.5660929782,1906.5660929782,0.0,0,False,63902.63,0.0,8910.604262543242,0.003616482882054184,-0.80934339070218
2026-08-17 15:00:00+00:00,1912.9292472716209,-2.2737367544323206e-13,0.029796405720741763,1,False,64200.0,0.003337494732994717,8952.069635557664,0.004653486092826009,-0.8087070752728379
2026-08-17 16:00:00+00:00,1910.4191980537057,-2.2737367544323206e-13,0.029796405720741763,1,False,64115.76,-0.001312149532710194,8940.323181568576,-0.001312149532710416,-0.8089580801946294
2026-08-17 17:00:00+00:00,1907.915112741317,1907.915112741317,0.0,0,False,64325.99,-0.0013107517527775059,8969.637723616603,0.0032789130160821855,-0.8092084887258684
2026-08-17 18:00:00+00:00,1908.469370978655,-2.2737367544323206e-13,0.029621338554884715,1,False,64428.87,0.0002905046632508679,8983.983345487415,0.0015993535427902827,-0.8091530629021345
2026-08-17 19:00:00+00:00,1905.9705369803555,1905.9705369803555,0.0,0,False,64309.96,-0.0013093393251671914,8967.402495014452,-0.0018456012033115643,-0.8094029463019644
2026-08-17 20:00:00+00:00,1905.9180519731021,-2.2737367544323206e-13,0.029598342110562826,1,False,64392.73,-2.7537155603996055e-05,8978.943971708146,0.001287047916061601,-0.8094081948026898
2026-08-17 21:00:00+00:00,1905.6010537290977,-2.2737367544323206e-13,0.029598342110562826,1,False,64382.02,-0.0001663231237440943,8977.45056569885,-0.00016632312374398328,-0.8094398946270902
2026-08-17 22:00:00+00:00,1902.914412215722,-2.2737367544323206e-13,0.029598342110562826,1,False,64291.25,-0.0014098656736771797,8964.793566309138,-0.0014098656736770687,-0.8097085587784278
2026-08-17 23:00:00+00:00,1900.4112686236226,1900.4112686236226,0.0,0,False,64532.1,-0.0013154262619645696,8998.377771476178,0.003746232963272478,-0.8099588731376377
2026-08-18 00:00:00+00:00,1900.4112686236226,1900.4112686236226,0.0,0,False,64383.71,0.0,8977.686219868385,-0.0022994757647742947,-0.8099588731376377
2026-08-18 01:00:00+00:00,1892.4992630722331,-2.2737367544323206e-13,0.029478154118115052,1,False,64200.06,-0.004163312269306774,8952.078001977883,-0.002852429597486772,-0.8107500736927766
2026-08-18 02:00:00+00:00,1890.0112084822263,1890.0112084822263,0.0,0,False,64103.22,-0.0013146925013687305,8938.574599742566,-0.0015084098052244865,-0.8109988791517774
2026-08-18 03:00:00+00:00,1890.0112084822263,1890.0112084822263,0.0,0,False,64185.01,0.0,8949.979424905996,0.0012759109448792216,-0.8109988791517774
2026-08-18 04:00:00+00:00,1888.2789931941436,-2.2737367544323206e-13,0.02940771815487205,1,False,64210.32,-0.0009165105901534076,8953.508659835528,0.0003943288316072824,-0.8111721006805857
2026-08-18 05:00:00+00:00,1889.2329795710878,-2.2737367544323206e-13,0.02940771815487205,1,False,64242.76,0.0005052147380670835,8958.032104367889,0.0005052147380670835,-0.8110767020428913
2026-08-18 06:00:00+00:00,1886.7633778477125,1886.7633778477125,0.0,0,False,64318.03,-0.0013071980798979865,8968.527778534062,0.0011716495368503388,-0.8113236622152288
2026-08-18 07:00:00+00:00,1886.7633778477125,1886.7633778477125,0.0,0,False,64198.97,0.0,8951.92601201055,-0.001851113910049773,-0.8113236622152288
2026-08-18 08:00:00+00:00,1887.1353380464589,0.0,0.029350733343159637,1,False,64296.02,0.00019714194324182976,8965.45869671664,0.0015117064962257842,-0.811286466195354
2026-08-18 09:00:00+00:00,1884.6559316797823,1884.6559316797823,0.0,0,False,64171.95,-0.0013138466100917068,8948.158334104744,-0.0019296684304876965,-0.8115344068320218
2026-08-18 10:00:00+00:00,1884.6559316797823,1884.6559316797823,0.0,0,False,64202.8,0.0,8952.46006850127,0.00048073963780126405,-0.8115344068320218
2026-08-18 11:00:00+00:00,1884.6559316797823,1884.6559316797823,0.0,0,False,64351.19,0.0,8973.151620109064,0.0023112699134615333,-0.8115344068320218
2026-08-18 12:00:00+00:00,1878.6364015379172,-2.2737367544323206e-13,0.02924857257615547,1,False,64230.02,-0.0031939676843294462,8956.255634474477,-0.0018829488623286483,-0.8121363598462082
2026-08-18 13:00:00+00:00,1876.1630648944517,1876.1630648944517,0.0,0,False,64219.99,-0.0013165595223433302,8954.857047894342,-0.00015615751014874668,-0.8123836935105548
2026-08-18 14:00:00+00:00,1876.1630648944517,1876.1630648944517,0.0,0,False,64714.16,0.0,9023.764279230847,0.007694956040946277,-0.8123836935105548
2026-08-18 15:00:00+00:00,1877.7918188963358,-4.547473508864641e-13,0.028953667129385685,1,False,64855.06,0.000868130298671943,9043.411422714493,0.0021772669227260177,-0.8122208181103664
2026-08-18 16:00:00+00:00,1877.3557766693673,-4.547473508864641e-13,0.028953667129385685,1,False,64840.0,-0.00023221010049179203,9041.311451239235,-0.00023221010049190305,-0.8122644223330633
2026-08-18 17:00:00+00:00,1874.8866276998767,1874.8866276998767,0.0,0,False,64670.02,-0.001315226980509343,9017.609382755558,-0.0026215299198025788,-0.8125113372300123
2026-08-18 18:00:00+00:00,1875.3753233694183,0.0,0.02895348797890166,1,False,64772.0,0.00026065345089221204,9031.829508323068,0.0015769285365923036,-0.8124624676630582
2026-08-18 19:00:00+00:00,1872.8990284304323,1872.8990284304323,0.0,0,False,64643.26,-0.0013204263211360479,9013.877959337371,-0.001987587229049681,-0.8127100971569567
2026-08-18 20:00:00+00:00,1868.6643202756395,0.0,0.028934579848711693,1,False,64582.39,-0.0022610445574001714,9005.390226024032,-0.000941629490839313,-0.8131335679724361
2026-08-18 21:00:00+00:00,1869.3063786024825,0.0,0.028934579848711693,1,False,64604.58,0.0003435921154357757,9008.484407102118,0.00034359211543599777,-0.8130693621397518
2026-08-18 22:00:00+00:00,1870.1576339416315,0.0,0.028934579848711693,1,False,64634.0,0.0004553856707991688,9012.586741816729,0.0004553856707991688,-0.8129842366058369
2026-08-18 23:00:00+00:00,1867.6925126763012,1867.6925126763012,0.0,0,False,64725.42,-0.0013181355521002525,9025.334377425494,0.0014144258439829915,-0.8132307487323699
2026-08-19 00:00:00+00:00,1867.6925126763012,1867.6925126763012,0.0,0,False,64488.0,0.0,8992.22845261437,-0.0036681106124919483,-0.8132307487323699
2026-08-19 01:00:00+00:00,1862.70464814229,-2.2737367544323206e-13,0.02892376963870906,1,False,64400.48,-0.0026706026287293128,8980.024634319916,-0.0013571517181490966,-0.813729535185771
2026-08-19 02:00:00+00:00,1860.2562296123601,1860.2562296123601,0.0,0,False,64351.9,-0.0013144427015692184,8973.250622748337,-0.0007543422036605518,-0.813974377038764
2026-08-19 03:00:00+00:00,1860.2562296123601,1860.2562296123601,0.0,0,False,64330.71,0.0,8970.295882007254,-0.0003292832068673146,-0.813974377038764
2026-08-19 04:00:00+00:00,1857.394374548716,-2.2737367544323206e-13,0.02887909728756939,1,False,64316.22,-0.0015384198252303971,8968.275391524088,-0.00022524234537446564,-0.8142605625451284
2026-08-19 05:00:00+00:00,1854.9586804533237,1854.9586804533237,0.0,0,False,64236.01,-0.0013113499904855441,8957.090882093122,-0.0012471193114271806,-0.8145041319546676
2026-08-19 06:00:00+00:00,1854.9586804533237,1854.9586804533237,0.0,0,False,64339.8,0.0,8971.563394670608,0.001615760381132203,-0.8145041319546676
2026-08-19 07:00:00+00:00,1854.9586804533237,1854.9586804533237,0.0,0,False,64296.0,0.0,8965.455907909898,-0.0006807605867599209,-0.8145041319546676
2026-08-19 08:00:00+00:00,1855.9311033206936,-2.2737367544323206e-13,0.028812564721162014,1,False,64413.95,0.0005242288562095077,8981.902895659337,0.0018344842602961986,-0.8144068896679306
2026-08-19 09:00:00+00:00,1853.4965527491165,1853.4965527491165,0.0,0,False,64427.06,-0.0013117677521655713,8983.730958477441,0.0002035273415155192,-0.8146503447250883
2026-08-19 10:00:00+00:00,1853.4965527491165,1853.4965527491165,0.0,0,False,64456.71,0.0,8987.865364469562,0.00046021035260634946,-0.8146503447250883
2026-08-19 11:00:00+00:00,1853.4965527491165,1853.4965527491165,0.0,0,False,64515.63,0.0,8996.081189125747,0.000914101883263907,-0.8146503447250883
2026-08-19 12:00:00+00:00,1861.5827370224788,-2.2737367544323206e-13,0.02869175477419412,1,False,64882.15,0.004362664857060938,9047.188861443889,0.005681103943339094,-0.8138417262977521
2026-08-19 13:00:00+00:00,1867.7485949565428,1867.7485949565428,0.0,0,False,65012.12,0.0033121589556239783,9065.311922044099,0.0020031703634975084,-0.8132251405043457
2026-08-19 14:00:00+00:00,1867.7485949565428,1867.7485949565428,0.0,0,False,65923.21,0.0,9192.354618683667,0.014014156129657174,-0.8132251405043457
2026-08-19 15:00:00+00:00,1892.5623824114466,1892.5623824114466,0.0,0,False,68554.0,0.013285400145345072,9559.192862866355,0.03990688560220268,-0.8107437617588553
2026-08-19 16:00:00+00:00,1889.1683762304237,585.3756232459168,0.01904312585029617,1,False,68465.27,-0.0017933391324720382,9546.820321764128,-0.0012943081366514342,-0.8110831623769577
2026-08-19 17:00:00+00:00,1887.458935839747,1887.458935839747,0.0,0,False,68197.29,-0.0009048639666981995,9509.453100254208,-0.003914101266233372,-0.8112541064160252
2026-08-19 18:00:00+00:00,1889.4459299366358,644.5309280225083,0.018201578804753427,1,False,68395.99,0.001052735007453176,9537.159895216597,0.0029136055113041515,-0.8110554070063364
2026-08-19 19:00:00+00:00,1887.8030523034836,1887.8030523034836,0.0,0,False,68429.44,-0.0008695023271755309,9541.82417448933,0.0004890637594396896,-0.8112196947696516
2026-08-19 20:00:00+00:00,1897.7481190835565,598.1072633042104,0.018822264604962776,1,False,69048.06,0.005268063725152983,9628.084755765789,0.009040261033847363,-0.8102251880916443
2026-08-19 21:00:00+00:00,1910.197164893279,598.1072633042104,0.018822264604962776,1,False,69709.46,0.0065599041751305265,9720.310594659215,0.009578835379299822,-0.8089802835106721
2026-08-19 22:00:00+00:00,1901.7166053528667,598.1072633042104,0.018822264604962776,1,False,69258.9,-0.004439625236741462,9657.484356419385,-0.006463398224574202,-0.8098283394647133
2026-08-19 23:00:00+00:00,1900.0002173607063,1900.0002173607063,0.0,0,False,69334.79,-0.0009025466714279728,9668.066483594503,0.0010957436517184949,-0.8099999782639293
2026-08-20 00:00:00+00:00,1900.0002173607063,1900.0002173607063,0.0,0,False,69420.0,0.0,9679.948194710483,0.0012289645645426894,-0.8099999782639293
2026-08-20 01:00:00+00:00,1903.4881689997642,749.1005749936285,0.016557025308627987,1,False,69721.92,0.0018357638105446217,9722.048021258262,0.0043491789109764145,-0.8096511831000236
2026-08-20 02:00:00+00:00,1901.9669447034046,1901.9669447034046,0.0,0,False,69301.27,-0.0007991771743761644,9663.392443498182,-0.006033253243742931,-0.8098033055296595
2026-08-20 03:00:00+00:00,1901.9669447034046,1901.9669447034046,0.0,0,False,69195.64,0.0,9648.663360700612,-0.0015242144913073519,-0.8098033055296595
2026-08-20 04:00:00+00:00,1905.4196088420838,736.1531930535532,0.01682591158017347,1,False,69492.01,0.0018153123787425507,9689.98929337803,0.004283073326585507,-0.8094580391157916
2026-08-20 05:00:00+00:00,1903.9814981793263,736.1531930535532,0.01682591158017347,1,False,69406.54,-0.0007547474876840043,9678.071327774427,-0.0012299255698607903,-0.8096018501820674
2026-08-20 06:00:00+00:00,1902.4469645596062,1902.4469645596062,0.0,0,False,69851.99,-0.0008059603631587198,9740.185025892173,0.00641798308920194,-0.8097553035440394
2026-08-20 07:00:00+00:00,1902.4469645596062,1902.4469645596062,0.0,0,False,69816.45,0.0,9735.229316315106,-0.0005087900860090144,-0.8097553035440394
2026-08-20 08:00:00+00:00,1932.0800999257826,672.3471420352198,0.017595977180311275,1,False,71592.1,0.015576326656252526,9982.826550713517,0.025433117839706698,-0.8067919900074217
2026-08-20 09:00:00+00:00,1930.431294387193,1930.431294387193,0.0,0,False,71789.97,-0.000853383634898397,10010.417610196193,0.002763852436232561,-0.8069568705612807
2026-08-20 10:00:00+00:00,1930.431294387193,1930.431294387193,0.0,0,False,71995.99,0.0,10039.145108425439,0.002869760218593198,-0.8069568705612807
2026-08-20 11:00:00+00:00,1930.431294387193,1930.431294387193,0.0,0,False,71927.07,0.0,10029.53488039923,-0.0009572755371514141,-0.8069568705612807
2026-08-20 12:00:00+00:00,1929.3868700840244,850.09085897571,0.015000214185842605,1,False,71952.04,-0.0005410315851205327,10033.01670561418,0.00034715719686606583,-0.8070613129915976
2026-08-20 13:00:00+00:00,1925.4860643849963,850.09085897571,0.015000214185842605,1,False,71691.99,-0.00202178513781337,9996.755245976692,-0.003614213023008017,-0.8074513935615004
2026-08-20 14:00:00+00:00,1924.0754922942829,1924.0754922942829,0.0,0,False,71826.85,-0.000732579745345463,10015.560169824845,0.0018811027563889748,-0.8075924507705717
2026-08-20 15:00:00+00:00,1932.1298019165167,869.9561166071499,0.0146565685160411,1,False,72470.83,0.004186067362996093,10105.356958047685,0.00896572799725992,-0.8067870198083483
2026-08-20 16:00:00+00:00,1937.4987960953129,869.9561166071499,0.0146565685160411,1,False,72837.15,0.002778795800090883,10156.436742298423,0.005054723396985983,-0.8062501203904687
2026-08-20 17:00:00+00:00,1936.0946295067129,1936.0946295067129,0.0,0,False,72737.5,-0.0007247315928298192,10142.541512716129,-0.0013681205264072238,-0.8063905370493287
2026-08-20 18:00:00+00:00,1930.2607716743732,878.7637344959437,0.01451715164782809,1,False,72431.36,-0.003013209036082043,10099.8532479462,-0.004208833132840484,-0.8069739228325626
2026-08-20 19:00:00+00:00,1928.8757736044886,1928.8757736044886,0.0,0,False,72690.76,-0.0007175186328235439,10136.024071364634,0.003581321681658256,-0.8071124226395512
2026-08-20 20:00:00+00:00,1927.128714601268,822.1320742822672,0.015205312109850124,1,False,72671.75,-0.0009057395126881307,10133.373310558218,-0.0002615187955112841,-0.8072871285398732
2026-08-20 21:00:00+00:00,1928.193998767684,822.1320742822672,0.015205312109850124,1,False,72741.81,0.0005527830903793163,10143.14250056861,0.0009640610003200933,-0.8071806001232316
2026-08-20 22:00:00+00:00,1927.196682346399,822.1320742822672,0.015205312109850124,1,False,72676.22,-0.0005172282570748976,10133.99660886462,-0.0009016822649862144,-0.8072803317653601
2026-08-20 23:00:00+00:00,1925.7365163889,1925.7365163889,0.0,0,False,73025.15,-0.0007576631751571306,10182.651525654885,0.004801157792741373,-0.8074263483611099
2026-08-21 00:00:00+00:00,1925.7365163889,1925.7365163889,0.0,0,False,73708.02,0.0,10277.871148583754,0.009351161894224358,-0.8074263483611099
2026-08-21 01:00:00+00:00,1946.2078959859223,785.1761697534312,0.015453795097227687,1,False,75129.23,0.010630415647624458,10476.045149935013,0.019281619557817375,-0.8053792104014078
2026-08-21 02:00:00+00:00,1944.6864707089546,1944.6864707089546,0.0,0,False,74439.74,-0.0007817383128008171,10379.90243197519,-0.009177386750802596,-0.8055313529291046
2026-08-21 03:00:00+00:00,1944.6864707089546,1944.6864707089546,0.0,0,False,74510.77,0.0,10389.806879112475,0.0009541946277620283,-0.8055313529291046
2026-08-21 04:00:00+00:00,1950.252584944912,948.8954106702744,0.013346802098934206,1,False,75026.0,0.00286221677365206,10461.65072394625,0.006914839291017882,-0.8049747415055089
2026-08-21 05:00:00+00:00,1956.215001846569,948.8954106702744,0.013346802098934206,1,False,75472.73,0.0030572536848223475,10523.942905695356,0.005954335830245405,-0.8043784998153432
2026-08-21 06:00:00+00:00,1954.889680456175,1954.889680456175,0.0,0,False,75646.21,-0.0006774927035847478,10548.133015358544,0.002298578572684562,-0.8045110319543824
2026-08-21 07:00:00+00:00,1954.889680456175,1954.889680456175,0.0,0,False,76308.65,0.0,10640.50387220245,0.00875708115449525,-0.8045110319543824
2026-08-21 08:00:00+00:00,1991.621624188976,1991.621624188976,0.0,0,False,79258.03,0.018789778318452077,11051.766413350753,0.03865066411212892,-0.8008378375811024
2026-08-21 09:00:00+00:00,1969.7591431931241,1969.7591431931241,0.0,0,False,77910.71,-0.010977226160995723,10863.895658500605,-0.01699916084212527,-0.8030240856806876
2026-08-21 10:00:00+00:00,1969.7591431931241,1969.7591431931241,0.0,0,False,77810.02,0.0,10849.855410967826,-0.0012923768760420007,-0.8030240856806876
2026-08-21 11:00:00+00:00,1969.7591431931241,1969.7591431931241,0.0,0,False,76722.32,0.0,10698.186156410256,-0.013978919424516123,-0.8030240856806876
2026-08-21 12:00:00+00:00,1973.6461622322083,1224.2780489030404,0.009703866837303074,1,False,77223.66,0.0019733473772753918,10768.093174963067,0.006534473931445239,-0.8026353837767792
2026-08-21 13:00:00+00:00,1974.0654663182481,1224.2780489030404,0.009703866837303074,1,False,77266.87,0.00021245149919146833,10774.118391924942,0.0005595435388583425,-0.8025934533681752
2026-08-21 14:00:00+00:00,1973.0800069135976,1973.0800069135976,0.0,0,False,77384.68,-0.0004992030008450499,10790.545858027202,0.0015247155734405826,-0.8026919993086402
2026-08-21 15:00:00+00:00,1970.5491700587845,1231.674018428901,0.009568197443653783,1,False,77221.98,-0.0012826833407388882,10767.858915196903,-0.0021024833339106097,-0.8029450829941216
2026-08-21 16:00:00+00:00,1973.0754612298324,1231.674018428901,0.009568197443653783,1,False,77486.01,0.0012820239197444128,10804.675347375662,0.003419104249852145,-0.8026924538770168
2026-08-21 17:00:00+00:00,1972.099334699938,1972.099334699938,0.0,0,False,77392.68,-0.0004947233641464654,10791.66138072322,-0.0012044754917696077,-0.8027900665300062
2026-08-21 18:00:00+00:00,1968.5107289429998,1174.7790509072506,0.01028869517584514,1,False,77146.0,-0.001819688133247288,10757.264238391455,-0.0031873815456447963,-0.8031489271057
2026-08-21 19:00:00+00:00,1967.4649227604443,1967.4649227604443,0.0,0,False,77028.94,-0.0005312677077036199,10740.941352541948,-0.0015173826251523304,-0.8032535077239555
2026-08-21 20:00:00+00:00,1971.6206225870555,1144.9238166255618,0.01066427734454074,1,False,77520.19,0.0021122103771895606,10809.441418094404,0.006377473193841077,-0.8028379377412944
2026-08-21 21:00:00+00:00,1982.1245092003342,1144.9238166255618,0.01066427734454074,1,False,78505.15,0.005327539432761652,10946.784572428343,0.012705851211149088,-0.8017875490799666
2026-08-21 22:00:00+00:00,1981.6445100770566,1144.9238166255618,0.01066427734454074,1,False,78460.14,-0.00024216396147147545,10940.508362859862,-0.0005733381822721206,-0.8018355489922944
2026-08-21 23:00:00+00:00,1980.5411856463147,1980.5411856463147,0.0,0,False,78338.03,-0.0005567721279630122,10923.481303308494,-0.001556331660891641,-0.8019458814353685
2026-08-22 00:00:00+00:00,1980.5411856463147,1980.5411856463147,0.0,0,False,77953.3,0.0,10869.83442245354,-0.00491115234835493,-0.8019458814353685
2026-08-22 01:00:00+00:00,1978.0179105091743,1110.1632751098468,0.01115064273278813,1,False,77830.01,-0.0012740331559008,10852.642823304506,-0.0015815879507345976,-0.8021982089490826
2026-08-22 02:00:00+00:00,1976.8696615001968,1976.8696615001968,0.0,0,False,78470.0,-0.0005805048593729989,10941.883244582708,0.008222920696014269,-0.8023130338499803
2026-08-22 03:00:00+00:00,1976.8696615001968,1976.8696615001968,0.0,0,False,78410.98,0.0,10933.653475892823,-0.0007521345737224738,-0.8023130338499803
2026-08-22 04:00:00+00:00,1976.3324227702774,1031.119204637545,0.012045536104660791,1,False,78470.0,-0.0002717623424458582,10941.883244582708,0.0007527007059471291,-0.8023667577229723
2026-08-22 05:00:00+00:00,1954.9347296422884,1954.9347296422884,0.0,0,False,77380.75,-0.010826970645958056,10789.997857502782,-0.013881101057729217,-0.8045065270357712
2026-08-22 06:00:00+00:00,1954.9347296422884,1954.9347296422884,0.0,0,False,77486.09,0.0,10804.68650260262,0.0013613204834534987,-0.8045065270357712
2026-08-22 07:00:00+00:00,1954.9347296422884,1954.9347296422884,0.0,0,False,77289.18,0.0,10777.229305843468,-0.0025412303034001438,-0.8045065270357712
2026-08-22 08:00:00+00:00,1952.8401566050916,1059.0184337159722,0.011576419581120967,1,False,77210.55,-0.0010714286290162134,10766.265112144965,-0.00101734809451981,-0.8047159843394909
2026-08-22 09:00:00+00:00,1951.1203637121203,1059.0184337159722,0.011576419581120967,1,False,77061.99,-0.0008806623968451444,10745.54985567988,-0.0019240893893387456,-0.804887963628788
2026-08-22 10:00:00+00:00,1949.9460479426511,1949.9460479426511,0.0,0,False,76976.0,-0.0006018674149015357,10733.559381101039,-0.0011158549110916738,-0.8050053952057349
2026-08-22 11:00:00+00:00,1949.9460479426511,1949.9460479426511,0.0,0,False,77130.02,0.0,10755.035981806157,0.0020008833922262603,-0.8050053952057349
2026-08-22 12:00:00+00:00,1950.8245269777492,957.6567137014381,0.012848180391560224,1,False,77300.27,0.0004505145339919192,10778.775699180826,0.002207311757471464,-0.8049175473022251
2026-08-22 13:00:00+00:00,1950.6748456761875,957.6567137014381,0.012848180391560224,1,False,77288.62,-7.672719893137003e-05,10777.151219254745,-0.00015071098716745723,-0.8049325154323812
2026-08-22 14:00:00+00:00,1949.3610155258666,1949.3610155258666,0.0,0,False,77003.62,-0.0006735259611477806,10737.410723209045,-0.003687476888576957,-0.8050638984474133
2026-08-22 15:00:00+00:00,1947.5184036689723,827.7243135334634,0.01454677981122224,1,False,76978.83,-0.0009452388973713033,10733.953997254755,-0.0003219329169198426,-0.8052481596331028
2026-08-22 16:00:00+00:00,1952.0159770510058,827.7243135334634,0.01454677981122224,1,False,77288.01,0.002309386845105399,10777.066160649174,0.004016428932474003,-0.8047984022948994
2026-08-22 17:00:00+00:00,1950.530746299978,1950.530746299978,0.0,0,False,77278.01,-0.0007608701816423924,10775.67175727915,-0.00012938617516478068,-0.8049469253700022
2026-08-22 18:00:00+00:00,1948.5729458886922,715.332912026965,0.015962648122297553,1,False,77257.86,-0.001003727018915046,10772.862034488551,-0.00026074687999844137,-0.8051427054111308
2026-08-22 19:00:00+00:00,1946.9328275903704,1946.9328275903704,0.0,0,False,77418.25,-0.0008417022836031407,10795.226870140375,0.0020760347231985055,-0.8053067172409629
2026-08-22 20:00:00+00:00,1943.2930243518806,600.2755727837437,0.017371466741551465,1,False,77311.69,-0.001869506326520054,10780.368107829392,-0.0013764196426554465,-0.8056706975648119
2026-08-22 21:00:00+00:00,1935.3771943870904,600.2755727837437,0.017371466741551465,1,False,76856.01,-0.004073410373831909,10716.827935064113,-0.0058940633686832555,-0.806462280561291
2026-08-22 22:00:00+00:00,1937.8395997977052,600.2755727837437,0.017371466741551465,1,False,76997.76,0.0012723129205800543,10736.593602834211,0.0018443580404448046,-0.8062160400202295
2026-08-22 23:00:00+00:00,1936.0818448137559,1936.0818448137559,0.0,0,False,77074.93,-0.0009070693901254145,10747.35421364069,0.0010022369481916815,-0.8063918155186244
2026-08-23 00:00:00+00:00,1936.0818448137559,1936.0818448137559,0.0,0,False,77302.65,0.0,10779.10756718289,0.002954527496813686,-0.8063918155186244
2026-08-23 01:00:00+00:00,1931.8159861193162,397.04105678718884,0.019883005094709808,1,False,77190.29,-0.0022033462613508803,10763.440050917294,-0.0014535077387385353,-0.8068184013880684
2026-08-23 02:00:00+00:00,1929.7842578091347,1929.7842578091347,0.0,0,False,77079.46,-0.0010517193794751245,10747.985878367313,-0.0014358023528605601,-0.8070215742190865
2026-08-23 03:00:00+00:00,1929.7842578091347,1929.7842578091347,0.0,0,False,76927.87,0.0,10726.84811768111,-0.001966671795573194,-0.8070215742190865
2026-08-23 04:00:00+00:00,1920.4385597511027,245.0442538616528,0.021871417272257252,1,False,76602.0,-0.0048428719532835895,10681.40869506212,-0.004236046051970366,-0.8079561440248897
2026-08-23 05:00:00+00:00,1906.6196264552643,1906.6196264552643,0.0,0,False,76053.37,-0.007195717470716345,10604.907542972462,-0.007162084540873748,-0.8093380373544736
2026-08-23 06:00:00+00:00,1906.6196264552643,1906.6196264552643,0.0,0,False,76096.95,0.0,10610.98435285903,0.0005730186578190022,-0.8093380373544736
2026-08-23 07:00:00+00:00,1906.6196264552643,1906.6196264552643,0.0,0,False,76007.13,0.0,10598.45982178947,-0.0011803363998161842,-0.8093380373544736
2026-08-23 08:00:00+00:00,1913.8982315661392,444.9769350967729,0.019204977198840817,1,False,76486.49,0.00381754441729254,10665.301941734966,0.006306776745812925,-0.8086101768433861
2026-08-23 09:00:00+00:00,1915.1175555684933,444.9769350967729,0.019204977198840817,1,False,76549.98,0.0006370892570166653,10674.155008731252,0.0008300812339538943,-0.8084882444431507
2026-08-23 10:00:00+00:00,1913.172219874094,1913.172219874094,0.0,0,False,76790.35,-0.0010157787383562322,10707.672282536534,0.003140040010461309,-0.8086827780125906
2026-08-23 11:00:00+00:00,1913.172219874094,1913.172219874094,0.0,0,False,77311.02,0.0,10780.274682803602,0.00678040925715262,-0.8086827780125906
2026-08-23 12:00:00+00:00,1909.1523545709317,408.1952951485175,0.019440938002518122,1,False,77206.0,-0.0021011518259589357,10765.630658611602,-0.0013584091892722139,-0.8090847645429068
2026-08-23 13:00:00+00:00,1914.6273115312008,408.1952951485175,0.019440938002518122,1,False,77487.62,0.0028677422978635736,10804.899846318234,0.0036476439654948845,-0.8085372688468799
2026-08-23 14:00:00+00:00,1912.648051052268,1912.648051052268,0.0,0,False,77186.0,-0.001033757570996885,10762.841851871553,-0.0038924927620695993,-0.8087351948947732
2026-08-23 15:00:00+00:00,1910.1979223599458,470.80154200113293,0.018655632162458288,1,False,77156.13,-0.0012810138754876244,10758.676769005291,-0.0003869872774854288,-0.8089802077640054
2026-08-23 16:00:00+00:00,1915.3049016644188,470.80154200113293,0.018655632162458288,1,False,77429.88,0.0026735341111479016,10796.848561259714,0.0035480006578869627,-0.8084695098335581
2026-08-23 17:00:00+00:00,1913.3912708561925,1913.3912708561925,0.0,0,False,77176.41,-0.0009991259389371399,10761.504619039702,-0.003273542461902257,-0.8086608729143807
2026-08-23 18:00:00+00:00,1914.6604222354304,369.2351751356043,0.019981712998553,1,False,77341.98,0.0006632994508593004,10784.591755637197,0.00214534467203098,-0.808533957776457
2026-08-23 19:00:00+00:00,1912.6266376715269,1912.6266376715269,0.0,0,False,77346.01,-0.0010622168507191665,10785.153700195317,5.210624294860189e-05,-0.8087373362328474
2026-08-23 20:00:00+00:00,1911.6285039917814,263.760380813854,0.02128984572900208,1,False,77401.6,-0.000521865407542732,10792.905188529285,0.0007187183928429874,-0.8088371496008219
2026-08-23 21:00:00+00:00,1920.8178401037903,263.760380813854,0.02128984572900208,1,False,77833.23,0.004807072133952817,10853.091821189653,0.005576499710600258,-0.807918215989621
2026-08-23 22:00:00+00:00,1915.828564757199,263.760380813854,0.02128984572900208,1,False,77598.88,-0.0025974744936363425,10820.41397821313,-0.0030109247682511553,-0.8084171435242801
2026-08-23 23:00:00+00:00,1913.6524266681856,1913.6524266681856,0.0,0,False,77734.0,-0.0011358730781264592,10839.2551565489,0.0017412622450219128,-0.8086347573331815
2026-08-24 00:00:00+00:00,1913.6524266681856,1913.6524266681856,0.0,0,False,77679.5,0.0,10831.655658182266,-0.0007011089098720724,-0.8086347573331815
2026-08-24 01:00:00+00:00,1895.9818482276955,314.9838954412878,0.020553234412300336,1,False,76922.1,-0.00923395397943605,10726.043546936608,-0.00975032022605693,-0.8104018151772304
2026-08-24 02:00:00+00:00,1893.90257559964,1893.90257559964,0.0,0,False,77478.69,-0.0010966732777527577,10803.654644108803,0.007235761894175852,-0.810609742440036
2026-08-24 03:00:00+00:00,1893.90257559964,1893.90257559964,0.0,0,False,76933.02,0.0,10727.566235416672,-0.0070428397795574416,-0.810609742440036
2026-08-24 04:00:00+00:00,1891.3608007133473,459.75299218895634,0.018617106219978075,1,False,76897.44,-0.001342083230172375,10722.604948226126,-0.0004624802198066602,-0.8108639199286652
2026-08-24 05:00:00+00:00,1896.0515667965328,459.75299218895634,0.018617106219978075,1,False,77149.4,0.002480101142741331,10757.738335537264,0.003276572015921353,-0.8103948433203467
2026-08-24 06:00:00+00:00,1894.1631087664337,1894.1631087664337,0.0,0,False,77464.33,-0.0009959950790209282,10801.652280869448,0.004082079705091779,-0.8105836891233567
2026-08-24 07:00:00+00:00,1894.1631087664337,1894.1631087664337,0.0,0,False,77307.15,0.0,10779.735048699402,-0.0020290629248326253,-0.8105836891233567
2026-08-24 08:00:00+00:00,1887.2194267860168,431.6231623858964,0.018893671997693196,1,False,77041.47,-0.003665831072456549,10742.688539964589,-0.003436680824477456,-0.8112780573213983
2026-08-24 09:00:00+00:00,1896.9045119887544,431.6231623858964,0.018893671997693196,1,False,77554.08,0.005131933820346157,10814.167051115419,0.0066536892403534775,-0.8103095488011246
2026-08-24 10:00:00+00:00,1894.971070210245,1894.971070210245,0.0,0,False,77617.22,-0.0010192615212256673,10822.971313993752,0.0008141415641831351,-0.8105028929789755
2026-08-24 11:00:00+00:00,1894.971070210245,1894.971070210245,0.0,0,False,78443.65,0.0,10938.208991702691,0.010647508375074555,-0.8105028929789755
2026-08-24 12:00:00+00:00,1905.4373647441394,554.6225366908714,0.017064363298343873,1,False,79159.99,0.005523194891166927,11038.095682711031,0.009131905514340621,-0.8094562635255861
2026-08-24 13:00:00+00:00,1895.8471925704703,554.6225366908714,0.017064363298343873,1,False,78597.99,-0.005033055586666779,10959.730213315652,-0.007099546121721256,-0.810415280742953
2026-08-24 14:00:00+00:00,1894.090783531836,1894.090783531836,0.0,0,False,79510.92,-0.0009264507421892221,11087.029480175303,0.01161518252565985,-0.8105909216468163
2026-08-24 15:00:00+00:00,1887.3365118012591,850.0058892549489,0.013114165504483632,1,False,79100.01,-0.0035659704325167185,11029.732051297624,-0.005167969380809545,-0.8112663488198741
2026-08-24 16:00:00+00:00,1886.6491983871695,850.0058892549489,0.013114165504483632,1,False,79047.6,-0.000364171100273869,11022.423983235327,-0.0006625789301415441,-0.8113350801612831
2026-08-24 17:00:00+00:00,1885.2886659922328,1885.2886659922328,0.0,0,False,78761.14,-0.000721136921532417,10982.479904297601,-0.003623892439492349,-0.8114711334007767
2026-08-24 18:00:00+00:00,1886.071620935336,916.6259292525633,0.012282604307359427,1,False,78928.35,0.0004152971145621187,11005.795723047784,0.002123001266868707,-0.8113928379064664
2026-08-24 19:00:00+00:00,1884.7936896607157,1884.7936896607157,0.0,0,False,78758.0,-0.0006775624321129214,10982.042061639415,-0.0021582865979081767,-0.8115206310339285
2026-08-24 20:00:00+00:00,1885.7146828829264,856.9544804472546,0.013033445261728263,1,False,78932.33,0.0004886440501488121,11006.350695589053,0.0022134894232967994,-0.8114285317117074
2026-08-24 21:00:00+00:00,1886.39111869201,856.9544804472546,0.013033445261728263,1,False,78984.23,0.0003587158838098681,11013.58764907948,0.0006575252497929007,-0.811360888130799
2026-08-24 22:00:00+00:00,1883.2079603557381,856.9544804472546,0.013033445261728263,1,False,78740.0,-0.0016874328471599975,10979.53213557337,-0.0030921362403608654,-0.8116792039644262
2026-08-24 23:00:00+00:00,1881.848780535819,1881.848780535819,0.0,0,False,78992.75,-0.0007217364457520192,11014.775680750741,0.0032099314198628104,-0.811815121946418
2026-08-25 00:00:00+00:00,1881.848780535819,1881.848780535819,0.0,0,False,79739.99,0.0,11118.971078172457,0.009459602305274872,-0.811815121946418
2026-08-25 01:00:00+00:00,1881.6092082849118,746.5497064007384,0.014218814224134055,1,False,79828.0,-0.00012730685556949783,11131.243222232042,0.0011037122026225088,-0.8118390791715089
2026-08-25 02:00:00+00:00,1880.1171021834834,1880.1171021834834,0.0,0,False,80649.63,-0.0007929946850060432,11245.81158632337,0.010292503883349235,-0.8119882897816517
2026-08-25 03:00:00+00:00,1880.1171021834834,1880.1171021834834,0.0,0,False,80488.01,0.0,11223.275239057033,-0.0020039769556290388,-0.8119882897816517
2026-08-25 04:00:00+00:00,1877.064510857314,810.6808804015684,0.013269464103467393,1,False,80363.73,-0.0016236176579769168,11205.945593974368,-0.0015440809134180666,-0.8122935489142686
2026-08-25 05:00:00+00:00,1881.9499294562875,810.6808804015684,0.013269464103467393,1,False,80731.9,0.002602690834926147,11257.283342848561,0.004581295567042343,-0.8118050070543712
2026-08-25 06:00:00+00:00,1880.541208720728,1880.541208720728,0.0,0,False,80574.09,-0.0007485431538374332,11235.278263266204,-0.0019547415581696592,-0.8119458791279273
2026-08-25 07:00:00+00:00,1880.541208720728,1880.541208720728,0.0,0,False,79705.79,0.0,11114.202218646971,-0.010776417083953382,-0.8119458791279273
2026-08-25 08:00:00+00:00,1882.1094625756111,839.2431039191822,0.013047120134792006,1,False,79930.77,0.0008339375109731595,11145.573505665785,0.0028226305767751203,-0.8117890537424389
2026-08-25 09:00:00+00:00,1872.4080154569838,839.2431039191822,0.013047120134792006,1,False,79187.2,-0.005154560513898732,11041.88985428087,-0.009302675302639951,-0.8127591984543017
2026-08-25 10:00:00+00:00,1871.050880700722,1871.050880700722,0.0,0,False,79309.63,-0.0007248071707973702,11058.96153474008,0.001546083205366422,-0.8128949119299278
2026-08-25 11:00:00+00:00,1871.050880700722,1871.050880700722,0.0,0,False,79117.99,0.0,11032.239188556929,-0.002416352213470141,-0.8128949119299278
2026-08-25 12:00:00+00:00,1867.8105257371253,812.4895386152086,0.01336187626135625,1,False,78980.0,-0.0017318369035390635,11012.99781645396,-0.0017441039642184242,-0.8132189474262874
2026-08-25 13:00:00+00:00,1863.3742491995924,812.4895386152086,0.01336187626135625,1,False,78647.99,-0.0023751212858071913,10966.702230165774,-0.004203722461382675,-0.8136625750800408
2026-08-25 14:00:00+00:00,1861.995252398727,1861.995252398727,0.0,0,False,79235.99,-0.0007400535890510485,11048.693148323218,0.007476351271024306,-0.8138004747601273
2026-08-25 15:00:00+00:00,1864.065890026001,846.6269809416871,0.01279765013594391,1,False,79502.01,0.0011120531186137317,11085.787066772611,0.0033573127564885397,-0.8135934109973999
2026-08-25 16:00:00+00:00,1859.638031055466,846.6269809416871,0.01279765013594391,1,False,79156.02,-0.0023753768545559106,11037.542104573133,-0.004351965440873684,-0.8140361968944534
2026-08-25 17:00:00+00:00,1858.3020559541408,1858.3020559541408,0.0,0,False,79240.01,-0.0007184059903135864,11049.253698477969,0.0010610690128178835,-0.8141697944045859
2026-08-25 18:00:00+00:00,1855.3548169618655,778.2454796507955,0.013612240133847311,1,False,79128.0,-0.0015859848956374378,11033.634986330324,-0.0014135535823379675,-0.8144645183038135
2026-08-25 19:00:00+00:00,1853.9309617292388,1853.9309617292388,0.0,0,False,78925.95,-0.0007674301538496131,11005.461066238977,-0.002553457688808103,-0.8146069038270761
2026-08-25 20:00:00+00:00,1842.1198788285171,721.0156708873676,0.014335247223474035,1,False,78206.13,-0.0063708321100074405,10905.089122857871,-0.009120194308715801,-0.8157880121171484
2026-08-25 21:00:00+00:00,1847.3360452357226,721.0156708873676,0.014335247223474035,1,False,78570.0,0.0028316107258572476,10955.827278282954,0.004652704334046298,-0.8152663954764278
2026-08-25 22:00:00+00:00,1851.9163000760946,721.0156708873676,0.014335247223474035,1,False,78889.51,0.002479383679100833,11000.379860358607,0.004066564846633591,-0.8148083699923905
2026-08-25 23:00:00+00:00,1850.423194232633,1850.423194232633,0.0,0,False,78539.14,-0.0008062490963550717,10951.524149483057,-0.004441274891934244,-0.8149576805767367
2026-08-26 00:00:00+00:00,1850.423194232633,1850.423194232633,0.0,0,False,78631.79,0.0,10964.443296706333,0.0011796665968075715,-0.8149576805767367
2026-08-26 01:00:00+00:00,1851.5935831576412,694.4939302019466,0.014681186885762854,1,False,78815.13,0.0006324979759526617,10990.008288092366,0.002331626941215692,-0.8148406416842359
2026-08-26 02:00:00+00:00,1850.0670318873465,1850.0670318873465,0.0,0,False,79108.0,-0.0008244526683287567,11030.846179590275,0.0037159108917286243,-0.8149932968112653
2026-08-26 03:00:00+00:00,1850.0670318873465,1850.0670318873465,0.0,0,False,79088.62,0.0,11028.143825859166,-0.000244981544218148,-0.8149932968112653
2026-08-26 04:00:00+00:00,1844.2105687435533,586.9151975225957,0.015950262238613625,1,False,78826.0,-0.0031655410549199514,10991.524004555582,-0.003320578864569823,-0.8155789431256446
2026-08-26 05:00:00+00:00,1848.3573179203481,586.9151975225957,0.015950262238613625,1,False,79085.98,0.0022485226183364126,11027.77570336948,0.0032981503564812886,-0.8151642682079652
2026-08-26 06:00:00+00:00,1846.69285031928,1846.69285031928,0.0,0,False,78947.92,-0.0009005118138849522,11008.52457044292,-0.001745695001819647,-0.815330714968072
2026-08-26 07:00:00+00:00,1846.69285031928,1846.69285031928,0.0,0,False,78925.56,0.0,11005.406684507547,-0.00028322468787000954,-0.815330714968072
2026-08-26 08:00:00+00:00,1841.0587292130665,464.5102422880982,0.0174893995220152,1,False,78707.59,-0.003050924849381187,10975.01287425112,-0.0027617162298246845,-0.8158941270786934
2026-08-26 09:00:00+00:00,1836.4572681988245,464.5102422880982,0.0174893995220152,1,False,78444.49,-0.002499355909308165,10938.326121585775,-0.0033427525858688023,-0.8163542731801176
2026-08-26 10:00:00+00:00,1834.6480568739776,1834.6480568739776,0.0,0,False,78727.45,-0.0009851638566147347,10977.78215934399,0.0036071367154022482,-0.8165351943126022
2026-08-26 11:00:00+00:00,1834.6480568739776,1834.6480568739776,0.0,0,False,78487.26,0.0,10944.28998479937,-0.0030509053703631217,-0.8165351943126022
2026-08-26 12:00:00+00:00,1829.9798284103013,483.08224716367044,0.017197454445900838,1,False,78319.59,-0.002544481731079462,10920.910023494167,-0.0021362702685762125,-0.8170020171589698
2026-08-26 13:00:00+00:00,1832.1995038556338,483.08224716367044,0.017197454445900838,1,False,78448.66,0.001212950771845911,10938.907587791076,0.0016479912624671744,-0.8167800496144366
2026-08-26 14:00:00+00:00,1830.425571888341,1830.425571888341,0.0,0,False,77790.48,-0.0009681980393291267,10847.1307467828,-0.00838994573011198,-0.8169574428111659
2026-08-26 15:00:00+00:00,1832.3087861329489,596.6732655114758,0.01583911531958974,1,False,78011.65,0.0010288395625204227,10877.97076611763,0.002843149958709379,-0.8167691213867051
2026-08-26 16:00:00+00:00,1831.9864601361953,596.6732655114758,0.01583911531958974,1,False,77991.3,-0.00017591248767290235,10875.133155259633,-0.0002608584743430953,-0.8168013539863804
2026-08-26 17:00:00+00:00,1830.3581997539955,1830.3581997539955,0.0,0,False,78442.83,-0.0008887949870977074,10938.094650626352,0.0057894919048662175,-0.8169641800246005
2026-08-26 18:00:00+00:00,1829.1490425390887,545.3459172922458,0.016359929881685078,1,False,78472.41,-0.0006606123408353648,10942.219295794885,0.00037708991376272927,-0.8170850957460911
2026-08-26 19:00:00+00:00,1827.449413591097,1827.449413591097,0.0,0,False,78475.49,-0.0009291910656074043,10942.648772032851,3.924946360123194e-05,-0.8172550586408903
2026-08-26 20:00:00+00:00,1825.245323178829,464.76672044062934,0.017341532517678313,1,False,78452.04,-0.0012061020107455578,10939.378896130142,-0.0002988194148264567,-0.8174754676821171
2026-08-26 21:00:00+00:00,1829.961699777662,464.76672044062934,0.017341532517678313,1,False,78724.01,0.0025839685980506566,10977.302484584701,0.003466703988832087,-0.8170038300222338
2026-08-26 22:00:00+00:00,1829.5453295819125,464.76672044062934,0.017341532517678313,1,False,78700.0,-0.00022752945911386213,10973.954522093272,-0.00030498954512103715,-0.8170454670418088
2026-08-26 23:00:00+00:00,1827.7527681177971,1827.7527681177971,0.0,0,False,79023.75,-0.0009797852150101871,11019.098331197818,0.004113722998729363,-0.8172247231882203
2026-08-27 00:00:00+00:00,1827.7527681177971,1827.7527681177971,0.0,0,False,78690.01,0.0,10972.561513126619,-0.004223287302867806,-0.8172247231882203
2026-08-27 01:00:00+00:00,1829.7031051808965,362.36502395050434,0.018597754325014506,1,False,78898.67,0.0010670683131328573,11001.65713384555,0.002651670777523041,-0.8170296894819103
2026-08-27 02:00:00+00:00,1827.768988570036,1827.768988570036,0.0,0,False,78717.76,-0.0010570658187024629,10976.430982478436,-0.0022929410597162247,-0.8172231011429965
2026-08-27 03:00:00+00:00,1827.768988570036,1827.768988570036,0.0,0,False,78830.68,0.0,10992.176585332752,0.0014344920383912996,-0.8172231011429965
2026-08-27 04:00:00+00:00,1824.8054215600548,277.7535869808164,0.019636627119028097,1,False,78783.99,-0.001621412240011666,10985.666115998109,-0.0005922820911857807,-0.8175194578439945
2026-08-27 05:00:00+00:00,1827.329906342477,277.7535869808164,0.019636627119028097,1,False,78912.55,0.001383426831483181,11003.592565723146,0.0016318036189841845,-0.8172670093657524
2026-08-27 06:00:00+00:00,1825.280730421677,1825.280730421677,0.0,0,False,78817.49,-0.0011214044676265411,10990.337367287691,-0.001204624612941796,-0.8174719269578323
2026-08-27 07:00:00+00:00,1825.280730421677,1825.280730421677,0.0,0,False,79082.17,0.0,11027.244435685501,0.003358137895535629,-0.8174719269578323
2026-08-27 08:00:00+00:00,1837.5523718726504,118.37906065568245,0.021555413094577196,1,False,79755.99,0.0067231529081768215,11121.202123564495,0.008520504685189945,-0.816244762812735
2026-08-27 09:00:00+00:00,1842.510332438534,118.37906065568245,0.021555413094577196,1,False,79986.0,0.002698132930399666,11153.27479547843,0.002883921320517624,-0.8157489667561466
2026-08-27 10:00:00+00:00,1840.2464816779095,1840.2464816779095,0.0,0,False,79626.0,-0.0012286773760602498,11103.076274157547,-0.004500787637836456,-0.815975351832209
2026-08-27 11:00:00+00:00,1840.2464816779095,1840.2464816779095,0.0,0,False,79477.67,0.0,11082.393088969971,-0.0018628337477709644,-0.815975351832209
2026-08-27 12:00:00+00:00,1834.9218954726787,428.154803324212,0.01774377023258362,1,False,79282.31,-0.0028934092569903314,11055.152024733172,-0.002458048908580257,-0.8165078104527321
2026-08-27 13:00:00+00:00,1839.37274279782,428.154803324212,0.01774377023258362,1,False,79533.15,0.0024256331215637417,11090.129238866868,0.003163883595218131,-0.816062725720218
2026-08-27 14:00:00+00:00,1837.5207680034848,1837.5207680034848,0.0,0,False,80204.05,-0.001006851276657561,11183.679760961817,0.008435476276244636,-0.8162479231996516
2026-08-27 15:00:00+00:00,1837.40497257562,501.6027101818472,0.016634665877570818,1,False,80302.32,-6.301720768620012e-05,11197.382562879047,0.0012252498471085893,-0.816259502742438
2026-08-27 16:00:00+00:00,1838.5973454257241,501.6027101818472,0.016634665877570818,1,False,80374.0,0.0006489439551438103,11207.377646235384,0.000892626763460802,-0.8161402654574276
2026-08-27 17:00:00+00:00,1836.8404684195418,1836.8404684195418,0.0,0,False,80442.46,-0.0009555528895727194,11216.923731706573,0.0008517679846717918,-0.8163159531580458
2026-08-27 18:00:00+00:00,1830.305852414049,512.7794855170073,0.016438116339323364,1,False,80150.69,-0.0035575305084144526,11176.239224579365,-0.0036270646123950367,-0.8169694147585951
2026-08-27 19:00:00+00:00,1828.5702262154389,1828.5702262154389,0.0,0,False,79910.19,-0.0009482711298338664,11142.703823530273,-0.0030005979985949782,-0.8171429773784561
2026-08-27 20:00:00+00:00,1829.8891353944873,514.7977919986049,0.016418939065569845,1,False,80096.0,0.0007212789315607093,11168.613232548701,0.0023252353673544057,-0.8170110864605513
2026-08-27 21:00:00+00:00,1831.3340020322573,514.7977919986049,0.016418939065569845,1,False,80184.0,0.0007895924456966519,11180.883982204918,0.0010986815821014684,-0.8168665997967742
2026-08-27 22:00:00+00:00,1833.2913037582641,514.7977919986049,0.016418939065569845,1,False,80303.21,0.0010687846803667522,11197.50666477898,0.0014867055771725646,-0.8166708696241736
2026-08-27 23:00:00+00:00,1831.555178073393,1831.555178073393,0.0,0,False,80249.58,-0.000946999356464473,11190.028479505538,-0.0006678437885609956,-0.8168444821926607
2026-08-28 00:00:00+00:00,1831.555178073393,1831.555178073393,0.0,0,False,80576.0,0.0,11235.54459430988,0.004067560228975697,-0.8168444821926607
2026-08-28 01:00:00+00:00,1828.1067649242905,301.5596784942745,0.0189632283279907,1,False,80500.38,-0.0018827787392843298,11225.000116025754,-0.000938492851469408,-0.8171893235075709
2026-08-28 02:00:00+00:00,1826.1048748166236,1826.1048748166236,0.0,0,False,79926.11,-0.0010950619220261304,11144.923713695354,-0.007133755145006693,-0.8173895125183377
2026-08-28 03:00:00+00:00,1826.1048748166236,1826.1048748166236,0.0,0,False,79810.49,0.0,11128.80162193113,-0.0014465861030894533,-0.8173895125183377
2026-08-28 04:00:00+00:00,1821.3560376419998,430.5957718423026,0.017462251815925145,1,False,79643.81,-0.0026005281734438057,11105.559706559561,-0.0020884472705279267,-0.8178643962358
2026-08-28 05:00:00+00:00,1819.5234315201435,1819.5234315201435,0.0,0,False,79686.0,-0.0010061767627974616,11111.442694377694,0.0005297335725149566,-0.8180476568479856
2026-08-28 06:00:00+00:00,1819.5234315201435,1819.5234315201435,0.0,0,False,79904.21,0.0,11141.869970315001,0.002738373114474335,-0.8180476568479856
2026-08-28 07:00:00+00:00,1819.5234315201435,1819.5234315201435,0.0,0,False,79660.0,0.0,11107.81724561563,-0.003056284518675678,-0.8180476568479856
2026-08-28 08:00:00+00:00,1814.7614164014885,286.8672828569804,0.019214738493491666,1,False,79516.78,-0.0026171771333972638,11087.846600550138,-0.0017978910369068624,-0.8185238583598511
2026-08-28 09:00:00+00:00,1810.311475113781,286.8672828569804,0.019214738493491666,1,False,79285.19,-0.002452080613732366,11055.55361290374,-0.0029124670289717436,-0.818968852488622
2026-08-28 10:00:00+00:00,1808.3057038236313,1808.3057038236313,0.0,0,False,79565.89,-0.0011079702679471781,11094.694515500329,0.0035403837715468622,-0.8191694296176368
2026-08-28 11:00:00+00:00,1808.3057038236313,1808.3057038236313,0.0,0,False,79604.13,0.0,11100.026713987303,0.00048060795901361253,-0.8191694296176368
2026-08-28 12:00:00+00:00,1802.4066052427956,176.6005240238992,0.02047072005745198,1,False,79421.05,-0.003262224173911643,11074.497977088893,-0.002299880672020471,-0.8197593394757204
2026-08-28 13:00:00+00:00,1800.5580992216078,176.6005240238992,0.02047072005745198,1,False,79330.75,-0.001025576590659938,11061.906514657572,-0.001136978168885916,-0.8199441900778393
2026-08-28 14:00:00+00:00,1798.416304351211,1798.416304351211,0.0,0,False,79542.44,-0.0011895172232002649,11091.42463959762,0.0026684482372849594,-0.8201583695648789
2026-08-28 15:00:00+00:00,1777.2253156305567,1777.2253156305567,0.0,0,False,78331.13,-0.011783138681173755,10922.519164983178,-0.015228474258521474,-0.8222774684369443
2026-08-28 16:00:00+00:00,1756.7171706582023,1756.7171706582023,0.0,0,False,77788.46,-0.011539417535855967,10846.849077302055,-0.006927896993187743,-0.8243282829341798
2026-08-28 17:00:00+00:00,1756.7171706582023,1756.7171706582023,0.0,0,False,77904.0,0.0,10862.960013839318,0.001485310288955377,-0.8243282829341798
2026-08-28 18:00:00+00:00,1750.4914477574398,683.9192898047438,0.013752638909052995,1,False,77554.0,-0.003543952893925395,10814.155895888458,-0.0044927089751489735,-0.824950855224256
2026-08-28 19:00:00+00:00,1749.0837095007726,1749.0837095007726,0.0,0,False,77580.03,-0.0008041960207636478,10817.785527860631,0.0003356371044691553,-0.8250916290499227
2026-08-28 20:00:00+00:00,1745.2322634607797,661.9902782520035,0.013994047401819728,1,False,77407.34,-0.0022019792529496263,10793.705576063676,-0.002225959438273084,-0.825476773653922
2026-08-28 21:00:00+00:00,1744.6257614463848,661.9902782520035,0.013994047401819728,1,False,77364.0,-0.00034751936867827293,10787.662231857992,-0.0005598952244061373,-0.8255374238553616
2026-08-28 22:00:00+00:00,1750.149072015409,661.9902782520035,0.013994047401819728,1,False,77758.69,0.0031658999259791543,10842.69793846949,0.0051017269014010935,-0.8249850927984591
2026-08-28 23:00:00+00:00,1748.7092749384783,1748.7092749384783,0.0,0,False,77845.87,-0.0008226711083946237,10854.854347049364,0.001121160863178261,-0.8251290725061522
2026-08-29 00:00:00+00:00,1748.7092749384783,1748.7092749384783,0.0,0,False,77733.63,0.0,10839.20356362421,-0.0014418234390595197,-0.8251290725061522
2026-08-29 01:00:00+00:00,1747.9962954692598,442.3094513232131,0.016783877907286898,1,False,77794.11,-0.00040771755456237013,10847.636915206118,0.0007780416275424695,-0.825200370453074
2026-08-29 02:00:00+00:00,1746.2639233506477,1746.2639233506477,0.0,0,False,77671.18,-0.0009910616647772486,10830.495514578406,-0.001580196752684726,-0.8253736076649352
2026-08-29 03:00:00+00:00,1746.2639233506477,1746.2639233506477,0.0,0,False,77507.17,0.0,10807.625904906632,-0.0021115940301152936,-0.8253736076649352
2026-08-29 04:00:00+00:00,1746.9977866727083,282.0822073440804,0.018865887226602766,1,False,77648.91,0.0004202476568677671,10827.390178273363,0.0018287340384124384,-0.8253002213327292
2026-08-29 05:00:00+00:00,1746.6887634399363,282.0822073440804,0.018865887226602766,1,False,77632.53,-0.0001768881650162646,10825.106145553262,-0.00021094951622635527,-0.8253311236560064
2026-08-29 06:00:00+00:00,1744.746273103422,1744.746273103422,0.0,0,False,77466.82,-0.0011120987191151066,10801.999487308585,-0.002134543341560491,-0.8255253726896579
2026-08-29 07:00:00+00:00,1744.746273103422,1744.746273103422,0.0,0,False,77626.01,0.0,10824.196994556005,0.0020549442974422405,-0.8255253726896579
2026-08-29 08:00:00+00:00,1742.6673283052044,24.17028818027211,0.022135884554238833,1,False,77633.99,-0.0011915456305975347,10825.309728445285,0.00010280059480072268,-0.8257332671694796
2026-08-29 09:00:00+00:00,1743.0223878934542,24.17028818027211,0.022135884554238833,1,False,77650.03,0.000203744904424763,10827.546351450805,0.0002066105323197398,-0.8256977612106546
2026-08-29 10:00:00+00:00,1740.747217904479,1740.747217904479,0.0,0,False,77635.17,-0.001305301644303536,10825.474268042946,-0.0001913714650209064,-0.8259252782095521
2026-08-29 11:00:00+00:00,1740.747217904479,1740.747217904479,0.0,0,False,77584.67,0.0,10818.432531024322,-0.0006504783849896612,-0.8259252782095521
2026-08-29 12:00:00+00:00,1738.4315699609574,-2.2737367544323206e-13,0.02240716379438472,1,False,77583.74,-0.0013302608900959134,10818.30285151091,-1.198690411385872e-05,-0.8261568430039042
2026-08-29 13:00:00+00:00,1741.1334257712842,-2.2737367544323206e-13,0.02240716379438472,1,False,77704.32,0.001554191638608815,10835.116567346668,0.001554191638608815,-0.8258866574228716
2026-08-29 14:00:00+00:00,1738.8330238309197,1738.8330238309197,0.0,0,False,78014.37,-0.001321209452598615,10878.350043834278,0.003990125645523923,-0.8261166976169081
2026-08-29 15:00:00+00:00,1733.2328182241645,-2.2737367544323206e-13,0.022259356641055338,1,False,77865.36,-0.0032206689946669975,10857.572039217543,-0.0019100327285856977,-0.8266767181775836
2026-08-29 16:00:00+00:00,1736.8346047222535,-2.2737367544323206e-13,0.022259356641055338,1,False,78027.17,0.0020780742553556664,10880.134880147909,0.0020780742553554443,-0.8263165395277746
2026-08-29 17:00:00+00:00,1734.5486395031437,1734.5486395031437,0.0,0,False,78100.0,-0.0013161674766811737,10890.2903198918,0.0009333928168868688,-0.8265451360496856
2026-08-29 18:00:00+00:00,1733.5481843001105,-4.547473508864641e-13,0.022180045068958525,1,False,78158.01,-0.000576781290676176,10898.37925384131,0.0007427656850191866,-0.8266451815699889
2026-08-29 19:00:00+00:00,1731.2639299916489,1731.2639299916489,0.0,0,False,78182.0,-0.0013176756949411228,10901.724427526,0.00030694230828043345,-0.8268736070008351
2026-08-29 20:00:00+00:00,1727.8325298033647,-2.2737367544323206e-13,0.022114863675828222,1,False,78129.92,-0.001982020262098816,10894.462374774912,-0.0006661379857256788,-0.8272167470196635
2026-08-29 21:00:00+00:00,1728.5337921305254,-2.2737367544323206e-13,0.022114863675828222,1,False,78161.63,0.00040586244040707875,10898.88402786126,0.00040586244040707875,-0.8271466207869475
2026-08-29 22:00:00+00:00,1730.0090746863395,-2.2737367544323206e-13,0.022114863675828222,1,False,78228.34,0.0008534878302817184,10908.186092742693,0.0008534878302819404,-0.826999092531366
2026-08-29 23:00:00+00:00,1727.7351240680537,1727.7351240680537,0.0,0,False,78230.0,-0.0013144154279642883,10908.417563702118,2.1219931293448013e-05,-0.8272264875931946
2026-08-30 00:00:00+00:00,1727.7351240680537,1727.7351240680537,0.0,0,False,78179.86,0.0,10901.426025204815,-0.0006409305892879358,-0.8272264875931946
2026-08-30 01:00:00+00:00,1723.2907317128734,-2.2737367544323206e-13,0.02207041017030761,1,False,78081.5,-0.0025723806232031965,10887.710673657253,-0.0012581245348866066,-0.8276709268287127
2026-08-30 02:00:00+00:00,1721.0257933623698,1721.0257933623698,0.0,0,False,78106.01,-0.0013143100631965998,10891.128356317184,0.0003139027810685757,-0.827897420663763
2026-08-30 03:00:00+00:00,1721.0257933623698,1721.0257933623698,0.0,0,False,78144.68,0.0,10896.520514149068,0.0004950963440584211,-0.827897420663763
2026-08-30 04:00:00+00:00,1717.9986936776281,0.0,0.021994676639953758,1,False,78109.75,-0.0017588926885445666,10891.649863177572,-0.00044699140107806734,-0.8282001306322372
2026-08-30 05:00:00+00:00,1718.3937180700818,0.0,0.021994676639953758,1,False,78127.71,0.00022993288289874236,10894.154211630139,0.0002299328828989644,-0.8281606281929919
2026-08-30 06:00:00+00:00,1716.1318024384718,1716.1318024384718,0.0,0,False,78280.34,-0.0013162964970276914,10915.43699026682,0.001953596233653654,-0.8283868197561528
2026-08-30 07:00:00+00:00,1716.1318024384718,1716.1318024384718,0.0,0,False,78118.0,0.0,10892.800245957844,-0.0020738284989562095,-0.8283868197561528
2026-08-30 08:00:00+00:00,1712.907723358677,-4.547473508864641e-13,0.02193953818125491,1,False,78074.01,-0.0018786896642867257,10886.666265533106,-0.0005631224557720582,-0.8287092276641324
2026-08-30 09:00:00+00:00,1711.2841975332642,-4.547473508864641e-13,0.02193953818125491,1,False,78000.01,-0.0009478186146708589,10876.347680594923,-0.00094781861467097,-0.8288715802466735
2026-08-30 10:00:00+00:00,1709.0335386690185,1709.0335386690185,0.0,0,False,78145.29,-0.0013151870785050868,10896.605572754639,0.001862563863773703,-0.8290966461330982
2026-08-30 11:00:00+00:00,1709.0335386690185,1709.0335386690185,0.0,0,False,78166.0,0.0,10899.49338213396,0.0002650191713409189,-0.8290966461330982
2026-08-30 12:00:00+00:00,1720.3069802129755,0.0,0.021835446723185534,1,False,78785.06,0.0065963840316070055,10985.815317158702,0.007919811682828959,-0.8279693019787024
2026-08-30 13:00:00+00:00,1721.9433285904113,0.0,0.021835446723185534,1,False,78860.0,0.0009511955693124463,10996.264976013665,0.0009511955693122243,-0.8278056671409588
2026-08-30 14:00:00+00:00,1719.6875664542226,1719.6875664542226,0.0,0,False,78783.71,-0.0013100095100314624,10985.62707270375,-0.0009674106010649774,-0.8280312433545778
2026-08-30 15:00:00+00:00,1718.3059992044145,0.0,0.021799376648911177,1,False,78823.63,-0.0008033827055321519,10991.193530956887,0.0005067037335508839,-0.8281694000795585
2026-08-30 16:00:00+00:00,1729.5174186149493,0.0,0.021799376648911177,1,False,79337.93,0.0065246931662497065,11062.907696277249,0.0065246931662497065,-0.827048258138505
2026-08-30 17:00:00+00:00,1727.2523518094013,1727.2523518094013,0.0,0,False,79021.02,-0.001309652496799929,11018.7176590778,-0.003994432423432337,-0.8272747648190599
2026-08-30 18:00:00+00:00,1725.3290615122337,-2.2737367544323206e-13,0.021829470104482284,1,False,79036.69,-0.0011134969914227133,11020.902689158629,0.00019830166707546226,-0.8274670938487766
2026-08-30 19:00:00+00:00,1723.057777974589,1723.057777974589,0.0,0,False,78856.39,-0.0013164349852508028,10995.761596397086,-0.0022812190135999,-0.8276942222025411
2026-08-30 20:00:00+00:00,1715.1346683165802,-2.2737367544323206e-13,0.02182179303440181,1,False,78597.33,-0.0045982843751891656,10959.63818269323,-0.0032852125236774166,-0.828486533168342
2026-08-30 21:00:00+00:00,1705.733974719803,1705.733974719803,0.0,0,False,78653.0,-0.005481023601490165,10967.400826254157,0.0007082937804629985,-0.8294266025280197
2026-08-30 22:00:00+00:00,1698.4913475560265,-2.2737367544323206e-13,0.021658350092735788,1,False,78422.01,-0.004246047315183632,10935.19150280996,-0.0029368237702313005,-0.8301508652443974
2026-08-30 23:00:00+00:00,1696.2559234576227,1696.2559234576227,0.0,0,False,77682.0,-0.0013161233359360036,10832.004259024772,-0.009436253929222094,-0.8303744076542378
2026-08-31 00:00:00+00:00,1696.2559234576227,1696.2559234576227,0.0,0,False,77937.04,0.0,10867.567122573877,0.003283128652712186,-0.8303744076542378
2026-08-31 01:00:00+00:00,1688.7181039559525,220.42949706985792,0.018911267778134764,1,False,77640.94,-0.00444379848431431,10826.278838787452,-0.003799220499007716,-0.8311281896044047
2026-08-31 02:00:00+00:00,1686.7851998295232,1686.7851998295232,0.0,0,False,77473.99,-0.0011445984512757912,10802.999274524891,-0.0021502830851868326,-0.8313214800170476
2026-08-31 03:00:00+00:00,1686.7851998295232,1686.7851998295232,0.0,0,False,77756.71,0.0,10842.421846602227,0.00364922472690532,-0.8313214800170476
2026-08-31 04:00:00+00:00,1682.4317591250592,258.9552788804924,0.018338503845088894,1,False,77622.28,-0.0025809099492359877,10823.676882098986,-0.0017288540114416273,-0.8317568240874941
2026-08-31 05:00:00+00:00,1680.5580900434431,1680.5580900434431,0.0,0,False,78016.0,-0.0011136672090584776,10878.577331583592,0.005072255027809058,-0.8319441909956558
2026-08-31 06:00:00+00:00,1680.5580900434431,1680.5580900434431,0.0,0,False,78093.87,0.0,10889.435550625973,0.0009981285890072744,-0.8319441909956558
2026-08-31 07:00:00+00:00,1680.5580900434431,1680.5580900434431,0.0,0,False,78196.01,0.0,10903.677986647404,0.0013079131563080715,-0.8319441909956558
2026-08-31 08:00:00+00:00,1684.039066424483,182.79295515357444,0.019128832928192736,1,False,78480.8,0.0020713216649059785,10943.389200222335,0.0036420016826945734,-0.8315960933575517
2026-08-31 09:00:00+00:00,1684.6173310439021,182.79295515357444,0.019128832928192736,1,False,78511.03,0.00034337957530095053,10947.604481609918,0.000385189753417281,-0.8315382668956097
2026-08-31 10:00:00+00:00,1682.6419596619546,1682.6419596619546,0.0,0,False,78710.01,-0.0011725935294298884,10975.350319866668,0.0025344209597046863,-0.8317358040338045
2026-08-31 11:00:00+00:00,1682.6419596619546,1682.6419596619546,0.0,0,False,78315.43,0.0,10920.329951692238,-0.005013085375036863,-0.8317358040338045
2026-08-31 12:00:00+00:00,1673.28730077135,180.20130373061056,0.019159226548728158,1,False,77930.39,-0.005559506487336163,10866.63984433281,-0.00491652794347186,-0.832671269922865
2026-08-31 13:00:00+00:00,1672.0802694987801,180.20130373061056,0.019159226548728158,1,False,77867.39,-0.0007213532738898909,10857.855103101658,-0.0008084137651561685,-0.832791973050122
2026-08-31 14:00:00+00:00,1670.1220914575815,1670.1220914575815,0.0,0,False,78600.14,-0.0011711028931556955,10960.030010040206,0.009410229365591771,-0.8329877908542418
2026-08-31 15:00:00+00:00,1668.0809517841956,380.8001046647157,0.01638169975573406,1,False,78580.42,-0.0012221499756371879,10957.280246594519,-0.00025089013836343543,-0.8331919048215805
2026-08-31 16:00:00+00:00,1669.0499293247474,380.8001046647157,0.01638169975573406,1,False,78639.57,0.0005808935948314886,10965.528142528214,0.0007527320419005168,-0.8330950070675253
2026-08-31 17:00:00+00:00,1667.353655236891,1667.353655236891,0.0,0,False,78897.36,-0.001016311170836337,11001.474467004078,0.0032781206713110578,-0.8332646344763109
2026-08-31 18:00:00+00:00,1667.5972571367126,361.7219686472142,0.016526719759156355,1,False,79016.0,0.0001461009180965256,11018.017668586048,0.0015037258534378317,-0.8332402742863287
2026-08-31 19:00:00+00:00,1665.8758244111261,1665.8758244111261,0.0,0,False,78898.06,-0.0010322832555759165,11001.57207523998,-0.0014926090918293555,-0.8334124175588874
2026-08-31 20:00:00+00:00,1663.5486213598647,328.6404947362746,0.016926556343870747,1,False,78864.72,-0.0013969847074790653,10996.923134404316,-0.00042257059299055655,-0.8336451378640135
2026-08-31 21:00:00+00:00,1665.2345063717144,328.6404947362746,0.016926556343870747,1,False,78964.32,0.0010134269538040197,11010.811391969763,0.001262922127917454,-0.8334765493628286
2026-08-31 22:00:00+00:00,1658.9518764535596,328.6404947362746,0.016926556343870747,1,False,78593.15,-0.0037728199206270574,10959.05532208456,-0.00470047738016377,-0.8341048123546441
2026-08-31 23:00:00+00:00,1657.1949950447722,1657.1949950447722,0.0,0,False,78581.29,-0.0010590309663129904,10957.401559687709,-0.00015090373652171252,-0.8342805004955227
2026-09-01 00:00:00+00:00,1657.1949950447722,1657.1949950447722,0.0,0,False,78652.0,0.0,10967.261385917154,0.0008998325173843469,-0.8342805004955227
2026-09-01 01:00:00+00:00,1650.7457537989044,184.88642554170065,0.018694652946975854,1,False,78410.62,-0.0038916610689460063,10933.603277371501,-0.003068962009866283,-0.8349254246201095
2026-09-01 02:00:00+00:00,1648.813718720036,1648.813718720036,0.0,0,False,78449.99,-0.0011704013621857134,10939.093043439289,0.0005021003532430512,-0.8351186281279964
2026-09-01 03:00:00+00:00,1648.813718720036,1648.813718720036,0.0,0,False,78679.01,0.0,10971.02766941959,0.002919312035603916,-0.8351186281279964
2026-09-01 04:00:00+00:00,1647.7559250197244,146.991204265134,0.019062870728451614,1,False,78727.11,-0.000641548337633191,10977.73474962941,0.0006113447538296235,-0.8352244074980275
2026-09-01 05:00:00+00:00,1645.7791660694543,1645.7791660694543,0.0,0,False,79179.99,-0.0011996673295205929,11040.88448945108,0.005752529211347834,-0.8354220833930546
2026-09-01 06:00:00+00:00,1645.7791660694543,1645.7791660694543,0.0,0,False,78745.39,0.0,10980.283718989813,-0.005488760481025645,-0.8354220833930546
2026-09-01 07:00:00+00:00,1645.7791660694543,1645.7791660694543,0.0,0,False,78632.37,0.0,10964.524172101796,-0.0014352586227587283,-0.8354220833930546
2026-09-01 08:00:00+00:00,1625.7494226952053,1625.7494226952053,0.0,0,True,77883.28,-0.012170371206050135,10860.070810056626,-0.009526483813218412,-0.8374250577304795
2026-09-01 09:00:00+00:00,1625.7494226952053,1625.7494226952053,0.0,0,True,77915.0,0.0,10864.493857546344,0.00040727611882807047,-0.8374250577304795
2026-09-01 10:00:00+00:00,1625.7494226952053,1625.7494226952053,0.0,0,True,78029.67,0.0,10880.483480990415,0.0014717320156580893,-0.8374250577304795
2026-09-01 11:00:00+00:00,1625.7494226952053,1625.7494226952053,0.0,0,True,78098.97,0.0,10890.146696344686,0.0008881237098656847,-0.8374250577304795
2026-09-01 12:00:00+00:00,1625.7494226952053,1625.7494226952053,0.0,0,True,78004.0,0.0,10876.904047539563,-0.001216021158793712,-0.8374250577304795
2026-09-01 13:00:00+00:00,1625.7494226952053,1625.7494226952053,0.0,0,True,78071.99,0.0,10886.38459605236,0.000871621968104197,-0.8374250577304795
2026-09-01 14:00:00+00:00,1625.7494226952053,1625.7494226952053,0.0,0,True,78167.99,0.0,10899.770868404596,0.0012296343413302768,-0.8374250577304795
2026-09-01 15:00:00+00:00,1625.7494226952053,1625.7494226952053,0.0,0,True,77919.06,0.0,10865.059985314574,-0.003184551630405208,-0.8374250577304795
2026-09-01 16:00:00+00:00,1625.7494226952053,1625.7494226952053,0.0,0,True,77596.01,0.0,10820.013784445931,-0.004145968906709041,-0.8374250577304795
2026-09-01 17:00:00+00:00,1625.7494226952053,1625.7494226952053,0.0,0,True,77265.79,0.0,10773.96779636098,-0.004255631185160258,-0.8374250577304795
2026-09-01 18:00:00+00:00,1625.7494226952053,1625.7494226952053,0.0,0,True,77153.9,0.0,10758.365817053775,-0.0014481182422388938,-0.8374250577304795
2026-09-01 19:00:00+00:00,1625.7494226952053,1625.7494226952053,0.0,0,True,77312.0,0.0,10780.411334333863,0.0020491511122575634,-0.8374250577304795
2026-09-01 20:00:00+00:00,1625.7494226952053,1625.7494226952053,0.0,0,True,77448.45,0.0,10799.437968317849,0.0017649265314569895,-0.8374250577304795
2026-09-01 21:00:00+00:00,1625.7494226952053,1625.7494226952053,0.0,0,True,77211.32,0.0,10766.372481204457,-0.0030617785120296004,-0.8374250577304795
2026-09-01 22:00:00+00:00,1625.7494226952053,1625.7494226952053,0.0,0,True,77274.02,0.0,10775.115390334511,0.0008120570921466008,-0.8374250577304795
2026-09-01 23:00:00+00:00,1625.7494226952053,1625.7494226952053,0.0,0,True,77439.0,0.0,10798.120257133176,0.0021349995768304986,-0.8374250577304795
2026-09-02 00:00:00+00:00,1625.7494226952053,1625.7494226952053,0.0,0,True,77213.25,0.0,10766.641601054871,-0.002915197768566302,-0.8374250577304795
2026-09-02 01:00:00+00:00,1625.7494226952053,1625.7494226952053,0.0,0,True,77020.68,0.0,10739.789575358307,-0.002494002000951956,-0.8374250577304795
2026-09-02 02:00:00+00:00,1625.7494226952053,1625.7494226952053,0.0,0,True,77329.2,0.0,10782.809708130306,0.004005677436241806,-0.8374250577304795
2026-09-02 03:00:00+00:00,1625.7494226952053,1625.7494226952053,0.0,0,True,77563.5,0.0,10815.48057908998,0.0030299033224190364,-0.8374250577304795
2026-09-02 04:00:00+00:00,1625.7494226952053,1625.7494226952053,0.0,0,True,77561.82,0.0,10815.246319323818,-2.1659672397311702e-05,-0.8374250577304795
2026-09-02 05:00:00+00:00,1625.7494226952053,1625.7494226952053,0.0,0,True,77651.07,0.0,10827.691369401287,0.0011506950197919252,-0.8374250577304795
2026-09-02 06:00:00+00:00,1625.7494226952053,1625.7494226952053,0.0,0,True,77611.54,0.0,10822.179292879578,-0.000509072186642312,-0.8374250577304795
2026-09-02 07:00:00+00:00,1625.7494226952053,1625.7494226952053,0.0,0,True,77473.85,0.0,10802.979752877713,-0.0017740918425273033,-0.8374250577304795
2026-09-02 08:00:00+00:00,1625.7494226952053,1625.7494226952053,0.0,0,True,76854.11,0.0,10716.56299842381,-0.007999344294881583,-0.8374250577304795
2026-09-02 09:00:00+00:00,1625.7494226952053,1625.7494226952053,0.0,0,True,76752.26,0.0,10702.361000100109,-0.0013252381687850479,-0.8374250577304795
2026-09-02 10:00:00+00:00,1625.7494226952053,1625.7494226952053,0.0,0,True,76680.88,0.0,10692.407748844875,-0.0009300051881206972,-0.8374250577304795
2026-09-02 11:00:00+00:00,1625.7494226952053,1625.7494226952053,0.0,0,True,76828.76,0.0,10713.028185880798,0.0019285120358556451,-0.8374250577304795
2026-09-02 12:00:00+00:00,1625.7494226952053,1625.7494226952053,0.0,0,True,76613.88,0.0,10683.06524626571,-0.0027968692973827647,-0.8374250577304795
2026-09-02 13:00:00+00:00,1625.7494226952053,1625.7494226952053,0.0,0,True,77146.0,0.0,10757.264238391455,0.006945477764603192,-0.8374250577304795
2026-09-02 14:00:00+00:00,1625.7494226952053,1625.7494226952053,0.0,0,True,77066.42,0.0,10746.1675763728,-0.001031550566458428,-0.8374250577304795
2026-09-02 15:00:00+00:00,1625.7494226952053,1625.7494226952053,0.0,0,True,77288.98,0.0,10777.201417776067,0.002887898516630294,-0.8374250577304795
2026-09-02 16:00:00+00:00,1625.7494226952053,1625.7494226952053,0.0,0,True,77171.5,0.0,10760.819966985018,-0.0015200097090166675,-0.8374250577304795
2026-09-02 17:00:00+00:00,1625.7494226952053,1625.7494226952053,0.0,0,True,77381.66,0.0,10790.124748209455,0.0027232851506062694,-0.8374250577304795
2026-09-02 18:00:00+00:00,1625.7494226952053,1625.7494226952053,0.0,0,True,77377.76,0.0,10789.580930895145,-5.0399539115675296e-05,-0.8374250577304795
2026-09-02 19:00:00+00:00,1625.7494226952053,1625.7494226952053,0.0,0,True,77341.47,0.0,10784.520641065326,-0.0004689978102234704,-0.8374250577304795
2026-09-02 20:00:00+00:00,1625.7494226952053,1625.7494226952053,0.0,0,True,77406.01,0.0,10793.520120415465,0.0008344811651499473,-0.8374250577304795
2026-09-02 21:00:00+00:00,1625.7494226952053,1625.7494226952053,0.0,0,True,77284.0,0.0,10776.507004897794,-0.0015762341968021953,-0.8374250577304795
2026-09-02 22:00:00+00:00,1625.7494226952053,1625.7494226952053,0.0,0,True,77034.03,0.0,10741.651103857292,-0.0032344340355052736,-0.8374250577304795
2026-09-02 23:00:00+00:00,1625.7494226952053,1625.7494226952053,0.0,0,True,77340.01,0.0,10784.317058173303,0.003972010811325921,-0.8374250577304795
2026-09-03 00:00:00+00:00,1625.7494226952053,1625.7494226952053,0.0,0,True,77068.01,0.0,10746.389286508635,-0.0035169377402459734,-0.8374250577304795
2026-09-03 01:00:00+00:00,1625.7494226952053,1625.7494226952053,0.0,0,True,77356.7,0.0,10786.644317397873,0.0037459122144194446,-0.8374250577304795
2026-09-03 02:00:00+00:00,1625.7494226952053,1625.7494226952053,0.0,0,True,77816.01,0.0,10850.69065858647,0.005937559383996538,-0.8374250577304795
2026-09-03 03:00:00+00:00,1625.7494226952053,1625.7494226952053,0.0,0,True,77708.0,0.0,10835.629707786837,-0.0013880177099800939,-0.8374250577304795
2026-09-03 04:00:00+00:00,1625.7494226952053,1625.7494226952053,0.0,0,True,77776.0,0.0,10845.111650703004,0.0008750707777835931,-0.8374250577304795
2026-09-03 05:00:00+00:00,1625.7494226952053,1625.7494226952053,0.0,0,True,77809.91,0.0,10849.840072530758,0.0004359956799013798,-0.8374250577304795
2026-09-03 06:00:00+00:00,1625.7494226952053,1625.7494226952053,0.0,0,True,77835.19,0.0,10853.365124250178,0.0003248943482903055,-0.8374250577304795
2026-09-03 07:00:00+00:00,1625.7494226952053,1625.7494226952053,0.0,0,True,77663.15,0.0,10829.375808672276,-0.002210311300068768,-0.8374250577304795
2026-09-03 08:00:00+00:00,1625.7494226952053,1625.7494226952053,0.0,0,True,77843.34,0.0,10854.501562996747,0.0023201479723651275,-0.8374250577304795
2026-09-03 09:00:00+00:00,1625.7494226952053,1625.7494226952053,0.0,0,True,77615.24,0.0,10822.69522212649,-0.0029302442572477494,-0.8374250577304795
2026-09-03 10:00:00+00:00,1625.7494226952053,1625.7494226952053,0.0,0,True,77735.88,0.0,10839.517304382465,0.0015543339168957448,-0.8374250577304795
2026-09-03 11:00:00+00:00,1625.7494226952053,1625.7494226952053,0.0,0,True,77948.39,0.0,10869.149770398855,0.002733744057441534,-0.8374250577304795
2026-09-03 12:00:00+00:00,1625.7494226952053,1625.7494226952053,0.0,0,True,78652.38,0.0,10967.314373245215,0.009031488655506736,-0.8374250577304795
2026-09-03 13:00:00+00:00,1625.7494226952053,1625.7494226952053,0.0,0,True,78840.52,0.0,10993.548678248857,0.0023920445891147946,-0.8374250577304795
2026-09-03 14:00:00+00:00,1625.7494226952053,1625.7494226952053,0.0,0,True,80549.97,0.0,11231.914962337705,0.02168237855356603,-0.8374250577304795
2026-09-03 15:00:00+00:00,1625.7494226952053,1625.7494226952053,0.0,0,True,81348.0,0.0,11343.192534475775,0.009907266259689518,-0.8374250577304795
2026-09-03 16:00:00+00:00,1625.7494226952053,1625.7494226952053,0.0,0,True,80969.37,0.0,11290.396239676535,-0.004654447558636976,-0.8374250577304795
2026-09-03 17:00:00+00:00,1625.7494226952053,1625.7494226952053,0.0,0,True,81042.0,0.0,11300.523791353024,0.0008970058677744142,-0.8374250577304795
2026-09-03 18:00:00+00:00,1625.7494226952053,1625.7494226952053,0.0,0,True,81254.32,0.0,11330.129763705385,0.0026198761136200233,-0.8374250577304795
2026-09-03 19:00:00+00:00,1625.7494226952053,1625.7494226952053,0.0,0,True,81755.41,0.0,11400.001922173948,0.006166933647343553,-0.8374250577304795
2026-09-03 20:00:00+00:00,1625.7494226952053,1625.7494226952053,0.0,0,True,81473.0,0.0,11360.622576601083,-0.0034543279765829604,-0.8374250577304795
2026-09-03 21:00:00+00:00,1625.7494226952053,1625.7494226952053,0.0,0,True,81590.0,0.0,11376.93709603037,0.0014360585715511576,-0.8374250577304795
2026-09-03 22:00:00+00:00,1625.7494226952053,1625.7494226952053,0.0,0,True,81140.0,0.0,11314.188944379264,-0.005515381786983742,-0.8374250577304795
2026-09-03 23:00:00+00:00,1625.7494226952053,1625.7494226952053,0.0,0,True,81270.37,0.0,11332.367781114273,0.0016067291101797831,-0.8374250577304795
2026-09-04 00:00:00+00:00,1625.7494226952053,1625.7494226952053,0.0,0,True,80972.12,0.0,11290.77970060329,-0.0036698491713523795,-0.8374250577304795
2026-09-04 01:00:00+00:00,1625.7494226952053,1625.7494226952053,0.0,0,True,80968.01,0.0,11290.206600818212,-5.075821159172822e-05,-0.8374250577304795
2026-09-04 02:00:00+00:00,1625.7494226952053,1625.7494226952053,0.0,0,True,80831.99,0.0,11271.239926179138,-0.0016799227250366977,-0.8374250577304795
2026-09-04 03:00:00+00:00,1625.7494226952053,1625.7494226952053,0.0,0,True,80850.0,0.0,11273.751246648553,0.00022280782645589525,-0.8374250577304795
2026-09-04 04:00:00+00:00,1625.7494226952053,1625.7494226952053,0.0,0,True,81070.54,0.0,11304.503418571072,0.0027277674706243094,-0.8374250577304795
2026-09-04 05:00:00+00:00,1625.7494226952053,1625.7494226952053,0.0,0,True,80996.15,0.0,11294.130451901461,-0.0009175959602586437,-0.8374250577304795
2026-09-04 06:00:00+00:00,1625.7494226952053,1625.7494226952053,0.0,0,True,80797.39,0.0,11266.415290518853,-0.0024539437985632295,-0.8374250577304795
2026-09-04 07:00:00+00:00,1625.7494226952053,1625.7494226952053,0.0,0,True,80656.87,0.0,11246.821134363267,-0.0017391650893674448,-0.8374250577304795
2026-09-04 08:00:00+00:00,1625.7494226952053,1625.7494226952053,0.0,0,True,81147.16,0.0,11315.187337192203,0.00607871344375277,-0.8374250577304795
2026-09-04 09:00:00+00:00,1625.7494226952053,1625.7494226952053,0.0,0,True,81056.63,0.0,11302.56380348337,-0.0011156274600367944,-0.8374250577304795
2026-09-04 10:00:00+00:00,1625.7494226952053,1625.7494226952053,0.0,0,True,81179.63,0.0,11319.714964934672,0.0015174576095748904,-0.8374250577304795
2026-09-04 11:00:00+00:00,1625.7494226952053,1625.7494226952053,0.0,0,True,81224.86,0.0,11326.021851377294,0.0005571594746121011,-0.8374250577304795
2026-09-04 12:00:00+00:00,1625.7494226952053,1625.7494226952053,0.0,0,True,79453.96,0.0,11079.086958579644,-0.021802438317529926,-0.8374250577304795
2026-09-04 13:00:00+00:00,1625.7494226952053,1625.7494226952053,0.0,0,True,79378.67,0.0,11068.58849560673,-0.000947592794619645,-0.8374250577304795
2026-09-04 14:00:00+00:00,1625.7494226952053,1625.7494226952053,0.0,0,True,78915.71,0.0,11004.033197188073,-0.005832297265751518,-0.8374250577304795
2026-09-04 15:00:00+00:00,1625.7494226952053,1625.7494226952053,0.0,0,True,79429.33,0.0,11075.652543079274,0.006508463270494369,-0.8374250577304795
2026-09-04 16:00:00+00:00,1625.7494226952053,1625.7494226952053,0.0,0,True,79745.73,0.0,11119.77146570685,0.003983415194362072,-0.8374250577304795
2026-09-04 17:00:00+00:00,1625.7494226952053,1625.7494226952053,0.0,0,True,79472.22,0.0,11081.633139133308,-0.003429776114658445,-0.8374250577304795
2026-09-04 18:00:00+00:00,1625.7494226952053,1625.7494226952053,0.0,0,True,79618.15,0.0,11101.981667512076,0.0018362391285910995,-0.8374250577304795
2026-09-04 19:00:00+00:00,1625.7494226952053,1625.7494226952053,0.0,0,True,79793.34,0.0,11126.410220151536,0.0022003776777028694,-0.8374250577304795
2026-09-04 20:00:00+00:00,1625.7494226952053,1625.7494226952053,0.0,0,True,79697.04,0.0,11112.9821156982,-0.0012068676408332202,-0.8374250577304795
2026-09-04 21:00:00+00:00,1625.7494226952053,1625.7494226952053,0.0,0,True,79624.0,0.0,11102.79739348354,-0.0009164706744441142,-0.8374250577304795
2026-09-04 22:00:00+00:00,1625.7494226952053,1625.7494226952053,0.0,0,True,79636.09,0.0,11104.4832271579,0.0001518386416154982,-0.8374250577304795
2026-09-04 23:00:00+00:00,1625.7494226952053,1625.7494226952053,0.0,0,True,79660.77,0.0,11107.924614675121,0.00030990974067157673,-0.8374250577304795
2026-09-05 00:00:00+00:00,1625.7494226952053,1625.7494226952053,0.0,0,True,79573.36,0.0,11095.736134817738,-0.001097277869646307,-0.8374250577304795
2026-09-05 01:00:00+00:00,1625.7494226952053,1625.7494226952053,0.0,0,True,79533.34,0.0,11090.155732530899,-0.0005029321370871864,-0.8374250577304795
2026-09-05 02:00:00+00:00,1625.7494226952053,1625.7494226952053,0.0,0,True,79569.09,0.0,11095.140724578736,0.00044949702854180096,-0.8374250577304795
2026-09-05 03:00:00+00:00,1625.7494226952053,1625.7494226952053,0.0,0,True,79582.0,0.0,11096.940899329438,0.00016224893359972903,-0.8374250577304795
2026-09-05 04:00:00+00:00,1625.7494226952053,1625.7494226952053,0.0,0,True,79500.01,0.0,11085.508186098607,-0.0010302580985650511,-0.8374250577304795
2026-09-05 05:00:00+00:00,1625.7494226952053,1625.7494226952053,0.0,0,True,79577.53,0.0,11096.317601023038,0.0009750942169692856,-0.8374250577304795
2026-09-05 06:00:00+00:00,1625.7494226952053,1625.7494226952053,0.0,0,True,79644.01,0.0,11105.58759462696,0.000835411704786404,-0.8374250577304795
2026-09-05 07:00:00+00:00,1625.7494226952053,1625.7494226952053,0.0,0,True,79709.96,0.0,11114.783684852275,0.0008280597624354957,-0.8374250577304795
2026-09-05 08:00:00+00:00,1625.7494226952053,1625.7494226952053,0.0,0,True,79650.0,0.0,11106.422842245605,-0.0007522271997127961,-0.8374250577304795
2026-09-05 09:00:00+00:00,1625.7494226952053,1625.7494226952053,0.0,0,True,79631.28,0.0,11103.81251913692,-0.00023502824858756544,-0.8374250577304795
2026-09-05 10:00:00+00:00,1625.7494226952053,1625.7494226952053,0.0,0,True,79618.01,0.0,11101.962145864896,-0.00016664305785374367,-0.8374250577304795
2026-09-05 11:00:00+00:00,1625.7494226952053,1625.7494226952053,0.0,0,True,79609.28,0.0,11100.744831722866,-0.00010964855815898122,-0.8374250577304795
2026-09-05 12:00:00+00:00,1625.7494226952053,1625.7494226952053,0.0,0,True,79704.14,0.0,11113.972142090917,0.0011915696260533792,-0.8374250577304795
2026-09-05 13:00:00+00:00,1625.7494226952053,1625.7494226952053,0.0,0,True,79613.67,0.0,11101.356974802306,-0.0011350727829193552,-0.8374250577304795
2026-09-05 14:00:00+00:00,1625.7494226952053,1625.7494226952053,0.0,0,True,79719.76,0.0,11116.150200154896,0.0013325600992895037,-0.8374250577304795
2026-09-05 15:00:00+00:00,1625.7494226952053,1625.7494226952053,0.0,0,True,79806.01,0.0,11128.17692922136,0.0010819149480632007,-0.8374250577304795
2026-09-05 16:00:00+00:00,1625.7494226952053,1625.7494226952053,0.0,0,True,80042.0,0.0,11161.083454350568,0.0029570454656233647,-0.8374250577304795
2026-09-05 17:00:00+00:00,1625.7494226952053,1625.7494226952053,0.0,0,True,80058.6,0.0,11163.39816394481,0.0002073911196622813,-0.8374250577304795
2026-09-05 18:00:00+00:00,1625.7494226952053,1625.7494226952053,0.0,0,True,79999.98,0.0,11155.224171389726,-0.0007322136534988477,-0.8374250577304795
2026-09-05 19:00:00+00:00,1625.7494226952053,1625.7494226952053,0.0,0,True,79754.0,0.0,11120.924637293861,-0.003074750768687684,-0.8374250577304795
2026-09-05 20:00:00+00:00,1625.7494226952053,1625.7494226952053,0.0,0,True,79737.83,0.0,11118.66988704453,-0.00020274845148837706,-0.8374250577304795
2026-09-05 21:00:00+00:00,1625.7494226952053,1625.7494226952053,0.0,0,True,79906.02,0.0,11142.122357324974,0.002109287398465609,-0.8374250577304795
2026-09-05 22:00:00+00:00,1625.7494226952053,1625.7494226952053,0.0,0,True,79783.99,0.0,11125.106453000564,-0.0015271690418318107,-0.8374250577304795
2026-09-05 23:00:00+00:00,1625.7494226952053,1625.7494226952053,0.0,0,True,79831.75,0.0,11131.766123495801,0.0005986163389422039,-0.8374250577304795
2026-09-06 00:00:00+00:00,1625.7494226952053,1625.7494226952053,0.0,0,True,79868.0,0.0,11136.82083571214,0.00045407998697255536,-0.8374250577304795
2026-09-06 01:00:00+00:00,1625.7494226952053,1625.7494226952053,0.0,0,True,79951.39,0.0,11148.448765414774,0.0010440977613059843,-0.8374250577304795
2026-09-06 02:00:00+00:00,1625.7494226952053,1625.7494226952053,0.0,0,True,79907.28,0.0,11142.298052149597,-0.0005517102329301027,-0.8374250577304795
2026-09-06 03:00:00+00:00,1625.7494226952053,1625.7494226952053,0.0,0,True,80028.01,0.0,11159.132684035903,0.0015108761054061226,-0.8374250577304795
2026-09-06 04:00:00+00:00,1625.7494226952053,1625.7494226952053,0.0,0,True,79866.01,0.0,11136.543349441507,-0.0020242912450277872,-0.8374250577304795
2026-09-06 05:00:00+00:00,1625.7494226952053,1625.7494226952053,0.0,0,True,79989.13,0.0,11153.711243733249,0.001541581957080318,-0.8374250577304795
2026-09-06 06:00:00+00:00,1625.7494226952053,1625.7494226952053,0.0,0,True,79784.65,0.0,11125.198483622986,-0.0025563473436953643,-0.8374250577304795
2026-09-06 07:00:00+00:00,1625.7494226952053,1625.7494226952053,0.0,0,True,79805.0,0.0,11128.036094480985,0.00025506159392807426,-0.8374250577304795
2026-09-06 08:00:00+00:00,1625.7494226952053,1625.7494226952053,0.0,0,True,79837.17,0.0,11132.521890122354,0.0004031075747132906,-0.8374250577304795
2026-09-06 09:00:00+00:00,1625.7494226952053,1625.7494226952053,0.0,0,True,79885.77,0.0,11139.298690500675,0.0006087390121669589,-0.8374250577304795
2026-09-06 10:00:00+00:00,1625.7494226952053,1625.7494226952053,0.0,0,True,80003.93,0.0,11155.774960720884,0.0014791119870283254,-0.8374250577304795
2026-09-06 11:00:00+00:00,1625.7494226952053,1625.7494226952053,0.0,0,True,79919.17,0.0,11143.955997756555,-0.0010594479546193192,-0.8374250577304795
2026-09-06 12:00:00+00:00,1625.7494226952053,1625.7494226952053,0.0,0,True,79922.04,0.0,11144.356191523751,3.591128386348785e-05,-0.8374250577304795
2026-09-06 13:00:00+00:00,1625.7494226952053,1625.7494226952053,0.0,0,True,79829.98,0.0,11131.519314099307,-0.0011518724997509056,-0.8374250577304795
2026-09-06 14:00:00+00:00,1625.7494226952053,1625.7494226952053,0.0,0,True,79543.06,0.0,11091.511092606563,-0.003594138442725381,-0.8374250577304795
2026-09-06 15:00:00+00:00,1625.7494226952053,1625.7494226952053,0.0,0,True,79716.5,0.0,11115.69562465627,0.002180454209330218,-0.8374250577304795
2026-09-06 16:00:00+00:00,1625.7494226952053,1625.7494226952053,0.0,0,True,79682.0,0.0,11110.884933029683,-0.0004327836771560456,-0.8374250577304795
2026-09-06 17:00:00+00:00,1625.7494226952053,1625.7494226952053,0.0,0,True,79745.34,0.0,11119.717083975418,0.000794909766321128,-0.8374250577304795
2026-09-06 18:00:00+00:00,1625.7494226952053,1625.7494226952053,0.0,0,True,79955.34,0.0,11148.999554745935,0.0026333827155293754,-0.8374250577304795
2026-09-06 19:00:00+00:00,1625.7494226952053,1625.7494226952053,0.0,0,True,79829.99,0.0,11131.520708502678,-0.0015677501965472018,-0.8374250577304795
2026-09-06 20:00:00+00:00,1625.7494226952053,1625.7494226952053,0.0,0,True,79912.0,0.0,11142.95621054025,0.0010273081582499177,-0.8374250577304795
2026-09-06 21:00:00+00:00,1625.7494226952053,1625.7494226952053,0.0,0,True,79944.38,0.0,11147.471288652388,0.0004051957152868546,-0.8374250577304795
2026-09-06 22:00:00+00:00,1625.7494226952053,1625.7494226952053,0.0,0,True,80055.17,0.0,11162.91988358889,0.0013858385042200272,-0.8374250577304795
2026-09-06 23:00:00+00:00,1625.7494226952053,1625.7494226952053,0.0,0,True,80341.83,0.0,11202.891850594015,0.0035807806041758816,-0.8374250577304795
2026-09-07 00:00:00+00:00,1625.7494226952053,1625.7494226952053,0.0,0,True,80160.01,0.0,11177.538808520228,-0.00226308014144061,-0.8374250577304795
2026-09-07 01:00:00+00:00,1625.7494226952053,1625.7494226952053,0.0,0,True,79926.14,0.0,11144.927896905463,-0.0029175395561952255,-0.8374250577304795
2026-09-07 02:00:00+00:00,1625.7494226952053,1625.7494226952053,0.0,0,True,79874.24,0.0,11137.690943415037,-0.0006493495119368475,-0.8374250577304795
2026-09-07 03:00:00+00:00,1625.7494226952053,1625.7494226952053,0.0,0,True,79596.39,0.0,11098.947445778904,-0.00347859334874423,-0.8374250577304795
2026-09-07 04:00:00+00:00,1625.7494226952053,1625.7494226952053,0.0,0,True,79724.0,0.0,11116.741427183788,0.001603213412065596,-0.8374250577304795
2026-09-07 05:00:00+00:00,1625.7494226952053,1625.7494226952053,0.0,0,True,79759.47,0.0,11121.687375937265,0.00044490993929047207,-0.8374250577304795
2026-09-07 06:00:00+00:00,1625.7494226952053,1625.7494226952053,0.0,0,True,79659.27,0.0,11107.715454169618,-0.0012562771542991014,-0.8374250577304795
2026-09-07 07:00:00+00:00,1625.7494226952053,1625.7494226952053,0.0,0,True,79397.83,0.0,11071.260172463697,-0.0032819783560656957,-0.8374250577304795
2026-09-07 08:00:00+00:00,1625.7494226952053,1625.7494226952053,0.0,0,True,79437.38,0.0,11076.775037792144,0.0004981244449626665,-0.8374250577304795
2026-09-07 09:00:00+00:00,1625.7494226952053,1625.7494226952053,0.0,0,True,79313.85,0.0,11059.54997296223,-0.0015550613577638428,-0.8374250577304795
2026-09-07 10:00:00+00:00,1625.7494226952053,1625.7494226952053,0.0,0,True,79360.0,0.0,11065.985144514892,0.0005818655884186619,-0.8374250577304795
2026-09-07 11:00:00+00:00,1625.7494226952053,1625.7494226952053,0.0,0,True,79420.16,0.0,11074.373875188961,0.0007580645161291422,-0.8374250577304795
2026-09-07 12:00:00+00:00,1625.7494226952053,1625.7494226952053,0.0,0,True,79606.84,0.0,11100.404597300578,0.002350536689928351,-0.8374250577304795
2026-09-07 13:00:00+00:00,1625.7494226952053,1625.7494226952053,0.0,0,True,79352.01,0.0,11064.871016222243,-0.003201106839562873,-0.8374250577304795
2026-09-07 14:00:00+00:00,1625.7494226952053,1625.7494226952053,0.0,0,True,79191.95,0.0,11042.55219588163,-0.0020170881619759884,-0.8374250577304795
2026-09-07 15:00:00+00:00,1625.7494226952053,1625.7494226952053,0.0,0,True,78821.99,0.0,10990.964848804202,-0.004671686958080845,-0.8374250577304795
2026-09-07 16:00:00+00:00,1625.7494226952053,1625.7494226952053,0.0,0,True,79028.87,0.0,11019.812265723269,0.0026246482739142873,-0.8374250577304795
2026-09-07 17:00:00+00:00,1625.7494226952053,1625.7494226952053,0.0,0,True,79185.73,0.0,11041.684876985475,0.001984844272732378,-0.8374250577304795
2026-09-07 18:00:00+00:00,1625.7494226952053,1625.7494226952053,0.0,0,True,79196.16,0.0,11043.139239700411,0.0001317156512923301,-0.8374250577304795
2026-09-07 19:00:00+00:00,1625.7494226952053,1625.7494226952053,0.0,0,True,79365.82,0.0,11066.796687276248,0.0021422755850788455,-0.8374250577304795
2026-09-07 20:00:00+00:00,1625.7494226952053,1625.7494226952053,0.0,0,True,79238.0,0.0,11048.973423400594,-0.0016105169706557287,-0.8374250577304795
2026-09-07 21:00:00+00:00,1625.7494226952053,1625.7494226952053,0.0,0,True,79164.0,0.0,11038.654838462411,-0.0009338953532397332,-0.8374250577304795
2026-09-07 22:00:00+00:00,1625.7494226952053,1625.7494226952053,0.0,0,True,78952.19,0.0,11009.11998068192,-0.0026755848618059686,-0.8374250577304795
2026-09-07 23:00:00+00:00,1625.7494226952053,1625.7494226952053,0.0,0,True,79112.01,0.0,11031.405335341655,0.002024263038175489,-0.8374250577304795
2026-09-08 00:00:00+00:00,1625.7494226952053,1625.7494226952053,0.0,0,True,79313.08,0.0,11059.442603902738,0.002541586290122133,-0.8374250577304795
2026-09-08 01:00:00+00:00,1625.7494226952053,1625.7494226952053,0.0,0,True,79441.99,0.0,11077.417857745724,0.0016253309038054553,-0.8374250577304795
2026-09-08 02:00:00+00:00,1625.7494226952053,1625.7494226952053,0.0,0,True,78930.01,0.0,11006.027194007207,-0.006444702606266506,-0.8374250577304795
2026-09-08 03:00:00+00:00,1625.7494226952053,1625.7494226952053,0.0,0,True,78906.28,0.0,11002.718274810139,-0.0003006461040611086,-0.8374250577304795
2026-09-08 04:00:00+00:00,1625.7494226952053,1625.7494226952053,0.0,0,True,78678.71,0.0,10970.98583731849,-0.0028840543490327164,-0.8374250577304795
2026-09-08 05:00:00+00:00,1625.7494226952053,1625.7494226952053,0.0,0,True,78578.0,0.0,10956.942800978974,-0.0012800159026501445,-0.8374250577304795
2026-09-08 06:00:00+00:00,1625.7494226952053,1625.7494226952053,0.0,0,True,78323.59,0.0,10921.467784842176,-0.003237674667209922,-0.8374250577304795
2026-09-08 07:00:00+00:00,1625.7494226952053,1625.7494226952053,0.0,0,True,78482.0,0.0,10943.556528626737,0.0020225068845798333,-0.8374250577304795
2026-09-08 08:00:00+00:00,1625.7494226952053,1625.7494226952053,0.0,0,False,78418.0,0.0,10934.63234705858,-0.0008154736117836903,-0.8374250577304795
2026-09-08 09:00:00+00:00,1630.7446328471515,-2.2737367544323206e-13,0.020704715978445334,1,False,78761.99,0.0030725584657842475,10982.598428584055,0.004386620418781462,-0.8369255367152848
2026-09-08 10:00:00+00:00,1628.606427869396,1628.606427869396,0.0,0,False,78568.0,-0.0013111832071600604,10955.548397608949,-0.00246299007935169,-0.8371393572130604
2026-09-08 11:00:00+00:00,1628.606427869396,1628.606427869396,0.0,0,False,78430.01,0.0,10936.30702550598,-0.0017563130027492546,-0.8371393572130604
2026-09-08 12:00:00+00:00,1626.887302315919,-2.2737367544323206e-13,0.020737890499615348,1,False,78449.99,-0.0010555807247586424,10939.093043439289,0.00025474942563441516,-0.8373112697684081
2026-09-08 13:00:00+00:00,1624.7563845169434,1624.7563845169434,0.0,0,False,77961.66,-0.001309812791545073,10871.00014367088,-0.006224729920296879,-0.8375243615483057
2026-09-08 14:00:00+00:00,1624.7563845169434,1624.7563845169434,0.0,0,False,78567.52,0.0,10955.481466247187,0.0077712557685405415,-0.8375243615483057
2026-09-08 15:00:00+00:00,1629.5449990935476,10.446224035862315,0.020519856725358478,1,False,78904.0,0.0029472815877118475,11002.400350841774,0.0042826857714231,-0.8370455000906453
2026-09-08 16:00:00+00:00,1626.0954059794476,10.446224035862315,0.020519856725358478,1,False,78735.89,-0.002116905710501382,10978.95903578829,-0.002130563723005241,-0.8373904594020553
2026-09-08 17:00:00+00:00,1623.9634663529348,1623.9634663529348,0.0,0,False,78504.38,-0.001311079053955444,10946.677203368852,-0.0029403363574095343,-0.8376036533647065
2026-09-08 18:00:00+00:00,1620.470034217669,26.715731860394726,0.020319168524112325,1,False,78436.0,-0.002151176555166723,10937.142273124624,-0.0008710342021681639,-0.8379529965782331
2026-09-08 19:00:00+00:00,1618.3651468575347,1618.3651468575347,0.0,0,False,78446.0,-0.001298936305940801,10938.536676494648,0.00012749247794374696,-0.8381634853142466
2026-09-08 20:00:00+00:00,1617.1106606102783,11.598228433590293,0.02045551723488763,1,False,78487.99,-0.0007751564902965802,10944.391776245382,0.0005352726716467693,-0.8382889339389722
2026-09-08 21:00:00+00:00,1617.1963692274921,11.598228433590293,0.02045551723488763,1,False,78492.18,5.30010835384509e-05,10944.976031257422,5.3383963584785477e-05,-0.8382803630772508
2026-09-08 22:00:00+00:00,1618.6335738684156,11.598228433590293,0.02045551723488763,1,False,78562.44,0.0008887013774401264,10954.773109335214,0.0008951210171510571,-0.8381366426131585
2026-09-08 23:00:00+00:00,1616.5164547903955,1616.5164547903955,0.0,0,False,78455.8,-0.0013079668630376906,10939.903191797273,-0.0013573916492408689,-0.8383483545209605
2026-09-09 00:00:00+00:00,1616.5164547903955,1616.5164547903955,0.0,0,False,78774.65,0.0,10984.363743250506,0.0040640717448550134,-0.8383483545209605
2026-09-09 01:00:00+00:00,1616.7805636878927,-2.2737367544323206e-13,0.02049372319816321,1,False,78891.5,0.0001633815088701862,11000.657346629243,0.0014833452132125835,-0.8383219436312107
2026-09-09 02:00:00+00:00,1614.6607625145425,1614.6607625145425,0.0,0,False,78726.01,-0.0013111248495683014,10977.581365258706,-0.0020976911327583725,-0.8385339237485457
2026-09-09 03:00:00+00:00,1614.6607625145425,1614.6607625145425,0.0,0,False,78638.01,0.0,10965.31061560249,-0.001117800838630112,-0.8385339237485457
2026-09-09 04:00:00+00:00,1623.4748865892516,-2.2737367544323206e-13,0.02050579926601431,1,False,79171.5,0.005458808611279231,11039.70064098993,0.006784123860713143,-0.8376525113410749
2026-09-09 05:00:00+00:00,1618.3880129653314,-2.2737367544323206e-13,0.02050579926601431,1,False,78923.43,-0.0031333244917678416,11005.109676589731,-0.0031333244917678416,-0.8381611987034668
2026-09-09 06:00:00+00:00,1616.2629663107398,1616.2629663107398,0.0,0,False,79159.03,-0.0013130637631811881,11037.96181998751,0.002985171830469202,-0.838373703368926
2026-09-09 07:00:00+00:00,1616.2629663107398,1616.2629663107398,0.0,0,False,79277.43,0.0,11054.4715558886,0.0014957232295544909,-0.838373703368926
2026-09-09 08:00:00+00:00,1616.2629663107398,1616.2629663107398,0.0,0,False,79698.02,0.0,11113.118767228463,0.005305293070171357,-0.838373703368926
2026-09-09 09:00:00+00:00,1597.9503529651774,1597.9503529651774,0.0,0,False,78952.01,-0.011330218984948015,11009.09488142126,-0.009360458390308857,-0.8402049647034823
2026-09-09 10:00:00+00:00,1597.9503529651774,1597.9503529651774,0.0,0,False,78920.01,0.0,11004.632790637183,-0.0004053095038365484,-0.8402049647034823
2026-09-09 11:00:00+00:00,1597.9503529651774,1597.9503529651774,0.0,0,False,79324.75,0.0,11061.069872635557,0.005128483891474467,-0.8402049647034823
2026-09-09 12:00:00+00:00,1601.4387533841293,34.274366306617594,0.01968647628282833,1,False,79606.14,0.0021830468089816257,11100.306989064677,0.0035473165689143826,-0.8398561246615871
2026-09-09 13:00:00+00:00,1592.275682998287,34.274366306617594,0.01968647628282833,1,False,79140.69,-0.005721773852717771,11035.404484206883,-0.005846910803613881,-0.8407724317001712
2026-09-09 14:00:00+00:00,1590.2290522086735,1590.2290522086735,0.0,0,False,78958.01,-0.0012853495229919742,11009.931523443276,-0.002308294254194543,-0.8409770947791326
2026-09-09 15:00:00+00:00,1570.931826055279,1570.931826055279,0.0,0,False,78596.7,-0.012134872096942528,10959.55033528092,-0.00457597652220465,-0.842906817394472
2026-09-09 16:00:00+00:00,1572.6193486431994,309.1562631514191,0.016032798537803872,1,False,78804.9,0.001074217582158088,10988.58181344483,0.0026489661779691698,-0.8427380651356801
2026-09-09 17:00:00+00:00,1570.9560506961964,1570.9560506961964,0.0,0,False,78776.01,-0.0010576608690704425,10984.553382108828,-0.0003666015691917712,-0.8429043949303804
2026-09-09 18:00:00+00:00,1563.221730397868,260.3378026981902,0.016615361405461875,1,False,78414.42,-0.004923320607792214,10934.133150652111,-0.0045901030021702205,-0.8436778269602132
2026-09-09 19:00:00+00:00,1561.4991256633211,1561.4991256633211,0.0,0,False,78234.94,-0.0011019580274823637,10909.10639896691,-0.002288864726666451,-0.8438500874336679
2026-09-09 20:00:00+00:00,1561.2637628210782,242.75609619012403,0.016834003475955144,1,False,78324.07,-0.00015072876979227434,10921.53471620394,0.0011392607957521061,-0.8438736237178922
2026-09-09 21:00:00+00:00,1558.2496344987082,242.75609619012403,0.016834003475955144,1,False,78145.02,-0.0019305695771248965,10896.56792386365,-0.002286015014286269,-0.8441750365501292
2026-09-09 22:00:00+00:00,1554.529993090661,242.75609619012403,0.016834003475955144,1,False,77924.06,-0.0023870638732694793,10865.757186999586,-0.0028275634199083077,-0.8445470006909339
2026-09-09 23:00:00+00:00,1552.8023801855613,1552.8023801855613,0.0,0,False,78306.43,-0.0011113409923116935,10919.074988659215,0.004906956850040833,-0.8447197619814438
2026-09-10 00:00:00+00:00,1552.8023801855613,1552.8023801855613,0.0,0,False,78180.7,0.0,10901.543155087897,-0.0016056152732284446,-0.8447197619814438
2026-09-10 01:00:00+00:00,1549.4397079724322,162.73453522113618,0.01775687213808098,1,False,78094.0,-0.002165550656051507,10889.453677869784,-0.001108969349212785,-0.8450560292027568
2026-09-10 02:00:00+00:00,1547.612154465471,1547.612154465471,0.0,0,False,78357.86,-0.0011794931403641407,10926.246405191252,0.003378748687479227,-0.8452387845534529
2026-09-10 03:00:00+00:00,1547.612154465471,1547.612154465471,0.0,0,False,78328.08,0.0,10922.09387195532,-0.00038005121630424465,-0.8452387845534529
2026-09-10 04:00:00+00:00,1547.0463838496594,135.72023219466087,0.018001609077232125,1,False,78400.0,-0.0003655764877389389,10932.122420992535,0.0009181892368610445,-0.845295361615034
2026-09-10 05:00:00+00:00,1549.507383826608,135.72023219466087,0.018001609077232125,1,False,78536.71,0.001590773232554632,10951.185309464143,0.001743750000000155,-0.8450492616173392
2026-09-10 06:00:00+00:00,1547.6493558563714,1547.6493558563714,0.0,0,False,78416.01,-0.0011991088197644828,10934.354860787946,-0.0015368609151058532,-0.8452350644143629
2026-09-10 07:00:00+00:00,1547.6493558563714,1547.6493558563714,0.0,0,False,78112.0,0.0,10891.963603935828,-0.0038768868755245656,-0.8452350644143629
2026-09-10 08:00:00+00:00,1547.6493558563714,1547.6493558563714,0.0,0,False,78110.0,0.0,10891.684723261824,-2.560426054887266e-05,-0.8452350644143629
2026-09-10 09:00:00+00:00,1543.2736431210433,-4.547473508864641e-13,0.01978758648637269,1,False,77992.01,-0.0028273282438106007,10875.232157898903,-0.0015105620279094456,-0.8456726356878956
2026-09-10 10:00:00+00:00,1541.2459681249568,1541.2459681249568,0.0,0,False,77863.21,-0.001313879107003868,10857.272242492989,-0.0016514512191695419,-0.8458754031875043
2026-09-10 11:00:00+00:00,1541.2459681249568,1541.2459681249568,0.0,0,False,77840.8,0.0,10854.147384540762,-0.000287812434139445,-0.8458754031875043
2026-09-10 12:00:00+00:00,1522.994902499919,1522.994902499919,0.0,0,False,76896.01,-0.011841760499293752,10722.405548544211,-0.012137465185352636,-0.8477005097500081
2026-09-10 13:00:00+00:00,1522.994902499919,1522.994902499919,0.0,0,False,77174.44,0.0,10761.229921575805,0.003620864073441421,-0.8477005097500081
2026-09-10 14:00:00+00:00,1522.994902499919,1522.994902499919,0.0,0,False,77412.01,0.0,10794.35676243748,0.003078350811486441,-0.8477005097500081
2026-09-10 15:00:00+00:00,1518.471322510529,192.51917969908754,0.01716442903315782,1,False,77250.0,-0.0029701872159680898,10771.766033439711,-0.0020928277149759866,-0.8481528677489472
2026-09-10 16:00:00+00:00,1517.6132727031613,192.51917969908754,0.01716442903315782,1,False,77200.01,-0.0005650747529094557,10764.795410992958,-0.0006471197411004326,-0.8482386727296839
2026-09-10 17:00:00+00:00,1515.8700357544317,1515.8700357544317,0.0,0,False,77328.72,-0.0011486700729920196,10782.742776768544,0.0016672277633125177,-0.8484129964245568
2026-09-10 18:00:00+00:00,1512.784849756318,177.29466730411832,0.01728745123041733,1,False,77252.0,-0.0020352575915772997,10772.044914113716,-0.0009921281510930635,-0.8487215150243682
2026-09-10 19:00:00+00:00,1511.0217078810474,1511.0217078810474,0.0,0,False,77160.83,-0.0011654941385449424,10759.332138589203,-0.0011801636203592203,-0.8488978292118953
2026-09-10 20:00:00+00:00,1511.1213880634732,111.59597189009264,0.018112594698527263,1,False,77268.08,6.59687295727629e-05,10774.287114732717,0.0013899539442487896,-0.8488878611936527
2026-09-10 21:00:00+00:00,1508.8739773132797,111.59597189009264,0.018112594698527263,1,False,77144.0,-0.0014872469994442472,10756.98535771745,-0.001605837753442474,-0.849112602268672
2026-09-10 22:00:00+00:00,1503.3034488137478,111.59597189009264,0.018112594698527263,1,False,76836.45,-0.0036918447685412303,10714.100482072345,-0.0039867001970341764,-0.8496696551186252
2026-09-10 23:00:00+00:00,1501.464797395726,1501.464797395726,0.0,0,False,76568.72,-0.0012230740370300364,10676.768120646679,-0.0034844139727953083,-0.8498535202604274
2026-09-11 00:00:00+00:00,1501.464797395726,1501.464797395726,0.0,0,False,76908.59,0.0,10724.159707983701,0.0044387577590430105,-0.8498535202604274
2026-09-11 01:00:00+00:00,1500.7284066099705,22.039606891734365,0.019210878630138952,1,False,76971.43,-0.0004904482522885001,10732.922138760936,0.0008170738795236776,-0.849927159339003
2026-09-11 02:00:00+00:00,1498.7806217815971,1498.7806217815971,0.0,0,False,76838.68,-0.0012978929563766117,10714.411434023861,-0.001724665892266719,-0.8501219378218403
2026-09-11 03:00:00+00:00,1498.7806217815971,1498.7806217815971,0.0,0,False,76891.8,0.0,10721.818504725432,0.0006913184869912214,-0.8501219378218403
2026-09-11 04:00:00+00:00,1501.143890904279,-2.2737367544323206e-13,0.01946655206886893,1,False,77114.01,0.001576794554410954,10752.803542010748,0.002889905035387441,-0.849885610909572
2026-09-11 05:00:00+00:00,1503.8468216590416,-2.2737367544323206e-13,0.01946655206886893,1,False,77252.86,0.0018005807245662364,10772.164832803539,0.0018005807245660144,-0.8496153178340958
2026-09-11 06:00:00+00:00,1501.8645774384613,1501.8645774384613,0.0,0,False,77298.01,-0.0013181157761755768,10778.460564019199,0.0005844443817353273,-0.8498135422561539
2026-09-11 07:00:00+00:00,1501.8645774384613,1501.8645774384613,0.0,0,False,77230.7,0.0,10769.074834935564,-0.0008707856774061717,-0.8498135422561539
2026-09-11 08:00:00+00:00,1501.8645774384613,1501.8645774384613,0.0,0,False,77364.93,0.0,10787.791911371403,0.0017380394066091043,-0.8498135422561539
2026-09-11 09:00:00+00:00,1493.6272331275359,-2.2737367544323206e-13,0.019387181448139147,1,False,77042.0,-0.00548474505269636,10742.762443343201,-0.004174113516292155,-0.8506372766872464
2026-09-11 10:00:00+00:00,1491.6662380375983,1491.6662380375983,0.0,0,False,76993.25,-0.001312907964212351,10735.964726914332,-0.0006327717348978412,-0.8508333761962401
2026-09-11 11:00:00+00:00,1491.6662380375983,1491.6662380375983,0.0,0,False,77036.12,0.0,10741.942534161626,0.0005568020573232246,-0.8508333761962401
2026-09-11 12:00:00+00:00,1475.4243540326056,1475.4243540326056,0.0,0,False,78032.99,-0.010888416986872484,10880.946422909265,0.012940293462339492,-0.8524575645967394
