trade_id,side,entry_time,exit_time,entry_price,exit_price,quantity,gross_pnl,fees,financing,net_pnl,return_pct,r_multiple,bars_held,exit_reason
1,1,2026-03-22 17:00:00+00:00,2026-03-22 19:00:00+00:00,68830.50873095813,68594.36334199284,0.13168023451907837,-31.09568019954853,18.096139383320526,0.0,-49.19181958286906,-0.005427393577729293,-0.4919181958286905,3,signal
2,1,2026-03-22 20:00:00+00:00,2026-03-22 21:00:00+00:00,68223.53482655736,67447.30707304039,0.13229479881272066,-102.69089448437774,17.948546733859715,0.0,-120.63944121823745,-0.013366334619495468,-1.2123582228793433,2,stop_loss
3,1,2026-03-22 22:00:00+00:00,2026-03-23 00:00:00+00:00,67922.16024123397,67835.15348782139,0.11871276970996004,-10.328812681079443,16.116126721160143,0.0,-26.444939402239584,-0.003279696440019955,-0.2690181634094178,3,signal
4,1,2026-03-23 01:00:00+00:00,2026-03-23 05:00:00+00:00,67692.96086470335,68516.8286253526,0.10308091023189768,84.92503867844057,14.040629083130138,0.0,70.88440959531043,0.010158485644225395,0.7230355632497594,5,signal
5,1,2026-03-23 10:00:00+00:00,2026-03-23 11:00:00+00:00,68358.74140158802,68526.80271195943,0.08903702542017806,14.963679163687946,12.187881670892832,0.0,2.775797492795115,0.0004560611506100876,0.028110456981523497,2,signal
6,1,2026-03-23 12:00:00+00:00,2026-03-23 13:00:00+00:00,70144.30694547329,70728.66045817774,0.06891025001464132,40.267946657397204,9.70759140409001,0.0,30.560355253307193,0.006322402552861974,0.30939725773550925,2,signal
7,1,2026-03-23 14:00:00+00:00,2026-03-23 15:00:00+00:00,71504.93179916123,71422.65134637979,0.06446474843025883,-5.30418868928359,9.213790691222204,0.0,-14.517979380505796,-0.0031495454965195417,-0.14652867284948018,2,signal
8,1,2026-03-23 17:00:00+00:00,2026-03-23 19:00:00+00:00,70585.40700115112,71050.99657896951,0.0614145762129071,28.59398661086283,8.698539702193386,0.0,19.895446908669445,0.004589520525580982,0.20109763937136677,3,signal
9,1,2026-03-23 20:00:00+00:00,2026-03-24 00:00:00+00:00,70704.1412070758,70880.74828821253,0.06565479154930075,11.595101098163044,9.295726406343936,0.0,2.299374691819107,0.0004953343756609519,0.02319479515875382,5,signal
10,1,2026-03-24 02:00:00+00:00,2026-03-24 05:00:00+00:00,70541.0735765679,70347.59019307487,0.07503923112350439,-14.518844332491284,10.572177003291921,0.0,-25.091021335783203,-0.004740104315250252,-0.25304537979683384,4,signal
11,1,2026-03-24 08:00:00+00:00,2026-03-24 09:00:00+00:00,71315.12691664988,70939.75888502412,0.08533115814247579,-32.03058886828816,12.138774156882478,0.0,-44.16936302517065,-0.00725824856250227,-0.4465823591640236,2,signal
12,1,2026-03-24 10:00:00+00:00,2026-03-24 11:00:00+00:00,71342.07761781511,71248.40729939466,0.08641447134637638,-8.094471047150147,12.321881373144137,0.0,-20.416352420294285,-0.0033116613817070093,-0.20734922062606587,2,signal
13,1,2026-03-24 17:00:00+00:00,2026-03-24 19:00:00+00:00,69500.56726594381,69406.43818255232,0.08383674200103204,-7.891475679086586,11.645510777921523,0.0,-19.53698645700811,-0.0033530098818946494,-0.19883062153949027,3,signal
14,1,2026-03-24 20:00:00+00:00,2026-03-25 00:00:00+00:00,69401.72846003769,70532.43647571836,0.0854147544375279,96.57914749990947,11.95244233540813,0.0,84.62670516450133,0.014275924717284524,0.8629735744454077,5,signal
15,1,2026-03-25 01:00:00+00:00,2026-03-25 07:00:00+00:00,70865.04468848776,70968.17180857169,0.08421964118802525,8.685329050222602,11.94514260192585,0.0,-3.259813551703248,-0.0005461944825305645,-0.032957256949162794,7,signal
16,1,2026-03-25 08:00:00+00:00,2026-03-25 09:00:00+00:00,70951.73385301973,71224.66578600717,0.10152343786881962,27.708988141067362,14.434236875165217,0.0,13.274751265902147,0.0018428800291093895,0.13425418871318287,2,signal
17,1,2026-03-25 10:00:00+00:00,2026-03-25 11:00:00+00:00,71370.49371683567,71476.48968177538,0.1012493673227877,10.732024388913622,14.463166693078126,0.0,-3.7311423041645044,-0.0005163340834534845,-0.03768431261613315,2,signal
18,1,2026-03-25 12:00:00+00:00,2026-03-25 13:00:00+00:00,71702.85953220693,71691.18676211125,0.10213869324525877,-1.1922414841254487,14.6460805076518,0.0,-15.83832199177725,-0.0021626308546362784,-0.1600264033253368,2,signal
19,1,2026-03-25 17:00:00+00:00,2026-03-25 19:00:00+00:00,71347.72648880864,70785.50019631813,0.08837108588032189,-49.68454797785366,12.560467581838596,0.0,-62.24501555969226,-0.009872206920091817,-0.6299159407627212,3,signal
20,1,2026-03-25 20:00:00+00:00,2026-03-26 00:00:00+00:00,70908.18731032466,71311.23631050915,0.09051165862010382,36.48063351187256,12.87251591991684,0.0,23.608117591955722,0.003678412697565547,0.24042726798506528,5,signal
21,1,2026-03-26 01:00:00+00:00,2026-03-26 05:00:00+00:00,71323.98042231386,70747.3653249088,0.10012880649084084,-57.73578150776948,14.225434286217002,0.0,-71.96121579398648,-0.010076364763953204,-0.731101954343353,5,signal
22,1,2026-03-26 08:00:00+00:00,2026-03-26 09:00:00+00:00,70111.26592419513,70000.53521690519,0.10676138330397279,-11.82176348450152,14.958529707035025,0.0,-26.780293191536543,-0.0035777774816140866,-0.27408267171821393,2,signal
23,1,2026-03-26 10:00:00+00:00,2026-03-26 11:00:00+00:00,69585.36307414125,69494.0510753974,0.1040234563781037,-9.498589718128853,14.467521370876753,0.0,-23.966111089005604,-0.003310917737799514,-0.24595507032773892,2,signal
24,1,2026-03-26 14:00:00+00:00,2026-03-26 15:00:00+00:00,69669.49837063233,69456.59913101434,0.10687763097177931,-22.754166366063092,14.86946770732478,0.0,-37.623634073387876,-0.005052789891595047,-0.38706904302321693,2,signal
25,1,2026-03-26 17:00:00+00:00,2026-03-26 19:00:00+00:00,68955.68304179108,68474.5890758745,0.10087915504274868,-48.53235277783041,13.863849728525127,0.0,-62.396202506355536,-0.008969880519628722,-0.6444216715618043,3,signal
26,1,2026-03-26 20:00:00+00:00,2026-03-27 00:00:00+00:00,68558.20631874137,68795.72797910556,0.09907722713151974,23.532987492558473,13.60864694583562,0.0,9.92434054672285,0.0014610610668639977,0.10316238664500874,5,signal
27,1,2026-03-27 01:00:00+00:00,2026-03-27 03:00:00+00:00,68808.6840361707,68880.52002509359,0.09829897605182836,7.061404154790438,13.534707772613526,0.0,-6.473303617823089,-0.0009570480246905835,-0.06721990621048417,3,signal
28,1,2026-03-27 04:00:00+00:00,2026-03-27 05:00:00+00:00,68791.2069095045,68554.86319694003,0.10598064037096351,-25.047858005233515,14.556024462316241,0.0,-39.60388246754975,-0.005432231813616928,-0.41153020678693936,2,signal
29,1,2026-03-27 08:00:00+00:00,2026-03-27 08:00:00+00:00,68562.85500591941,67649.914160397,0.1075811094659585,-98.21518903809044,14.653920830342823,0.0,-112.86910986843327,-0.01530207011651048,-1.1776873119537274,1,stop_loss
30,1,2026-03-27 12:00:00+00:00,2026-03-27 13:00:00+00:00,66724.76753734621,66597.22484958256,0.08524344745661193,-10.872178402855688,11.36482625284598,0.0,-22.237004655701668,-0.003909562967073217,-0.234788147837951,2,signal
31,1,2026-03-27 17:00:00+00:00,2026-03-27 19:00:00+00:00,66001.39788131774,65814.27045191369,0.0849426033716951,-15.895091015832975,11.196766033404586,0.0,-27.09185704923756,-0.004832368828169314,-0.2867210174437957,3,signal
32,1,2026-03-27 20:00:00+00:00,2026-03-28 00:00:00+00:00,66063.26633699676,66384.22150903364,0.0862205001496227,27.672915458627674,11.419688645645813,0.0,16.253226812981858,0.0028534417785103946,0.17250724992900252,5,signal
33,1,2026-03-28 01:00:00+00:00,2026-03-28 03:00:00+00:00,66454.77129972489,66030.16518655905,0.10215389676999262,-43.37516905225054,13.533852525398878,0.0,-56.90902157764942,-0.008383010561266132,-0.6029764225650949,3,signal
34,1,2026-03-28 04:00:00+00:00,2026-03-28 05:00:00+00:00,66262.54122291435,66261.92173238556,0.10935415080917543,-0.06774386071118112,14.49210010791885,0.0,-14.55984396863003,-0.0020093396816187386,-0.15520387242904365,2,signal
35,1,2026-03-28 08:00:00+00:00,2026-03-28 09:00:00+00:00,66583.87975014927,66387.03575975675,0.1268377083614075,-24.96724064610181,16.865726201994818,0.0,-41.832966848096625,-0.004953374707812575,-0.446620922192834,2,signal
36,1,2026-03-28 12:00:00+00:00,2026-03-28 13:00:00+00:00,66343.44352772173,66431.90060199313,0.14041177223507795,12.420414565176994,18.643221378375614,0.0,-6.222806813198622,-0.000668012805814003,-0.06799518238584987,2,signal
37,1,2026-03-28 14:00:00+00:00,2026-03-28 15:00:00+00:00,66857.14117288281,66719.40801784185,0.13161628085207316,-18.127925616512876,17.580848613537185,0.0,-35.70877423005006,-0.0040580512339005856,-0.3832033134590354,2,signal
38,1,2026-03-28 17:00:00+00:00,2026-03-28 19:00:00+00:00,66950.49531887368,66883.9925512084,0.1299712014382688,-8.643444612426832,17.39462918234998,0.0,-26.038073794776814,-0.002992319243960673,-0.2804985330856741,3,signal
39,1,2026-03-28 20:00:00+00:00,2026-03-28 23:00:00+00:00,66940.81297706845,66270.93755883587,0.13814440425138166,-92.53954057438479,18.402457917066172,0.0,-110.94199849145096,-0.011996973640633745,-1.2426341364773248,4,stop_loss
40,1,2026-03-29 01:00:00+00:00,2026-03-29 05:00:00+00:00,66511.24302749762,66710.8352745458,0.13737027223681256,27.418041313364895,18.300753164305664,0.0,9.117288149059231,0.000997878940838497,0.10824329778947976,5,signal
41,1,2026-03-29 08:00:00+00:00,2026-03-29 09:00:00+00:00,66693.83155286276,66700.1390950033,0.13713075900004532,0.8649580411566652,18.29241644097164,0.0,-17.427458399814974,-0.0019055199791092766,-0.22359774152140918,2,signal
42,1,2026-03-29 12:00:00+00:00,2026-03-29 13:00:00+00:00,66839.19600526732,66826.08980674205,0.13657204512744903,-1.789940336443098,18.254941445891117,0.0,-20.044881782334215,-0.002195889434781912,-0.2584763338202192,2,signal
43,1,2026-03-29 17:00:00+00:00,2026-03-29 19:00:00+00:00,66522.80999899756,66402.92387972512,0.1369205665894995,-16.414875376999273,18.20026679699974,0.0,-34.61514217399901,-0.0038003784439499142,-0.4384331140112507,3,signal
44,1,2026-03-29 20:00:00+00:00,2026-03-29 22:00:00+00:00,66371.58219876791,65787.75489832796,0.13671152583649612,-79.81592106814836,18.067704628083824,0.0,-97.88362569623219,-0.010787548131560735,-1.2773312471047698,3,stop_loss
45,1,2026-03-29 23:00:00+00:00,2026-03-30 00:00:00+00:00,65881.47366884853,65988.9033972007,0.11508588647032554,12.363645520676174,15.176419243822362,0.0,-2.812773723146189,-0.00037097908338732397,-0.0313053895131173,2,signal
46,1,2026-03-30 01:00:00+00:00,2026-03-30 06:00:00+00:00,66302.09809797783,67469.24541510842,0.09737545233495466,113.65149794712084,13.026045084041378,0.0,100.62545286307947,0.015585871386610464,1.1202840231054754,6,signal
47,1,2026-03-30 08:00:00+00:00,2026-03-30 09:00:00+00:00,67647.66433006235,67644.43528676103,0.09887323284033935,-0.31926595018353116,13.376767266872564,0.0,-13.696033217056096,-0.00204768552306973,-0.15079148364782685,2,signal
48,1,2026-03-30 12:00:00+00:00,2026-03-30 14:00:00+00:00,67703.21448099455,67507.32470395094,0.10650935108098174,-20.864093036312187,14.401186787898197,0.0,-35.26527982421039,-0.004890466704819348,-0.3888523440177626,3,signal
49,1,2026-03-30 20:00:00+00:00,2026-03-31 00:00:00+00:00,66573.03522850647,66774.79448248321,0.09414570848160328,18.99476790835951,12.554125902625312,0.0,6.440642005734198,0.001027614619506672,0.07129492284607744,5,signal
50,1,2026-03-31 01:00:00+00:00,2026-03-31 05:00:00+00:00,67231.7157013358,67521.41386965284,0.0979550254443157,28.377391448667815,13.199746235827362,0.0,15.177645212840456,0.002304642044751181,0.16788980330731848,5,signal
51,1,2026-03-31 08:00:00+00:00,2026-03-31 09:00:00+00:00,67389.7711242063,66755.71982984369,0.09367834646387466,-59.39687682916867,12.566527778160058,0.0,-71.96340460732873,-0.011399308418792418,-0.7946997942764364,2,signal
52,1,2026-03-31 12:00:00+00:00,2026-03-31 15:00:00+00:00,66708.16197801687,66565.22659147729,0.08381459595160348,-11.980071670001362,11.170255214053203,0.0,-23.150326884054564,-0.004140554422712155,-0.2576995444597426,4,signal
53,1,2026-03-31 17:00:00+00:00,2026-03-31 18:00:00+00:00,67688.4788382032,67504.56583354263,0.06816461702161522,-12.53635952798239,9.215382114035673,0.0,-21.75174164201806,-0.004714333292894369,-0.2427566741419497,2,signal
54,1,2026-03-31 20:00:00+00:00,2026-04-01 00:00:00+00:00,67863.2252206963,68260.8982794011,0.06880152571204563,27.360513173465662,9.365547383021628,0.0,17.994965790444038,0.0038540599029020365,0.20131851979634685,5,signal
55,1,2026-04-01 01:00:00+00:00,2026-04-01 05:00:00+00:00,68354.7140634132,68280.42771291599,0.07738752530111753,-5.748836828630113,10.573855491237456,0.0,-16.32269231986757,-0.003085690506698052,-0.18224308612819573,5,signal
56,1,2026-04-01 08:00:00+00:00,2026-04-01 09:00:00+00:00,68714.66448328321,68647.3269218138,0.07679197563668232,-5.170984379792429,10.548298697386375,0.0,-15.719283077178805,-0.0029789791511578238,-0.1758264451047754,2,signal
57,1,2026-04-01 12:00:00+00:00,2026-04-01 13:00:00+00:00,68735.89333813173,68371.0262225657,0.08685905541220659,-31.692013009041506,11.908977523519571,0.0,-43.60099053256108,-0.0073029389849837084,-0.4885534595946023,2,signal
58,1,2026-04-01 17:00:00+00:00,2026-04-01 18:00:00+00:00,68839.87846690395,68243.23046242117,0.08407103526870256,-50.16081542787253,11.524718885540686,0.0,-61.68553431341322,-0.010658518430779288,-0.6945860053120638,2,signal
59,1,2026-04-01 20:00:00+00:00,2026-04-01 23:00:00+00:00,68201.03489261647,68098.30147180232,0.08410720349957458,-8.640620730623537,11.463756020459137,0.0,-20.104376751082675,-0.0035048259539599957,-0.22796091203480423,4,signal
60,1,2026-04-02 01:00:00+00:00,2026-04-02 01:00:00+00:00,68624.44578965764,67649.29098107253,0.0924932286833397,-90.19521671212094,12.604397898668381,0.0,-102.79961461078932,-0.016195810874196425,-1.1682947092432892,1,stop_loss
61,1,2026-04-02 02:00:00+00:00,2026-04-02 03:00:00+00:00,67381.23520438785,66830.61441733586,0.07871938704101834,-43.34453084877547,10.56507453586342,0.0,-53.90960538463889,-0.010163551240881885,-0.6199130619415902,2,signal
62,1,2026-04-02 04:00:00+00:00,2026-04-02 05:00:00+00:00,66599.02632629166,66307.80631051084,0.07736672053043138,-22.530737573781828,10.282565777196314,0.0,-32.813303350978146,-0.006368364100995554,-0.37967780979911864,2,signal
63,1,2026-04-02 08:00:00+00:00,2026-04-02 09:00:00+00:00,66953.78302917165,66416.4505517864,0.08449107939088688,-45.399801006059164,11.268594993869854,0.0,-56.66839599992902,-0.010017398280153713,-0.6582005490748214,2,signal
64,1,2026-04-02 12:00:00+00:00,2026-04-02 13:00:00+00:00,66242.28219736661,66030.72179589079,0.08925326207838227,-18.88245595832987,11.805797091305108,0.0,-30.68825304963498,-0.005190542868747272,-0.3588041556201122,2,signal
65,1,2026-04-02 17:00:00+00:00,2026-04-02 18:00:00+00:00,67118.38004036075,66657.17407957245,0.08552495874778143,-39.44462077065012,11.441148747568889,0.0,-50.88576951821901,-0.008864658451983604,-0.5970940082807423,2,signal
66,1,2026-04-02 20:00:00+00:00,2026-04-02 23:00:00+00:00,66999.55445554585,66958.89230879511,0.08581719001213704,-3.4895111740092863,11.495937479706193,0.0,-14.98544865371548,-0.0026062948467953963,-0.17689560202822563,4,signal
67,1,2026-04-03 01:00:00+00:00,2026-04-03 02:00:00+00:00,66809.30057838626,66607.32249721242,0.0999282506531209,-20.183316321976438,13.33208975199138,0.0,-33.51540607396782,-0.005020179845408367,-0.3963334242421064,2,signal
68,1,2026-04-03 04:00:00+00:00,2026-04-03 05:00:00+00:00,66602.68639135337,66580.34583423079,0.10218276297349484,-2.282819853153283,13.60901021399819,0.0,-15.891830067151474,-0.0023350948403841466,-0.1886751919361445,2,signal
69,1,2026-04-03 08:00:00+00:00,2026-04-03 09:00:00+00:00,67064.35466799935,66942.90324921998,0.10697507153583165,-12.992274212051182,14.335436002015179,0.0,-27.32771021406636,-0.0038091573080995178,-0.3250605842957289,2,signal
70,1,2026-04-03 12:00:00+00:00,2026-04-03 13:00:00+00:00,67041.72486596394,66699.82272810336,0.11579638938937654,-39.59103308876437,15.486788322740455,0.0,-55.07782141150483,-0.0070947411691092595,-0.657282154414473,2,signal
71,1,2026-04-03 17:00:00+00:00,2026-04-03 18:00:00+00:00,67033.74762585675,66831.84643070554,0.117547581451399,-23.732997182171367,15.73557682090367,0.0,-39.468574003075034,-0.005008921641705369,-0.47412241280207035,2,signal
72,1,2026-04-03 20:00:00+00:00,2026-04-03 23:00:00+00:00,66909.12927269595,66865.76852628085,0.12370222460863427,-5.363820792238625,16.54825245452612,0.0,-21.91207324676475,-0.0026474062080846846,-0.2748362710541522,4,signal
73,1,2026-04-04 01:00:00+00:00,2026-04-04 02:00:00+00:00,66917.07409967924,66829.82143959048,0.12336041385041743,-10.763524258099846,16.499072384932862,0.0,-27.26259664303271,-0.0033025884440021267,-0.4269126543821416,2,signal
74,1,2026-04-04 04:00:00+00:00,2026-04-04 05:00:00+00:00,66856.48567668884,66837.83917636522,0.12306483821333308,-2.2947285455714788,16.453070458081896,0.0,-18.747799003653373,-0.00227862448399369,-0.33713764778782274,2,signal
75,1,2026-04-04 08:00:00+00:00,2026-04-04 09:00:00+00:00,67036.38884681943,66918.23118160045,0.12245518687078695,-14.469018974606485,16.40343802778542,0.0,-30.8724570023919,-0.00376082735935387,-0.6416640474151332,2,signal
76,1,2026-04-04 12:00:00+00:00,2026-04-04 13:00:00+00:00,67178.780155549,67075.06979329781,0.1217365347965088,-12.625340122950908,16.34359847586306,0.0,-28.96893859881397,-0.0035422526525347156,-0.6399624935348427,2,signal
77,1,2026-04-04 14:00:00+00:00,2026-04-04 15:00:00+00:00,67215.27205328978,67193.42016370205,0.12123988582433982,-2.6493205986630786,16.295694498186922,0.0,-18.94501509685,-0.0023247779415493546,-0.4298834305584387,2,signal
78,1,2026-04-04 17:00:00+00:00,2026-04-04 18:00:00+00:00,67388.88194484818,67307.12478486565,0.1206466940205186,-9.86373106439906,16.2506279097055,0.0,-26.11435897410456,-0.003212001156057063,-0.5504335142379846,2,signal
79,1,2026-04-04 20:00:00+00:00,2026-04-04 23:00:00+00:00,67311.02580486202,67377.81758623112,0.12039866355886332,8.041641213555662,16.216356740576654,0.0,-8.174715527020991,-0.0010087063926024259,-0.17684258847019427,4,signal
80,1,2026-04-05 01:00:00+00:00,2026-04-05 02:00:00+00:00,67246.6892244459,67063.25252258232,0.1203924103041255,-22.084386675595923,16.169897614731415,0.0,-38.254284290327334,-0.004725089774309681,-0.872848552774685,2,signal
81,1,2026-04-05 04:00:00+00:00,2026-04-05 05:00:00+00:00,67168.51529380877,67078.42608198767,0.11996357068836569,-10.807423530560277,16.104742441432244,0.0,-26.912165971992522,-0.0033399004312602326,-0.6352812367947291,2,signal
82,1,2026-04-05 08:00:00+00:00,2026-04-05 09:00:00+00:00,66842.01601004382,66910.96883261566,0.12014732844956921,8.284497421063564,16.07006380100126,0.0,-7.785566379937697,-0.0009694525410646478,-0.1702738562447562,2,signal
83,1,2026-04-05 12:00:00+00:00,2026-04-05 13:00:00+00:00,67021.0217199918,66762.23865685605,0.11971037828576593,-30.979018381929897,16.015244708015576,0.0,-46.99426308994548,-0.005857361070272953,-1.1055378039115225,2,circuit_breaker
84,1,2026-04-12 16:00:00+00:00,2026-04-12 18:00:00+00:00,70915.86477121474,71116.1315175065,0.11247362734921007,22.524727392858185,15.97485382224202,0.0,6.549873570616166,0.000821180848473224,0.08523957005767448,3,signal
85,1,2026-04-12 20:00:00+00:00,2026-04-12 22:00:00+00:00,71108.81289274465,70481.83361461588,0.11226045764124189,-70.38498069431107,15.8950307746356,0.0,-86.28001146894667,-0.010808363877419585,-1.275732652178884,3,stop_loss
86,1,2026-04-13 01:00:00+00:00,2026-04-13 02:00:00+00:00,71196.5749103922,71174.09609126532,0.10621667522530455,-2.3876254306475864,15.122139323391742,0.0,-17.509764754039328,-0.0023154132110429614,-0.2215189176973049,2,signal
87,1,2026-04-13 03:00:00+00:00,2026-04-13 05:00:00+00:00,71098.05020333013,70866.67745466877,0.11081909792180293,-25.64051929034043,15.732403055773865,0.0,-41.372922346114294,-0.00525102271091362,-0.5266276263257017,3,signal
88,1,2026-04-13 06:00:00+00:00,2026-04-13 07:00:00+00:00,70902.49889615375,70994.29154095633,0.11054180485593457,10.146924628977224,15.685527318182466,0.0,-5.5386026892052405,-0.0007066626200003408,-0.07470499141609746,2,signal
89,1,2026-04-13 08:00:00+00:00,2026-04-13 09:00:00+00:00,70837.00623095546,70656.50424482075,0.11056589689323347,-19.957363987994206,15.644356890326323,0.0,-35.601720878320535,-0.004545583075047794,-0.4855359169800075,2,signal
90,1,2026-04-13 10:00:00+00:00,2026-04-13 11:00:00+00:00,70817.50513558947,70730.80391232813,0.11009412090281856,-9.545294956155596,15.583636649910968,0.0,-25.128931606066562,-0.003223066554974479,-0.3543904590253343,2,signal
91,1,2026-04-13 12:00:00+00:00,2026-04-13 13:00:00+00:00,70954.10767287691,71051.14550924869,0.10952836135272857,10.628395207014773,15.55360268451756,0.0,-4.925207477502789,-0.0006337535385219068,-0.07327952770127302,2,signal
92,1,2026-04-13 17:00:00+00:00,2026-04-13 18:00:00+00:00,72225.74495507112,72125.56626066868,0.08489451241145411,-8.504621415310805,12.254634181614296,0.0,-20.7592555969251,-0.0033856349390413046,-0.2670229647210479,2,signal
93,1,2026-04-13 20:00:00+00:00,2026-04-14 00:00:00+00:00,73345.36760208869,74393.78544577345,0.07591983275925701,79.59570735436768,11.21633179138797,0.0,68.3793755629797,0.012279966957466672,0.8819078024531185,5,signal
94,1,2026-04-14 01:00:00+00:00,2026-04-14 02:00:00+00:00,74188.12052959649,74361.48992490157,0.07118852558194622,12.341911632802407,10.575027744028182,0.0,1.7668838887742258,0.0003345520101251627,0.022588780140025105,2,signal
95,1,2026-04-14 03:00:00+00:00,2026-04-14 05:00:00+00:00,74356.22332917777,74362.55423027815,0.0743085335843135,0.47043997703711654,11.05107427689488,0.0,-10.580634299857763,-0.0019149422884041855,-0.13523788838046208,3,signal
96,1,2026-04-14 08:00:00+00:00,2026-04-14 09:00:00+00:00,74570.11090251716,74725.38954214526,0.08484161711538953,13.174090889525878,12.666471685776516,0.0,0.5076192037493623,8.023508495595389e-05,0.006496993745678884,2,signal
97,1,2026-04-14 12:00:00+00:00,2026-04-14 13:00:00+00:00,74401.34316718491,74426.93546303395,0.09268634941813791,2.3720564754765716,13.794349836420455,0.0,-11.422293360943883,-0.001656367715086248,-0.1461838851574152,2,signal
98,1,2026-04-14 14:00:00+00:00,2026-04-14 15:00:00+00:00,75549.77019893726,74990.00436718529,0.08525089617527012,-47.72053880515068,12.833650691785085,0.0,-60.55418949693576,-0.009401823519088368,-0.7761143592727727,2,signal
99,1,2026-04-14 16:00:00+00:00,2026-04-14 17:00:00+00:00,75341.40404173362,74266.54997387249,0.07370212558733724,-79.21902949756142,11.026424215722777,0.0,-90.24545371328419,-0.016252179494803086,-1.1657102778803021,2,stop_loss
100,1,2026-04-14 20:00:00+00:00,2026-04-15 00:00:00+00:00,74247.90867449883,74106.69743461446,0.06326785517161249,-8.934132273608444,9.386077733352995,0.0,-18.32021000696144,-0.0038999865607385405,-0.23943525377336328,5,signal
101,1,2026-04-15 01:00:00+00:00,2026-04-15 02:00:00+00:00,74593.19043577649,74587.57133380816,0.0693377515724445,-0.3896158963404354,10.343858598967486,0.0,-10.733474495307922,-0.00207525462892215,-0.14061740432705033,2,signal
102,1,2026-04-15 03:00:00+00:00,2026-04-15 05:00:00+00:00,74347.46275490044,74315.5602913027,0.07190744934488383,-2.2940247851315094,10.68997879915215,0.0,-12.98400358428366,-0.002428670461011016,-0.17034072777580575,3,signal
103,1,2026-04-15 08:00:00+00:00,2026-04-15 09:00:00+00:00,73754.30431052852,74085.37390963214,0.08091466266278187,26.78838492937177,11.96239769135852,0.0,14.825987238013248,0.002484328509316603,0.19483810853441882,2,signal
104,1,2026-04-15 12:00:00+00:00,2026-04-15 13:00:00+00:00,74227.15787822811,74248.74506632506,0.08406231896934228,1.8146690914569856,12.481228712586137,0.0,-10.666559621129151,-0.001709464816850028,-0.13990373217471558,2,signal
105,1,2026-04-15 14:00:00+00:00,2026-04-15 15:00:00+00:00,74088.6804710667,74127.07435732929,0.08229136865527605,3.1594854485427137,12.196877321103546,0.0,-9.037391872560832,-0.001482302935719092,-0.11870146222408327,2,signal
106,1,2026-04-15 17:00:00+00:00,2026-04-15 19:00:00+00:00,73966.18578312357,74364.74811765943,0.07772206756850727,30.977088695058246,11.528586867136443,0.0,19.448501827921802,0.0033830512954768654,0.25574957857392583,3,signal
107,1,2026-04-15 20:00:00+00:00,2026-04-16 00:00:00+00:00,75027.10937321228,74783.70376929278,0.07630947278329003,-18.574153307595235,11.43198416814054,0.0,-30.006137475735777,-0.005240991161021561,-0.39357688214825143,5,signal
108,1,2026-04-16 01:00:00+00:00,2026-04-16 02:00:00+00:00,74840.22604228341,74630.97438486158,0.07811195297588909,-16.345055624660965,11.675487379014843,0.0,-28.02054300367581,-0.0047931824477160795,-0.3689849805222047,2,signal
109,1,2026-04-16 03:00:00+00:00,2026-04-16 05:00:00+00:00,74912.50153903016,74918.7599904043,0.07709488932688037,0.4824946160474333,11.551224525318618,0.0,-11.068729909271184,-0.0019165400594784005,-0.14629698532672794,3,signal
110,1,2026-04-16 08:00:00+00:00,2026-04-16 09:00:00+00:00,74731.86529986556,74653.08534520163,0.08509597905714283,-6.70385737220436,12.712058631544954,0.0,-19.415916003749313,-0.0030531140149315473,-0.2569989187181614,2,signal
111,1,2026-04-16 12:00:00+00:00,2026-04-16 13:00:00+00:00,74598.99643857006,74598.96130133474,0.09081428354085491,-0.00319096285100708,13.549305637908203,0.0,-13.55249660075921,-0.0020004705438378323,-0.1798499359291199,2,signal
112,1,2026-04-16 16:00:00+00:00,2026-04-16 19:00:00+00:00,74721.45349634807,75001.44374506029,0.0683834689851521,19.146704488956864,10.238571099874964,0.0,8.9081333890819,0.001743372825010351,0.11842938485146376,4,signal
113,1,2026-04-16 20:00:00+00:00,2026-04-17 00:00:00+00:00,75367.76354416617,75127.14547837306,0.06309508310106376,-15.181816856833558,9.495488791064144,0.0,-24.677305647897704,-0.005189393401416966,-0.32768493398894893,5,signal
114,1,2026-04-17 01:00:00+00:00,2026-04-17 02:00:00+00:00,74969.96699787975,74724.1181636008,0.0711174011112467,-17.48413016014848,10.645854298410136,0.0,-28.129984458558617,-0.005276018321464871,-0.3747603886034723,2,signal
115,1,2026-04-17 03:00:00+00:00,2026-04-17 06:00:00+00:00,74726.88847721592,74611.3957969492,0.07398378890174225,-8.544586076549262,11.048612098688206,0.0,-19.593198175237468,-0.0035439849020560965,-0.2620113716033659,4,signal
116,1,2026-04-17 08:00:00+00:00,2026-04-17 09:00:00+00:00,75099.84207769473,75755.88809277513,0.08737272390831897,57.320527346772586,13.18067606217233,0.0,44.139851284600255,0.006726915409319815,0.5918137746941726,2,signal
117,1,2026-04-17 12:00:00+00:00,2026-04-17 14:00:00+00:00,75615.67710710742,77587.00435215433,0.07518641913356028,148.21703649550355,11.51876102058138,0.0,136.69827547492216,0.024044280672278127,1.8220261277571677,3,take_profit
118,1,2026-04-17 16:00:00+00:00,2026-04-17 18:00:00+00:00,77810.07550196756,77495.05432591618,0.06315284853234991,-19.894484615655383,9.80796134031728,0.0,-29.702445955972664,-0.006044542468891042,-0.3888141344851272,3,signal
119,1,2026-04-17 20:00:00+00:00,2026-04-18 00:00:00+00:00,77419.75890014252,77046.19567735486,0.06327326339969201,-23.636564191881636,9.773565030266854,0.0,-33.41012922214849,-0.006820341278073762,-0.4390559581056608,5,signal
120,1,2026-04-18 01:00:00+00:00,2026-04-18 02:00:00+00:00,77195.23844373715,77190.80607480927,0.07399674486873895,-0.3279808727206573,11.424064747532654,0.0,-11.75204562025331,-0.0020573602290532727,-0.15511942361705722,2,signal
121,1,2026-04-18 03:00:00+00:00,2026-04-18 06:00:00+00:00,77319.81857551065,77108.06419224199,0.07933843104683169,-16.800260535825288,12.252065928677553,0.0,-29.05232646450284,-0.004735943161568631,-0.38406773794830495,4,signal
122,1,2026-04-18 08:00:00+00:00,2026-04-18 09:00:00+00:00,77024.59201581788,76713.32896205244,0.09376939887449169,-29.186949443423252,14.415912434309007,0.0,-43.60286187773226,-0.006037045605484158,-0.5786461971444308,2,signal
123,1,2026-04-18 12:00:00+00:00,2026-04-18 15:00:00+00:00,76064.05469720089,76224.34122249433,0.09098207239578948,14.583200248317532,13.855513862604361,0.0,0.7276863857131701,0.00010514992141277025,0.00971320792122457,4,signal
124,1,2026-04-18 16:00:00+00:00,2026-04-18 18:00:00+00:00,76193.93980176999,75802.03167438768,0.09505999387495485,-37.25478418850745,14.44873611754136,0.0,-51.70352030604881,-0.007138416785816779,-0.6900751163884561,3,signal
125,1,2026-04-18 20:00:00+00:00,2026-04-19 00:00:00+00:00,75676.7866576603,75664.58628311173,0.09822445757526793,-1.1983751722484746,14.865424265803664,0.0,-16.06379943805214,-0.002161055651439827,-0.21737054828958807,5,signal
126,1,2026-04-19 01:00:00+00:00,2026-04-19 02:00:00+00:00,75718.76470589617,75596.33413081078,0.0979580636003695,-11.993062060845075,14.822534075542336,0.0,-26.81559613638741,-0.0036152950326827893,-0.4068226603534345,2,signal
127,1,2026-04-19 03:00:00+00:00,2026-04-19 06:00:00+00:00,75522.25785001476,75519.12996188326,0.0978582337428235,-0.3060896078945496,14.780643433337168,0.0,-15.086733041231719,-0.002041375355191082,-0.22997096801083927,4,signal
128,1,2026-04-19 12:00:00+00:00,2026-04-19 15:00:00+00:00,75629.33047355441,75998.94407272138,0.09752040714774893,36.04486867810804,14.78685106886347,0.0,21.25801760924457,0.002882285526736489,0.32774831633763657,4,signal
129,1,2026-04-19 16:00:00+00:00,2026-04-19 17:00:00+00:00,75871.19758543489,75065.34247626615,0.09489119518727379,-76.46855445679277,14.322548683886643,0.0,-90.79110314067943,-0.01261073608536421,-1.226237916109641,2,stop_loss
130,1,2026-04-19 20:00:00+00:00,2026-04-19 22:00:00+00:00,74991.43779009915,74149.21757212268,0.08953805803230967,-75.41076275316183,13.353764654799317,0.0,-88.76452740796114,-0.013219654170566914,-1.213750152478086,3,stop_loss
131,1,2026-04-19 23:00:00+00:00,2026-04-20 00:00:00+00:00,74071.413796416,73776.66610824014,0.08271866555166699,-24.38113544034624,12.229795874089387,0.0,-36.61093131443563,-0.0059752574629800635,-0.5067621033343421,2,signal
132,1,2026-04-20 01:00:00+00:00,2026-04-20 02:00:00+00:00,74304.53265984503,74570.31245442724,0.0817740901421944,21.733900880139505,12.174105004279731,0.0,9.559795875859773,0.0015733219129862562,0.13299900986621313,2,signal
133,1,2026-04-20 04:00:00+00:00,2026-04-20 06:00:00+00:00,74660.092935373,74239.26321390884,0.08443436316044085,-35.53248953081242,12.572222311464285,0.0,-48.10471184227671,-0.007630971985349831,-0.668359587811142,3,signal
134,1,2026-04-20 12:00:00+00:00,2026-04-20 15:00:00+00:00,75219.03891037342,75010.119174085,0.07948399837887235,-16.60577598046283,11.940814157644452,0.0,-28.546590138107284,-0.0047747073025064075,-0.399290701800827,4,signal
135,1,2026-04-20 16:00:00+00:00,2026-04-20 18:00:00+00:00,75741.49337632942,75872.62137818834,0.0663007363403955,8.693883078090936,10.05212744782175,0.0,-1.358244369730813,-0.00027047410847596523,-0.019074380402751685,3,signal
136,1,2026-04-20 20:00:00+00:00,2026-04-21 00:00:00+00:00,76321.71107731605,75814.52230451249,0.06751011925823841,-34.24037453840828,10.270735259106436,0.0,-44.51110979751472,-0.00863876080447776,-0.6252069479561397,5,signal
137,1,2026-04-21 01:00:00+00:00,2026-04-21 02:00:00+00:00,76118.45755980616,75901.52595598997,0.07258336140130087,-15.745624999154508,11.03412140374683,0.0,-26.77974640290134,-0.004847071251307263,-0.3785171799302173,2,signal
138,1,2026-04-21 04:00:00+00:00,2026-04-21 06:00:00+00:00,75736.98119319821,75775.98786087694,0.07733709943265378,3.0166625368060087,11.717573553071606,0.0,-8.700911016265596,-0.001485487005197066,-0.12344993375398755,3,signal
139,1,2026-04-21 08:00:00+00:00,2026-04-21 09:00:00+00:00,76108.90777528292,76482.08421016627,0.08248018022925863,30.77965960649116,12.585732520321208,0.0,18.19392708616995,0.0028982868017131246,0.25845744776040913,2,signal
140,1,2026-04-21 12:00:00+00:00,2026-04-21 13:00:00+00:00,76478.41522444694,75984.57697839281,0.07725276098065965,-38.150367985528085,11.778187095042156,0.0,-49.92855508057024,-0.00845076661643973,-0.7074415784073039,2,signal
141,1,2026-04-21 14:00:00+00:00,2026-04-21 15:00:00+00:00,75925.22520379933,75650.07959816554,0.07301773242778659,-20.090508210849514,11.067685048690066,0.0,-31.15819325953958,-0.005620278494931664,-0.4446283483534953,2,signal
142,1,2026-04-21 16:00:00+00:00,2026-04-21 18:00:00+00:00,75859.6201946883,75520.7498661787,0.06742923819794694,-22.849768099290216,10.207463031327556,0.0,-33.05723113061777,-0.0064626041800930675,-0.4738344779015963,3,signal
143,1,2026-04-21 20:00:00+00:00,2026-04-22 00:00:00+00:00,75048.20264277665,76309.98968329576,0.061516591094600934,77.6208374200805,9.311040026140962,0.0,68.30979739393953,0.014796208424585256,0.9837979405754429,5,signal
144,1,2026-04-22 01:00:00+00:00,2026-04-22 02:00:00+00:00,76396.48984109197,76271.52118349475,0.0635765625791654,-7.9450776801636644,9.706107356741352,0.0,-17.651185036905016,-0.003634154778567688,-0.2517358563611505,2,signal
145,1,2026-04-22 03:00:00+00:00,2026-04-22 06:00:00+00:00,77629.77297646576,77970.05472774824,0.05869515258709068,19.97288931412784,9.132955629623861,0.0,10.839933684503979,0.00237900893558272,0.1549860073174489,4,signal
146,1,2026-04-22 08:00:00+00:00,2026-04-22 09:00:00+00:00,78038.50103234516,77985.40445003129,0.0648671062629577,-3.444221647153593,10.120819256486982,0.0,-13.565040903640575,-0.002679709182388952,-0.19364861625807148,2,signal
147,1,2026-04-22 12:00:00+00:00,2026-04-22 13:00:00+00:00,78326.18966176469,78210.53131210196,0.07473414766484036,-8.643628182366065,11.698638420230864,0.0,-20.34226660259693,-0.0034751476078692506,-0.29096078032608347,2,signal
148,1,2026-04-22 14:00:00+00:00,2026-04-22 15:00:00+00:00,78866.41644279557,79020.50745906595,0.07283441874180496,11.223129603387164,11.499602329323677,0.0,-0.27647272593651273,-4.813084964034684e-05,-0.003966001499251678,2,signal
149,1,2026-04-22 16:00:00+00:00,2026-04-22 17:00:00+00:00,79298.43500562794,78717.81284897469,0.07078605803622438,-41.099953677974554,11.185347291302318,0.0,-52.285300969276875,-0.009314665597819528,-0.7500624363560102,2,signal
150,1,2026-04-22 20:00:00+00:00,2026-04-23 00:00:00+00:00,78873.00995078338,78152.41474472267,0.07171163746994896,-51.675062179608716,11.2605503293289,0.0,-62.935612508937616,-0.011127008228845946,-0.909670319666511,5,signal
151,1,2026-04-23 01:00:00+00:00,2026-04-23 02:00:00+00:00,78449.38884506635,78333.51838560181,0.06772975016019117,-7.847877270479766,10.618867136121585,0.0,-18.46674440660135,-0.0034755320686268667,-0.2693683875962407,2,signal
152,1,2026-04-23 03:00:00+00:00,2026-04-23 06:00:00+00:00,77966.21068269698,78008.17693395635,0.067468751691886,2.831410585657333,10.523397228401961,0.0,-7.691986642744629,-0.0014622762265729947,-0.11250355353384918,4,signal
153,1,2026-04-23 12:00:00+00:00,2026-04-23 13:00:00+00:00,77730.64231632881,77844.7357151092,0.07493742697404607,8.549865739325995,11.658418530190499,0.0,-3.108552790864503,-0.0005336631476971158,-0.045517126562137085,2,signal
154,1,2026-04-23 14:00:00+00:00,2026-04-23 17:00:00+00:00,77558.05053117768,78077.66870173361,0.07492783905438762,38.933866653149934,11.661448121797438,0.0,27.2724185313525,0.004693032494114834,0.3995194867754961,4,signal
155,1,2026-04-23 20:00:00+00:00,2026-04-24 00:00:00+00:00,77752.88872428914,78229.94509954448,0.06566707699042014,31.326897722663343,10.242936757893592,0.0,21.08396096476975,0.004129409809711793,0.307634390164668,5,signal
156,1,2026-04-24 01:00:00+00:00,2026-04-24 02:00:00+00:00,78443.72648680286,78403.44671525956,0.07362547773779034,-2.9656174230443013,11.547948058823792,0.0,-14.513565481868094,-0.002512972720368194,-0.2111168066428301,2,signal
157,1,2026-04-24 03:00:00+00:00,2026-04-24 07:00:00+00:00,78152.17278779956,77762.6724369279,0.0726183979130295,-28.284891466862945,11.322286271077665,0.0,-39.60717773794061,-0.006978887171535361,-0.5773516702255924,5,signal
158,1,2026-04-24 12:00:00+00:00,2026-04-24 13:00:00+00:00,78265.55028479954,78249.63120604912,0.07495597192551205,-1.1932300198964543,11.731747549744476,0.0,-12.92497756964093,-0.0022031948873265338,-0.1895007791861953,2,signal
159,1,2026-04-24 14:00:00+00:00,2026-04-24 17:00:00+00:00,78119.35758640422,77750.64066027597,0.07488654077324658,-27.611935122289662,11.67256497902589,0.0,-39.28450010131555,-0.006715197623005451,-0.5770669543772784,4,signal
160,1,2026-04-24 20:00:00+00:00,2026-04-25 00:00:00+00:00,77655.95399318905,77410.40185259278,0.07808330020498375,-19.173521510154497,12.108092815199019,0.0,-31.28161432535352,-0.005158889638741459,-0.46217618182998443,5,signal
161,1,2026-04-25 01:00:00+00:00,2026-04-25 02:00:00+00:00,77482.76107802922,77514.63843652963,0.08686214957768677,2.7689358822040866,13.463407300786086,0.0,-10.694471418582,-0.0015889991438245382,-0.16563767766057244,2,signal
162,1,2026-04-25 03:00:00+00:00,2026-04-25 06:00:00+00:00,77634.93525890932,77483.67803139026,0.0865542731814135,-13.091959391348057,13.426178830250628,0.0,-26.518138221598686,-0.003946365637938773,-0.4474603465595247,4,signal
163,1,2026-04-25 12:00:00+00:00,2026-04-25 13:00:00+00:00,77708.27230750637,77531.07401159263,0.08613167619735418,-15.262386246365077,13.371025110245562,0.0,-28.63341135661064,-0.004278021275744219,-0.6690996971390651,2,signal
164,1,2026-04-25 14:00:00+00:00,2026-04-25 16:00:00+00:00,77717.73032801216,77220.37916049724,0.08575313398329869,-42.64942130465698,13.286428462087148,0.0,-55.93584976674413,-0.008393056182294634,-1.3803140966567575,3,stop_loss
165,1,2026-04-25 20:00:00+00:00,2026-04-26 00:00:00+00:00,77355.17637609257,77600.12517311105,0.08543266632562978,20.92662884254469,13.238244572640456,0.0,7.688384269904236,0.0011633803926933497,0.1941355642846471,5,signal
166,1,2026-04-26 01:00:00+00:00,2026-04-26 02:00:00+00:00,77527.35667975772,77435.36525944048,0.08534200002194592,-7.850731794732519,13.224828619135852,0.0,-21.075560413868374,-0.0031853806557152376,-0.5993813356920875,2,signal
167,1,2026-04-26 03:00:00+00:00,2026-04-26 07:00:00+00:00,77539.00322702879,77973.33865484463,0.08505764705598287,36.94354952306877,13.227513888637734,0.0,23.716035634431034,0.0035959075346582514,0.7126687359916036,5,signal
168,1,2026-04-26 12:00:00+00:00,2026-04-26 13:00:00+00:00,78127.38621345899,77807.95802561614,0.08472032450649453,-27.062059730567288,13.210892965966377,0.0,-40.272952696533665,-0.006084467369523096,-1.1856912935561876,2,signal
169,1,2026-04-26 14:00:00+00:00,2026-04-26 17:00:00+00:00,78003.08783084256,77893.92616051222,0.08433954316191401,-9.206645406452706,13.14828294033738,0.0,-22.354928346790086,-0.003398053739827649,-0.633851613525284,4,signal
170,1,2026-04-26 20:00:00+00:00,2026-04-27 00:00:00+00:00,78246.14982938196,78631.8374859481,0.08379213816165176,32.317593406233435,13.145141987647989,0.0,19.172451418585446,0.002924229112227669,0.4840363037108897,5,signal
171,1,2026-04-27 01:00:00+00:00,2026-04-27 02:00:00+00:00,79334.44526103325,79257.88980562366,0.07799752438652585,-5.971136000230856,12.369809521877652,0.0,-18.34094552210851,-0.0029640062359110194,-0.2786471051420469,2,signal
172,1,2026-04-27 03:00:00+00:00,2026-04-27 05:00:00+00:00,79156.80310854295,78263.7775435128,0.0757245040021991,-67.62391797319209,11.920595389615102,0.0,-79.5445133628072,-0.013270446814808797,-1.2118667839751551,3,stop_loss
173,1,2026-04-27 12:00:00+00:00,2026-04-27 13:00:00+00:00,77871.12905081117,77641.38280652219,0.08318587264608517,-19.111641818339542,12.936444006236943,0.0,-32.04808582457648,-0.004947388856978453,-0.49588872009316276,2,signal
174,1,2026-04-27 14:00:00+00:00,2026-04-27 15:00:00+00:00,77772.04364752212,76987.7591760663,0.08288019000100155,-65.00164600909311,12.826521862536545,0.0,-77.82816787162966,-0.012074316556928014,-1.237013602103086,2,stop_loss
175,1,2026-05-04 18:00:00+00:00,2026-05-04 19:00:00+00:00,80417.0959727979,80088.17065342468,0.04953119312784933,-16.29206351851494,7.9500173593003804,0.0,-24.24208087781532,-0.006086150961793098,-0.3803049607461814,2,signal
176,1,2026-05-04 20:00:00+00:00,2026-05-05 00:00:00+00:00,80080.39160835212,79834.53098775935,0.05304012109152734,-13.040477087878287,8.481906858839974,0.0,-21.52238394671826,-0.005067102383482286,-0.3389278536957529,5,signal
177,1,2026-05-05 01:00:00+00:00,2026-05-05 02:00:00+00:00,80197.826194817,80325.17586368842,0.06059613952788228,7.716898303762306,9.727074230171729,0.0,-2.010175926409423,-0.0004136437951135781,-0.03176328412247154,2,signal
178,1,2026-05-05 04:00:00+00:00,2026-05-05 06:00:00+00:00,80919.81403958147,80943.75541419994,0.06067465663951878,1.4526346844539249,9.821016499055087,0.0,-8.368381814601163,-0.0017044304472554124,-0.1322728730753005,3,signal
179,1,2026-05-05 08:00:00+00:00,2026-05-05 10:00:00+00:00,80881.73043554,80559.91880297725,0.06731951630081165,-21.66420344409878,10.868173737542278,0.0,-32.53237718164106,-0.0059748138324810275,-0.5148964917611499,3,signal
180,1,2026-05-05 12:00:00+00:00,2026-05-05 16:00:00+00:00,81040.65162180757,81498.74302301,0.07501746812727772,34.36485708908325,12.193293857194618,0.0,22.171563231888637,0.0036469598978160324,0.3527299951424395,5,signal
181,1,2026-05-05 18:00:00+00:00,2026-05-05 19:00:00+00:00,81298.47638984285,81487.76964762747,0.07290910806940104,13.801202588628014,11.86860000455803,0.0,1.9326025840699836,0.00032604561517297556,0.030637931590496333,2,signal
182,1,2026-05-05 20:00:00+00:00,2026-05-05 23:00:00+00:00,81633.82524222384,80779.14197200266,0.07616230720490152,-65.09464978947561,12.369746303029517,0.0,-77.46439609250513,-0.012459250003506294,-1.2276822795589732,4,stop_loss
183,1,2026-05-06 01:00:00+00:00,2026-05-06 02:00:00+00:00,81056.29218361987,81412.80560284594,0.07044562444101993,25.114810438983895,11.445237045936711,0.0,13.669573393047184,0.0023939451979870015,0.21933279054039267,2,signal
184,1,2026-05-06 04:00:00+00:00,2026-05-06 05:00:00+00:00,81608.38020464678,81304.27495868862,0.07053694101393754,-21.450653796179356,11.491360347680136,0.0,-32.942014143859495,-0.005722670881965363,-0.527408646224922,2,signal
185,1,2026-05-06 08:00:00+00:00,2026-05-06 10:00:00+00:00,81386.5187071819,81970.63662351598,0.07552641023644627,44.11632937550636,12.337779528565164,0.0,31.7785498469412,0.005169907346906315,0.5114789196549708,3,signal
186,1,2026-05-06 12:00:00+00:00,2026-05-06 13:00:00+00:00,82549.17927775621,82193.7848729348,0.07134899604872832,-25.35703398534247,11.754245098243445,0.0,-37.11127908358591,-0.006300939313060514,-0.5942701603772582,2,signal
187,1,2026-05-06 14:00:00+00:00,2026-05-06 16:00:00+00:00,81697.06755593553,81677.54810762135,0.06951323952710506,-1.3568600861006963,11.35669879126956,0.0,-12.713558877370257,-0.0022386857870084144,-0.2048017773102062,3,signal
188,1,2026-05-06 18:00:00+00:00,2026-05-06 19:00:00+00:00,81480.0048768393,81325.99616001033,0.06652678023172608,-10.245704058251393,10.830959051384664,0.0,-21.076663109636055,-0.0038882510911076276,-0.3402191782301462,2,signal
189,1,2026-05-06 20:00:00+00:00,2026-05-07 00:00:00+00:00,81491.87243713473,81419.91432865073,0.06958864139918536,-5.007467007056954,11.336809908944794,0.0,-16.34427691600175,-0.0028821266247253553,-0.26472973294505386,5,signal
190,1,2026-05-07 01:00:00+00:00,2026-05-07 02:00:00+00:00,81044.11665750615,81141.00910234018,0.0715115967017525,6.928933438417656,11.598117304361143,0.0,-4.669183865943486,-0.00080564368665709,-0.07582793288761107,2,signal
191,1,2026-05-07 04:00:00+00:00,2026-05-07 06:00:00+00:00,80862.2009958341,81060.8680856059,0.07461383784620185,14.82331402161096,12.081701620001905,0.0,2.741612401609056,0.0004544029254443255,0.04455779984015518,3,signal
192,1,2026-05-07 08:00:00+00:00,2026-05-07 10:00:00+00:00,81545.10021748095,80902.6178066511,0.07541258683140128,-48.45126059435402,12.250602641057851,0.0,-60.701863235411864,-0.009870980925981212,-1.0206522364079533,3,signal
193,1,2026-05-07 12:00:00+00:00,2026-05-07 14:00:00+00:00,80893.67153302676,80097.07536008788,0.07527023577273002,-59.95998175276392,12.117811475872642,0.0,-72.07779322863657,-0.01183759992202897,-1.2421407390853385,3,stop_loss
194,1,2026-05-07 15:00:00+00:00,2026-05-07 16:00:00+00:00,80196.87991227703,79864.59210127841,0.06929374577453729,-23.025467099315836,11.091258950005525,0.0,-34.116726049321365,-0.006139257332089839,-0.566450448372193,2,signal
195,1,2026-05-07 18:00:00+00:00,2026-05-07 19:00:00+00:00,80120.46917472997,80174.07835248085,0.06605697763179996,3.541260255549369,10.58857334050446,0.0,-7.047313084955093,-0.0013315619700586439,-0.11767526896719274,2,signal
196,1,2026-05-07 20:00:00+00:00,2026-05-08 00:00:00+00:00,80173.50465771217,79978.56864060159,0.06969994239842091,-13.587029163985019,11.162590283880153,0.0,-24.74961944786517,-0.0044289954882836295,-0.4137533445426014,5,signal
197,1,2026-05-08 01:00:00+00:00,2026-05-08 02:00:00+00:00,79857.70753803656,79713.76797107418,0.07323248050147603,-10.541051530963198,11.685814968812712,0.0,-22.226866499775912,-0.003800648075540166,-0.3731228692878646,2,signal
198,1,2026-05-08 04:00:00+00:00,2026-05-08 06:00:00+00:00,79605.10236153113,79573.22914040982,0.07282052055914628,-2.321024553950309,11.591448961707695,0.0,-13.912473515658004,-0.0023999912939697736,-0.2344236700080427,3,signal
199,1,2026-05-08 08:00:00+00:00,2026-05-08 10:00:00+00:00,79707.92896754539,79846.4987709488,0.07420753456321588,10.282923475476872,11.84014071111844,0.0,-1.5572172356415672,-0.00026326896968587054,-0.02794078287038585,3,signal
200,1,2026-05-08 12:00:00+00:00,2026-05-08 14:00:00+00:00,80257.31724203791,79622.32850967359,0.07368017565817728,-46.786081341566394,11.77996038315326,0.0,-58.56604172471965,-0.009903998855567125,-1.0986117185260649,3,signal
201,1,2026-05-08 15:00:00+00:00,2026-05-08 16:00:00+00:00,80176.75526717262,80116.09926164364,0.07052897615173098,-4.278005967412253,11.305290914355766,0.0,-15.583296881768018,-0.002755772035442482,-0.2658938728138893,2,signal
202,1,2026-05-08 18:00:00+00:00,2026-05-08 19:00:00+00:00,80085.47165120255,80051.85114963102,0.06723487320624146,-2.260470160291663,10.766812594101005,0.0,-13.027282754392665,-0.002419387941126625,-0.22287385496015133,2,signal
203,1,2026-05-08 20:00:00+00:00,2026-05-09 00:00:00+00:00,80206.74795215992,80166.90155058833,0.071657711751104,-2.8553019581355326,11.492008748540517,0.0,-14.34731070667605,-0.002496299328751723,-0.24600548936396477,5,signal
204,1,2026-05-09 01:00:00+00:00,2026-05-09 02:00:00+00:00,80265.92692538447,80300.98161026463,0.07240869127559227,2.5382638552507135,11.626439709234077,0.0,-9.088175853983362,-0.0015637049052229254,-0.18932586125145856,2,signal
205,1,2026-05-09 04:00:00+00:00,2026-05-09 06:00:00+00:00,80410.16821021373,80353.3084891623,0.07216589338256235,-4.103332567159531,11.601639919297217,0.0,-15.704972486456747,-0.002706413910015433,-0.3546813167196322,3,signal
206,1,2026-05-09 08:00:00+00:00,2026-05-09 10:00:00+00:00,80254.73498751713,80215.95622361818,0.07211016700296967,-2.7963431409222976,11.571568342316944,0.0,-14.367911483239242,-0.002482712766306942,-0.35483236427217535,3,signal
207,1,2026-05-09 12:00:00+00:00,2026-05-09 14:00:00+00:00,80371.66111445436,80365.35173287649,0.07182667005703347,-0.45318186885760997,11.545204387738384,0.0,-11.998386256595992,-0.0020784240627715334,-0.328519009033658,3,signal
208,1,2026-05-09 15:00:00+00:00,2026-05-09 16:00:00+00:00,80358.05702468066,80502.18394941524,0.07168966744899684,10.332411304668435,11.53201718119843,0.0,-1.1996058765299953,-0.00020823445537488985,-0.036146133404465215,2,signal
209,1,2026-05-09 18:00:00+00:00,2026-05-09 19:00:00+00:00,80838.53564524508,80881.56277947458,0.0712487420944098,3.0656291897793277,11.52235358414542,0.0,-8.456724394366091,-0.0014682720715785175,-0.23857070005092193,2,signal
210,1,2026-05-09 20:00:00+00:00,2026-05-10 00:00:00+00:00,80965.04176496323,80652.82931409325,0.07103307274335702,-22.17740973402893,11.480213992985115,0.0,-33.65762372701405,-0.005852282807739867,-0.9598398110196786,5,signal
211,1,2026-05-10 01:00:00+00:00,2026-05-10 02:00:00+00:00,80705.84637667653,80659.91500628807,0.07084457890382309,-3.253988593646621,11.431889414670925,0.0,-14.685878008317546,-0.0025685516115390274,-0.46004158321672983,2,signal
212,1,2026-05-10 04:00:00+00:00,2026-05-10 06:00:00+00:00,80800.89402888584,80675.17123171728,0.07057967072483155,-8.873473626762053,11.39692751603478,0.0,-20.270401142796832,-0.0035544020382558576,-0.6766848350052562,3,signal
213,1,2026-05-10 08:00:00+00:00,2026-05-10 10:00:00+00:00,80761.48831905151,80782.11437674405,0.07036336826024583,1.4513188931773746,11.366752006571105,0.0,-9.915433113393732,-0.0017448606747631204,-0.37750172285833306,3,signal
214,1,2026-05-10 12:00:00+00:00,2026-05-10 14:00:00+00:00,80846.81164563276,80945.84778240434,0.07016658666909335,6.949027674155348,11.352438660180468,0.0,-4.40341098602512,-0.0007762399206480735,-0.1665248401951962,3,signal
215,1,2026-05-10 15:00:00+00:00,2026-05-10 17:00:00+00:00,81015.66252884227,81352.68236699462,0.06996604887679744,23.579946468617784,11.360271555026827,0.0,12.219674913590955,0.0021557744244125277,0.4769658030610937,3,signal
216,1,2026-05-10 18:00:00+00:00,2026-05-10 19:00:00+00:00,81501.8290774552,81245.75615930166,0.06969847592410154,-17.84789212073911,11.343258651329762,0.0,-29.191150772068873,-0.005138786554008177,-0.9363840329494438,2,signal
217,1,2026-05-10 20:00:00+00:00,2026-05-10 20:00:00+00:00,81463.94819009883,80969.85890690843,0.06937291168056642,-34.27641220508239,11.268506153678848,0.0,-45.54491835876124,-0.008059062995024431,-1.402485622655093,1,stop_loss
218,1,2026-05-10 21:00:00+00:00,2026-05-10 22:00:00+00:00,80760.34430174704,81940.66040298286,0.06941391734359995,81.9303642905032,11.293714092294788,0.0,70.63665019820841,0.012600430388569733,1.6869355100677452,2,take_profit
219,1,2026-05-10 23:00:00+00:00,2026-05-11 00:00:00+00:00,82070.3183844566,82184.0154767872,0.06916578441337336,7.863948576566178,11.360779844809038,0.0,-3.496831268242861,-0.0006160234604403797,-0.06443805720029117,2,signal
220,1,2026-05-11 01:00:00+00:00,2026-05-11 02:00:00+00:00,81497.13489758699,81474.75060610218,0.06370969192650129,-1.4260963144900254,10.382888618121079,0.0,-11.808984932611104,-0.0022743888754055293,-0.207954545030726,2,signal
221,1,2026-05-11 04:00:00+00:00,2026-05-11 06:00:00+00:00,80762.1745935164,80805.50311921285,0.06128268918880195,2.6552885732642304,9.901301776225711,0.0,-7.24601320296148,-0.0014640412125031727,-0.12786716746510982,3,signal
222,1,2026-05-11 08:00:00+00:00,2026-05-11 10:00:00+00:00,80767.01348274268,80939.52376160584,0.07000294308542915,12.076227232909508,11.319933523257959,0.0,0.7562937096515485,0.0001337642826315825,0.013414186338913626,3,signal
223,1,2026-05-11 12:00:00+00:00,2026-05-11 14:00:00+00:00,81223.87137786004,81045.87903397957,0.06961850119009909,-12.391560204270956,11.296976812163738,0.0,-23.688537016434694,-0.004189188332447019,-0.4643282829360751,3,signal
224,1,2026-05-11 15:00:00+00:00,2026-05-11 17:00:00+00:00,80979.61402572186,81549.65605739786,0.06887358253552005,39.260836917352464,11.193973097507577,0.0,28.066863819844883,0.005032288267803296,0.4979351593581176,3,signal
225,1,2026-05-11 18:00:00+00:00,2026-05-11 19:00:00+00:00,81968.05766727365,81832.02186778602,0.06235411529305586,-8.482391925234392,10.213609044340831,0.0,-18.696000969575223,-0.0036579600341365205,-0.3300429715874177,2,signal
226,1,2026-05-11 20:00:00+00:00,2026-05-12 00:00:00+00:00,81989.1711998182,81718.12658190193,0.06463232992607582,-17.518245169851404,10.580784081534475,0.0,-28.09902925138588,-0.005302552877848243,-0.49767842299773213,5,signal
227,1,2026-05-12 01:00:00+00:00,2026-05-12 01:00:00+00:00,81572.15369935548,80768.04587901037,0.06880178593519087,-55.32405412419672,11.16929566006689,0.0,-66.49334978426361,-0.011847768829120732,-1.2431737589452914,1,stop_loss
228,1,2026-05-12 04:00:00+00:00,2026-05-12 06:00:00+00:00,81086.94764059402,81196.96723201746,0.06839427424023227,7.524710107612753,11.099290578575896,0.0,-3.574580470963144,-0.0006445466868580368,-0.06496561915561987,3,signal
229,1,2026-05-12 08:00:00+00:00,2026-05-12 10:00:00+00:00,80891.61815959176,80810.8778009115,0.06851528070359733,-5.531948339086724,11.079091901206196,0.0,-16.61104024029292,-0.0029971319669046493,-0.3300082198079256,3,signal
230,1,2026-05-12 12:00:00+00:00,2026-05-12 14:00:00+00:00,80811.06568647697,80441.13175768511,0.0683782280562453,-25.29542654867231,11.02613953140761,0.0,-36.32156608007992,-0.006573185512697762,-0.7887189958952167,3,signal
231,1,2026-05-12 15:00:00+00:00,2026-05-12 17:00:00+00:00,80565.77446216122,79974.69111221781,0.06813603214050955,-40.274074129464125,10.938590322228258,0.0,-51.21266445169238,-0.009329319063032124,-1.0345931455561763,3,signal
232,1,2026-05-12 18:00:00+00:00,2026-05-12 19:00:00+00:00,80554.23109949939,80652.19861884654,0.06703278588256294,6.567035747843246,10.806116086202314,0.0,-4.239080338359068,-0.0007850476568150182,-0.07787117872930759,2,signal
233,1,2026-05-12 20:00:00+00:00,2026-05-13 00:00:00+00:00,80862.24269028891,80477.43773812639,0.06720115184722482,-25.8593360218377,10.842212363452663,0.0,-36.70154838529036,-0.006754012928910835,-0.7070671880247517,5,signal
234,1,2026-05-13 01:00:00+00:00,2026-05-13 02:00:00+00:00,80745.19651347895,80979.83075556108,0.06684448362614943,15.684004752992994,10.810425937223918,0.0,4.873578815769075,0.0009029542060860567,0.10412030225416302,2,signal
235,1,2026-05-13 04:00:00+00:00,2026-05-13 06:00:00+00:00,81276.7422642535,80993.03691968798,0.06646722698083701,-18.85710753291288,10.785622245149339,0.0,-29.64272977806222,-0.005487118594141845,-0.6228171665646209,3,signal
236,1,2026-05-13 08:00:00+00:00,2026-05-13 10:00:00+00:00,81053.08310317389,81265.12422007095,0.0662852831007158,14.055205462513621,10.759308324821966,0.0,3.2958971376916573,0.00061346105132759,0.0791274887634417,3,signal
237,1,2026-05-13 12:00:00+00:00,2026-05-13 12:00:00+00:00,80526.9565733737,79867.11348402119,0.06675924923742164,-44.050629259674324,10.707787699166094,0.0,-54.758416958840414,-0.010185870599276,-1.293133256492251,1,stop_loss
238,1,2026-05-13 15:00:00+00:00,2026-05-13 15:00:00+00:00,79781.54752882691,78995.6678891535,0.0666973205683258,-52.41606625541783,10.59001483567916,0.0,-63.00608109109699,-0.01184054313749761,-1.2420079248345774,1,stop_loss
239,1,2026-05-13 18:00:00+00:00,2026-05-13 19:00:00+00:00,79540.98232817155,79572.36669443878,0.06082300289328678,1.908891400275689,9.677751687962779,0.0,-7.768860287687089,-0.0016058260662207332,-0.14759789388027678,2,signal
240,1,2026-05-13 20:00:00+00:00,2026-05-14 00:00:00+00:00,79668.71219255863,79287.71585997265,0.06415974851897795,-24.444628885368825,10.198604449325419,0.0,-34.643233334694244,-0.00677747569627386,-0.6591477153472758,5,signal
241,1,2026-05-14 01:00:00+00:00,2026-05-14 02:00:00+00:00,79606.12450456514,79578.31068346357,0.06552137315536001,-1.8223997512727705,10.42998277848005,0.0,-12.25238252975282,-0.0023490435874551426,-0.2526088482550522,2,signal
242,1,2026-05-14 04:00:00+00:00,2026-05-14 06:00:00+00:00,79070.40883582192,79783.4153023326,0.06581049122349848,46.9233058065995,10.45424819926319,0.0,36.46905760733631,0.007008344215383444,0.7259867063298929,3,signal
243,1,2026-05-14 08:00:00+00:00,2026-05-14 10:00:00+00:00,79772.13880157833,79609.38563455694,0.06568828604112807,-10.690976589400814,10.469499166831898,0.0,-21.160475756232714,-0.004038185465464235,-0.42355647755951037,3,signal
244,1,2026-05-14 12:00:00+00:00,2026-05-14 14:00:00+00:00,79284.53608372221,79676.2687460151,0.06582564511419689,25.7860552077317,10.463697525789405,0.0,15.322357681942293,0.002935904893450572,0.31510916382137616,3,signal
245,1,2026-05-14 15:00:00+00:00,2026-05-14 16:00:00+00:00,80990.39337004082,81275.67404197669,0.05704552891791041,16.2739868206382,9.256553640947846,0.0,7.017433179690355,0.0015188789608885896,0.13393333586132436,2,signal
246,1,2026-05-14 18:00:00+00:00,2026-05-14 19:00:00+00:00,81694.2939356889,81555.70899017008,0.05147114746599194,-7.13312616736536,8.402664974420503,0.0,-15.535791141785863,-0.0036946882567132897,-0.29611642539859906,2,signal
247,1,2026-05-14 20:00:00+00:00,2026-05-15 00:00:00+00:00,81446.57981027369,81063.42052729236,0.052210484736943,-20.004931895914794,8.484725892225093,0.0,-28.48965778813989,-0.006699720044598681,-0.5446334132184558,5,signal
248,1,2026-05-15 01:00:00+00:00,2026-05-15 02:00:00+00:00,81545.40362019572,81104.274997622,0.0558522976014975,-24.638047108526504,9.08435825495028,0.0,-33.72240536347678,-0.0074041978380987765,-0.6481975291027989,2,signal
249,1,2026-05-15 04:00:00+00:00,2026-05-15 06:00:00+00:00,81085.92344274935,80334.1736061837,0.05461824698798174,-41.05925824671759,8.816482729442608,0.0,-49.8757409761602,-0.01126175660143189,-0.9649447260762347,3,signal
250,1,2026-05-15 08:00:00+00:00,2026-05-15 10:00:00+00:00,80840.9600572035,80463.23985608187,0.055309237701928075,-20.89141638865624,8.921612335323228,0.0,-29.813028723979464,-0.006667713998615273,-0.5824118814862155,3,circuit_breaker
251,1,2026-05-22 12:00:00+00:00,2026-05-22 14:00:00+00:00,77453.90804468263,77265.03988610556,0.06563895860615925,-12.397109242861703,10.155590618817513,0.0,-22.552699861679216,-0.004436020275563673,-0.6144580180618497,3,signal
252,1,2026-05-22 15:00:00+00:00,2026-05-22 17:00:00+00:00,76798.48467238087,76925.78358539648,0.06590577556224181,8.389733590523848,10.131317122266926,0.0,-1.7415835317430783,-0.00034408693550271426,-0.04380096727265152,3,signal
253,1,2026-05-22 18:00:00+00:00,2026-05-22 18:00:00+00:00,76775.25508098965,76129.52821979375,0.06590305490112251,-42.55537278452296,10.076892328515768,0.0,-52.63226511303873,-0.010402201121366687,-1.2867062043133308,1,stop_loss
254,1,2026-05-22 20:00:00+00:00,2026-05-23 00:00:00+00:00,75884.61718486572,75514.74735037891,0.06487342241879661,-23.994722012633673,9.8217949294323,0.0,-33.816516942065974,-0.00686923408669475,-0.6746906638418448,5,signal
255,1,2026-05-23 01:00:00+00:00,2026-05-23 02:00:00+00:00,75376.9346417516,75465.02863870126,0.06555938067149975,5.775387880896301,9.889105691939598,0.0,-4.113717811043296,-0.0008324557987005558,-0.08263240586562404,2,signal
256,1,2026-05-23 04:00:00+00:00,2026-05-23 06:00:00+00:00,75660.50911712085,75457.66926137665,0.06567827630024986,-13.32217209027025,9.925181473533403,0.0,-23.247353563803657,-0.004678240184384379,-0.534154056648984,3,signal
257,1,2026-05-23 09:00:00+00:00,2026-05-23 10:00:00+00:00,74708.17305412536,74632.40673224466,0.06620463988316401,-5.016082055383584,9.887039304699549,0.0,-14.903121360083134,-0.0030131495988261077,-0.31581068468213824,2,signal
258,1,2026-05-23 12:00:00+00:00,2026-05-23 14:00:00+00:00,74814.2562426553,75189.91231359297,0.06591176211465193,24.76015358456815,9.887039074085585,0.0,14.873114510482564,0.003016161808112194,0.3586755618852315,3,signal
259,1,2026-05-23 15:00:00+00:00,2026-05-23 17:00:00+00:00,75561.81737926752,75420.02447910407,0.06545630965543466,-9.28123998004075,9.882714193029436,0.0,-19.163954173070188,-0.0038746387021409835,-0.43273119456031983,3,signal
260,1,2026-05-23 18:00:00+00:00,2026-05-23 19:00:00+00:00,75512.49793137595,75821.04771827048,0.06524552944359548,20.131494205641776,9.873837308487706,0.0,10.257656897154067,0.0020819896778908322,0.25108601148194415,2,signal
261,1,2026-05-23 20:00:00+00:00,2026-05-23 20:00:00+00:00,76008.38498170633,77265.31489570878,0.0649546799056046,81.64348022780841,9.955844113485206,0.0,71.6876361143232,0.014520190297302917,1.7213799032234811,1,take_profit
262,1,2026-05-23 21:00:00+00:00,2026-05-23 22:00:00+00:00,77310.67515900431,76498.48758847748,0.06365468228164632,-51.69954175498771,9.790673386696984,0.0,-61.4902151416847,-0.012494998023074503,-1.226437718282138,2,stop_loss
263,1,2026-05-23 23:00:00+00:00,2026-05-24 00:00:00+00:00,76609.82509724259,76726.51440514496,0.05732502943793082,6.689218010595254,8.790010175878919,0.0,-2.100792165283666,-0.0004783594213078875,-0.04242109338592852,2,signal
264,1,2026-05-24 01:00:00+00:00,2026-05-24 02:00:00+00:00,76860.76142199064,76863.74875160171,0.05995817274046985,0.1791148248535272,9.217040735432366,0.0,-9.037925910578839,-0.0019611720957969903,-0.18257941758836949,2,signal
265,1,2026-05-24 04:00:00+00:00,2026-05-24 06:00:00+00:00,76776.0781854161,76796.06907126759,0.0642929422360084,1.2852728692960176,9.87360519263374,0.0,-8.588332323337724,-0.0017398812828469691,-0.17679274353399183,3,signal
266,1,2026-05-24 09:00:00+00:00,2026-05-24 10:00:00+00:00,76856.4758099015,76995.33910393601,0.06411405357044266,8.903088672696855,9.864063503295608,0.0,-0.9609748305987518,-0.00019501962224234822,-0.023029733921910402,2,signal
267,1,2026-05-24 12:00:00+00:00,2026-05-24 13:00:00+00:00,77345.69986318622,76666.01551145772,0.06369610981877696,-43.29324910980286,9.809947135881542,0.0,-53.1031962456844,-0.010778828927501306,-1.2743500929515634,2,stop_loss
268,1,2026-05-24 15:00:00+00:00,2026-05-24 17:00:00+00:00,76489.63556985995,76646.4041796072,0.06371543033362906,9.988579432850594,9.757128672225026,0.0,0.23145076062556935,4.749100934677708e-05,0.005125737196027475,3,signal
269,1,2026-05-24 18:00:00+00:00,2026-05-24 19:00:00+00:00,76719.0263293005,76639.35407832848,0.063527934322542,-5.061413527079124,9.742541118347265,0.0,-14.80395464542639,-0.003037455537814132,-0.347447971267338,2,signal
270,1,2026-05-24 20:00:00+00:00,2026-05-24 21:00:00+00:00,76799.89689686893,76147.038528021,0.06326847166191084,-41.30535120869638,9.676718849705754,0.0,-50.98207005840214,-0.010492270651806938,-1.2823298267089072,2,stop_loss
271,1,2026-05-24 22:00:00+00:00,2026-05-25 00:00:00+00:00,76175.84389600939,77039.20829160657,0.0631181843958492,54.493993122113594,9.670655916197603,0.0,44.823337205916,0.00932250050789086,1.0763449477530591,3,signal
272,1,2026-05-25 01:00:00+00:00,2026-05-25 02:00:00+00:00,77178.8656106006,76920.31293900816,0.06287808821484502,-16.257297692572994,9.689461742677452,0.0,-25.946759435250442,-0.005346694938793786,-0.5695719984714945,2,signal
273,1,2026-05-25 04:00:00+00:00,2026-05-25 06:00:00+00:00,77052.9703131763,77381.2546198072,0.06264442061051782,20.565180184418285,9.674442543361137,0.0,10.890737641057148,0.0022562411415330903,0.24266117431024042,3,signal
274,1,2026-05-25 09:00:00+00:00,2026-05-25 10:00:00+00:00,77482.46565587998,77579.07522746522,0.06243759150434961,6.032068966049594,9.681669147709314,0.0,-3.6496001816597197,-0.0007543896390404412,-0.08502103194092116,2,signal
275,1,2026-05-25 12:00:00+00:00,2026-05-25 14:00:00+00:00,77383.47398433974,77315.21305018717,0.062470348463839996,-4.264284342978137,9.664080885945422,0.0,-13.92836522892356,-0.002881230445045868,-0.3483915495025093,3,signal
276,1,2026-05-25 15:00:00+00:00,2026-05-25 17:00:00+00:00,77738.87696960295,77710.27250356162,0.062005759824017605,-1.7736416512530848,9.638742627080855,0.0,-11.412384278333938,-0.002367587784763909,-0.29684802023941853,3,signal
277,1,2026-05-25 18:00:00+00:00,2026-05-25 19:00:00+00:00,77589.5664110229,77517.57095087055,0.0619781418238192,-4.462144839993444,9.613252157302039,0.0,-14.075396997295481,-0.0029269734065942568,-0.3691276426022147,2,signal
278,1,2026-05-25 20:00:00+00:00,2026-05-26 00:00:00+00:00,77467.16146645915,77296.01711836066,0.06189455925121742,-10.592903993892905,9.57899872682487,0.0,-20.171902720717775,-0.004207041028919286,-0.5675510300557103,5,signal
279,1,2026-05-26 01:00:00+00:00,2026-05-26 02:00:00+00:00,76816.80693627294,76731.79991066433,0.062156242297348674,-5.283717280706202,9.544004411598564,0.0,-14.827721692304767,-0.003105513519371624,-0.37141140193053107,2,signal
280,1,2026-05-26 04:00:00+00:00,2026-05-26 06:00:00+00:00,76688.95042732387,76905.32079086761,0.06206671403290208,13.429397479264459,9.533091708791495,0.0,3.8963057704729636,0.0008185806687371625,0.10074325519631806,3,signal
281,1,2026-05-26 09:00:00+00:00,2026-05-26 10:00:00+00:00,76751.71372472863,76647.31674799843,0.06206667366540385,-6.479573086368343,9.520967564940092,0.0,-16.000540651308434,-0.003358830633118123,-0.44038280392214113,2,signal
282,1,2026-05-26 12:00:00+00:00,2026-05-26 14:00:00+00:00,77208.796604562,77206.60879545702,0.06149220324251873,-0.13453320213883177,9.495343492633895,0.0,-9.629876694772726,-0.002028307931116477,-0.23241165019041074,3,signal
283,1,2026-05-26 15:00:00+00:00,2026-05-26 16:00:00+00:00,76932.21823672538,76493.8652247822,0.05394374832516571,-23.646404553841347,8.276378032763436,0.0,-31.922782586604782,-0.007692214120015971,-0.6730707551662152,2,signal
284,1,2026-05-26 18:00:00+00:00,2026-05-26 19:00:00+00:00,75959.42382560167,75815.95367687051,0.04828333327445122,-6.927217006121396,7.32822113480751,0.0,-14.255438140928906,-0.003886884751936671,-0.30260321754812036,2,signal
285,1,2026-05-26 20:00:00+00:00,2026-05-27 00:00:00+00:00,76077.00464405044,75904.61233654543,0.04945905238023984,-8.526360166840782,7.51686675507684,0.0,-16.043226921917622,-0.004263757833307058,-0.3415866424354316,5,signal
286,1,2026-05-27 01:00:00+00:00,2026-05-27 02:00:00+00:00,76109.5670707872,75852.69024076527,0.057846974629238164,-14.859547469118176,8.790556843303138,0.0,-23.650104312421316,-0.005371717420928721,-0.5052755053946828,2,signal
287,1,2026-05-27 04:00:00+00:00,2026-05-27 06:00:00+00:00,75707.60626773699,75673.23760864545,0.06117938747860075,-2.102653511681618,9.261387304350766,0.0,-11.364040816032386,-0.0024535117688311587,-0.24402140069538428,3,signal
288,1,2026-05-27 09:00:00+00:00,2026-05-27 10:00:00+00:00,75898.38137180978,75887.44639637652,0.061147289550496975,-0.6686441090454388,9.281291960203152,0.0,-9.94993606924859,-0.0021439298211686155,-0.24177070719324723,2,signal
289,1,2026-05-27 12:00:00+00:00,2026-05-27 13:00:00+00:00,75794.11213693224,75137.06267830245,0.06110026459200852,-40.1458957723159,9.221934716393532,0.0,-49.36783048870944,-0.010660203156483918,-1.2767457503731972,2,stop_loss
290,1,2026-05-27 15:00:00+00:00,2026-05-27 17:00:00+00:00,75055.61835323766,75279.49755705414,0.059358052185752144,13.289033463443433,8.923599655554199,0.0,4.365433807889232,0.0009798611952014996,0.09518414541808388,3,signal
291,1,2026-05-27 18:00:00+00:00,2026-05-27 19:00:00+00:00,74884.34743311114,75002.09566183119,0.05526380785276677,6.507215486988732,8.283295590933555,0.0,-1.776080103944822,-0.00042917132186528703,-0.038688917092523555,2,signal
292,1,2026-05-27 20:00:00+00:00,2026-05-27 22:00:00+00:00,75090.21152764242,74448.63788953715,0.058310711591798604,-37.410615376457386,8.719716720134558,0.0,-46.13033209659194,-0.010535494193290737,-1.0052606022282309,3,signal
293,1,2026-05-27 23:00:00+00:00,2026-05-28 00:00:00+00:00,74442.43589333029,74425.37997023523,0.05211751407675554,-0.8889123119988641,7.758620488845228,0.0,-8.647532800844091,-0.0022288864807752996,-0.19035845984563596,2,signal
294,1,2026-05-28 01:00:00+00:00,2026-05-28 02:00:00+00:00,74595.25741473654,74319.86824718944,0.054924247002784095,-15.125542660247739,8.179051144306253,0.0,-23.304593804553992,-0.005688086721786662,-0.5139832972997331,2,signal
295,1,2026-05-28 04:00:00+00:00,2026-05-28 06:00:00+00:00,73280.80352021466,72967.2456426709,0.048028509735417835,-15.059717574227465,7.024075853005515,0.0,-22.08379342723298,-0.006274575395175735,-0.48957485275502377,3,signal
296,1,2026-05-28 09:00:00+00:00,2026-05-28 10:00:00+00:00,73349.96598591382,73517.10964918343,0.05086098109609017,8.501090697887056,7.469803557514727,0.0,1.0312871403723296,0.0002764362240932715,0.02297504901183858,2,signal
297,1,2026-05-28 12:00:00+00:00,2026-05-28 14:00:00+00:00,73530.13359896069,72998.69172585322,0.055494198066421155,-29.49194056701576,8.13149965501525,0.0,-37.62344022203101,-0.009220310983385265,-0.8379837180832128,3,signal
298,1,2026-05-28 15:00:00+00:00,2026-05-28 17:00:00+00:00,73056.06116486614,73416.78077182667,0.04751183152492565,17.138449193645958,6.959192989073213,0.0,10.179256204572745,0.002932635042290906,0.22863766325978993,3,signal
299,1,2026-05-28 18:00:00+00:00,2026-05-28 19:00:00+00:00,73578.78375407663,73628.58038162018,0.046389612108476384,2.310046236055393,6.828892521766214,0.0,-4.51884628571082,-0.0013238970749737799,-0.10126688907711563,2,signal
300,1,2026-05-28 20:00:00+00:00,2026-05-28 22:00:00+00:00,73443.70138768591,73792.63982896456,0.049568227158671804,17.296259921692776,7.298244407438642,0.0,9.998015514254135,0.002746349874133851,0.22428164139779297,3,signal
301,1,2026-05-28 23:00:00+00:00,2026-05-29 00:00:00+00:00,73489.21306728366,73592.72995079501,0.04968540002885665,5.1432777670016625,7.307825175874738,0.0,-2.164547408873076,-0.0005928088992713626,-0.04844780101158951,2,signal
302,1,2026-05-29 01:00:00+00:00,2026-05-29 02:00:00+00:00,73740.47756936646,73562.67970870816,0.0530097170143167,-9.42501427924692,7.808498682626121,0.0,-17.23351296187304,-0.004408718639373449,-0.38591462702297236,2,signal
303,1,2026-05-29 04:00:00+00:00,2026-05-29 06:00:00+00:00,73326.41444056755,73682.30213214303,0.054372762425339866,19.35059690413625,7.993270020662116,0.0,11.357326883474133,0.0028486184221113205,0.25531292340036565,3,signal
304,1,2026-05-29 09:00:00+00:00,2026-05-29 10:00:00+00:00,73677.25210657806,73720.83686697215,0.058416523934425924,2.546070198737746,8.610483992412039,0.0,-6.064413793674293,-0.0014090282361411343,-0.13598095995209472,2,signal
305,1,2026-05-29 12:00:00+00:00,2026-05-29 14:00:00+00:00,73512.18130866998,73112.27318495593,0.06052382645754451,-24.20396987863134,8.874273038204347,0.0,-33.07824291683569,-0.007434585241224739,-0.7642922319572385,3,signal
306,1,2026-05-29 15:00:00+00:00,2026-05-29 19:00:00+00:00,73119.95094043565,73350.69825697466,0.05779904874522554,13.336975396468288,8.465864192705949,0.0,4.871111203762339,0.0011525810159562812,0.11019094095896692,5,signal
307,1,2026-05-29 20:00:00+00:00,2026-05-29 22:00:00+00:00,73544.78833631022,73384.79270167531,0.0452856250034628,-7.245502312267412,6.653797908802111,0.0,-13.899300221069522,-0.004173310204787931,-0.31407436713308706,3,signal
308,1,2026-05-29 23:00:00+00:00,2026-05-30 00:00:00+00:00,73507.48765726115,73435.84504091155,0.049132499263918786,-3.519980795062288,7.219693185630744,0.0,-10.73967398069303,-0.002973655555566898,-0.24344273004467526,2,signal
309,1,2026-05-30 01:00:00+00:00,2026-05-30 02:00:00+00:00,73522.88835140245,73633.4754586164,0.05341693368122749,5.907224172046692,7.860641726410362,0.0,-1.953417554363671,-0.0004973860170084724,-0.04438736304674704,2,signal
310,1,2026-05-30 05:00:00+00:00,2026-05-30 06:00:00+00:00,73426.9627046925,73580.84426309945,0.05920478912052263,9.11052521502101,8.70356621059862,0.0,0.4069590044223901,9.361345187060669e-05,0.00925140590428193,2,signal
311,1,2026-05-30 09:00:00+00:00,2026-05-30 10:00:00+00:00,73554.45845114347,73590.78340966269,0.0597502907416842,2.1704268327032707,8.79197098243861,0.0,-6.621544149735338,-0.001506642638327508,-0.17570403784445734,2,signal
312,1,2026-05-30 12:00:00+00:00,2026-05-30 14:00:00+00:00,73625.95488885381,73805.19805385251,0.059602423563905146,10.683327041187304,8.787254024206064,0.0,1.8960730169812408,0.00043207605394068903,0.05852447957854956,3,signal
313,1,2026-05-30 15:00:00+00:00,2026-05-30 19:00:00+00:00,73952.60039240948,74019.06280240974,0.05936477560119969,3.9455260555800535,8.784304580896743,0.0,-4.838778525316689,-0.0011021823811746666,-0.15934006885065835,5,signal
314,1,2026-05-30 20:00:00+00:00,2026-05-30 22:00:00+00:00,74041.15204447047,73958.07441112325,0.0592284893163997,-4.9205627191374,8.765770602960552,0.0,-13.686333322097951,-0.003120924694202779,-0.5056839573135471,3,signal
315,1,2026-05-30 23:00:00+00:00,2026-05-31 00:00:00+00:00,73906.75648575876,73860.88285431074,0.05915119442456921,-2.713480092742822,8.740632364264073,0.0,-11.454112457006897,-0.0026200753489351403,-0.4609500583645286,2,signal
316,1,2026-05-31 01:00:00+00:00,2026-05-31 02:00:00+00:00,74062.04020288782,74034.44872126015,0.05887267270043655,-1.6243842671855473,8.718836120515189,0.0,-10.343220387700736,-0.002372172979174305,-0.4214499570297568,2,signal
317,1,2026-05-31 05:00:00+00:00,2026-05-31 06:00:00+00:00,74202.47955297802,74032.14330440474,0.058621994724385305,-9.98545066523438,8.689809279116737,0.0,-18.67525994435112,-0.004293264502073866,-0.762087631252367,2,signal
318,1,2026-05-31 09:00:00+00:00,2026-05-31 10:00:00+00:00,73961.06973721665,73818.31393888957,0.058561088650270404,-8.359934961172357,8.654121588138779,0.0,-17.014056549311135,-0.003928217683106236,-0.742951816362873,2,signal
319,1,2026-05-31 12:00:00+00:00,2026-05-31 14:00:00+00:00,73961.50947080375,73848.96001130393,0.05833093095217585,-6.565114750788497,8.621922289369518,0.0,-15.187037040158014,-0.003520208427935085,-0.6925186362648296,3,signal
320,1,2026-05-31 15:00:00+00:00,2026-05-31 19:00:00+00:00,73625.18775205861,73579.89290128769,0.05839131916868986,-2.6448260880631134,8.595498847682276,0.0,-11.24032493574539,-0.002614593419748344,-0.4807280289258106,5,signal
321,1,2026-05-31 20:00:00+00:00,2026-05-31 22:00:00+00:00,73587.03296988488,73869.0599896456,0.05826899887103809,16.433432096039454,8.592118914186571,0.0,7.841313181852883,0.0018287315219823977,0.32696637413765306,3,signal
322,1,2026-05-31 23:00:00+00:00,2026-05-31 23:00:00+00:00,73968.3683674477,73507.05878369417,0.05807450286598285,-26.790324743800113,8.564562116751034,0.0,-35.35488686055115,-0.00823034256860254,-1.3908880585162962,1,stop_loss
323,1,2026-06-01 01:00:00+00:00,2026-06-01 01:00:00+00:00,73908.8463458637,73352.62007937419,0.057643392693716274,-32.06276910581449,8.488650537802503,0.0,-40.551419643616995,-0.009518315705033576,-1.3209669460485813,1,stop_loss
324,1,2026-06-01 05:00:00+00:00,2026-06-01 06:00:00+00:00,73560.22791383033,73326.07023000077,0.05736586011754169,-13.432656936014016,8.426258832502537,0.0,-21.858915768516553,-0.005180027207361986,-0.577718656326333,2,signal
325,1,2026-06-01 09:00:00+00:00,2026-06-01 10:00:00+00:00,72925.99312074424,72857.21188616278,0.057565327346022814,-3.95941428394533,8.392057917774956,0.0,-12.351472201720284,-0.0029422217018438227,-0.3169252795790319,2,signal
326,1,2026-06-01 12:00:00+00:00,2026-06-01 13:00:00+00:00,72503.28739375634,71768.36222844978,0.057730755161885944,-42.42778478062148,8.328911281140977,0.0,-50.75669606176246,-0.012126302772368872,-1.2342535866205533,2,stop_loss
327,1,2026-06-01 15:00:00+00:00,2026-06-01 16:00:00+00:00,71590.41064299965,70722.46739939832,0.04895210352445141,-42.48764751412047,6.966514738794093,0.0,-49.45416225291456,-0.014111612331455657,-1.194805153249306,2,stop_loss
328,1,2026-06-01 17:00:00+00:00,2026-06-01 19:00:00+00:00,71586.40245209544,71475.37719075588,0.04347862548703988,-4.827225757383322,6.220129538600959,0.0,-11.04735529598428,-0.003549375751246048,-0.270129976258408,3,signal
329,1,2026-06-01 20:00:00+00:00,2026-06-01 21:00:00+00:00,71618.98780997869,71421.7781095677,0.046645346250899715,-9.198914759706451,6.672186054311138,0.0,-15.871100814017588,-0.004750841595713268,-0.38913138163140276,2,circuit_breaker
330,1,2026-06-08 21:00:00+00:00,2026-06-08 22:00:00+00:00,63506.37951337241,63707.34202878607,0.03821727242798488,7.680239199376927,4.861761452754479,0.0,2.818477746622447,0.0011612816607813653,0.06937405634230481,2,signal
331,1,2026-06-08 23:00:00+00:00,2026-06-09 00:00:00+00:00,63461.18255589193,63064.819188853675,0.03911491793574012,-15.50372057443499,4.949054174983036,0.0,-20.452774749418026,-0.00823951505036135,-0.5030759206907444,2,signal
332,1,2026-06-09 01:00:00+00:00,2026-06-09 02:00:00+00:00,62581.98111523952,62743.31280274789,0.03722927686498494,6.0062620613443105,4.665770065458367,0.0,1.3404919958859436,0.0005753476152197711,0.0331387303774892,2,signal
333,1,2026-06-09 04:00:00+00:00,2026-06-09 06:00:00+00:00,62895.83716786296,63318.04124902157,0.040693767749063886,17.181074821375184,5.136118255005286,0.0,12.044956566369898,0.004706038047506241,0.29766857120346824,3,signal
334,1,2026-06-09 08:00:00+00:00,2026-06-09 09:00:00+00:00,63219.310994881955,62829.20309125514,0.042063466499349285,-16.409290735337823,5.302037449554984,0.0,-21.711328184892807,-0.008164537221146502,-0.5349624495320536,2,signal
335,1,2026-06-09 12:00:00+00:00,2026-06-09 14:00:00+00:00,62732.11207197352,62253.51455192885,0.045428368786207506,-21.74190464075361,5.677893139245873,0.0,-27.41979777999948,-0.009621597722966384,-0.6792516519417594,3,signal
336,1,2026-06-09 17:00:00+00:00,2026-06-09 19:00:00+00:00,61410.05530019234,61771.26803871064,0.03728539536250987,13.46795976562962,4.592864341968162,0.0,8.87509542366146,0.003876098368839102,0.2213601823034422,3,signal
337,1,2026-06-09 20:00:00+00:00,2026-06-09 22:00:00+00:00,62119.14823158529,61740.294887727585,0.03920739061330963,-14.853851037787623,4.8562055675259055,0.0,-19.71005660531353,-0.00809271861073924,-0.49051698651564307,3,signal
338,1,2026-06-09 23:00:00+00:00,2026-06-10 00:00:00+00:00,61738.97117708108,61708.8803815227,0.04133259343032158,-1.2437306188095512,5.10241985831846,0.0,-6.3461504771280115,-0.0024868999950874364,-0.15871284467005814,2,signal
339,1,2026-06-10 01:00:00+00:00,2026-06-10 02:00:00+00:00,61943.83195536462,61692.871256039565,0.042162628080876334,-10.581162628558983,5.212848334648124,0.0,-15.794010963207107,-0.006047372122641482,-0.39562522457177485,2,signal
340,1,2026-06-10 04:00:00+00:00,2026-06-10 06:00:00+00:00,61570.731616276025,61340.610059391955,0.04278453168616983,-9.845643042177258,5.258704192512264,0.0,-15.104347234689522,-0.00573377787290115,-0.37985258489268675,3,signal
341,1,2026-06-10 08:00:00+00:00,2026-06-10 09:00:00+00:00,61707.58771800443,61241.43251078311,0.0451771574204613,-21.05956717900549,5.554487241567417,0.0,-26.61405442057291,-0.00954670647866256,-0.6718572153150977,2,signal
342,1,2026-06-10 12:00:00+00:00,2026-06-10 14:00:00+00:00,61054.004951193136,62126.192550743195,0.042779058967218335,45.867176545072276,5.269532932528936,0.0,40.597643612543344,0.015543737103024846,1.0317974650582662,3,signal
343,1,2026-06-10 17:00:00+00:00,2026-06-10 19:00:00+00:00,62239.9457878693,61861.28619145959,0.0347197924078029,-13.146982580567451,4.30876901187489,0.0,-17.455751592442343,-0.008077783841627719,-0.43911078416553523,3,signal
344,1,2026-06-10 20:00:00+00:00,2026-06-10 22:00:00+00:00,61963.67986404556,61335.619080382115,0.03485923925379666,-21.893721123651034,4.298119761729202,0.0,-26.191840885380234,-0.012125814416710408,-0.6617787338879153,3,signal
345,1,2026-06-10 23:00:00+00:00,2026-06-11 00:00:00+00:00,61402.0284038257,61489.716056523765,0.03602336310855043,3.1588041532787914,4.42697393373836,0.0,-1.2681697804595684,-0.0005733376026400601,-0.03225579899404778,2,signal
346,1,2026-06-11 01:00:00+00:00,2026-06-11 02:00:00+00:00,61832.63656937968,62185.5746044332,0.03689057299841807,13.02008634605989,4.575102872440771,0.0,8.444983473619118,0.0037022491127778477,0.21486679991795427,2,signal
347,1,2026-06-11 04:00:00+00:00,2026-06-11 06:00:00+00:00,62709.92635334574,62588.43867281979,0.03613894657835527,-4.3904367964555355,4.528150920035855,0.0,-8.918587716491391,-0.003935358561283769,-0.22643025010728873,3,signal
348,1,2026-06-11 08:00:00+00:00,2026-06-11 09:00:00+00:00,62740.63465431009,62937.08292133884,0.040958795937473126,8.04628448150098,5.147607988068385,0.0,2.898676493432595,0.0011279858714059675,0.07376028667234755,2,signal
349,1,2026-06-11 12:00:00+00:00,2026-06-11 14:00:00+00:00,63128.88272710329,63057.30418844734,0.04555855606535514,-3.2610148664333325,5.7488604712654965,0.0,-9.009875337698828,-0.0031327138550258983,-0.22909805945171322,3,signal
350,1,2026-06-11 17:00:00+00:00,2026-06-11 19:00:00+00:00,62603.16851115021,63440.21582127187,0.045118407619807704,37.76624173513279,5.686876792090303,0.0,32.079364943042485,0.011357315335606449,0.8175691441947892,3,signal
351,1,2026-06-11 20:00:00+00:00,2026-06-11 22:00:00+00:00,63626.385332520666,63498.07811408859,0.039698430005453464,-5.093595130120246,5.046641614116044,0.0,-10.14023674423629,-0.004014555919588448,-0.2563365902154151,3,signal
352,1,2026-06-11 23:00:00+00:00,2026-06-12 00:00:00+00:00,63522.18791531828,63604.4398022615,0.04367732590944401,3.5925424726856297,5.55255115058929,0.0,-1.9600086779036605,-0.0007064419889658955,-0.04967469252297317,2,signal
353,1,2026-06-12 01:00:00+00:00,2026-06-12 02:00:00+00:00,63669.2114940284,63405.5147573328,0.04558844197810077,-12.021523380661941,5.793138784593219,0.0,-17.81466216525516,-0.006137526345580917,-0.45172130311378494,2,signal
354,1,2026-06-12 04:00:00+00:00,2026-06-12 06:00:00+00:00,63546.55193472882,63337.35522748619,0.047646242319138776,-9.967437005648481,6.0455413870500045,0.0,-16.012978392698486,-0.00528873092516571,-0.40787899833186225,3,signal
355,1,2026-06-12 08:00:00+00:00,2026-06-12 09:00:00+00:00,63121.26985914601,63449.90257278306,0.04727827185076167,15.537186774386095,5.984066298706374,0.0,9.55312047567972,0.003201164071255544,0.24433152159383353,2,signal
356,1,2026-06-12 12:00:00+00:00,2026-06-12 14:00:00+00:00,63787.409533147285,63208.59072631373,0.04894126096341728,-28.328122275775,6.2153443900084895,0.0,-34.54346666578349,-0.01106511163031697,-0.8813336264305649,3,signal
357,1,2026-06-12 17:00:00+00:00,2026-06-12 19:00:00+00:00,64003.38216299754,63672.99087728147,0.04169600053579572,-13.775995226239733,5.323594118695928,0.0,-19.099589344935662,-0.007156928950876267,-0.49163523461362285,3,signal
358,1,2026-06-12 20:00:00+00:00,2026-06-12 22:00:00+00:00,63610.47409853297,63450.5967006052,0.045033574063310586,-7.19985064062954,5.722014142396539,0.0,-12.921864783026077,-0.0045108682617651516,-0.3342601266845503,3,signal
359,1,2026-06-12 23:00:00+00:00,2026-06-13 00:00:00+00:00,63522.670429880854,63558.88292980945,0.0497224546659298,1.800574386039561,6.318806775803139,0.0,-4.518232389763578,-0.001430498006714003,-0.117268683790303,2,signal
360,1,2026-06-13 01:00:00+00:00,2026-06-13 02:00:00+00:00,63620.806423949216,63816.94144693415,0.05426893318933689,10.644038458458441,6.915910625004528,0.0,3.7281278334539127,0.001079792586347829,0.09687548099846228,2,signal
361,1,2026-06-13 04:00:00+00:00,2026-06-13 06:00:00+00:00,63553.52435186749,63563.508186787636,0.05684640038215823,0.5675450772199613,7.226145727084225,0.0,-6.658600649864264,-0.0018430637610275626,-0.1728564239317415,3,signal
362,1,2026-06-13 08:00:00+00:00,2026-06-13 09:00:00+00:00,63866.88124430232,63784.53988483581,0.06015009293400709,-4.952840424223107,7.678244844075735,0.0,-12.631085268298841,-0.003287976123217739,-0.35473939617307365,2,signal
363,1,2026-06-13 12:00:00+00:00,2026-06-13 14:00:00+00:00,63991.914913249,64081.9825274218,0.059835377338516293,5.389229680009601,7.663349980576974,0.0,-2.2741203005673727,-0.0005939232060704957,-0.07361134970514153,3,signal
364,1,2026-06-13 15:00:00+00:00,2026-06-13 16:00:00+00:00,64242.32803314882,64275.643685687945,0.05956677854236226,1.984506096792296,7.655401560089526,0.0,-5.67089546329723,-0.0014819251122186693,-0.19247770915519158,2,signal
365,1,2026-06-13 17:00:00+00:00,2026-06-13 19:00:00+00:00,64049.52460923129,64140.37592173663,0.05965763711870838,5.4199746332021395,7.647506568159807,0.0,-2.2275319349576677,-0.0005829643272675153,-0.07416420396974721,3,signal
366,1,2026-06-13 20:00:00+00:00,2026-06-13 22:00:00+00:00,64317.5858112949,64450.376604216675,0.05937439880500529,7.88437349657042,7.645520353766518,0.0,0.23885314280390313,6.254635424388505e-05,0.008176866082947572,3,signal
367,1,2026-06-13 23:00:00+00:00,2026-06-14 00:00:00+00:00,64477.50280402051,64437.436012255734,0.05923083926297951,-2.3731897028025624,7.635740019623696,0.0,-10.00892972242626,-0.0026207859056618546,-0.33913047215642,2,signal
368,1,2026-06-14 01:00:00+00:00,2026-06-14 02:00:00+00:00,64585.590978695174,64542.61276689457,0.0589768958702895,-2.5347215220554804,7.615580626221173,0.0,-10.150302148276653,-0.0026647803780717374,-0.35381167024845067,2,signal
369,1,2026-06-14 04:00:00+00:00,2026-06-14 06:00:00+00:00,64566.83759815464,64317.42919453933,0.05883697658430617,-14.674436403443439,7.583160587367205,0.0,-22.257596990810644,-0.005858931372206779,-0.846278130404226,3,signal
370,1,2026-06-14 08:00:00+00:00,2026-06-14 09:00:00+00:00,64450.38565221407,64435.13142874571,0.05859828629476016,-0.8938713540030293,7.552470429158282,0.0,-8.446341783161312,-0.002236444966010302,-0.3267704256101809,2,signal
371,1,2026-06-14 12:00:00+00:00,2026-06-14 14:00:00+00:00,64567.080197428026,64297.243639869186,0.05836169507517805,-15.748118892384724,7.520740373861338,0.0,-23.26885926624606,-0.006174987008503734,-0.9349412440685637,3,signal
372,1,2026-06-14 17:00:00+00:00,2026-06-14 19:00:00+00:00,63963.55379460887,63792.42807157273,0.05854894561908962,-10.019230652070606,7.479978034796466,0.0,-17.49920868686707,-0.0046726876036634005,-0.6487379177575112,3,signal
373,1,2026-06-14 20:00:00+00:00,2026-06-14 21:00:00+00:00,63823.72392561777,64692.405592420844,0.058403312694642044,50.73388701840274,7.505767698547126,0.0,43.228119319855615,0.01159702837376972,1.663515909475057,2,take_profit
374,1,2026-06-14 22:00:00+00:00,2026-06-15 00:00:00+00:00,65331.90945143277,65725.31927027256,0.05717294417049362,22.492397608651387,7.4929276208456725,0.0,14.999469987805716,0.0040156883875117205,0.3973924785765611,3,signal
375,1,2026-06-15 01:00:00+00:00,2026-06-15 02:00:00+00:00,65646.98550198556,65503.91644520046,0.051072175948748515,-7.306848040950014,6.698161940083749,0.0,-14.005009981033764,-0.004177190416824088,-0.3695768153654821,2,signal
376,1,2026-06-15 04:00:00+00:00,2026-06-15 06:00:00+00:00,65948.42709415687,65836.36650636634,0.04900026412452158,-5.4909983996852425,6.4574896940211985,0.0,-11.948488093706441,-0.00369751625831666,-0.3164770897848445,3,signal
377,1,2026-06-15 08:00:00+00:00,2026-06-15 09:00:00+00:00,65696.17621612466,65640.22243487005,0.052480969035925557,-2.93650866146583,6.892661470892829,0.0,-9.829170132358659,-0.002850853591378881,-0.2611697031925873,2,signal
378,1,2026-06-15 12:00:00+00:00,2026-06-15 14:00:00+00:00,66254.90057267647,66426.13265958814,0.052340159802219614,8.962314792224186,6.944546482100341,0.0,2.017768310123844,0.0005818596563602784,0.05375427014151731,3,signal
379,1,2026-06-15 17:00:00+00:00,2026-06-15 19:00:00+00:00,67179.4433257784,66744.33630588291,0.04785339822321237,-20.82134949277378,6.408707958271627,0.0,-27.230057451045404,-0.008470311323773565,-0.725031442506678,3,signal
380,1,2026-06-15 20:00:00+00:00,2026-06-16 00:00:00+00:00,66637.51552111939,66306.95981076274,0.04629973616217929,-15.304642176414811,6.155294132085496,0.0,-21.459936308500307,-0.006955544216555293,-0.5755684155774228,5,signal
381,1,2026-06-16 01:00:00+00:00,2026-06-16 02:00:00+00:00,66271.78353957148,66324.7677814889,0.05152518946919314,2.730023103676826,6.832062429779229,0.0,-4.102039326102403,-0.0012013002389787712,-0.11065606645917038,2,signal
382,1,2026-06-16 04:00:00+00:00,2026-06-16 06:00:00+00:00,66186.5424663218,66023.62063177268,0.04858595050715299,-7.915712189938329,6.423556440826642,0.0,-14.339268630764971,-0.004459093747001412,-0.387242708105964,3,signal
383,1,2026-06-16 08:00:00+00:00,2026-06-16 10:00:00+00:00,66394.04895535938,66488.24409524597,0.04824931503903816,4.5448509795345,6.411479620508449,0.0,-1.866628640973949,-0.0005826900719675027,-0.05060567375974691,3,signal
384,1,2026-06-16 12:00:00+00:00,2026-06-16 14:00:00+00:00,66503.63031498661,66030.99942424943,0.04753041338325741,-22.46434161443561,6.299425739102851,0.0,-28.763767353538462,-0.009099736625055305,-0.780201690334909,3,signal
385,1,2026-06-16 17:00:00+00:00,2026-06-16 19:00:00+00:00,65780.18203856653,65826.35405649136,0.04341851573281364,2.0047204866846497,5.714160457984377,0.0,-3.709439971299728,-0.0012987881079463395,-0.10140774536239792,3,signal
386,1,2026-06-16 20:00:00+00:00,2026-06-17 00:00:00+00:00,65697.32597049097,65652.63610930878,0.04500119047885528,-2.011096955533611,5.910904662943486,0.0,-7.922001618477097,-0.0026795584243575928,-0.21678954708941298,5,signal
387,1,2026-06-17 01:00:00+00:00,2026-06-17 02:00:00+00:00,65721.89971728952,65918.46999842436,0.052152702322270574,10.25167135743064,6.865401015377268,0.0,3.3862703420533715,0.0009879494004043604,0.09286831488818635,2,signal
388,1,2026-06-17 04:00:00+00:00,2026-06-17 06:00:00+00:00,65873.44134964813,65814.89244065949,0.05198261690915143,-3.0435255064052247,6.845504206826022,0.0,-9.889029713231245,-0.002887920213082406,-0.2709545731013678,3,signal
389,1,2026-06-17 08:00:00+00:00,2026-06-17 08:00:00+00:00,65560.66942503132,64852.29736308574,0.05294827358923185,-37.507077738862755,6.905141445080629,0.0,-44.412219183943385,-0.012794027823233967,-1.2201791955673515,1,stop_loss
390,1,2026-06-17 12:00:00+00:00,2026-06-17 14:00:00+00:00,64831.01701217549,65257.053934104195,0.05150751948988731,21.94410505965423,6.700513849667345,0.0,15.243591209986885,0.004564926860962899,0.4239749533910278,3,signal
391,1,2026-06-17 17:00:00+00:00,2026-06-17 18:00:00+00:00,65885.08414993192,64963.67202798006,0.04013350557661979,-36.9794985347202,5.251419285759994,0.0,-42.230917820480194,-0.015971154802431303,-1.169623323860304,2,stop_loss
392,1,2026-06-17 20:00:00+00:00,2026-06-18 00:00:00+00:00,64322.241069062606,64487.34077936927,0.030231955075351355,4.991287024944529,3.8941654917165858,0.0,1.0971215332279431,0.0005641925383051491,0.03074537456496366,5,signal
393,1,2026-06-18 01:00:00+00:00,2026-06-18 02:00:00+00:00,64489.74415885493,64527.00677473097,0.03502473526318216,1.3051132562719316,4.518777545964756,0.0,-3.213664289692824,-0.0014227709576817705,-0.09003099528605267,2,signal
394,1,2026-06-18 04:00:00+00:00,2026-06-18 06:00:00+00:00,64304.07607827715,63972.94621682658,0.03729070982653187,-12.348067578252717,4.783541215818272,0.0,-17.131608794070992,-0.007144288694645643,-0.4803755212141331,3,signal
395,1,2026-06-18 08:00:00+00:00,2026-06-18 09:00:00+00:00,64531.77373967294,64378.97085769486,0.03862715417504167,-5.902340480558037,4.979455206381947,0.0,-10.881795686939984,-0.0043655026082485724,-0.306601700307343,2,signal
396,1,2026-06-18 12:00:00+00:00,2026-06-18 14:00:00+00:00,63995.80328334175,63963.35822655583,0.042345232015250395,-1.373893457347924,5.418460382613511,0.0,-6.792353839961436,-0.0025064802700519445,-0.19196758135012715,3,signal
397,1,2026-06-18 17:00:00+00:00,2026-06-18 19:00:00+00:00,62708.15453711079,62688.3796563302,0.033723945300639976,-0.6668869977713292,4.228865860029435,0.0,-4.895752857800764,-0.0023150324873317607,-0.13863139173491232,3,signal
398,1,2026-06-18 20:00:00+00:00,2026-06-19 00:00:00+00:00,62971.62947279325,62937.294414066375,0.03523558115809112,-1.2098157483385363,4.4364741061433595,0.0,-5.646289854481896,-0.0025447012242706068,-0.16010605340463885,5,signal
399,1,2026-06-19 01:00:00+00:00,2026-06-19 02:00:00+00:00,63040.44848840212,63001.151646385384,0.04141966803213324,-1.6276621510444766,5.220601235821778,0.0,-6.848263386866256,-0.002622735816702569,-0.19450059194373415,2,signal
400,1,2026-06-19 04:00:00+00:00,2026-06-19 05:00:00+00:00,62793.830737906166,62431.07896762232,0.04225161064756831,-15.326846559749159,5.290954128254888,0.0,-20.617800688004046,-0.007771092705366692,-0.5867165476386643,2,signal
401,1,2026-06-19 08:00:00+00:00,2026-06-19 09:00:00+00:00,62650.44203486896,62583.26617947139,0.04387647479126727,-2.9474397259331604,5.494813641483425,0.0,-8.442253367416587,-0.0030711605116021225,-0.24165732516398153,2,signal
402,1,2026-06-19 12:00:00+00:00,2026-06-19 14:00:00+00:00,62646.04115786245,63189.70137134091,0.04826646822920626,26.240558421341703,6.0736468688843726,0.0,20.16691155245733,0.006669606941265109,0.5786710425772484,3,signal
403,1,2026-06-19 17:00:00+00:00,2026-06-19 19:00:00+00:00,62992.194824934355,63088.899778428786,0.044265756766842024,4.280717949533244,5.581075066609671,0.0,-1.3003571170764272,-0.00046634573046031247,-0.03709788090973321,3,signal
404,1,2026-06-19 20:00:00+00:00,2026-06-19 22:00:00+00:00,63042.8959954988,63054.200376410285,0.047410092533850784,0.5359417450512789,5.97827500724211,0.0,-5.4423332621908305,-0.00182086678677678,-0.15532191629389974,3,signal
405,1,2026-06-19 23:00:00+00:00,2026-06-20 00:00:00+00:00,63335.971285515385,63523.32984227615,0.04961529259409259,9.295849613692313,6.2941613437374775,0.0,3.001688269954836,0.0009552116183747608,0.08580019496309149,2,signal
406,1,2026-06-20 01:00:00+00:00,2026-06-20 02:00:00+00:00,63550.61989199515,63565.1521817271,0.0497666785089662,0.7232237910890702,6.326129762211959,0.0,-5.602905971122889,-0.0017715560057967902,-0.16001605344663983,2,signal
407,1,2026-06-20 04:00:00+00:00,2026-06-20 06:00:00+00:00,63498.13087479997,63657.26702507297,0.05380016875650618,8.561551739948108,6.840981865313855,0.0,1.7205698746342515,0.0005036487205612953,0.04921732808057425,3,signal
408,1,2026-06-20 08:00:00+00:00,2026-06-20 09:00:00+00:00,63675.96020279327,63397.46791658709,0.05487296116320885,-15.281696405244926,6.972895286070569,0.0,-22.254591691315497,-0.006369212384609928,-0.678663346395093,2,signal
409,1,2026-06-20 12:00:00+00:00,2026-06-20 14:00:00+00:00,63708.98459273932,63377.08726381031,0.054495549632439105,-18.08692736152472,6.925625336450323,0.0,-25.012552697975043,-0.007204374763145515,-0.8039249158508865,3,signal
410,1,2026-06-20 17:00:00+00:00,2026-06-20 19:00:00+00:00,64055.445769496386,63783.40204222175,0.049745411622138365,-13.53292719249746,6.359396105693822,0.0,-19.892323298191283,-0.0062427568847983825,-0.5765363680793983,3,signal
411,1,2026-06-20 20:00:00+00:00,2026-06-20 22:00:00+00:00,63957.969889970984,63991.11347452324,0.05358200270929977,1.775899637274961,6.855768131488752,0.0,-5.07986849421379,-0.0014823093818539562,-0.14894065984451438,3,signal
412,1,2026-06-20 23:00:00+00:00,2026-06-21 00:00:00+00:00,64292.92506365871,64276.625126588006,0.05322391723252689,-0.8675465015465407,6.842975097948903,0.0,-7.7105215994954435,-0.0022532726130831686,-0.24077800830763846,2,signal
413,1,2026-06-21 01:00:00+00:00,2026-06-21 02:00:00+00:00,64314.8047625515,64227.36551290545,0.05308604319098396,-4.641803783297417,6.823795203105722,0.0,-11.465598986403139,-0.0033581913327561832,-0.39809031323658617,2,signal
414,1,2026-06-21 04:00:00+00:00,2026-06-21 05:00:00+00:00,64446.7225793961,64255.35873298805,0.05279964942221635,-10.10394400243192,6.795424773203465,0.0,-16.899368775635384,-0.004966364694901662,-0.6520742212975607,2,signal
415,1,2026-06-21 08:00:00+00:00,2026-06-21 09:00:00+00:00,64211.81451580094,63993.31221953049,0.052729889317804916,-11.521601898027225,6.760242142729179,0.0,-18.281844040756404,-0.0053994335095524934,-0.7642461376395401,2,signal
416,1,2026-06-21 12:00:00+00:00,2026-06-21 14:00:00+00:00,64196.59399704824,64124.568335496784,0.05245789662934687,-3.778314708326762,6.731458268998287,0.0,-10.50977297732505,-0.003120832608241117,-0.40883423142007735,3,signal
417,1,2026-06-21 17:00:00+00:00,2026-06-21 19:00:00+00:00,64166.30574745769,64192.935132693034,0.05231903222483237,1.3932236642552829,6.715631259963626,0.0,-5.322407595708343,-0.0015854092651865078,-0.2171388874232045,3,signal
418,1,2026-06-21 20:00:00+00:00,2026-06-21 20:00:00+00:00,64228.268735795304,63755.49307405458,0.052185774171061794,-24.672163917175578,6.6789316913717895,0.0,-31.351095608547368,-0.009353504856589099,-1.3297611664422093,1,stop_loss
419,1,2026-06-21 21:00:00+00:00,2026-06-21 22:00:00+00:00,63868.547933119495,63787.75452393283,0.05198931648311215,-4.20039411995499,6.63676390950358,0.0,-10.837158029458571,-0.003263730245785375,-0.41597481498142685,2,signal
420,1,2026-06-21 23:00:00+00:00,2026-06-21 23:00:00+00:00,63822.19577296226,63267.4400442885,0.05185744207058628,-28.768213063025257,6.590543427164989,0.0,-35.358756490190245,-0.01068351466496968,-1.2760831610655847,1,stop_loss
421,1,2026-06-22 01:00:00+00:00,2026-06-22 02:00:00+00:00,63916.530972501176,64585.47988394215,0.05097726580173395,34.10118646630709,6.550681163486214,0.0,27.550505302820877,0.008455510528521122,0.8405677575464275,2,signal
422,1,2026-06-22 04:00:00+00:00,2026-06-22 06:00:00+00:00,63994.61550942432,64227.31596399005,0.042915359916051235,9.986423760316839,5.502690338312836,0.0,4.483733422004004,0.001632614279508014,0.13565870296374655,3,signal
423,1,2026-06-22 08:00:00+00:00,2026-06-22 09:00:00+00:00,64232.553344232416,64144.73099753978,0.04447405091709694,-3.9058155184672168,5.709457880414608,0.0,-9.615273398881826,-0.003365888786574617,-0.29052315705574344,2,signal
424,1,2026-06-22 12:00:00+00:00,2026-06-22 14:00:00+00:00,64677.812491995865,65557.15435154429,0.04478782974785935,39.38381349562093,5.832941522206584,0.0,33.550871973414345,0.011582130932421227,1.0166851769747365,3,signal
425,1,2026-06-22 17:00:00+00:00,2026-06-22 19:00:00+00:00,64740.7976139569,64312.92857284658,0.03929636997032711,-16.81370013832037,5.0713429702859205,0.0,-21.88504310860629,-0.008602346400147917,-0.6565033901602284,3,signal
426,1,2026-06-22 20:00:00+00:00,2026-06-22 22:00:00+00:00,64493.55597168632,64298.81550039896,0.04069715771047493,-7.925383672593957,5.241483453705527,0.0,-13.166867126299483,-0.005016514253012852,-0.3975873680289879,3,signal
427,1,2026-06-22 23:00:00+00:00,2026-06-23 00:00:00+00:00,63992.14092516335,63998.912213157804,0.04026605467183741,0.2726530525833603,5.153694743173686,0.0,-4.881041690590326,-0.0018942914456578596,-0.14797651112769764,2,signal
428,1,2026-06-23 01:00:00+00:00,2026-06-23 02:00:00+00:00,64175.77130525535,64135.03499087953,0.04237669196199332,-1.7262702459710166,5.437387513806302,0.0,-7.163657759777318,-0.002634126824403449,-0.21749948140407918,2,signal
429,1,2026-06-23 04:00:00+00:00,2026-06-23 05:00:00+00:00,64087.08252165705,63601.97806427791,0.044794165993939886,-21.72984958824152,5.719724975496618,0.0,-27.44957456373814,-0.009561888197328951,-0.8352272037536816,2,signal
430,1,2026-06-23 08:00:00+00:00,2026-06-23 08:00:00+00:00,62906.12954883121,62095.96902218968,0.04123700022599692,-33.40858982021048,5.154711567023277,0.0,-38.56330138723376,-0.01486600164275922,-1.1832752990798179,1,stop_loss
431,1,2026-06-30 12:00:00+00:00,2026-06-30 12:00:00+00:00,59212.19807493035,58498.66109570726,0.04638630700845238,-33.09834538012572,5.460172051717898,0.0,-38.558517431843626,-0.014038456017826197,-1.1972958139450574,1,stop_loss
432,1,2026-06-30 13:00:00+00:00,2026-06-30 14:00:00+00:00,58430.372168671136,58718.74471805579,0.04200965649115769,12.114431741128573,4.921394158653879,0.0,7.193037582474695,0.0029303840818205354,0.22606047474766428,2,signal
433,1,2026-06-30 18:00:00+00:00,2026-06-30 19:00:00+00:00,58437.151441163776,58661.60445168497,0.037544066329448046,8.426878714852087,4.396363458336959,0.0,4.0305152565151285,0.0018370891116490297,0.1263840345370004,2,signal
434,1,2026-06-30 20:00:00+00:00,2026-06-30 23:00:00+00:00,58837.19333644473,58588.14706976397,0.03918919904317183,-9.759923715911361,4.60180503789112,0.0,-14.361728753802483,-0.006228570506268106,-0.44976932600137826,4,signal
435,1,2026-07-01 01:00:00+00:00,2026-07-01 01:00:00+00:00,58595.033205057305,57846.376389501755,0.04355406573983917,-32.6070481612851,5.0714968083209655,0.0,-37.678544969606065,-0.014764019710043333,-1.1853182360454926,1,stop_loss
436,1,2026-07-01 04:00:00+00:00,2026-07-01 05:00:00+00:00,59216.42347431543,59320.31507234618,0.036139535951599196,3.754594142101388,4.2838627242923915,0.0,-0.5292685821910035,-0.0002473155191863898,-0.01684982835158823,2,signal
437,1,2026-07-01 08:00:00+00:00,2026-07-01 09:00:00+00:00,58788.120510172725,58954.20098870734,0.03753846597403166,6.234406392422419,4.419866129289206,0.0,1.8145402631332135,0.0008222436202458154,0.057777555009176224,2,signal
438,1,2026-07-01 12:00:00+00:00,2026-07-01 14:00:00+00:00,58641.57504016807,59479.28640016647,0.04015147393360202,33.63534583485807,4.742726689136209,0.0,28.892619145721863,0.012270995416906242,0.9194510456624242,3,signal
439,1,2026-07-01 18:00:00+00:00,2026-07-01 19:00:00+00:00,60210.65411200536,60150.80703514223,0.03250555689372681,-1.94536256189773,3.912416323130695,0.0,-5.857778885028425,-0.0029929676179077823,-0.18471399141497494,2,signal
440,1,2026-07-01 20:00:00+00:00,2026-07-01 23:00:00+00:00,60049.22993429844,60458.76882803434,0.03407379814726116,13.954545598609764,4.106165224958125,0.0,9.84838037365164,0.004813232331035822,0.3111247618194023,4,signal
441,1,2026-07-02 01:00:00+00:00,2026-07-02 02:00:00+00:00,59781.196232489216,60156.05433496933,0.03147055855435495,11.796993863674908,3.7744922668315453,0.0,8.022501596843362,0.004264231363341586,0.25265649979660726,2,signal
442,1,2026-07-02 04:00:00+00:00,2026-07-02 05:00:00+00:00,61077.84812404168,60768.154357472784,0.029921454872825496,-9.26648806078659,3.6458096646848186,0.0,-12.912297725471408,-0.007065405581644038,-0.40562835375973605,2,signal
443,1,2026-07-02 08:00:00+00:00,2026-07-02 09:00:00+00:00,60169.82367589041,60492.04132064546,0.03305640914812674,10.65135829976875,3.9886479779015227,0.0,6.662710321867228,0.003349781791687016,0.21015557206861227,2,signal
444,1,2026-07-02 12:00:00+00:00,2026-07-02 14:00:00+00:00,61377.93634300643,61919.57550079322,0.032778181627497564,17.7539466905,4.041468237434597,0.0,13.712478453065405,0.0068158310765795375,0.4316126845462178,3,signal
445,1,2026-07-02 18:00:00+00:00,2026-07-02 19:00:00+00:00,61687.54610774624,61740.81351693653,0.03162021304017276,1.6843268266949682,3.902831026531527,0.0,-2.218504199836559,-0.0011373600485233815,-0.06952933251601509,2,signal
446,1,2026-07-02 20:00:00+00:00,2026-07-02 23:00:00+00:00,61499.8595730845,61444.65423462758,0.033566453306186475,-1.8530474155662693,4.126811281978366,0.0,-5.9798586975446355,-0.0028967521796195283,-0.1875429719441568,4,signal
447,1,2026-07-03 01:00:00+00:00,2026-07-03 02:00:00+00:00,61328.55257705449,61567.41569802032,0.03963799399683015,9.468054954907563,4.871349652722044,0.0,4.596705302185518,0.0018909161853289875,0.14443478099935336,2,signal
448,1,2026-07-03 04:00:00+00:00,2026-07-03 05:00:00+00:00,61454.0528062524,61428.00923422718,0.04070604610735196,-1.0601308436587789,5.002042883186247,0.0,-6.0621737268450255,-0.0024233655432819314,-0.19020708234148867,2,signal
449,1,2026-07-03 08:00:00+00:00,2026-07-03 09:00:00+00:00,61770.14213895266,61563.485095841024,0.04470965300210764,-9.239564687962767,5.5142036771589185,0.0,-14.753768365121685,-0.005342235891316391,-0.4637971888764458,2,signal
450,1,2026-07-03 12:00:00+00:00,2026-07-03 14:00:00+00:00,62044.19204961581,62096.063901303656,0.04594646954581705,2.3833284538606376,5.703806489458855,0.0,-3.3204780355982173,-0.0011647891909896103,-0.10486841261502622,3,signal
451,1,2026-07-03 18:00:00+00:00,2026-07-03 19:00:00+00:00,62214.6577200418,62183.27397991793,0.04482023149184204,-1.4066264974316947,5.575544095898551,0.0,-6.982170593330245,-0.0025039384211487346,-0.2207446641913543,2,signal
452,1,2026-07-03 20:00:00+00:00,2026-07-03 23:00:00+00:00,62230.590990378936,62557.43064832675,0.048515062101826024,15.85664630267777,6.054098619365816,0.0,9.802547683311955,0.0032468217494567293,0.3105978636180922,4,signal
453,1,2026-07-04 01:00:00+00:00,2026-07-04 02:00:00+00:00,62776.84317297714,62448.347728023786,0.046522038682811455,-15.28227779724731,5.825731175158815,0.0,-21.108008972406125,-0.007227515958458762,-0.6667452830116497,2,signal
454,1,2026-07-04 04:00:00+00:00,2026-07-04 05:00:00+00:00,62648.22411598736,62679.410192214586,0.04873184454588344,1.519755018701263,6.1074467924106255,0.0,-4.587691773709362,-0.0015027011445157856,-0.1458855402650727,2,signal
455,1,2026-07-04 08:00:00+00:00,2026-07-04 09:00:00+00:00,62596.25289533524,62533.26120934438,0.050114746106251336,-3.156812350236424,6.270833829754615,0.0,-9.427646179991038,-0.003005310883545779,-0.3220939415516272,2,signal
456,1,2026-07-04 12:00:00+00:00,2026-07-04 14:00:00+00:00,62502.56887677983,62568.25886443643,0.05003917677793729,3.2870729048892344,6.258441259105664,0.0,-2.9713683542164295,-0.0009500543921911428,-0.11838347846038803,3,signal
457,1,2026-07-04 18:00:00+00:00,2026-07-04 19:00:00+00:00,63300.47459053738,63152.2140116295,0.04936153659759787,-7.3183699917424,6.241899016300508,0.0,-13.560269008042907,-0.004339829508183715,-0.5012828218435099,2,signal
458,1,2026-07-04 20:00:00+00:00,2026-07-04 23:00:00+00:00,63315.40468876422,63164.72036298591,0.049135940710688504,-7.4040160974731695,6.214719925623262,0.0,-13.618736023096432,-0.004377520007848045,-0.4997769881825839,4,signal
459,1,2026-07-05 01:00:00+00:00,2026-07-05 02:00:00+00:00,63011.77949701034,62867.67689603724,0.04915679043971651,-7.083621357852739,6.187830058578474,0.0,-13.271451416431212,-0.004284628358717541,-0.5068930813532181,2,signal
460,1,2026-07-05 04:00:00+00:00,2026-07-05 05:00:00+00:00,62789.84184953024,62795.45780637039,0.04911938867653047,0.2758523668218992,6.168673145856731,0.0,-5.892820779034832,-0.0019106489088353891,-0.23074043682169462,2,signal
461,1,2026-07-05 08:00:00+00:00,2026-07-05 09:00:00+00:00,63040.514819011354,62894.63584809103,0.04883068803828086,-7.123370520355911,6.149500055279175,0.0,-13.272870575635086,-0.0043117370213077155,-0.5413914785053615,2,signal
462,1,2026-07-05 12:00:00+00:00,2026-07-05 14:00:00+00:00,62679.46346974818,62771.65491984086,0.04890042020564552,4.508200648899829,6.134612404519089,0.0,-1.6264117556192597,-0.0005306310305760996,-0.06435421683763173,3,signal
463,1,2026-07-05 18:00:00+00:00,2026-07-05 19:00:00+00:00,62645.310091945306,62800.10516842994,0.048901143764317125,7.569656289183448,6.134424286222071,0.0,1.435232002961377,0.0004685053227636636,0.06146655925020957,2,signal
464,1,2026-07-05 20:00:00+00:00,2026-07-05 22:00:00+00:00,62789.21184740341,63711.654354930244,0.0488119061060956,45.02617706567136,6.174748403408072,0.0,38.851428662263295,0.012676407585094081,1.6882099025502948,3,take_profit
465,1,2026-07-06 01:00:00+00:00,2026-07-06 02:00:00+00:00,63782.31861055223,63555.20940103396,0.04822417576962511,-10.952154438709945,6.140747332900293,0.0,-17.09290177161024,-0.005557131588365021,-0.5501810897490889,2,signal
466,1,2026-07-06 04:00:00+00:00,2026-07-06 05:00:00+00:00,63314.71774246748,63246.935678252914,0.04738782499878072,-3.2120445970560216,5.9974814838574355,0.0,-9.209526080913458,-0.0030694872308486038,-0.29807334947665437,2,signal
467,1,2026-07-06 08:00:00+00:00,2026-07-06 09:00:00+00:00,63109.80018481652,62883.647424652634,0.04876259421681676,-11.02779527488476,6.143767359758306,0.0,-17.171562634643067,-0.00557989736526023,-0.5817661749543461,2,signal
468,1,2026-07-06 12:00:00+00:00,2026-07-06 12:00:00+00:00,62504.02114513184,61826.185636638824,0.046564647681551136,-31.563171639022322,5.78939227496755,0.0,-37.352563913989876,-0.012833825737582377,-1.2193556721173828,1,stop_loss
469,1,2026-07-06 13:00:00+00:00,2026-07-06 14:00:00+00:00,61773.28943214976,61749.00924158197,0.041566302193607234,-1.0092377384591968,5.134365194321344,0.0,-6.14360293278054,-0.0023926601707662965,-0.2030304932326862,2,signal
470,1,2026-07-06 16:00:00+00:00,2026-07-06 17:00:00+00:00,63565.97018074386,63711.85436769869,0.030841419340788993,4.499275385063875,3.9254287596818838,0.0,0.5738466253819907,0.0002927094851770355,0.01900275675593861,2,signal
471,1,2026-07-06 18:00:00+00:00,2026-07-06 19:00:00+00:00,63607.89095188191,63675.048373760226,0.0312820144885011,2.1008194442077825,3.9816667521237434,0.0,-1.8808473079159609,-0.0009452524922232119,-0.0622718541295816,2,signal
472,1,2026-07-06 20:00:00+00:00,2026-07-06 23:00:00+00:00,63760.00127747777,64222.325660668095,0.033191673109352136,15.34531979733608,4.247947559505169,0.0,11.09737223783091,0.005243758619093363,0.3676452323126334,4,signal
473,1,2026-07-07 01:00:00+00:00,2026-07-07 02:00:00+00:00,64225.011184102026,63819.17302022368,0.03393077198312836,-13.770402200607663,4.344638018002662,0.0,-18.115040218610325,-0.00831268594959509,-0.5979355184317807,2,signal
474,1,2026-07-07 04:00:00+00:00,2026-07-07 05:00:00+00:00,63212.070023670814,63079.532677256,0.03388759043756153,-4.491371312986439,4.279718108032247,0.0,-8.771089421018686,-0.004094612769662791,-0.29125486191269123,2,signal
475,1,2026-07-07 08:00:00+00:00,2026-07-07 09:00:00+00:00,63103.72880774966,63083.241393417244,0.0351665704261394,-0.7204720989705308,4.43756297444049,0.0,-5.158035073411021,-0.00232433783715763,-0.1717792433550376,2,signal
476,1,2026-07-07 12:00:00+00:00,2026-07-07 14:00:00+00:00,63426.91542407336,63035.87346118722,0.038804243695672445,-15.174087623067948,4.907292878338028,0.0,-20.081380501405974,-0.008159071717603755,-0.6699256850602481,3,signal
477,1,2026-07-07 16:00:00+00:00,2026-07-07 17:00:00+00:00,63950.57585083968,63962.65049550383,0.03236630335657532,0.3908116121227218,4.1400782872440365,0.0,-3.749266675121315,-0.001811376678646012,-0.12592113660570406,2,signal
478,1,2026-07-07 18:00:00+00:00,2026-07-07 19:00:00+00:00,64206.77617115181,63659.429693014135,0.0330886859111996,-18.110975699698812,4.230924724496176,0.0,-22.34190042419499,-0.010516221562066452,-0.7513107941512773,2,signal
479,1,2026-07-07 20:00:00+00:00,2026-07-07 23:00:00+00:00,63838.590535241325,63529.75755455205,0.032188199085775714,-9.94077746667983,4.09975774554065,0.0,-14.04053521222048,-0.006832878437976575,-0.47572765647184184,4,signal
480,1,2026-07-08 01:00:00+00:00,2026-07-08 02:00:00+00:00,63633.45080300862,63017.473315373245,0.032610103401445614,-20.087089564752322,4.130099731389075,0.0,-24.2171892961414,-0.011670409232602028,-0.8244597577601421,2,signal
481,1,2026-07-08 04:00:00+00:00,2026-07-08 05:00:00+00:00,62787.11889895176,62779.26167783331,0.031030642174039804,-0.24381461700896118,3.8964054247675195,0.0,-4.14022004177648,-0.0021250155132928636,-0.1421230681115557,2,signal
482,1,2026-07-08 08:00:00+00:00,2026-07-08 08:00:00+00:00,62908.991780613884,62040.62622894719,0.0343046326368152,-29.788961244391214,4.286350743928381,0.0,-34.0753119883196,-0.01578971688403936,-1.1713823165453499,1,stop_loss
483,1,2026-07-08 12:00:00+00:00,2026-07-08 14:00:00+00:00,62320.36155556587,61925.70215753228,0.03204882838034472,-12.648371316268658,3.9819407728744585,0.0,-16.630312089143118,-0.008326419308142536,-0.5784642194988684,3,signal
484,1,2026-07-08 16:00:00+00:00,2026-07-08 17:00:00+00:00,61723.751971341495,62092.93199064069,0.03192332223577503,11.785452719097817,3.9526399002834753,0.0,7.832812818814342,0.003975185038186511,0.27403963637604417,2,signal
485,1,2026-07-08 18:00:00+00:00,2026-07-08 19:00:00+00:00,62125.00128389139,62164.42844667011,0.03233176083042977,1.2747495971838876,4.018496115799021,0.0,-2.7437465186151337,-0.0013659921963470308,-0.0957306724421926,2,signal
486,1,2026-07-08 20:00:00+00:00,2026-07-08 23:00:00+00:00,62298.913354036915,62309.55346820625,0.03420683130089404,0.3639645904126944,4.262460803251524,0.0,-3.8984962128388294,-0.0018293794629328493,-0.13615079821424633,4,signal
487,1,2026-07-09 01:00:00+00:00,2026-07-09 02:00:00+00:00,62150.37417657344,61896.1204822349,0.039965476713018,-10.161370100285511,4.957577293618116,0.0,-15.118947393903628,-0.0060868529596067545,-0.5287328932952693,2,signal
488,1,2026-07-09 04:00:00+00:00,2026-07-09 05:00:00+00:00,61994.43688878711,62433.26671233413,0.036713316647478164,16.110898266238753,4.568153682026523,0.0,11.54274458421223,0.005071456984276044,0.40581323708588335,2,signal
489,1,2026-07-09 08:00:00+00:00,2026-07-09 09:00:00+00:00,63020.16135503761,62883.533110977856,0.03494022531675955,-4.773821632081123,4.399103452855033,0.0,-9.172925084936157,-0.004165840468842065,-0.32119302961245316,2,signal
490,1,2026-07-09 12:00:00+00:00,2026-07-09 14:00:00+00:00,62806.63233277048,63007.99235168758,0.03837271053551596,7.7267297193318,4.82784817415129,0.0,2.8988815451805094,0.0012028251066284646,0.10183238215016481,3,signal
491,1,2026-07-09 16:00:00+00:00,2026-07-09 17:00:00+00:00,62888.22830346258,62679.53295466374,0.03461507694899019,-7.224005557568298,4.346537718262471,0.0,-11.57054327583077,-0.005315193623264549,-0.40603844643406417,2,signal
492,1,2026-07-09 18:00:00+00:00,2026-07-09 19:00:00+00:00,63163.15948462555,63198.68030648589,0.03383726061455436,1.2019273065316147,4.275738504746403,0.0,-3.073811198214788,-0.0014381962313471518,-0.10830726453199803,2,signal
493,1,2026-07-09 20:00:00+00:00,2026-07-09 23:00:00+00:00,63268.60843568167,63197.77261967026,0.03475667646500792,-2.462017539243574,4.395551090041274,0.0,-6.857568629284848,-0.0031184848528372886,-0.24189182367268783,4,signal
494,1,2026-07-10 01:00:00+00:00,2026-07-10 02:00:00+00:00,63134.26676627417,63729.58690493105,0.03996392325042058,23.79132833071314,5.069977311368632,0.0,18.721351019344503,0.007420000405166923,0.6619725909846393,2,signal
495,1,2026-07-10 04:00:00+00:00,2026-07-10 05:00:00+00:00,63968.21520265325,64027.13745538626,0.03676507238701903,2.166280886935453,4.705758405674851,0.0,-2.5394775187393988,-0.0010798034571732357,-0.08920347179507956,2,signal
496,1,2026-07-10 08:00:00+00:00,2026-07-10 09:00:00+00:00,63983.689372788824,64225.54909372535,0.03967180083905581,9.595010679983448,5.086291374170564,0.0,4.508719305812884,0.00177624147003853,0.15851784600133087,2,signal
497,1,2026-07-10 12:00:00+00:00,2026-07-10 13:00:00+00:00,64446.398892762496,64266.24785021567,0.042040297233469824,-7.573603375588183,5.4111179267814045,0.0,-12.984721302369586,-0.004792567072735137,-0.4557951576822176,2,signal
498,1,2026-07-10 16:00:00+00:00,2026-07-10 17:00:00+00:00,64060.571172894335,64119.3219104951,0.0363382984574524,2.134901837532011,4.657839211108545,0.0,-2.5229373735765335,-0.001083804814903107,-0.08896671659931758,2,signal
499,1,2026-07-10 18:00:00+00:00,2026-07-10 19:00:00+00:00,63844.81609939516,63789.32505261854,0.03664469855158877,-2.033452681441498,4.677114627406473,0.0,-6.710567308847972,-0.0028682859332470156,-0.23684644960141799,2,signal
500,1,2026-07-10 20:00:00+00:00,2026-07-10 23:00:00+00:00,63938.0909438805,64091.56654506609,0.03793198443202047,5.821634114866636,4.856418974707635,0.0,0.9652151401590006,0.000397977845772309,0.034147711118623726,4,signal
501,1,2026-07-11 01:00:00+00:00,2026-07-11 02:00:00+00:00,64145.127160178345,63992.07543520858,0.04383485709694073,-6.709000492489965,5.616875964570529,0.0,-12.325876457060495,-0.004383636606768106,-0.43592021324610364,2,signal
502,1,2026-07-11 04:00:00+00:00,2026-07-11 05:00:00+00:00,64172.0277687734,64130.748997467876,0.04382618291995352,-1.8090909819467464,5.623020963695253,0.0,-7.432111945641999,-0.002642608531598922,-0.28432581041145827,2,signal
503,1,2026-07-11 08:00:00+00:00,2026-07-11 09:00:00+00:00,64182.71700853986,64244.726251660126,0.043703203460629385,2.7100025685245623,5.612690682728957,0.0,-2.9026881142043943,-0.0010348299859461849,-0.13113958509360168,2,signal
504,1,2026-07-11 12:00:00+00:00,2026-07-11 13:00:00+00:00,64218.341819351976,64175.16042293991,0.04363380418069183,-1.88416859529294,5.602296934913381,0.0,-7.486465530206321,-0.002671742897644469,-0.40170107169963054,2,signal
505,1,2026-07-11 16:00:00+00:00,2026-07-11 17:00:00+00:00,64195.70203497655,64159.64841592344,0.043532689520056206,-1.5695110043135478,5.587653619417036,0.0,-7.1571646237305835,-0.0025610588293658028,-0.3563809529880259,2,signal
506,1,2026-07-11 18:00:00+00:00,2026-07-11 19:00:00+00:00,64336.26479168431,64307.31067316755,0.04332644364150034,-1.254478984105802,5.573668622219,0.0,-6.828147606324802,-0.002449593467881644,-0.3449112951354391,2,signal
507,1,2026-07-11 20:00:00+00:00,2026-07-11 23:00:00+00:00,64306.8329480847,64182.59802057107,0.043240198542607994,-5.3719429316158465,5.5559085057114,0.0,-10.927851437327245,-0.00392997675202433,-0.5973979961754955,4,signal
508,1,2026-07-12 01:00:00+00:00,2026-07-12 02:00:00+00:00,63848.10841383505,64113.15866365099,0.04337988013468729,11.497848066684414,5.550944427704051,0.0,5.946903638980363,0.00214711110703397,0.31020372410106084,2,signal
509,1,2026-07-12 04:00:00+00:00,2026-07-12 05:00:00+00:00,64244.029315324195,63979.5873139599,0.04320501503527124,-11.425220644901614,5.539903284345074,0.0,-16.965123929246687,-0.006112095118852031,-0.8945828436929405,2,signal
510,1,2026-07-12 08:00:00+00:00,2026-07-12 09:00:00+00:00,63905.468442623496,63963.35982584131,0.04316870127035159,2.499095828257302,5.519931249311246,0.0,-3.020835421053944,-0.0010950149769026092,-0.15796692741829008,2,signal
511,1,2026-07-12 12:00:00+00:00,2026-07-12 13:00:00+00:00,64039.000056928395,64005.56153431702,0.04303156290211162,-1.438911889105006,5.5099576063869815,0.0,-6.948869495491988,-0.002521636566140419,-0.3707000579381993,2,signal
512,1,2026-07-12 16:00:00+00:00,2026-07-12 17:00:00+00:00,64196.68712930547,64157.1169392662,0.042817728678639644,-1.6943056608638503,5.495818357479376,0.0,-7.190124018343226,-0.0026157735175588114,-0.39900533042408876,2,signal
513,1,2026-07-12 18:00:00+00:00,2026-07-12 19:00:00+00:00,64098.56938100638,64127.334790636305,0.04277121029327113,1.2303313844535206,5.4843771123701615,0.0,-4.25404572791664,-0.0015516804119374273,-0.24476511690017627,2,signal
514,1,2026-07-12 20:00:00+00:00,2026-07-12 22:00:00+00:00,64249.34852226562,63843.736724239076,0.04260469028121349,-17.280965029327202,5.45736622409241,0.0,-22.738331253419613,-0.008306775018708513,-1.3850911545163305,3,stop_loss
515,1,2026-07-13 01:00:00+00:00,2026-07-13 01:00:00+00:00,64091.97338027906,63580.228248848725,0.04235488214438978,-21.674904729696994,5.407541053116477,0.0,-27.082445782813473,-0.009976558675539354,-1.2998417689198207,1,stop_loss
516,1,2026-07-13 04:00:00+00:00,2026-07-13 05:00:00+00:00,62826.21993218512,62651.98080521992,0.04277756311666723,-7.45352525114683,5.367651651810185,0.0,-12.821176902957015,-0.004770577125698809,-0.49001918653486776,2,signal
517,1,2026-07-13 08:00:00+00:00,2026-07-13 09:00:00+00:00,63005.238197052946,63187.290010249686,0.04245272768639979,7.728596050456531,5.357217036042942,0.0,2.3713790144135887,0.0008865816015921401,0.09222712993308176,2,signal
518,1,2026-07-13 12:00:00+00:00,2026-07-13 13:00:00+00:00,62922.27059561517,62605.17804710723,0.042546354488790655,-13.491131974572964,5.34073532802673,0.0,-18.831867302599694,-0.007034393275399528,-0.7566500384402283,2,signal
519,1,2026-07-13 15:00:00+00:00,2026-07-13 17:00:00+00:00,62811.49558651074,62256.20206533547,0.038060087284611785,-21.134519884510205,4.760087489114703,0.0,-25.894607373624908,-0.010831794601834465,-0.9731308326633599,3,signal
520,1,2026-07-13 18:00:00+00:00,2026-07-13 19:00:00+00:00,61924.58192226678,62000.06696083667,0.03587367026582571,2.707925383659569,4.4456319918406795,0.0,-1.737706608181111,-0.0007822355647715732,-0.06594552143187334,2,signal
521,1,2026-07-13 20:00:00+00:00,2026-07-13 23:00:00+00:00,62308.44332037234,61903.73247119464,0.036927885895844635,-14.945116059244354,4.58689305450558,0.0,-19.532009113749933,-0.008488785737266634,-0.7417238850243357,4,signal
522,1,2026-07-14 01:00:00+00:00,2026-07-14 02:00:00+00:00,62569.50207520209,62520.13009431742,0.036588667721214455,-1.8064550033271736,4.576862986819488,0.0,-6.3833179901466615,-0.0027882851432076295,-0.24421655329013706,2,signal
523,1,2026-07-14 04:00:00+00:00,2026-07-14 05:00:00+00:00,62593.23594280176,62724.58685359842,0.038494181061575025,5.056245742809427,4.824006960967003,0.0,0.2322387818424243,9.638562233422626e-05,0.00890687339099233,2,signal
524,1,2026-07-14 08:00:00+00:00,2026-07-14 09:00:00+00:00,62581.20411072695,62693.46206035557,0.041626524650747,4.672908307458059,5.214748979484668,0.0,-0.5418406720266091,-0.0002079972210095508,-0.021747650565323358,2,signal
525,1,2026-07-14 12:00:00+00:00,2026-07-14 13:00:00+00:00,62865.52704066139,63996.53100106823,0.04142964926598585,46.8570973980962,5.255850569829999,0.0,41.601246828266206,0.015972854275374624,1.7450369923547226,2,take_profit
526,1,2026-07-14 15:00:00+00:00,2026-07-14 17:00:00+00:00,64325.39209192484,64709.53170844813,0.033826424657206665,12.994069796173237,4.364790128081719,0.0,8.629279668091517,0.003965847458160136,0.32579271299685003,3,signal
527,1,2026-07-14 18:00:00+00:00,2026-07-14 19:00:00+00:00,64641.90958522267,64551.02951784948,0.03194815418355895,-2.90345040465088,4.1274759378920916,0.0,-7.030926342542971,-0.0034044942033483933,-0.2645859448126303,2,signal
528,1,2026-07-14 20:00:00+00:00,2026-07-14 23:00:00+00:00,64590.8237582413,64840.42744181383,0.034379321524548694,8.58120529125178,4.449758600331324,0.0,4.131446690920457,0.0018605186523440727,0.15588595224032242,4,signal
529,1,2026-07-15 01:00:00+00:00,2026-07-15 02:00:00+00:00,64845.887940152104,64653.5706130851,0.03570868900615295,-6.867399622730151,4.624255891942741,0.0,-11.491655514672892,-0.004962794031246073,-0.43292328842354766,2,signal
530,1,2026-07-15 04:00:00+00:00,2026-07-15 05:00:00+00:00,64813.19027958102,64724.65142370055,0.03741976359575988,-3.313103056086234,4.847275413241761,0.0,-8.160378469327995,-0.003364696239192148,-0.30876132419903274,2,signal
531,1,2026-07-15 08:00:00+00:00,2026-07-15 09:00:00+00:00,64569.67563841449,64747.49120534702,0.037280201415597715,6.6290001500733355,4.820970026429884,0.0,1.8080301236434515,0.000751101807609409,0.06862166689296796,2,signal
532,1,2026-07-15 12:00:00+00:00,2026-07-15 14:00:00+00:00,64753.01363271148,65097.622844881276,0.04067693801179822,14.017647561725362,5.281926290791585,0.0,8.735721270933777,0.003316580397483025,0.33553897122564724,3,signal
533,1,2026-07-15 15:00:00+00:00,2026-07-15 17:00:00+00:00,65420.43993589366,65100.28249567162,0.035411271155524886,-11.33718192816126,4.621904693439157,0.0,-15.959086621600417,-0.006888950350918252,-0.6032942141850124,3,signal
534,1,2026-07-15 18:00:00+00:00,2026-07-15 19:00:00+00:00,65076.67460566402,64839.480573903704,0.03449006713921435,-8.1808380804342,4.48081691461188,0.0,-12.66165499504608,-0.005641194624101624,-0.4815480325332553,2,signal
535,1,2026-07-15 20:00:00+00:00,2026-07-15 23:00:00+00:00,64998.61529801278,64845.57088043741,0.035650887591000255,-5.456169327409719,4.629060485792836,0.0,-10.085229813202556,-0.004352225081362184,-0.3854174061065013,4,signal
536,1,2026-07-16 01:00:00+00:00,2026-07-16 02:00:00+00:00,64604.63062446108,64709.02373766629,0.03964878871915015,4.139060489207671,5.127129760305198,0.0,-0.9880692710975278,-0.0003857392406092081,-0.03790617809461202,2,signal
537,1,2026-07-16 04:00:00+00:00,2026-07-16 05:00:00+00:00,64641.46951769965,64629.43145584251,0.04026868431362336,-0.4847569126728882,5.2055691022412365,0.0,-5.690326014914124,-0.002186041930745188,-0.22468822466896218,2,signal
538,1,2026-07-16 08:00:00+00:00,2026-07-16 09:00:00+00:00,64258.255925471996,64107.07759295243,0.038275344833257945,-5.786402808503273,4.91322740505386,0.0,-10.699630213557132,-0.0043503151775891565,-0.4115337944032941,2,signal
539,1,2026-07-16 12:00:00+00:00,2026-07-16 13:00:00+00:00,64277.42896737469,63945.6195421052,0.04024201634206678,-13.352680314146458,5.159954013548111,0.0,-18.51263432769457,-0.007156983114748805,-0.7285368502833035,2,circuit_breaker
540,1,2026-07-23 15:00:00+00:00,2026-07-23 17:00:00+00:00,64930.365142382754,64736.38423297309,0.03955251446856993,-7.6724327260520715,5.128645980761194,0.0,-12.801078706813266,-0.004984534709997513,-0.5386928454607446,3,signal
541,1,2026-07-23 18:00:00+00:00,2026-07-23 19:00:00+00:00,64701.84586366785,64848.33697529109,0.03949455973345187,5.785601958423806,5.116527434612875,0.0,0.6690745238109308,0.00026183068748883464,0.028850000553685817,2,signal
542,1,2026-07-23 20:00:00+00:00,2026-07-23 23:00:00+00:00,64867.63487490627,65174.568623525076,0.0394039235032093,12.094393951128813,5.124173038840965,0.0,6.970220912287847,0.002726961534230486,0.3063960055495283,4,signal
543,1,2026-07-24 01:00:00+00:00,2026-07-24 02:00:00+00:00,64995.00060501965,65065.407941463556,0.039433841930014646,2.7764317760422204,5.1287815919751445,0.0,-2.3523498159329246,-0.000917810163047731,-0.10601524622359353,2,signal
544,1,2026-07-24 04:00:00+00:00,2026-07-24 05:00:00+00:00,65477.77347384722,65296.82768018979,0.03910720301609211,-7.07628388746913,5.114228876679398,0.0,-12.19051276414853,-0.0047607054771948735,-0.5487780390019646,2,signal
545,1,2026-07-24 08:00:00+00:00,2026-07-24 09:00:00+00:00,65520.38773369616,65281.02916045832,0.03889589689566309,-9.310066385752105,5.087638425321677,0.0,-14.397704811073783,-0.005649539066168076,-0.6555248881265001,2,signal
546,1,2026-07-24 12:00:00+00:00,2026-07-24 13:00:00+00:00,65103.94628547126,64759.320451382,0.038923768357336026,-13.414136136044075,5.054767712592218,0.0,-18.46890384863629,-0.007288177259571149,-0.853379678122415,2,signal
547,1,2026-07-24 15:00:00+00:00,2026-07-24 17:00:00+00:00,64075.1424465603,63937.374740905565,0.03741642898716629,-5.154775575355134,4.789771258813221,0.0,-9.944546834168355,-0.004147945875639115,-0.3949138335383884,3,signal
548,1,2026-07-24 18:00:00+00:00,2026-07-24 19:00:00+00:00,64200.68053459518,64251.13720943967,0.03676979449827417,1.855281565098219,4.72314694137793,0.0,-2.8678653762797106,-0.0012148647374152703,-0.11433905403950888,2,signal
549,1,2026-07-24 20:00:00+00:00,2026-07-24 23:00:00+00:00,64245.88185875033,64148.62660013943,0.03895721851672507,-3.788794361605208,5.001892922380474,0.0,-8.790687283985683,-0.003512283753313447,-0.35757800066105194,4,signal
550,1,2026-07-25 01:00:00+00:00,2026-07-25 02:00:00+00:00,64094.10618211945,64047.68408487091,0.038912453914338355,-1.8063977197908174,4.986311508265074,0.0,-6.792709228055892,-0.002723556000914026,-0.3438907066762173,2,signal
551,1,2026-07-25 04:00:00+00:00,2026-07-25 05:00:00+00:00,64105.606526687516,64160.56273100337,0.03879961776279608,2.132279721149151,4.9766783390965115,0.0,-2.8443986179473604,-0.0011435811766529395,-0.1632999724704498,2,signal
552,1,2026-07-25 08:00:00+00:00,2026-07-25 09:00:00+00:00,64023.359888709216,63856.046520064934,0.0388050779738121,-6.4926083163025154,4.962370336937288,0.0,-11.454978653239802,-0.004610704211184552,-0.7506962917184918,2,signal
553,1,2026-07-25 12:00:00+00:00,2026-07-25 13:00:00+00:00,64084.399727466305,64103.30017828033,0.038589546723159215,0.7293598297767009,4.946705234847123,0.0,-4.2173454050704215,-0.0017053643251163783,-0.30489350566834983,2,signal
554,1,2026-07-25 15:00:00+00:00,2026-07-25 17:00:00+00:00,64234.30272967976,64185.9708681036,0.038433900584635236,-1.8575819628884855,4.935692028508862,0.0,-6.793273991397348,-0.002751678272554428,-0.5334811761468887,3,signal
555,1,2026-07-25 18:00:00+00:00,2026-07-25 19:00:00+00:00,64287.82145201001,64395.77208924159,0.038296340770698274,4.134114389834651,4.928110749853799,0.0,-0.7939963600191478,-0.00032250208268680506,-0.06547083644758588,2,signal
556,1,2026-07-25 20:00:00+00:00,2026-07-25 23:00:00+00:00,64408.72226387982,64392.119790574434,0.03821214003425975,-0.6344160348604502,4.921755813115379,0.0,-5.556171847975829,-0.002257509701312324,-0.4724986532402137,4,signal
557,1,2026-07-26 01:00:00+00:00,2026-07-26 02:00:00+00:00,64527.199007348296,64441.8605412399,0.03805595982972582,-3.2476372381516234,4.908041349458591,0.0,-8.155678587610215,-0.00332119678141587,-0.7617186064671374,2,signal
558,1,2026-07-26 04:00:00+00:00,2026-07-26 05:00:00+00:00,64577.09866966481,64510.089538433494,0.03790038593730648,-2.539671934990498,4.892454252648644,0.0,-7.432126187639142,-0.0030366232531213264,-0.7475435536009482,2,signal
559,1,2026-07-26 08:00:00+00:00,2026-07-26 09:00:00+00:00,64390.08109407157,64459.780255364305,0.037895157442662745,2.6412606908098404,4.882785782302138,0.0,-2.2415250914922975,-0.0009186306190588757,-0.22618103355067543,2,signal
560,1,2026-07-26 12:00:00+00:00,2026-07-26 13:00:00+00:00,64527.57705773677,64446.65715275057,0.037779707315194845,-3.057130326352011,4.872608819673602,0.0,-7.9297391460256135,-0.0032527819696202475,-0.8924599878327689,2,signal
561,1,2026-07-26 15:00:00+00:00,2026-07-26 17:00:00+00:00,64733.0034531394,64714.06489826202,0.037537438834122805,-0.7109048453162893,4.859111410497244,0.0,-5.570016255813533,-0.0022922715664845917,-0.5432576381580801,3,signal
562,1,2026-07-26 18:00:00+00:00,2026-07-26 19:00:00+00:00,64717.36432365225,64713.70066486782,0.03746052904353593,-0.13724259629959323,4.848556169138242,0.0,-4.985798765437836,-0.002056553525686519,-0.4637133815632216,2,signal
563,1,2026-07-26 20:00:00+00:00,2026-07-26 22:00:00+00:00,64715.614230602696,65240.14116268492,0.03738457738033353,19.60921768049694,4.858340993520057,0.0,14.75087668697688,0.006097001185570977,1.4481066037540222,3,take_profit
564,1,2026-07-27 01:00:00+00:00,2026-07-27 02:00:00+00:00,65152.38969516804,65185.72817120274,0.037360134292153735,1.2455299417519994,4.869449586874175,0.0,-3.6239196451221756,-0.001488811727175503,-0.24415729301951158,2,signal
565,1,2026-07-27 04:00:00+00:00,2026-07-27 05:00:00+00:00,65304.45420563015,65262.11869914929,0.03721770220247693,-1.5756302727958225,4.8593878279680744,0.0,-6.435018100763896,-0.002647630724256734,-0.4214221120039871,2,signal
566,1,2026-07-27 08:00:00+00:00,2026-07-27 09:00:00+00:00,65242.20389708092,65142.669681764884,0.037154678947282464,-3.6981618143370834,4.844408117404027,0.0,-8.542569931741111,-0.0035240852571071877,-0.5245697997350609,2,signal
567,1,2026-07-27 12:00:00+00:00,2026-07-27 13:00:00+00:00,65121.54987692935,65065.55752908939,0.03709246951705437,-2.0768944554419395,4.8289613129712325,0.0,-6.905855768413172,-0.0028589530746401114,-0.43049541347283565,2,signal
568,1,2026-07-27 15:00:00+00:00,2026-07-27 17:00:00+00:00,64707.77931347955,64877.58139213158,0.03722303828776251,6.32054927500611,4.823560843078479,0.0,1.4969884319276319,0.0006215128748521193,0.062486261631430166,3,signal
569,1,2026-07-27 18:00:00+00:00,2026-07-27 19:00:00+00:00,65040.886552010794,64856.79041416085,0.036456733456175186,-6.711543827906599,4.735644985732066,0.0,-11.447188813638666,-0.0048276373749152985,-0.4744898075236686,2,signal
570,1,2026-07-27 20:00:00+00:00,2026-07-27 22:00:00+00:00,65005.31057973899,64335.243373277925,0.03689975273386007,-24.725314233481576,4.772634459326811,0.0,-29.49794869280839,-0.012297576202385547,-1.2319514842758603,3,stop_loss
571,1,2026-07-28 01:00:00+00:00,2026-07-28 02:00:00+00:00,63508.139104522845,63210.912485746776,0.03361419131895911,-9.9910324286261,4.259558443912373,0.0,-14.250590872538472,-0.006675454144052323,-0.6008900040982706,2,signal
572,1,2026-07-28 04:00:00+00:00,2026-07-28 05:00:00+00:00,63363.994753165374,63330.30910713275,0.03473175496802853,-1.169961603944821,4.400315517520825,0.0,-5.570277121465647,-0.0025310896277559868,-0.23629602378223208,2,signal
573,1,2026-07-28 08:00:00+00:00,2026-07-28 09:00:00+00:00,63526.00688305976,63407.325432109144,0.03698344119071307,-4.389248461660561,4.694431430819288,0.0,-9.083679892479848,-0.0038663658447463485,-0.3940100639930896,2,signal
574,1,2026-07-28 12:00:00+00:00,2026-07-28 13:00:00+00:00,63470.39615998614,63526.29899700321,0.03687287106975247,2.0612981017635708,4.682732766808327,0.0,-2.6214346650447555,-0.0011201105151561308,-0.12369520640134271,2,signal
575,1,2026-07-28 15:00:00+00:00,2026-07-28 17:00:00+00:00,63432.54440642838,64022.561760793935,0.03435633791750295,20.270835603774078,4.378890696792304,0.0,15.891944906981774,0.007292191295915528,0.6791270881635569,3,signal
576,1,2026-07-28 18:00:00+00:00,2026-07-28 19:00:00+00:00,63706.441634780094,63713.54784491595,0.031041998151672526,0.22059096190260066,3.955371077914857,0.0,-3.7347801160122565,-0.0018885653672760898,-0.15852567062406828,2,signal
577,1,2026-07-28 20:00:00+00:00,2026-07-28 23:00:00+00:00,63924.94149123877,63762.94139342961,0.033109078017759516,-5.3636738772482495,4.227628076351026,0.0,-9.591301953599276,-0.0045316894147417325,-0.40775673146136215,4,signal
578,1,2026-07-29 01:00:00+00:00,2026-07-29 02:00:00+00:00,63974.24171310332,63684.74210658548,0.035714489688982234,-10.339330711945884,4.5592754613342255,0.0,-14.89860617328011,-0.006520727392257432,-0.6359803555183788,2,signal
579,1,2026-07-29 04:00:00+00:00,2026-07-29 05:00:00+00:00,63773.761735863955,63947.90266346239,0.034852200089578705,6.069194452445437,4.451381003419343,0.0,1.617813449026094,0.0007278740023422915,0.06950200771518328,2,signal
580,1,2026-07-29 08:00:00+00:00,2026-07-29 09:00:00+00:00,64581.735350518225,64396.531657546024,0.0359436363378237,-6.656894188614772,4.635947924820586,0.0,-11.292842113435357,-0.004864873300090795,-0.48480872440364864,2,signal
581,1,2026-07-29 12:00:00+00:00,2026-07-29 13:00:00+00:00,64528.54562256776,64256.184671910254,0.03588692585502953,-9.774197242051365,4.621688067337908,0.0,-14.395885309389273,-0.006216561633022341,-0.6411362183826652,2,signal
582,1,2026-07-29 15:00:00+00:00,2026-07-29 17:00:00+00:00,64128.41447316078,63788.00126293617,0.032781532388392584,-11.159266676414667,4.193296125459954,0.0,-15.352562801874619,-0.007302997116149055,-0.666444828133263,3,signal
583,1,2026-07-29 18:00:00+00:00,2026-07-29 19:00:00+00:00,64290.59884364646,64481.34269380844,0.03040913127044494,5.800354778605618,3.9158428741625277,0.0,1.8845119044430905,0.0009639342258303727,0.08235428962559341,2,signal
584,1,2026-07-29 20:00:00+00:00,2026-07-29 23:00:00+00:00,63609.49015356127,63921.97972130946,0.024823680203042955,7.757141096568036,3.1658004239977977,0.0,4.591340672570238,0.0029077123150460867,0.20047921142057779,4,signal
585,1,2026-07-30 01:00:00+00:00,2026-07-30 02:00:00+00:00,63717.22784639772,64245.324752681445,0.02625337494779011,13.864326089434602,3.3594488726599394,0.0,10.504877216774663,0.006279845611758946,0.4577738805848976,2,signal
586,1,2026-07-30 04:00:00+00:00,2026-07-30 05:00:00+00:00,64182.921339982575,64003.69819283997,0.02741456639117141,-4.913324866175648,3.5141805916423934,0.0,-8.427505457818041,-0.004789588262071334,-0.3655741854826409,2,signal
587,1,2026-07-30 08:00:00+00:00,2026-07-30 09:00:00+00:00,64046.41726136392,64287.76128334914,0.031744898338518436,7.661441442529968,4.07395545125919,0.0,3.587485991270779,0.0017644990660341015,0.1561914548308471,2,signal
588,1,2026-07-30 12:00:00+00:00,2026-07-30 13:00:00+00:00,64808.694930183054,64904.4471820255,0.03365869389118039,3.222895734156064,4.365974944018008,0.0,-1.143079209861944,-0.0005240174996016975,-0.049689609132552076,2,signal
589,1,2026-07-30 15:00:00+00:00,2026-07-30 17:00:00+00:00,64704.34927475147,64797.3303855968,0.03267402382148505,3.0380670307084103,4.231340966144545,0.0,-1.1932739354361348,-0.0005644221636468947,-0.05189735951095591,3,signal
590,1,2026-07-30 18:00:00+00:00,2026-07-30 19:00:00+00:00,64892.898947078465,64681.542775423986,0.034824430011950444,-7.360358207375192,4.512356077102838,0.0,-11.872714284478032,-0.005253742996672375,-0.5166311283632752,2,signal
591,1,2026-07-30 20:00:00+00:00,2026-07-30 23:00:00+00:00,64820.99565464424,64830.446768985974,0.03523466569789933,0.33300685430358573,4.5682252310470535,0.0,-4.235218376743467,-0.0018543425146121642,-0.19206080389282984,4,signal
592,1,2026-07-31 01:00:00+00:00,2026-07-31 02:00:00+00:00,64745.40384479565,64543.72335236667,0.03521045494089181,-7.101261891127311,4.552328987522914,0.0,-11.653590878650224,-0.005111862772831274,-0.5669289752331927,2,signal
593,1,2026-07-31 04:00:00+00:00,2026-07-31 05:00:00+00:00,64390.63256879309,64279.180467187354,0.03365627348091591,-3.7510624116653886,4.3305464162772775,0.0,-8.081608827942667,-0.0037291435890954247,-0.3559644979215939,2,signal
594,1,2026-07-31 08:00:00+00:00,2026-07-31 09:00:00+00:00,63969.732957913184,63813.78562927259,0.03532920235842698,-5.509494730799585,4.514489786238501,0.0,-10.023984517038087,-0.004435392084791869,-0.4462165804840574,2,signal
595,1,2026-07-31 12:00:00+00:00,2026-07-31 13:00:00+00:00,63826.300378444656,63733.67595531043,0.035251701204634146,-3.2651684885794072,4.496706171387737,0.0,-7.761874659967145,-0.0034497440422278252,-0.3679405340833184,2,signal
596,1,2026-07-31 16:00:00+00:00,2026-07-31 17:00:00+00:00,62736.38945631384,62850.9697849326,0.032304628887440436,3.7014749938299594,4.057053033242129,0.0,-0.3555780394121699,-0.0001754489016323257,-0.01584237884311412,2,signal
597,1,2026-07-31 18:00:00+00:00,2026-07-31 19:00:00+00:00,63265.484365860764,63077.50226568961,0.03204532938007351,-6.023948317542585,4.048702621470256,0.0,-10.072650939012842,-0.0049683502774590235,-0.4488467196584013,2,signal
598,1,2026-07-31 20:00:00+00:00,2026-07-31 23:00:00+00:00,62992.65638516939,62929.81384817478,0.03285022820170666,-2.064391681047217,4.13658188288797,0.0,-6.200973563935188,-0.0029966192578663575,-0.2775670155189065,4,signal
599,1,2026-08-01 01:00:00+00:00,2026-08-01 02:00:00+00:00,62958.057146092884,62954.83368287771,0.035350820218003544,-0.113952068598963,4.4511239668240465,0.0,-4.56507603542301,-0.0020511489696145853,-0.22909383716000656,2,signal
600,1,2026-08-01 04:00:00+00:00,2026-08-01 05:00:00+00:00,63024.54262096675,63094.57829739263,0.03524116719551611,2.4681389825756135,4.444585026835416,0.0,-1.9764460442598026,-0.0008898667433378349,-0.11401844585074063,2,signal
601,1,2026-08-01 08:00:00+00:00,2026-08-01 09:00:00+00:00,63070.972878275636,63105.46875866834,0.03518391854580193,1.213700245902746,4.439381644953368,0.0,-3.2256813990506226,-0.0014536094349008408,-0.21797947570057144,2,signal
602,1,2026-08-01 12:00:00+00:00,2026-08-01 13:00:00+00:00,63096.18348698822,63083.85774881445,0.035118788347485067,-0.43286499015118934,4.431290161837092,0.0,-4.864155151988282,-0.002195153046588575,-0.3848807250743828,2,signal
603,1,2026-08-01 16:00:00+00:00,2026-08-01 17:00:00+00:00,63027.073384838135,62912.653278390295,0.03508019806119335,-4.013879996373062,4.417990555118607,0.0,-8.431870551491667,-0.003813596605437337,-0.7903440844204045,2,signal
604,1,2026-08-01 18:00:00+00:00,2026-08-01 18:00:00+00:00,62727.68805034762,62378.4062591067,0.03511334211274022,-12.26445102959323,4.392893089876612,0.0,-16.657344119469844,-0.007562655348777009,-1.4386230538715339,1,stop_loss
605,1,2026-08-01 20:00:00+00:00,2026-08-01 23:00:00+00:00,62549.54370328116,62810.979663226186,0.034947306368957265,9.136482588061241,4.381012616662158,0.0,4.755469971399084,0.002175482481919048,0.3692929394695893,4,signal
606,1,2026-08-02 01:00:00+00:00,2026-08-02 02:00:00+00:00,62853.65595631254,62961.845585139956,0.03485380051419554,3.770819740855571,4.3851483923192465,0.0,-0.6143286514636754,-0.0002804271676143857,-0.051256838485131365,2,signal
607,1,2026-08-02 04:00:00+00:00,2026-08-02 05:00:00+00:00,63481.952819765625,63569.85145355316,0.03449917612916864,3.032430448549366,4.383182573153885,0.0,-1.3507521246045195,-0.0006167606500220319,-0.09571675196634603,2,signal
608,1,2026-08-02 08:00:00+00:00,2026-08-02 09:00:00+00:00,63526.11832537489,63174.26359874688,0.034453949435731865,-12.122784959964628,4.365328552301607,0.0,-16.488113512266235,-0.007533202423938675,-1.308655106005021,2,signal
609,1,2026-08-02 12:00:00+00:00,2026-08-02 13:00:00+00:00,63051.84283481688,63105.394762875985,0.03445187212769113,1.8449641776835441,4.346353017698462,0.0,-2.5013888400149185,-0.0011515176444374636,-0.18504988103121947,2,signal
610,1,2026-08-02 16:00:00+00:00,2026-08-02 17:00:00+00:00,63129.29510053445,63160.35554160156,0.03437002002564662,1.0675479814819049,4.34057782160213,0.0,-3.273029840120225,-0.0015084788991129128,-0.2592811805485494,2,signal
611,1,2026-08-02 18:00:00+00:00,2026-08-02 19:00:00+00:00,63319.953710619295,63362.202012307855,0.03421489198541448,1.4455210788412804,4.33441627453941,0.0,-2.8888951956981295,-0.0013334478167852325,-0.22720621374630348,2,signal
612,1,2026-08-02 20:00:00+00:00,2026-08-02 23:00:00+00:00,63476.167850922306,63404.66997355919,0.03408522349088746,-2.4370211290458568,4.3247617139585,0.0,-6.761782843004356,-0.003125247189677576,-0.5150609776227246,4,signal
613,1,2026-08-03 01:00:00+00:00,2026-08-03 02:00:00+00:00,63337.708228246316,63192.112079439525,0.03405308464834395,-4.957997979790552,4.3087306814773765,0.0,-9.266728661267928,-0.00429642904245656,-0.6025450946674196,2,signal
614,1,2026-08-03 04:00:00+00:00,2026-08-03 05:00:00+00:00,62890.29787365739,62769.950535644944,0.034148142736624816,-4.109638076421933,4.291064099000588,0.0,-8.40070217542252,-0.003911693770571172,-0.5230558932509799,2,signal
615,1,2026-08-03 08:00:00+00:00,2026-08-03 09:00:00+00:00,62640.46733916967,62521.90018606186,0.03415036077381386,-4.0491110545557865,4.27434000629134,0.0,-8.323451060847127,-0.0038909275582724883,-0.5453161733982577,2,signal
616,1,2026-08-03 12:00:00+00:00,2026-08-03 13:00:00+00:00,62580.09908209518,62680.10342935662,0.03405043223010321,3.4051912491414242,4.265164036745194,0.0,-0.8599727876037693,-0.00040357646632803397,-0.052528282584941535,2,signal
617,1,2026-08-03 15:00:00+00:00,2026-08-03 17:00:00+00:00,63986.98739956985,63756.28765039985,0.032269256549969975,-7.444509391980524,4.122180515120851,0.0,-11.566689907101374,-0.005601811224236219,-0.5424894177348,3,signal
618,1,2026-08-03 18:00:00+00:00,2026-08-03 19:00:00+00:00,63926.33941860593,63850.202634633795,0.03226605035433393,-2.4566333054619576,4.1228443399925,0.0,-6.579477645454457,-0.0031898170281595283,-0.3102673020282305,2,signal
619,1,2026-08-03 20:00:00+00:00,2026-08-03 23:00:00+00:00,63889.76974519606,63597.57594720915,0.0330552493456098,-9.658538849698076,4.214126000272408,0.0,-13.872664849970484,-0.006568831682334749,-0.665223800170407,4,signal
620,1,2026-08-04 01:00:00+00:00,2026-08-04 02:00:00+00:00,63382.15670565073,63827.768706278686,0.033101326502038696,14.75034832601277,4.210817275360265,0.0,10.539531050652505,0.005023528572792219,0.5450868589223411,2,signal
621,1,2026-08-04 04:00:00+00:00,2026-08-04 05:00:00+00:00,63820.636186950265,64008.78438341755,0.033038881959576556,6.216206053989873,4.22334113718545,0.0,1.992864916804423,0.0009451296555588335,0.09962967497042995,2,signal
622,1,2026-08-04 08:00:00+00:00,2026-08-04 09:00:00+00:00,63705.817607053534,63568.65131454359,0.03312967981396428,-4.5442753521230275,4.21656240386486,0.0,-8.760837755987888,-0.00415096723289307,-0.4391472169863863,2,signal
623,1,2026-08-04 12:00:00+00:00,2026-08-04 13:00:00+00:00,63946.37745820735,63886.14324113859,0.03286818327295901,-1.9797892859192825,4.201622718590429,0.0,-6.181412004509712,-0.0029410069067793703,-0.33231042375375786,2,signal
624,1,2026-08-04 15:00:00+00:00,2026-08-04 17:00:00+00:00,64148.92605042882,63930.534850707394,0.03266813875454464,-7.134434015270938,4.184117600325593,0.0,-11.318551615596531,-0.005401036025921805,-0.5515989303970926,3,signal
625,1,2026-08-04 18:00:00+00:00,2026-08-04 19:00:00+00:00,63992.33794105568,64285.59317551991,0.032571380259916495,9.551727754945462,4.178189273353358,0.0,5.373538481592104,0.002578079011578219,0.2628309992957917,2,signal
626,1,2026-08-04 20:00:00+00:00,2026-08-04 23:00:00+00:00,64253.84941612716,64249.33048489832,0.03252236188336436,-0.14696631675043986,4.179226919904224,0.0,-4.326193236654664,-0.002070259016987085,-0.211075888291079,4,signal
627,1,2026-08-05 01:00:00+00:00,2026-08-05 02:00:00+00:00,64008.27740139329,64313.13125835063,0.03257961558109054,9.932021468082997,4.18066216495848,0.0,5.751359303124518,0.0027579628051942607,0.28927569519871593,2,signal
628,1,2026-08-05 04:00:00+00:00,2026-08-05 05:00:00+00:00,64203.84779436882,64155.46582692623,0.03256986547180183,-1.5757941708662653,4.180645576698399,0.0,-5.756439747564665,-0.0027528144672878474,-0.28571561936296086,2,signal
629,1,2026-08-05 08:00:00+00:00,2026-08-05 09:00:00+00:00,64184.3341805746,64100.18897963859,0.03249017105185243,-2.733891971603607,4.167986100780651,0.0,-6.9018780723842585,-0.003309681822025033,-0.36753944517674325,2,signal
630,1,2026-08-05 12:00:00+00:00,2026-08-05 14:00:00+00:00,64095.92698595593,64387.84403912448,0.032427411709674545,9.466114468171597,4.166396141041836,0.0,5.29971832712976,0.0025498232076319243,0.32143026406945857,3,signal
631,1,2026-08-05 15:00:00+00:00,2026-08-05 17:00:00+00:00,64496.552677438805,64641.42343616484,0.03230807462859899,4.68049528442253,4.17219936966454,0.0,0.5082959147579893,0.00024393214767796047,0.026993091330035628,3,signal
632,1,2026-08-05 18:00:00+00:00,2026-08-05 19:00:00+00:00,64790.65511982081,64778.50759763161,0.032169256839001605,-0.39077676126195204,4.168143673872118,0.0,-4.55892043513407,-0.0021873013113476243,-0.23707682849651285,2,signal
633,1,2026-08-05 20:00:00+00:00,2026-08-05 23:00:00+00:00,64860.88434787787,64615.19486554168,0.03206420757529603,-7.877838560694768,4.151547879934556,0.0,-12.029386440629324,-0.005784157359579522,-0.6691154651138799,4,signal
634,1,2026-08-06 01:00:00+00:00,2026-08-06 02:00:00+00:00,64665.323130440454,64559.62299741009,0.03197533685875488,-3.3797973596609974,4.132011182992473,0.0,-7.511808542653471,-0.0036329375279596076,-0.47657702677457014,2,signal
635,1,2026-08-06 04:00:00+00:00,2026-08-06 05:00:00+00:00,64551.836158544866,64714.13811804823,0.03191529952575858,5.179915651167337,4.125562287526472,0.0,1.0543533636408648,0.0005117745240527268,0.07252135537302305,2,signal
636,1,2026-08-06 08:00:00+00:00,2026-08-06 09:00:00+00:00,64829.9122926547,64921.39779052561,0.03179465177580953,2.9087495473422043,4.125397721549802,0.0,-1.2166481742075974,-0.000590249328728524,-0.08508768761759783,2,signal
637,1,2026-08-06 12:00:00+00:00,2026-08-06 13:00:00+00:00,64642.47751933594,64403.6073510322,0.03186803990678676,-7.612324056044333,4.1124457824634835,0.0,-11.724769838507816,-0.005691555572944319,-0.842542453660113,2,circuit_breaker
638,1,2026-08-13 15:00:00+00:00,2026-08-13 16:00:00+00:00,63879.41348459896,63399.859178600535,0.03206535384004233,-15.377078507355483,4.081254914448719,0.0,-19.458333421804202,-0.009499673612500073,-1.3205514075567448,2,stop_loss
639,1,2026-08-13 18:00:00+00:00,2026-08-13 19:00:00+00:00,63164.31140675729,63289.610846416086,0.03212062407971905,4.024696198679642,4.061778900100202,0.0,-0.037082701420559694,-1.827745080512997e-05,-0.0020428038234922563,2,signal
640,1,2026-08-13 20:00:00+00:00,2026-08-13 23:00:00+00:00,63428.34473705411,63509.48618726477,0.03198633142179053,2.5954173184827685,4.060275529908475,0.0,-1.4648582114257063,-0.000722017591717301,-0.08292647951975878,4,signal
641,1,2026-08-14 01:00:00+00:00,2026-08-14 02:00:00+00:00,63561.58001509196,63555.648917610604,0.031896259674429266,-0.18917982541968817,4.054564143131354,0.0,-4.243743968551042,-0.002093219306103906,-0.2864650061873573,2,signal
642,1,2026-08-14 04:00:00+00:00,2026-08-14 05:00:00+00:00,63330.15304491891,63352.68866605954,0.031945875064905115,0.7199201374686781,4.046994234166068,0.0,-3.32707409669739,-0.0016445123778001346,-0.2329936194765141,2,signal
643,1,2026-08-14 08:00:00+00:00,2026-08-14 09:00:00+00:00,62940.40917451304,62920.43220764981,0.03209088458684262,-0.6410785380032911,4.038985734797894,0.0,-4.680064272801185,-0.002317077536643252,-0.3212137498891695,2,signal
644,1,2026-08-14 12:00:00+00:00,2026-08-14 13:00:00+00:00,62888.62611381939,62721.97314525813,0.03204296455987003,-5.340055165405428,4.024935980402658,0.0,-9.364991145808087,-0.0046473199667516575,-0.6632797238015803,2,signal
645,1,2026-08-14 15:00:00+00:00,2026-08-14 17:00:00+00:00,62639.42251448668,63113.64734590255,0.0320210867494804,15.185194465525337,4.026749959012992,0.0,11.158444506512343,0.005563138157521978,0.7880680119164033,3,signal
646,1,2026-08-14 18:00:00+00:00,2026-08-14 19:00:00+00:00,63033.614447880704,62910.02483276126,0.03199768404762404,-3.9545814561595094,4.029904777509914,0.0,-7.984486233669423,-0.00395873307576888,-0.5186698443585526,2,signal
647,1,2026-08-14 20:00:00+00:00,2026-08-14 23:00:00+00:00,62987.99390981657,62866.76446574224,0.03189422372516613,-3.8665190113841343,4.014039820506799,0.0,-7.880558831890932,-0.0039227190312434955,-0.5322887031272134,4,signal
648,1,2026-08-15 01:00:00+00:00,2026-08-15 02:00:00+00:00,63040.0194295801,63025.46517777066,0.031743018192573476,-0.4619958799662579,4.001698971346727,0.0,-4.463694851312985,-0.0022306423394090084,-0.3546540721051958,2,signal
649,1,2026-08-15 04:00:00+00:00,2026-08-15 05:00:00+00:00,63071.34150149292,63101.89552432087,0.03165655273006027,0.9672350347684537,3.9942097310300664,0.0,-3.026974696261613,-0.001516048524124079,-0.26643357577018756,2,signal
650,1,2026-08-15 08:00:00+00:00,2026-08-15 09:00:00+00:00,63094.89486335217,62915.777136257784,0.031596808292806706,-5.659548484844651,3.9815350460194217,0.0,-9.641083530864073,-0.004836023576151925,-0.9534901460695939,2,signal
651,1,2026-08-15 12:00:00+00:00,2026-08-15 13:00:00+00:00,63041.87297080582,63030.01615929502,0.031470604404347347,-0.3731410245535014,3.967558549322142,0.0,-4.340699573875643,-0.002187890272625322,-0.4828443068193777,2,signal
652,1,2026-08-15 15:00:00+00:00,2026-08-15 17:00:00+00:00,63059.654596755274,63076.936379572675,0.03139296424348865,0.5425263900504095,3.959801490315416,0.0,-3.4172751002650066,-0.0017262195433041263,-0.42159654966467247,3,signal
653,1,2026-08-15 18:00:00+00:00,2026-08-15 19:00:00+00:00,63090.44847918437,63038.08557779539,0.031323531031415566,-1.6401909665526806,3.9507910504807606,0.0,-5.590982017033442,-0.002829135625891935,-0.7752694194174685,2,signal
654,1,2026-08-15 20:00:00+00:00,2026-08-15 23:00:00+00:00,63145.43179246875,63115.698882684104,0.03120780344934275,-0.9278988045362415,3.940332549401951,0.0,-4.868231353938192,-0.002470393123171311,-0.7157729933321187,4,signal
655,1,2026-08-16 01:00:00+00:00,2026-08-16 02:00:00+00:00,63105.54711555903,63065.27501955983,0.031150460553294543,-1.2544943378215783,3.930279217896762,0.0,-5.1847735557183405,-0.0026375322890320315,-0.9313585604889356,2,signal
656,1,2026-08-16 04:00:00+00:00,2026-08-16 05:00:00+00:00,63149.68185404448,63070.42189933833,0.031046668876130962,-2.4607575688988916,3.918713766742171,0.0,-6.379471335641062,-0.0032538573818067444,-1.200716272596936,2,signal
657,1,2026-08-16 08:00:00+00:00,2026-08-16 09:00:00+00:00,63080.490531618096,63052.912569267755,0.030979691937218088,-0.8543567778697441,3.9075739710583925,0.0,-4.761930748928137,-0.0024367496852958186,-1.029724455844528,2,signal
658,1,2026-08-16 12:00:00+00:00,2026-08-16 13:00:00+00:00,63032.97484400904,63002.43603891205,0.030927573943117872,-0.944491152771694,3.8979694895327848,0.0,-4.842460642304479,-0.002484004862016995,-1.1474279912044127,2,signal
659,1,2026-08-16 15:00:00+00:00,2026-08-16 16:00:00+00:00,63122.22636716596,63353.12555369634,0.03080720499324812,7.113358572215754,3.8963520932192024,0.0,3.217006478996551,0.0016543116524774342,0.8343213120916361,2,take_profit
660,1,2026-08-16 18:00:00+00:00,2026-08-16 19:00:00+00:00,63178.77111441845,63120.37856161975,0.030830500904840734,-1.8002716518963182,3.8938660483677108,0.0,-5.6941377002640285,-0.002923319007586548,-1.1440914340102426,2,signal
661,1,2026-08-16 20:00:00+00:00,2026-08-16 21:00:00+00:00,63128.26231958423,62943.943890656206,0.03076505893551707,-5.670567328872611,3.8786188541887086,0.0,-9.54918618306132,-0.0049168252654718395,-1.8838721827078762,2,stop_loss
662,1,2026-08-16 22:00:00+00:00,2026-08-16 22:00:00+00:00,62948.98285092745,62725.384665762635,0.03070113251550008,-6.864717512970388,3.8583454109315607,0.0,-10.72306292390195,-0.005548501927483673,-1.709752010816304,1,stop_loss
663,1,2026-08-17 01:00:00+00:00,2026-08-17 02:00:00+00:00,62936.85899240066,63096.64235531773,0.030536838736756736,4.879278786215271,3.8486647060840893,0.0,1.0306140801311816,0.0005362495381828265,0.13839146770650868,2,signal
664,1,2026-08-17 04:00:00+00:00,2026-08-17 05:00:00+00:00,63448.80036566678,63512.842756611535,0.03030667699093486,1.9409120560899018,3.8477855083452353,0.0,-1.9068734522553334,-0.0009916539290720562,-0.1932205402849701,2,signal
665,1,2026-08-17 08:00:00+00:00,2026-08-17 09:00:00+00:00,63534.05378150455,63361.1727975244,0.030236026435008143,-5.227234001734164,3.836807425319867,0.0,-9.06404142705403,-0.004718354846207709,-0.8993376766716357,2,signal
666,1,2026-08-17 12:00:00+00:00,2026-08-17 13:00:00+00:00,63650.967359091526,63534.85613106607,0.03003822915107816,-3.487775674441642,3.8204369107659337,0.0,-7.308212585207576,-0.0038223621982527403,-0.663680284554074,2,signal
667,1,2026-08-17 15:00:00+00:00,2026-08-17 17:00:00+00:00,63922.52305185883,64095.815971170516,0.029796405720741763,5.163506132342791,3.81448636922565,0.0,1.349019763117141,0.0007082727359170015,0.11206134792062943,3,signal
668,1,2026-08-17 18:00:00+00:00,2026-08-17 19:00:00+00:00,64345.81273584507,64408.919666499416,0.029621338554884715,1.8693117580719312,3.813887519033431,0.0,-1.9445757609615,-0.001020234246127269,-0.14293847963381687,2,signal
669,1,2026-08-17 20:00:00+00:00,2026-08-17 23:00:00+00:00,64330.17306838742,64270.950551887356,0.029598342110562826,-1.7528883040173358,3.806380052715675,0.0,-5.559268356733011,-0.0029196818718436983,-0.408495678400136,4,signal
670,1,2026-08-18 01:00:00+00:00,2026-08-18 02:00:00+00:00,64404.05828196251,64179.8364990296,0.029478154118115052,-6.609644273934839,3.7904158674615753,0.0,-10.400060141396413,-0.005478003826549402,-0.8117202929790823,2,signal
671,1,2026-08-18 04:00:00+00:00,2026-08-18 06:00:00+00:00,64205.01840548345,64223.004992473136,0.02940771815487205,0.5289444807606599,3.77677511527442,0.0,-3.24783063451376,-0.0017201371349321534,-0.25842997230577675,3,signal
672,1,2026-08-18 08:00:00+00:00,2026-08-18 09:00:00+00:00,64219.12792811517,64275.8207127934,0.029350733343159637,1.6639748055718167,3.7714209735023005,0.0,-2.107446167930484,-0.0011180806448049918,-0.1725848480280135,2,signal
673,1,2026-08-18 12:00:00+00:00,2026-08-18 13:00:00+00:00,64371.454491292614,64209.66702257127,0.02924857257615547,-4.732052520808617,3.7608142645217137,0.0,-8.492866785330332,-0.004510828480261886,-0.7274324237278942,2,signal
674,1,2026-08-18 15:00:00+00:00,2026-08-18 17:00:00+00:00,64734.07212090515,64819.54022280658,0.028953667129385685,2.4746149726344635,3.751052167209302,0.0,-1.2764371945748383,-0.0006810248297054574,-0.08991419587826298,3,signal
675,1,2026-08-18 18:00:00+00:00,2026-08-18 19:00:00+00:00,64690.43092323287,64751.224570898274,0.02895348797890166,1.7601881468739373,3.747787416318456,0.0,-1.9875992694445188,-0.001061177160965088,-0.14463928501198886,2,signal
676,1,2026-08-18 20:00:00+00:00,2026-08-18 23:00:00+00:00,64664.08049513494,64613.41704376932,0.028934579848711693,-1.4659256789499835,3.7405900751810544,0.0,-5.206515754131038,-0.0027827032801938127,-0.3970422387259776,4,signal
677,1,2026-08-19 01:00:00+00:00,2026-08-19 02:00:00+00:00,64508.420212739176,64380.209468555004,0.02892376963870906,-3.7083380299904674,3.7279450339506317,0.0,-7.436283063941099,-0.003985516511140582,-0.6470986895579625,2,signal
678,1,2026-08-19 04:00:00+00:00,2026-08-19 05:00:00+00:00,64350.96683511993,64296.175100615554,0.02887909728756939,-1.582335831306524,3.7152133277298534,0.0,-5.297549159036377,-0.002850600161301661,-0.501071249208607,2,signal
679,1,2026-08-19 08:00:00+00:00,2026-08-19 09:00:00+00:00,64315.88415721255,64393.8477053057,0.028812564721162014,2.246329775325212,3.708457479532216,0.0,-1.4621277042070042,-0.0007890147890267464,-0.14658882112639127,2,signal
680,1,2026-08-19 12:00:00+00:00,2026-08-19 13:00:00+00:00,64535.784667540735,65162.212206389035,0.02869175477419412,17.973305328437387,3.7212631210109883,0.0,14.252042207426399,0.007696962925813904,1.5365557810902248,2,take_profit
681,1,2026-08-19 15:00:00+00:00,2026-08-19 15:00:00+00:00,65943.43271079227,66953.29040932342,0.02829520144071798,28.574127006398793,3.7603395514949964,0.0,24.813787454903796,0.013298685545490465,1.7021718331608957,1,take_profit
682,1,2026-08-19 16:00:00+00:00,2026-08-19 17:00:00+00:00,68574.92244462232,68443.9471512946,0.01904312585029617,-2.49417899411922,2.6092675775803658,0.0,-5.103446571699586,-0.0039080490851455965,-0.26965803712091785,2,signal
683,1,2026-08-19 18:00:00+00:00,2026-08-19 19:00:00+00:00,68218.60536468797,68374.10393195593,0.018201578804753427,2.83031942615405,2.4862029624176403,0.0,0.34411646373641,0.00027713638926285766,0.018231732473867546,2,signal
684,1,2026-08-19 20:00:00+00:00,2026-08-19 23:00:00+00:00,68451.24158322306,69236.94770835892,0.018822264604962776,14.788768589047033,2.591603531824358,0.0,12.197165057222675,0.009466854374824028,0.6461036834504416,4,signal
685,1,2026-08-20 01:00:00+00:00,2026-08-20 02:00:00+00:00,69441.81524415863,69699.7418671884,0.016557025308627987,4.270497625272775,2.3037702825744795,0.0,1.9667273426982952,0.0017105697122226416,0.10351195356336745,2,signal
686,1,2026-08-20 04:00:00+00:00,2026-08-20 06:00:00+00:00,69217.59317454447,69384.72410103772,0.01682591158017347,2.8121301914878916,2.332110335286096,0.0,0.48001985620179566,0.00041215835323438026,0.025238075642615893,3,signal
687,1,2026-08-20 08:00:00+00:00,2026-08-20 09:00:00+00:00,69838.17602058714,71569.96641578636,0.017595977180311275,30.47254427500771,2.488214447420635,0.0,27.984329827587075,0.02277239102427342,1.4709650439093902,2,signal
688,1,2026-08-20 12:00:00+00:00,2026-08-20 14:00:00+00:00,71949.71757509079,71669.62282620202,0.015000214185842605,-4.201481225661439,2.1543208672488303,0.0,-6.355802092910269,-0.005889030611521954,-0.32924259523713795,3,signal
689,1,2026-08-20 15:00:00+00:00,2026-08-20 17:00:00+00:00,71849.4447199705,72814.15956607864,0.0146565685160411,14.13940924042597,2.120272027995936,0.0,12.019137212430033,0.011413466659599055,0.6246707710048486,3,signal
690,1,2026-08-20 18:00:00+00:00,2026-08-20 19:00:00+00:00,72760.45921504221,72408.36410688871,0.01451715164782809,-5.111418079522824,2.1074378227012343,0.0,-7.2188559022240595,-0.006834260487633519,-0.3728565635277503,2,signal
691,1,2026-08-20 20:00:00+00:00,2026-08-20 23:00:00+00:00,72713.93400367751,72652.84285366633,0.015205312109850124,-0.9289100030697166,2.210347212518851,0.0,-3.139257215588567,-0.002839317246376541,-0.1627506166310669,4,signal
692,1,2026-08-21 01:00:00+00:00,2026-08-21 02:00:00+00:00,73730.81618729136,75105.88594096656,0.015453795097227687,21.250046217691853,2.30009189763721,0.0,18.94995432005464,0.016631214937754882,0.9840367131630857,2,signal
693,1,2026-08-21 04:00:00+00:00,2026-08-21 06:00:00+00:00,74534.4282773432,75448.88008322012,0.013346802098934206,12.205007282052213,2.001797534831863,0.0,10.20320974722035,0.010256582296060022,0.5246711951207574,3,signal
694,1,2026-08-21 08:00:00+00:00,2026-08-21 08:00:00+00:00,76332.24661773251,79284.55633871348,0.013134063985382931,38.77582478003201,2.0438810472306894,0.0,36.73194373280133,0.03663842009040026,1.878977831845217,1,take_profit
695,1,2026-08-21 09:00:00+00:00,2026-08-21 09:00:00+00:00,79282.52330788558,77410.16713754731,0.010774743486170937,-20.174157450144268,1.6883235457075272,0.0,-21.862480995851794,-0.025592637268923715,-1.097722616099561,1,stop_loss
696,1,2026-08-21 12:00:00+00:00,2026-08-21 14:00:00+00:00,76746.3497200185,77242.55928973512,0.009703866837303074,4.81515158792556,1.4942878674522286,0.0,3.320863720473331,0.004459113195029314,0.16859237495859353,3,signal
697,1,2026-08-21 15:00:00+00:00,2026-08-21 17:00:00+00:00,77409.07600655647,77461.45364562665,0.009568197443653783,0.5011595922559392,1.481831805915326,0.0,-0.9806722136593867,-0.0013240422941273675,-0.0497026076095824,3,signal
698,1,2026-08-21 18:00:00+00:00,2026-08-21 19:00:00+00:00,77417.37376986933,77121.4753321934,0.01028869517584514,-3.044408828256482,1.5900031112370527,0.0,-4.634411939493535,-0.0058182971708258145,-0.23499890994074477,2,signal
699,1,2026-08-21 20:00:00+00:00,2026-08-21 23:00:00+00:00,77053.45240001558,78435.11527499743,0.01066427734454074,14.734436095461948,1.6581732095917308,0.0,13.076262885870218,0.015913294850713106,0.6646249564400678,4,signal
700,1,2026-08-22 01:00:00+00:00,2026-08-22 02:00:00+00:00,77978.3213372598,77804.83880087247,0.01115064273278813,-1.934441783632969,1.737082362485034,0.0,-3.671524146118003,-0.00422252865769407,-0.1853798432835854,2,signal
701,1,2026-08-22 04:00:00+00:00,2026-08-22 05:00:00+00:00,78436.16448468955,76770.3701383787,0.012045536104660791,-20.065385941427202,1.8695459164814539,0.0,-21.934931857908655,-0.02321634277883863,-1.1095790625499704,2,stop_loss
702,1,2026-08-22 08:00:00+00:00,2026-08-22 10:00:00+00:00,77314.17027344805,77037.58726184514,0.011576419581120967,-3.2018409913253363,1.786840708312004,0.0,-4.988681699637341,-0.005573813540442262,-0.25518405417812406,3,signal
703,1,2026-08-22 12:00:00+00:00,2026-08-22 14:00:00+00:00,77154.74144931657,77263.6255539609,0.012848180391560224,1.3989626182438302,1.98399503502826,0.0,-0.5850324167844299,-0.0005901680376812939,-0.03000249249981484,3,signal
704,1,2026-08-22 15:00:00+00:00,2026-08-22 17:00:00+00:00,77028.46955462713,77263.17286129392,0.01454677981122224,3.414177323047616,2.2444465489362413,0.0,1.1697307741113747,0.0010439213542188606,0.06000585652400687,3,signal
705,1,2026-08-22 18:00:00+00:00,2026-08-22 19:00:00+00:00,77303.20564286185,77232.3450887591,0.015962648122297553,-1.131122090893227,2.4667966187143273,0.0,-3.5979187096075544,-0.0029157407245915938,-0.18445844631942138,2,signal
706,1,2026-08-22 20:00:00+00:00,2026-08-22 23:00:00+00:00,77443.77391264611,76973.54721619989,0.017371466741551465,-8.16852741830509,2.6824553583092205,0.0,-10.850982776614309,-0.008065774509899796,-0.5573372960198156,4,signal
707,1,2026-08-23 01:00:00+00:00,2026-08-23 02:00:00+00:00,77327.51047531053,77165.271104249,0.019883005094709808,-3.225806241378892,3.0717807632422716,0.0,-6.297587004621164,-0.004095982796991971,-0.325274833886321,2,signal
708,1,2026-08-23 04:00:00+00:00,2026-08-23 05:00:00+00:00,76952.34954596889,76046.22007347221,0.021871417272257252,-19.818335795665064,3.3462955582052976,0.0,-23.164631353870362,-0.013763426956618443,-1.2003741485677233,2,stop_loss
709,1,2026-08-23 08:00:00+00:00,2026-08-23 10:00:00+00:00,76031.46276777545,76525.21190266006,0.019204977198840817,9.48244087740629,2.92984745857669,0.0,6.552593418829601,0.004487516717339569,0.3436759659823709,3,signal
710,1,2026-08-23 12:00:00+00:00,2026-08-23 14:00:00+00:00,77335.43777978008,77463.27437612871,0.019440938002518122,2.4852633440666216,3.0094321658926715,0.0,-0.5241688218260498,-0.00034863856184608975,-0.027397890079155832,3,signal
711,1,2026-08-23 15:00:00+00:00,2026-08-23 17:00:00+00:00,77210.25427628189,77404.70813546499,0.018655632162458288,3.6276596694902503,2.8844398655658647,0.0,0.7432198039243858,0.0005159793494370665,0.038858158118295405,3,signal
712,1,2026-08-23 18:00:00+00:00,2026-08-23 19:00:00+00:00,77201.26309241155,77317.51522238037,0.019981712998553,2.3229166965075088,3.0875498811732074,0.0,-0.7646331846656986,-0.0004956738635242622,-0.03996219677136633,2,signal
713,1,2026-08-23 20:00:00+00:00,2026-08-23 23:00:00+00:00,77371.11197456588,77574.23940343359,0.02128984572900208,4.3245516239223605,3.2987626272636286,0.0,1.0257889966587324,0.0006227398865037383,0.05363247465315814,4,signal
714,1,2026-08-24 01:00:00+00:00,2026-08-24 02:00:00+00:00,77704.14270229622,76897.83260545215,0.020553234412300336,-16.572280429440763,3.177570639104821,0.0,-19.749851068545585,-0.012366291406538136,-1.0320500626611477,2,signal
715,1,2026-08-24 04:00:00+00:00,2026-08-24 06:00:00+00:00,76957.011987539,77125.08837701139,0.018617106219978075,3.129095995877949,2.8685628290841567,0.0,0.260533166793792,0.00018184553618205446,0.013756418632637586,3,signal
716,1,2026-08-24 08:00:00+00:00,2026-08-24 10:00:00+00:00,77331.65197804922,77529.27650716802,0.018893671997693196,3.733853031869084,2.925891588057918,0.0,0.807961443811166,0.000552989617313703,0.042655325725214216,3,signal
717,1,2026-08-24 12:00:00+00:00,2026-08-24 14:00:00+00:00,78468.17959655907,78573.63515150838,0.017064363298343873,1.7995319014834716,2.67981857989224,0.0,-0.8802866784087682,-0.0006574162936363152,-0.04645383205301922,3,signal
718,1,2026-08-24 15:00:00+00:00,2026-08-24 17:00:00+00:00,79535.51082360937,79022.87762639624,0.013114165504483632,-6.722756591345587,2.0793609482575794,0.0,-8.802117539603167,-0.00843889199569834,-0.464714659726616,3,signal
719,1,2026-08-24 18:00:00+00:00,2026-08-24 19:00:00+00:00,78785.81915385429,78903.2092098559,0.012282604307359427,1.4418556074864721,1.9368319390034296,0.0,-0.4949763315169575,-0.000511500328293968,-0.02625467072738434,2,signal
720,1,2026-08-24 20:00:00+00:00,2026-08-24 23:00:00+00:00,78782.88328196706,78714.43042933638,0.013033445261728263,-0.8921765077711477,2.0527326171255176,0.0,-2.9449091248966655,-0.002868010879130953,-0.15624570164105242,4,signal
721,1,2026-08-25 01:00:00+00:00,2026-08-25 02:00:00+00:00,79765.08387744457,79802.8640077918,0.014218814224134055,0.5371886547707251,2.268867007106481,0.0,-1.7316783523357557,-0.001526831184997378,-0.09202005869157534,2,signal
722,1,2026-08-25 04:00:00+00:00,2026-08-25 06:00:00+00:00,80513.26305248574,80706.44384944659,0.013269464103467393,2.563405650751208,2.139299113506725,0.0,0.42410653724448255,0.00039696677102853877,0.022557453296496492,3,signal
723,1,2026-08-25 08:00:00+00:00,2026-08-25 10:00:00+00:00,79730.83992540203,79162.34438929721,0.013047120134792006,-7.417229555652568,2.07309846435353,0.0,-9.4903280200061,-0.009123053527343751,-0.5046594020910643,3,signal
724,1,2026-08-25 12:00:00+00:00,2026-08-25 14:00:00+00:00,79143.36411763239,78623.40957997608,0.01336187626135625,-6.94756819369423,2.1080601083008386,0.0,-9.05562830199507,-0.008563210812552792,-0.4839862130635203,3,signal
725,1,2026-08-25 15:00:00+00:00,2026-08-25 17:00:00+00:00,79260.95078115567,79130.75853909775,0.01279765013594391,-1.6661547642713983,2.0270416803147295,0.0,-3.6931964445861283,-0.0036409347671714494,-0.19834617944532054,3,signal
726,1,2026-08-25 18:00:00+00:00,2026-08-25 19:00:00+00:00,79265.24863616865,79102.50140572815,0.013612240133847311,-2.2153543818745973,2.1557398430274066,0.0,-4.371094224902004,-0.004051144555873719,-0.2352197916854629,2,signal
727,1,2026-08-25 20:00:00+00:00,2026-08-25 23:00:00+00:00,78951.09792604315,78864.21795052203,0.014335247223474035,-1.2454459278646577,2.262321568741209,0.0,-3.5077674966058665,-0.0030993272775877516,-0.18920701843902674,4,signal
728,1,2026-08-26 01:00:00+00:00,2026-08-26 02:00:00+00:00,78656.75292649487,78789.93984053569,0.014681186885762854,1.9553419757713622,2.311504321058062,0.0,-0.3561623452867002,-0.0003084258861903183,-0.019247615702007025,2,signal
729,1,2026-08-26 04:00:00+00:00,2026-08-26 06:00:00+00:00,79114.05627961714,79060.6870672855,0.015950262238613625,-0.8512529321579614,2.522928635908503,0.0,-3.374181568066464,-0.002673911130670313,-0.1823815845539549,3,signal
730,1,2026-08-26 08:00:00+00:00,2026-08-26 10:00:00+00:00,78950.78412994336,78419.46329737444,0.0174893995220152,-9.292482315167575,2.7523111301347463,0.0,-12.044793445302322,-0.008723042938531624,-0.6522358844471544,3,signal
731,1,2026-08-26 12:00:00+00:00,2026-08-26 14:00:00+00:00,78512.52627902884,78423.9330875439,0.017197454445900838,-1.5235773747791437,2.698907610857603,0.0,-4.222484985636746,-0.0031272672334973686,-0.23015231557988072,3,signal
732,1,2026-08-26 15:00:00+00:00,2026-08-26 17:00:00+00:00,77814.93863270889,77966.46650897688,0.01583911531958974,2.4000675063413057,2.4674396406868913,0.0,-0.06737213434558553,-5.466211177994011e-05,-0.003680681442626575,3,signal
733,1,2026-08-26 18:00:00+00:00,2026-08-26 19:00:00+00:00,78467.85183015818,78446.96722195511,0.016359929881685078,-0.3416707258086084,2.5671154370898748,0.0,-2.9087861628984832,-0.0022658888080690797,-0.15891895713579074,2,signal
734,1,2026-08-26 20:00:00+00:00,2026-08-26 23:00:00+00:00,78500.638302349,78675.30719585459,0.017341532517678313,3.0290262965540156,2.725671769853932,0.0,0.30335452670008367,0.00022283829005323238,0.016599886401449857,4,signal
735,1,2026-08-27 01:00:00+00:00,2026-08-27 02:00:00+00:00,78715.0854217881,78873.54622606256,0.018597754325014506,2.947015108040723,2.9307946558019324,0.0,0.01622045223879054,1.1080120436148336e-05,0.0008874532990309302,2,signal
736,1,2026-08-27 04:00:00+00:00,2026-08-27 06:00:00+00:00,78856.05431464779,78887.08230139228,0.019636627119028097,0.6092850059557261,3.097543154315086,0.0,-2.48825814835936,-0.0016069171983413679,-0.13613635880243602,3,signal
737,1,2026-08-27 08:00:00+00:00,2026-08-27 10:00:00+00:00,79107.57570782471,79960.93623776914,0.021555413094577196,18.394538741559536,3.4287874853269633,0.0,14.965751256232574,0.008776555365103468,0.8199150413851781,3,signal
738,1,2026-08-27 12:00:00+00:00,2026-08-27 14:00:00+00:00,79502.88911912583,79508.28504474352,0.01774377023258362,0.09574406435239434,2.8214577387770348,0.0,-2.7257136744246404,-0.0019321970591031639,-0.14811677139789314,3,signal
739,1,2026-08-27 15:00:00+00:00,2026-08-27 17:00:00+00:00,80229.05203925751,80348.73332637365,0.016634665877570818,1.9908582229745813,2.6711578069175554,0.0,-0.6802995839429742,-0.0005097467464713594,-0.03702268816706424,3,signal
740,1,2026-08-27 18:00:00+00:00,2026-08-27 19:00:00+00:00,80467.75052282689,80125.22976225597,0.016438116339323364,-5.630396110898219,2.6398460932048557,0.0,-8.270242204103074,-0.006252364923675548,-0.45024281347737144,2,signal
741,1,2026-08-27 20:00:00+00:00,2026-08-27 23:00:00+00:00,79935.73573793152,80277.74853615845,0.016418939065569845,5.615487293733051,2.630535435778916,0.0,2.9849518579541345,0.002274318391825033,0.16323966206821816,4,signal
742,1,2026-08-28 01:00:00+00:00,2026-08-28 02:00:00+00:00,80601.62574167164,80475.28834198444,0.0189632283279907,-2.395764956632919,3.054538300136511,0.0,-5.4503032567694305,-0.0035658624888288922,-0.29757789020053366,2,signal
743,1,2026-08-28 04:00:00+00:00,2026-08-28 05:00:00+00:00,79835.92280549614,79618.48175775135,0.017462251815925145,-3.7970103308382366,2.784432965641831,0.0,-6.581443296480068,-0.004720875503954183,-0.36040883452222167,2,signal
744,1,2026-08-28 08:00:00+00:00,2026-08-28 10:00:00+00:00,79684.92645154342,79260.062938918,0.019214738493491666,-8.163641290523799,3.0540864059885235,0.0,-11.217727696512323,-0.007326460950816085,-0.616520100933261,3,signal
745,1,2026-08-28 12:00:00+00:00,2026-08-28 14:00:00+00:00,79629.5929073408,79305.42819161245,0.02047072005745198,-6.6358851481787315,3.2535143242418956,0.0,-9.889399472420626,-0.006066836702147405,-0.5468875893887665,3,signal
746,1,2026-08-28 15:00:00+00:00,2026-08-28 15:00:00+00:00,79566.92892156326,78520.56501106033,0.017593892657367282,-18.409614321931596,2.7813743987227815,0.0,-21.190988720654378,-0.015137588201033818,-1.1783138681173793,1,stop_loss
747,1,2026-08-28 16:00:00+00:00,2026-08-28 16:00:00+00:00,78355.64571856204,77164.30562897095,0.01522663405921693,-18.140099584278225,2.368045388076106,0.0,-20.50814497235433,-0.017189061854920785,-1.1539417535855927,1,stop_loss
748,1,2026-08-28 18:00:00+00:00,2026-08-28 19:00:00+00:00,77928.76420199405,77529.16784897943,0.013752638909052995,-5.495504352384614,2.137956805045135,0.0,-7.633461157429749,-0.007122585488804609,-0.4345298881873889,2,signal
749,1,2026-08-28 20:00:00+00:00,2026-08-28 23:00:00+00:00,77604.95535292558,77733.53714297916,0.013994047401819728,1.7993796650205847,2.1738142273149093,0.0,-0.37443456229432437,-0.00034478084963319755,-0.021407469537361154,4,signal
750,1,2026-08-29 01:00:00+00:00,2026-08-29 02:00:00+00:00,77758.83118881354,77768.66222272157,0.016783877907286898,0.16500287281484763,2.6103544606455724,0.0,-2.445351587830725,-0.0018736966242422213,-0.1398375146101261,2,signal
751,1,2026-08-29 04:00:00+00:00,2026-08-29 06:00:00+00:00,77532.47856517341,77607.1740685871,0.018865887226602766,1.4091969437370309,2.9268471909628526,0.0,-1.5176502472258218,-0.0010375542057829068,-0.08690841212099412,3,signal
752,1,2026-08-29 08:00:00+00:00,2026-08-29 10:00:00+00:00,77650.25714620507,77624.87289536017,0.022135884554238833,-0.5619028461985801,3.4371523527445103,0.0,-3.9990551989430907,-0.0023265780117934353,-0.2292055447024899,3,signal
753,1,2026-08-29 12:00:00+00:00,2026-08-29 14:00:00+00:00,77609.47461501502,77679.33565356181,0.02240716379438472,1.5653877335637694,3.479581807123133,0.0,-1.9141940735593634,-0.0011007389515977765,-0.12657706346154585,3,signal
754,1,2026-08-29 15:00:00+00:00,2026-08-29 17:00:00+00:00,78038.90992514596,78002.47565220072,0.022259356641055338,-0.8110034754454907,3.4733808523305885,0.0,-4.284384327776079,-0.0024664062927993225,-0.2961035079427507,3,signal
755,1,2026-08-29 18:00:00+00:00,2026-08-29 19:00:00+00:00,78124.99110313259,78133.15624610413,0.022180045068958525,0.18110323910329332,3.4658127505980327,0.0,-3.2847095114947393,-0.0018955906719041729,-0.24227981263617793,2,signal
756,1,2026-08-29 20:00:00+00:00,2026-08-29 23:00:00+00:00,78206.87574422863,78203.71918218215,0.022114863675828222,-0.06980693934225554,3.458998984252764,0.0,-3.5288059235950193,-0.0020403213330596297,-0.2727072904018038,4,signal
757,1,2026-08-30 01:00:00+00:00,2026-08-30 02:00:00+00:00,78204.66867784742,78056.93363243295,0.02207041017030761,-3.260573048826512,3.4487576568573752,0.0,-6.709330705683888,-0.003887193090441005,-0.6128120960866406,2,signal
758,1,2026-08-30 04:00:00+00:00,2026-08-30 06:00:00+00:00,78169.2095328349,78102.97374274896,0.021994676639953758,-1.4568347849319985,3.4371561389660568,0.0,-4.8939909238980555,-0.002846491280790741,-0.4765251251872832,3,signal
759,1,2026-08-30 08:00:00+00:00,2026-08-30 10:00:00+00:00,78142.82009446366,77975.40079552025,0.02193953818125491,-3.6731021014478435,3.42516166800539,0.0,-7.098263769453234,-0.004140335854814061,-0.7383298584556537,3,signal
760,1,2026-08-30 12:00:00+00:00,2026-08-30 14:00:00+00:00,78190.57856250185,78835.52817821714,0.021835446723185534,14.082762973090194,3.4287351878862142,0.0,10.65402778520398,0.006240182870427898,1.2075576338692573,3,signal
761,1,2026-08-30 15:00:00+00:00,2026-08-30 17:00:00+00:00,78808.19825842009,79313.33822010466,0.021799376648911177,11.011736285178584,3.4469509299999093,0.0,7.564785355178675,0.0044033290047837455,0.7084648056827684,3,signal
762,1,2026-08-30 18:00:00+00:00,2026-08-30 19:00:00+00:00,79045.74947195404,79011.65499115674,0.021829470104482284,-0.7442644492924878,3.4503093855195415,0.0,-4.194573834812029,-0.002430894596408207,-0.32338762542494126,2,signal
763,1,2026-08-30 20:00:00+00:00,2026-08-30 21:00:00+00:00,78881.53089983892,78244.7809602161,0.02182179303440181,-13.895025397117095,3.4287778576689956,0.0,-17.323803254786093,-0.01006415877616416,-1.2973960028782827,2,stop_loss
764,1,2026-08-30 22:00:00+00:00,2026-08-30 23:00:00+00:00,78677.73572219427,78397.19415674474,0.021658350092735788,-6.076067440070072,3.401983822109986,0.0,-9.478051262180058,-0.005562138911491595,-0.6580375421927571,2,signal
765,1,2026-08-31 01:00:00+00:00,2026-08-31 02:00:00+00:00,77961.56723126196,77616.34722252999,0.018911267778134764,-6.528548027500215,2.9421756005994024,0.0,-9.470723628099618,-0.00642365130629315,-0.5583310570727227,2,signal
766,1,2026-08-31 04:00:00+00:00,2026-08-31 05:00:00+00:00,77781.89155892312,77597.70638982859,0.018338503845088894,-3.3776804316484452,2.8494293544315497,0.0,-6.227109786079994,-0.004365601816022306,-0.36917028835143584,2,signal
767,1,2026-08-31 08:00:00+00:00,2026-08-31 10:00:00+00:00,78220.60402956376,78486.24955318111,0.019128832928192736,5.08148883939856,2.9976192208870884,0.0,2.0838696185114713,0.0013927106724135115,0.12399866632742236,3,signal
768,1,2026-08-31 12:00:00+00:00,2026-08-31 14:00:00+00:00,78340.30838341778,77843.02754256548,0.019159226548728158,-9.527516288231206,2.992351916142027,0.0,-12.519868204373234,-0.008341353133051992,-0.7440601449691944,3,signal
769,1,2026-08-31 15:00:00+00:00,2026-08-31 17:00:00+00:00,78626.39237965383,78614.63774620568,0.01638169975573406,-0.1925608758862185,2.575875344804165,0.0,-2.7684362206903836,-0.0021493503448307195,-0.1657625053192524,3,signal
770,1,2026-08-31 18:00:00+00:00,2026-08-31 19:00:00+00:00,78922.33778017598,78990.83024964605,0.016526719759156355,1.1319558485444996,2.6097866743094373,0.0,-1.4778308257649375,-0.0011330214116162206,-0.08863331550108206,2,signal
771,1,2026-08-31 20:00:00+00:00,2026-08-31 23:00:00+00:00,78923.28499106363,78567.92354428038,0.016926556343870747,-6.015045551416144,2.665783814937798,0.0,-8.680829366353942,-0.006498115928355818,-0.5210970253093472,4,signal
772,1,2026-09-01 01:00:00+00:00,2026-09-01 02:00:00+00:00,78676.92093258306,78385.65872394272,0.018694652946975854,-5.4450459071008765,2.9362304176354996,0.0,-8.381276324736376,-0.0056983011406995755,-0.5057507625715427,2,signal
773,1,2026-09-01 04:00:00+00:00,2026-09-01 05:00:00+00:00,78703.89584205627,78702.11530182452,0.019062870728451614,-0.033942208264586465,3.000610442317014,0.0,-3.0345526505816003,-0.0020226006561998426,-0.18404460225727048,2,signal
774,1,2026-09-01 08:00:00+00:00,2026-09-01 08:00:00+00:00,78657.41476269581,77797.55547645348,0.019708218443764004,-16.946294644163025,3.0834487300857507,0.0,-20.029743374248774,-0.01292076862108475,-1.2170371206050066,1,stop_loss
775,1,2026-09-08 09:00:00+00:00,2026-09-08 10:00:00+00:00,78442.28817669391,78737.4560574069,0.020704715978445334,6.111367136122169,3.254361961931738,0.0,2.857005174190431,0.0017591039181323988,0.22264751726342705,2,signal
776,1,2026-09-08 12:00:00+00:00,2026-09-08 13:00:00+00:00,78454.43336925484,78425.6608604619,0.020737890499615348,-0.5966811367472711,3.253362215705203,0.0,-3.8500433524524738,-0.0023663749140710034,-0.283108819574189,2,signal
777,1,2026-09-08 15:00:00+00:00,2026-09-08 17:00:00+00:00,78592.04304409632,78710.70428556066,0.020519856725358478,2.434911673701247,3.2278298377098276,0.0,-0.7929181640085805,-0.0004916719857205477,-0.048802280241189704,3,signal
778,1,2026-09-08 18:00:00+00:00,2026-09-08 19:00:00+00:00,78529.39850942245,78410.81960436165,0.020319168524112325,-2.4094247553351114,3.188894740064925,0.0,-5.598319495400036,-0.003508483808665943,-0.3447318619779441,2,signal
779,1,2026-09-08 20:00:00+00:00,2026-09-08 23:00:00+00:00,78470.84667845091,78537.47879657263,0.02045551723488763,1.3629944406359291,3.21168650777519,0.0,-1.848692067139261,-0.0011517169901789927,-0.11423207369047488,4,signal
780,1,2026-09-09 01:00:00+00:00,2026-09-09 02:00:00+00:00,78799.81288036023,78866.93032425454,0.02049372319816321,1.3754863169382918,3.2311785927912555,0.0,-1.8556922758529637,-0.001149105511808523,-0.13130897339140757,2,signal
781,1,2026-09-09 04:00:00+00:00,2026-09-09 06:00:00+00:00,78663.00132339438,78898.69720120223,0.02050579926601431,4.833132358154915,3.230928561957641,0.0,1.6022037961972737,0.0009932773727007725,0.12181974775574039,3,signal
782,1,2026-09-09 09:00:00+00:00,2026-09-09 09:00:00+00:00,79722.81590501826,78977.3358174779,0.020253277555028145,-15.098415124701587,3.2141982208607924,0.0,-18.31261334556238,-0.01134154920393299,-1.2542357715304264,1,stop_loss
783,1,2026-09-09 12:00:00+00:00,2026-09-09 14:00:00+00:00,79349.59260070015,79115.84458914606,0.01968647628282833,-4.601674685618005,3.1196260708859302,0.0,-7.721300756503934,-0.004942853969239938,-0.4832002910588673,3,signal
784,1,2026-09-09 15:00:00+00:00,2026-09-09 15:00:00+00:00,78982.6009006901,78108.45056534353,0.018712618015689846,-16.357641313627486,2.9395848397669617,0.0,-19.297226153394448,-0.013056564041354456,-1.2134872096942562,1,stop_loss
785,1,2026-09-09 16:00:00+00:00,2026-09-09 17:00:00+00:00,78621.02457558017,78779.9364793979,0.016032798537803872,2.547802539168539,2.523577898251177,0.0,0.024224640917362317,1.921804976351987e-05,0.0015420555186148406,2,signal
786,1,2026-09-09 18:00:00+00:00,2026-09-09 19:00:00+00:00,78801.11103864075,78389.13370393081,0.016615361405461875,-6.845152307064584,2.6117727258108303,0.0,-9.456925032875414,-0.007222836987328968,-0.6019853342609052,2,signal
787,1,2026-09-09 20:00:00+00:00,2026-09-09 23:00:00+00:00,78259.79160281588,77899.33294894187,0.016834003475955144,-6.067962232253219,2.628783245506402,0.0,-8.696745477759622,-0.006601318095091639,-0.5569484692516407,4,signal
788,1,2026-09-10 01:00:00+00:00,2026-09-10 02:00:00+00:00,78205.16783586548,78069.14823441862,0.01775687213808098,-2.4152826711645017,2.7749430489260885,0.0,-5.190225720090591,-0.003737526887361129,-0.33424895442717917,2,signal
789,1,2026-09-10 04:00:00+00:00,2026-09-10 06:00:00+00:00,78353.07581553435,78512.00745801051,0.018001609077232125,2.861025297858319,2.8238239069578186,0.0,0.03720139090050045,2.6374959516383115e-05,0.002403792887847241,3,signal
790,1,2026-09-10 09:00:00+00:00,2026-09-10 10:00:00+00:00,78135.00922250107,77967.50543298075,0.01978758648637269,-3.314495721928652,3.0888920094856074,0.0,-6.403387731414259,-0.0041416300758894435,-0.41613815633656975,2,signal
791,1,2026-09-10 12:00:00+00:00,2026-09-10 12:00:00+00:00,77865.0114841384,77096.9926121475,0.019774045267773984,-15.186839941252881,3.064225683784935,0.0,-18.251065625037818,-0.01185360225979301,-1.2407769550758831,1,stop_loss
792,1,2026-09-10 15:00:00+00:00,2026-09-10 17:00:00+00:00,77436.10775849255,77175.6246029481,0.01716442903315782,-4.471044637675797,2.6538221078115383,0.0,-7.124866745487334,-0.005360482337264308,-0.4678194742341045,3,signal
793,1,2026-09-10 18:00:00+00:00,2026-09-10 19:00:00+00:00,77353.1107909718,77227.23754271898,0.01728745123041733,-2.1760276403847345,2.6723002329996017,0.0,-4.848327873384337,-0.003625627899366106,-0.31983796493288275,2,signal
794,1,2026-09-10 20:00:00+00:00,2026-09-10 23:00:00+00:00,77185.39124581339,76811.7494344611,0.018112594698527263,-6.767622691447455,2.789287793873897,0.0,-9.556910485321353,-0.006835995044090362,-0.6324800256326764,4,signal
795,1,2026-09-11 01:00:00+00:00,2026-09-11 02:00:00+00:00,76932.8291389055,76946.98730774787,0.019210878630138952,0.27199086325589533,2.9561664773847176,0.0,-2.684175614128822,-0.0018161511693792548,-0.17877046593330026,2,signal
796,1,2026-09-11 04:00:00+00:00,2026-09-11 06:00:00+00:00,76915.69278144649,77228.26004652584,0.01946655206886893,6.084606940691255,3.0006512838269996,0.0,3.0839556568642545,0.002059700777857377,0.2180518673928097,3,signal
797,1,2026-09-11 09:00:00+00:00,2026-09-11 10:00:00+00:00,77389.49662377285,77017.86881343459,0.019387181448139147,-7.204815790202579,2.9935236106602696,0.0,-10.198339400862848,-0.006797242503498624,-0.7932426061350131,2,signal
798,1,2026-09-11 12:00:00+00:00,2026-09-11 12:00:00+00:00,77060.35414688491,76373.88405070605,0.01933777853051642,-13.274806687729141,2.967077317263517,0.0,-16.24188400499266,-0.010899305403859286,-1.2678998400776758,1,stop_loss
