timestamp,equity,cash,quantity,position,halted,close,returns,benchmark_equity,benchmark_returns,drawdown
2026-03-15 14:00:00+00:00,10000.0,10000.0,0.0,0,False,71622.03,0.0,9987.0,0.0,0.0
2026-03-15 15:00:00+00:00,10000.0,10000.0,0.0,0,False,71481.24,0.0,9967.368194953424,-0.0019657359614074776,0.0
2026-03-15 16:00:00+00:00,10000.0,10000.0,0.0,0,False,71437.35,0.0,9961.248158562388,-0.0006140072556097831,0.0
2026-03-15 17:00:00+00:00,10000.0,10000.0,0.0,0,False,71819.95,0.0,10014.598031499527,0.005355741779335288,0.0
2026-03-15 18:00:00+00:00,10000.0,10000.0,0.0,0,False,71390.53,0.0,9954.719561983931,-0.005979118615370926,0.0
2026-03-15 19:00:00+00:00,10000.0,10000.0,0.0,0,False,71549.94,0.0,9976.947746105492,0.0022329292134404266,0.0
2026-03-15 20:00:00+00:00,10000.0,10000.0,0.0,0,False,71730.81,0.0,10002.168319859127,0.002527884719400353,0.0
2026-03-15 21:00:00+00:00,10000.0,10000.0,0.0,0,False,72109.58,0.0,10054.984136305548,0.005280436677070899,0.0
2026-03-15 22:00:00+00:00,10000.0,10000.0,0.0,0,False,72749.44,0.0,10144.206430339938,0.008873439562399277,0.0
2026-03-15 23:00:00+00:00,10000.0,10000.0,0.0,0,False,72815.24,0.0,10153.3816045147,0.0009044743162283098,0.0
2026-03-16 00:00:00+00:00,10000.0,10000.0,0.0,0,False,72531.26,0.0,10113.783337612744,-0.003900007745631151,0.0
2026-03-16 01:00:00+00:00,10000.0,10000.0,0.0,0,False,72752.9,0.0,10144.688893905966,0.0030557858777027214,0.0
2026-03-16 02:00:00+00:00,10000.0,10000.0,0.0,0,False,72514.69,0.0,10111.472811228612,-0.0032742337418851797,0.0
2026-03-16 03:00:00+00:00,10000.0,10000.0,0.0,0,False,73573.32,0.0,10259.088535189523,0.014598835077416883,0.0
2026-03-16 04:00:00+00:00,10000.0,10000.0,0.0,0,False,73835.62,0.0,10295.663735585265,0.0035651510629122196,0.0
2026-03-16 05:00:00+00:00,10000.0,10000.0,0.0,0,False,74207.49,0.0,10347.51741370637,0.005036458013083722,0.0
2026-03-16 06:00:00+00:00,10000.0,10000.0,0.0,0,False,73714.36,0.0,10278.75520032035,-0.006645286075569912,0.0
2026-03-16 07:00:00+00:00,10000.0,10000.0,0.0,0,False,73456.68,0.0,10242.824214281556,-0.003495655391975161,0.0
2026-03-16 08:00:00+00:00,10000.0,10000.0,0.0,0,False,73135.0,0.0,10197.969046674605,-0.004379179674333322,0.0
2026-03-16 09:00:00+00:00,10000.0,10000.0,0.0,0,False,73260.92,0.0,10215.527373909954,0.0017217474533397503,0.0
2026-03-16 10:00:00+00:00,10000.0,10000.0,0.0,0,False,73783.42,0.0,10288.384949993737,0.007132042567852048,0.0
2026-03-16 11:00:00+00:00,9974.18455603583,4209.149325182269,0.07837958014162569,1,False,73552.77,-0.0025815443964168905,10256.223036264122,-0.0031260410536674277,-0.0025815443964168905
2026-03-16 12:00:00+00:00,9998.641336427423,4209.149325182269,0.07837958014162569,1,False,73864.8,0.0024520080066889882,10299.732604619,0.00424226035266928,-0.0001358663572577079
2026-03-16 13:00:00+00:00,10017.824738667085,4209.149325182269,0.07837958014162569,1,False,74109.55,0.0019186008972811308,10333.86062710035,0.003313486261385723,0.0
2026-03-16 14:00:00+00:00,9975.18546327424,4209.149325182269,0.07837958014162569,1,False,73565.54,-0.0042563407231775985,10258.003689367642,-0.007340619393856995,-0.0042563407231775985
2026-03-16 15:00:00+00:00,9952.394248960656,4209.149325182269,0.07837958014162569,1,False,73274.76,-0.002284791034461886,10217.45722817407,-0.003952665881335138,-0.0065314069085156135
2026-03-16 16:00:00+00:00,9990.47653556407,4209.149325182269,0.07837958014162569,1,False,73760.63,0.0038264447378972832,10285.207104713452,0.006630796197762967,-0.002729954238214538
2026-03-16 17:00:00+00:00,10004.784727918923,4209.149325182269,0.07837958014162569,1,False,73943.18,0.0014321831700339072,10310.66193823325,0.0024748975164663456,-0.0013016808626956644
2026-03-16 18:00:00+00:00,10002.466259938334,4209.149325182269,0.07837958014162569,1,False,73913.6,-0.00023173591872693855,10306.537293064719,-0.000400036893192679,-0.0015331151352119265
2026-03-16 19:00:00+00:00,10006.33821119733,4209.149325182269,0.07837958014162569,1,False,73963.0,0.0003870996570620733,10313.42564571264,0.0006683479089097943,-0.0011466089464929885
2026-03-16 20:00:00+00:00,10027.806378198122,4209.149325182269,0.07837958014162569,1,False,74236.9,0.002145456864207196,10351.618354017612,0.0037032029528276666,0.0
2026-03-16 21:00:00+00:00,10040.696683948212,4209.149325182269,0.07837958014162569,1,False,74401.36,0.0012854561869199976,10374.550711841037,0.002215340349610573,0.0
2026-03-16 22:00:00+00:00,10069.799022054798,4209.149325182269,0.07837958014162569,1,False,74772.66,0.002898438128612346,10426.32490897005,0.004990500173652768,0.0
2026-03-16 23:00:00+00:00,10078.578318826461,4209.149325182269,0.07837958014162569,1,False,74884.67,0.0008718442892887701,10441.943621117693,0.0014980074267785248,0.0
2026-03-17 00:00:00+00:00,10112.580164487701,4209.149325182269,0.07837958014162569,1,False,75318.48,0.0033736747967443304,10502.434233712727,0.005793041486328088,0.0
2026-03-17 01:00:00+00:00,10136.519639650358,4209.149325182269,0.07837958014162569,1,False,75623.91,0.0023672964538490326,10545.023495843388,0.0040551800832944185,0.0
2026-03-17 02:00:00+00:00,10103.13856026384,4209.149325182269,0.07837958014162569,1,False,75198.02,-0.0032931499738769743,10485.637250717413,-0.005631684476510079,-0.0032931499738769743
2026-03-17 03:00:00+00:00,10045.604813256681,4209.149325182269,0.07837958014162569,1,False,74463.98,-0.005694640993388123,10383.282465744129,-0.009761427229068143,-0.008969037660426449
2026-03-17 04:00:00+00:00,10028.990693654061,4209.149325182269,0.07837958014162569,1,False,74252.01,-0.0016538695192045427,10353.725297509718,-0.0028466112071904304,-0.010608073561627851
2026-03-17 05:00:00+00:00,10012.117921436973,4209.149325182269,0.07837958014162569,1,False,74036.74,-0.0016823998279072994,10323.7079761632,-0.0028991807763857347,-0.012272626368400763
2026-03-17 06:00:00+00:00,10015.935790785672,4209.149325182269,0.07837958014162569,1,False,74085.45,0.000381324848414355,10330.50011497859,0.000657916596543906,-0.011895981377375908
2026-03-17 07:00:00+00:00,10028.77985258348,4209.149325182269,0.07837958014162569,1,False,74249.32,0.001282362633516998,10353.350203003183,0.0022119053066427252,-0.010628873705866293
2026-03-17 08:00:00+00:00,10024.00340096965,4209.149325182269,0.07837958014162569,1,False,74188.38,-0.00047627445053544104,10344.852708866254,-0.000820748257357784,-0.011100085895417777
2026-03-17 09:00:00+00:00,10004.31288284647,4209.149325182269,0.07837958014162569,1,False,73937.16,-0.001964336736086425,10309.822507404497,-0.0033862445843945155,-0.013042618325006083
2026-03-17 10:00:00+00:00,9996.547055893436,9996.547055893436,0.0,0,False,73729.45,-0.0007762479086744767,10280.859355005716,-0.002809277499974394,-0.013808741928482138
2026-03-17 11:00:00+00:00,9996.547055893436,9996.547055893436,0.0,0,False,74033.11,0.0,10323.201807739882,0.0041185713442866145,-0.013808741928482138
2026-03-17 12:00:00+00:00,9996.547055893436,9996.547055893436,0.0,0,False,73739.74,0.0,10282.294196073472,-0.00396268642503339,-0.013808741928482138
2026-03-17 13:00:00+00:00,9996.547055893436,9996.547055893436,0.0,0,False,73615.48,0.0,10264.967339797546,-0.0016851157869556266,-0.013808741928482138
2026-03-17 14:00:00+00:00,9996.547055893436,9996.547055893436,0.0,0,False,74381.7,0.0,10371.809314815568,0.010408408666220836,-0.013808741928482138
2026-03-17 15:00:00+00:00,9996.547055893436,9996.547055893436,0.0,0,False,73914.39,0.0,10306.647450930948,-0.006282593702483408,-0.013808741928482138
2026-03-17 16:00:00+00:00,9996.547055893436,9996.547055893436,0.0,0,False,74155.69,0.0,10340.294404249642,0.0032645875857191253,-0.013808741928482138
2026-03-17 17:00:00+00:00,9996.547055893436,9996.547055893436,0.0,0,False,74523.75,0.0,10391.616814686766,0.004963341316087888,-0.013808741928482138
2026-03-17 18:00:00+00:00,9996.547055893436,9996.547055893436,0.0,0,False,74683.04,0.0,10413.828265967886,0.0021374394069004765,-0.013808741928482138
2026-03-17 19:00:00+00:00,9996.547055893436,9996.547055893436,0.0,0,False,74512.17,0.0,10390.002095584277,-0.00228793578836628,-0.013808741928482138
2026-03-17 20:00:00+00:00,9996.547055893436,9996.547055893436,0.0,0,False,74506.75,0.0,10389.246328957724,-7.273979539179631e-05,-0.013808741928482138
2026-03-17 21:00:00+00:00,9996.547055893436,9996.547055893436,0.0,0,False,74685.42,0.0,10414.160133969952,0.002398037761679239,-0.013808741928482138
2026-03-17 22:00:00+00:00,9996.547055893436,9996.547055893436,0.0,0,False,74307.08,0.0,10361.404276868445,-0.005065781246192169,-0.013808741928482138
2026-03-17 23:00:00+00:00,9996.547055893436,9996.547055893436,0.0,0,False,73909.36,0.0,10305.946066035827,-0.005352383649041337,-0.013808741928482138
2026-03-18 00:00:00+00:00,9996.547055893436,9996.547055893436,0.0,0,False,73867.88,0.0,10300.162080856966,-0.0005612279689608535,-0.013808741928482138
2026-03-18 01:00:00+00:00,9996.547055893436,9996.547055893436,0.0,0,False,74072.3,0.0,10328.666474547008,0.0027673733157089764,-0.013808741928482138
2026-03-18 02:00:00+00:00,9996.547055893436,9996.547055893436,0.0,0,False,74338.93,0.0,10365.845451601972,0.003599591210209363,-0.013808741928482138
2026-03-18 03:00:00+00:00,9996.547055893436,9996.547055893436,0.0,0,False,74446.14,0.0,10380.794850132004,0.0014421784117688574,-0.013808741928482138
2026-03-18 04:00:00+00:00,9996.547055893436,9996.547055893436,0.0,0,False,74175.49,0.0,10343.055322922291,-0.003635514212019464,-0.013808741928482138
2026-03-18 05:00:00+00:00,9996.547055893436,9996.547055893436,0.0,0,False,73950.0,0.0,10311.612921331607,-0.003039952954810299,-0.013808741928482138
2026-03-18 06:00:00+00:00,9996.547055893436,9996.547055893436,0.0,0,False,73954.03,0.0,10312.174865889727,5.4496281271187996e-05,-0.013808741928482138
2026-03-18 07:00:00+00:00,9996.547055893436,9996.547055893436,0.0,0,False,73883.8,0.0,10302.381971022045,-0.0009496439882991092,-0.013808741928482138
2026-03-18 08:00:00+00:00,9996.547055893436,9996.547055893436,0.0,0,False,74044.89,0.0,10324.84441490977,0.002180315576621572,-0.013808741928482138
2026-03-18 09:00:00+00:00,9996.547055893436,9996.547055893436,0.0,0,False,74181.08,0.0,10343.834794406135,0.001839289652533882,-0.013808741928482138
2026-03-18 10:00:00+00:00,9996.547055893436,9996.547055893436,0.0,0,False,73946.35,0.0,10311.103964101549,-0.0031642839387078237,-0.013808741928482138
2026-03-18 11:00:00+00:00,9996.547055893436,9996.547055893436,0.0,0,False,72952.85,0.0,10172.569989289608,-0.013435416352531315,-0.013808741928482138
2026-03-18 12:00:00+00:00,9996.547055893436,9996.547055893436,0.0,0,False,72361.24,0.0,10090.075691515585,-0.008109484413562962,-0.013808741928482138
2026-03-18 13:00:00+00:00,9996.547055893436,9996.547055893436,0.0,0,False,72133.49,0.0,10058.318154763276,-0.0031474032230515148,-0.013808741928482138
2026-03-18 14:00:00+00:00,9996.547055893436,9996.547055893436,0.0,0,False,71193.23,0.0,9927.207983493347,-0.01303499941566666,-0.013808741928482138
2026-03-18 15:00:00+00:00,9996.547055893436,9996.547055893436,0.0,0,False,71467.82,0.0,9965.496905630853,0.0038569678605677726,-0.013808741928482138
2026-03-18 16:00:00+00:00,9996.547055893436,9996.547055893436,0.0,0,False,71314.08,0.0,9944.059348220095,-0.0021511779707287237,-0.013808741928482138
2026-03-18 17:00:00+00:00,9996.547055893436,9996.547055893436,0.0,0,False,71595.21,0.0,9983.260210161596,0.0039421387754003945,-0.013808741928482138
2026-03-18 18:00:00+00:00,9996.547055893436,9996.547055893436,0.0,0,False,71096.74,0.0,9913.75338537598,-0.006962337284854847,-0.013808741928482138
2026-03-18 19:00:00+00:00,9996.547055893436,9996.547055893436,0.0,0,False,71072.38,0.0,9910.356618766602,-0.0003426317437337234,-0.013808741928482138
2026-03-18 20:00:00+00:00,9996.547055893436,9996.547055893436,0.0,0,False,71214.67,0.0,9930.19758431868,0.002002043550532351,-0.013808741928482138
2026-03-18 21:00:00+00:00,9996.547055893436,9996.547055893436,0.0,0,False,71263.67,0.0,9937.0301608318,0.0006880604796737355,-0.013808741928482138
2026-03-18 22:00:00+00:00,9996.547055893436,9996.547055893436,0.0,0,False,71153.66,0.0,9921.690329358162,-0.0015437038255254887,-0.013808741928482138
2026-03-18 23:00:00+00:00,9996.547055893436,9996.547055893436,0.0,0,False,71246.54,0.0,9934.641547858946,0.0013053439556021118,-0.013808741928482138
2026-03-19 00:00:00+00:00,9996.547055893436,9996.547055893436,0.0,0,False,71002.17,0.0,9900.566512705658,-0.0034299209477398618,-0.013808741928482138
2026-03-19 01:00:00+00:00,9996.547055893436,9996.547055893436,0.0,0,False,71115.23,0.0,9916.331637207155,0.0015923456987299023,-0.013808741928482138
2026-03-19 02:00:00+00:00,9996.547055893436,9996.547055893436,0.0,0,False,71055.44,0.0,9907.994499457778,-0.0008407481772891856,-0.013808741928482138
2026-03-19 03:00:00+00:00,9996.547055893436,9996.547055893436,0.0,0,False,71215.39,0.0,9930.29798136132,0.0022510591729498763,-0.013808741928482138
2026-03-19 04:00:00+00:00,9996.547055893436,9996.547055893436,0.0,0,False,70822.07,0.0,9875.453308011516,-0.005522963505500522,-0.013808741928482138
2026-03-19 05:00:00+00:00,9996.547055893436,9996.547055893436,0.0,0,False,70826.54,0.0,9876.076606317914,6.311591852625753e-05,-0.013808741928482138
2026-03-19 06:00:00+00:00,9996.547055893436,9996.547055893436,0.0,0,False,70583.22,0.0,9842.147983518478,-0.0034354353608123667,-0.013808741928482138
2026-03-19 07:00:00+00:00,9996.547055893436,9996.547055893436,0.0,0,False,70191.17,0.0,9787.480399396665,-0.005554436309366473,-0.013808741928482138
2026-03-19 08:00:00+00:00,9996.547055893436,9996.547055893436,0.0,0,False,69985.19,0.0,9758.7584787809,-0.0029345571529866277,-0.013808741928482138
2026-03-19 09:00:00+00:00,9996.547055893436,9996.547055893436,0.0,0,False,70513.0,0.0,9832.356483054167,0.007541738473525905,-0.013808741928482138
2026-03-19 10:00:00+00:00,9996.547055893436,9996.547055893436,0.0,0,False,70133.72,0.0,9779.469552035875,-0.005378866308340391,-0.013808741928482138
2026-03-19 11:00:00+00:00,9996.547055893436,9996.547055893436,0.0,0,False,69952.75,0.0,9754.23503424854,-0.002580356496133307,-0.013808741928482138
2026-03-19 12:00:00+00:00,9996.547055893436,9996.547055893436,0.0,0,False,69290.27,0.0,9661.858599791154,-0.009470392514947523,-0.013808741928482138
2026-03-19 13:00:00+00:00,9996.547055893436,9996.547055893436,0.0,0,False,69905.65,0.0,9747.667394375725,0.008881189234794418,-0.013808741928482138
2026-03-19 14:00:00+00:00,9996.547055893436,9996.547055893436,0.0,0,False,69482.25,0.0,9688.628355688885,-0.006056735042160422,-0.013808741928482138
2026-03-19 15:00:00+00:00,9996.547055893436,9996.547055893436,0.0,0,False,69412.51,0.0,9678.903786586334,-0.0010037095805043306,-0.013808741928482138
2026-03-19 16:00:00+00:00,9996.547055893436,9996.547055893436,0.0,0,False,69455.86,0.0,9684.948525195392,0.0006245271925768847,-0.013808741928482138
2026-03-19 17:00:00+00:00,9996.547055893436,9996.547055893436,0.0,0,False,69854.16,0.0,9740.48761142347,0.0057345773272405864,-0.013808741928482138
2026-03-19 18:00:00+00:00,9996.547055893436,9996.547055893436,0.0,0,False,69821.21,0.0,9735.89305231924,-0.0004716970327894865,-0.013808741928482138
2026-03-19 19:00:00+00:00,9996.547055893436,9996.547055893436,0.0,0,False,70271.99,0.0,9798.749967433205,0.006456204353949113,-0.013808741928482138
2026-03-19 20:00:00+00:00,9996.547055893436,9996.547055893436,0.0,0,False,70483.03,0.0,9828.177456154202,0.0030031880412095813,-0.013808741928482138
2026-03-19 21:00:00+00:00,9996.547055893436,9996.547055893436,0.0,0,False,70413.47,0.0,9818.477986312311,-0.0009869042236124725,-0.013808741928482138
2026-03-19 22:00:00+00:00,9996.547055893436,9996.547055893436,0.0,0,False,70183.99,0.0,9786.479217776989,-0.003259035522606535,-0.013808741928482138
2026-03-19 23:00:00+00:00,9996.547055893436,9996.547055893436,0.0,0,False,69930.0,0.0,9751.062766581736,-0.0036189165078815977,-0.013808741928482138
2026-03-20 00:00:00+00:00,9996.547055893436,9996.547055893436,0.0,0,False,70181.0,0.0,9786.062291169352,0.0035893035893035385,-0.013808741928482138
2026-03-20 01:00:00+00:00,9996.547055893436,9996.547055893436,0.0,0,False,70403.79,0.0,9817.128203850127,0.0031745059204055792,-0.013808741928482138
2026-03-20 02:00:00+00:00,9996.547055893436,9996.547055893436,0.0,0,False,70415.47,0.0,9818.756866986318,0.00016590015963657834,-0.013808741928482138
2026-03-20 03:00:00+00:00,9996.547055893436,9996.547055893436,0.0,0,False,70729.92,0.0,9862.603880956738,0.00446563801959976,-0.013808741928482138
2026-03-20 04:00:00+00:00,9996.547055893436,9996.547055893436,0.0,0,False,70783.69,0.0,9870.101587877361,0.0007602157615902438,-0.013808741928482138
2026-03-20 05:00:00+00:00,9996.547055893436,9996.547055893436,0.0,0,False,70606.24,0.0,9845.357900076275,-0.002506933447521731,-0.013808741928482138
2026-03-20 06:00:00+00:00,9996.547055893436,9996.547055893436,0.0,0,False,70502.9,0.0,9830.94813565044,-0.0014636100152055631,-0.013808741928482138
2026-03-20 07:00:00+00:00,9996.547055893436,9996.547055893436,0.0,0,False,70854.66,0.0,9879.997668594428,0.004989298312552126,-0.013808741928482138
2026-03-20 08:00:00+00:00,9996.547055893436,9996.547055893436,0.0,0,False,71042.23,0.0,9906.152492605976,0.002647250018558811,-0.013808741928482138
2026-03-20 09:00:00+00:00,9944.902184616847,3357.586703188578,0.09332616664770482,1,False,70583.8,-0.0051662710121632704,9842.22885891394,-0.006452922437823139,-0.018903673237505858
2026-03-20 10:00:00+00:00,9947.504118142984,3357.586703188578,0.09332616664770482,1,False,70611.68,0.0002616349037762866,9846.11645550957,0.00039499148529831274,-0.018646984194457983
2026-03-20 11:00:00+00:00,9935.094537763838,3357.586703188578,0.09332616664770482,1,False,70478.71,-0.0012475069355852852,9827.575073898353,-0.0018831162209990149,-0.019871228887932912
2026-03-20 12:00:00+00:00,9922.394713006419,3357.586703188578,0.09332616664770482,1,False,70342.63,-0.0012782792060153092,9808.600032839058,-0.001930795838913757,-0.021124107115262802
2026-03-20 13:00:00+00:00,9881.157981481054,9881.157981481054,0.0,0,False,69863.84,-0.004155925330334931,9741.837393885651,-0.00680654106905032,-0.025192242233756712
2026-03-20 14:00:00+00:00,9881.157981481054,9881.157981481054,0.0,0,False,69731.21,0.0,9723.343421989019,-0.001898406958449117,-0.025192242233756712
2026-03-20 15:00:00+00:00,9881.157981481054,9881.157981481054,0.0,0,False,69860.09,0.0,9741.314492621892,0.0018482398340711192,-0.025192242233756712
2026-03-20 16:00:00+00:00,9881.157981481054,9881.157981481054,0.0,0,False,69829.26,0.0,9737.015547032108,-0.00044131062527963394,-0.025192242233756712
2026-03-20 17:00:00+00:00,9881.157981481054,9881.157981481054,0.0,0,False,70000.0,0.0,9760.823590171907,0.0024451068219826233,-0.025192242233756712
2026-03-20 18:00:00+00:00,9881.157981481054,9881.157981481054,0.0,0,False,69770.0,0.0,9728.752312661341,-0.003285714285714336,-0.025192242233756712
2026-03-20 19:00:00+00:00,9881.157981481054,9881.157981481054,0.0,0,False,70177.86,0.0,9785.624448511164,0.0058457789881039,-0.025192242233756712
2026-03-20 20:00:00+00:00,9881.157981481054,9881.157981481054,0.0,0,False,70057.66,0.0,9768.86372000347,-0.0017127909001498631,-0.025192242233756712
2026-03-20 21:00:00+00:00,9881.157981481054,9881.157981481054,0.0,0,False,70540.73,0.0,9836.223163599245,0.006895320226224966,-0.025192242233756712
2026-03-20 22:00:00+00:00,9881.157981481054,9881.157981481054,0.0,0,False,70767.85,0.0,9867.892852939243,0.0032197001647134016,-0.025192242233756712
2026-03-20 23:00:00+00:00,9881.157981481054,9881.157981481054,0.0,0,False,70510.73,0.0,9832.039953489171,-0.0036332882799181565,-0.025192242233756712
2026-03-21 00:00:00+00:00,9881.157981481054,9881.157981481054,0.0,0,False,70682.19,0.0,9855.948393671611,0.002431686638331376,-0.025192242233756712
2026-03-21 01:00:00+00:00,9881.157981481054,9881.157981481054,0.0,0,False,70464.59,0.0,9825.606176339877,-0.0030785690143443345,-0.025192242233756712
2026-03-21 02:00:00+00:00,9881.157981481054,9881.157981481054,0.0,0,False,70737.6,0.0,9863.674782744918,0.003874428276670505,-0.025192242233756712
2026-03-21 03:00:00+00:00,9881.157981481054,9881.157981481054,0.0,0,False,70657.35,0.0,9852.484695700472,-0.0011344744520593864,-0.025192242233756712
2026-03-21 04:00:00+00:00,9881.157981481054,9881.157981481054,0.0,0,False,70642.13,0.0,9850.362413771294,-0.0002154057575044499,-0.025192242233756712
2026-03-21 05:00:00+00:00,9881.157981481054,9881.157981481054,0.0,0,False,70697.94,0.0,9858.1445789794,0.0007900384657142379,-0.025192242233756712
2026-03-21 06:00:00+00:00,9881.157981481054,9881.157981481054,0.0,0,False,70774.65,0.0,9868.841047230859,0.0010850386871243956,-0.025192242233756712
2026-03-21 07:00:00+00:00,9881.157981481054,9881.157981481054,0.0,0,False,70727.33,0.0,9862.242730483904,-0.0006686009750664912,-0.025192242233756712
2026-03-21 08:00:00+00:00,9881.157981481054,9881.157981481054,0.0,0,False,70594.43,0.0,9843.711109696276,-0.0018790473215941628,-0.025192242233756712
2026-03-21 09:00:00+00:00,9881.157981481054,9881.157981481054,0.0,0,False,70661.59,0.0,9853.07592272936,0.0009513498444564394,-0.025192242233756712
2026-03-21 10:00:00+00:00,9881.157981481054,9881.157981481054,0.0,0,False,70605.64,0.0,9845.274235874072,-0.0007918021657876695,-0.025192242233756712
2026-03-21 11:00:00+00:00,9881.157981481054,9881.157981481054,0.0,0,False,70652.72,0.0,9851.83908694015,0.0006668022554574549,-0.025192242233756712
2026-03-21 12:00:00+00:00,9881.157981481054,9881.157981481054,0.0,0,False,70722.61,0.0,9861.584572093252,0.0009892046619013328,-0.025192242233756712
2026-03-21 13:00:00+00:00,9881.157981481054,9881.157981481054,0.0,0,False,70740.18,0.0,9864.034538814383,0.0002484354013516654,-0.025192242233756712
2026-03-21 14:00:00+00:00,9881.157981481054,9881.157981481054,0.0,0,False,70629.1,0.0,9848.545506180153,-0.0015702532846252337,-0.025192242233756712
2026-03-21 15:00:00+00:00,9881.157981481054,9881.157981481054,0.0,0,False,70630.02,0.0,9848.673791290194,1.3025792484855359e-05,-0.025192242233756712
2026-03-21 16:00:00+00:00,9881.157981481054,9881.157981481054,0.0,0,False,70301.66,0.0,9802.88716223207,-0.004649014682425179,-0.025192242233756712
2026-03-21 17:00:00+00:00,9881.157981481054,9881.157981481054,0.0,0,False,70304.08,0.0,9803.224607847615,3.442308474643774e-05,-0.025192242233756712
2026-03-21 18:00:00+00:00,9881.157981481054,9881.157981481054,0.0,0,False,70389.19,0.0,9815.092374929893,0.0012105983038253054,-0.025192242233756712
2026-03-21 19:00:00+00:00,9881.157981481054,9881.157981481054,0.0,0,False,70396.0,0.0,9816.041963624879,9.67478102815722e-05,-0.025192242233756712
2026-03-21 20:00:00+00:00,9881.157981481054,9881.157981481054,0.0,0,False,70462.28,0.0,9825.284069161402,0.0009415307687936636,-0.025192242233756712
2026-03-21 21:00:00+00:00,9881.157981481054,9881.157981481054,0.0,0,False,70345.57,0.0,9809.009987429847,-0.001656347197393937,-0.025192242233756712
2026-03-21 22:00:00+00:00,9881.157981481054,9881.157981481054,0.0,0,False,70277.22,0.0,9799.479240395727,-0.0009716319023360676,-0.025192242233756712
2026-03-21 23:00:00+00:00,9881.157981481054,9881.157981481054,0.0,0,False,68918.12,0.0,9609.96587837569,-0.019339125821994707,-0.025192242233756712
2026-03-22 00:00:00+00:00,9881.157981481054,9881.157981481054,0.0,0,False,68954.71,0.0,9615.068000306612,0.0005309198799969828,-0.025192242233756712
2026-03-22 01:00:00+00:00,9881.157981481054,9881.157981481054,0.0,0,False,68962.4,0.0,9616.140296498157,0.00011152247612922217,-0.025192242233756712
2026-03-22 02:00:00+00:00,9881.157981481054,9881.157981481054,0.0,0,False,69278.12,0.0,9660.164399696572,0.004578146932241234,-0.025192242233756712
2026-03-22 03:00:00+00:00,9881.157981481054,9881.157981481054,0.0,0,False,69339.99,0.0,9668.791573346916,0.0008930669596693974,-0.025192242233756712
2026-03-22 04:00:00+00:00,9881.157981481054,9881.157981481054,0.0,0,False,69358.0,0.0,9671.30289381633,0.00025973467835793684,-0.025192242233756712
2026-03-22 05:00:00+00:00,9881.157981481054,9881.157981481054,0.0,0,False,69153.41,0.0,9642.774795268999,-0.0029497678710457276,-0.025192242233756712
2026-03-22 06:00:00+00:00,9881.157981481054,9881.157981481054,0.0,0,False,69164.06,0.0,9644.259834858074,0.00015400542070143075,-0.025192242233756712
2026-03-22 07:00:00+00:00,9881.157981481054,9881.157981481054,0.0,0,False,68919.38,0.0,9610.141573200313,-0.0035376754921558895,-0.025192242233756712
2026-03-22 08:00:00+00:00,9881.157981481054,9881.157981481054,0.0,0,False,68804.77,0.0,9594.160316176461,-0.0016629575019392329,-0.025192242233756712
2026-03-22 09:00:00+00:00,9881.157981481054,9881.157981481054,0.0,0,False,68826.2,0.0,9597.148522598423,0.0003114609641161614,-0.025192242233756712
2026-03-22 10:00:00+00:00,9881.157981481054,9881.157981481054,0.0,0,False,68648.17,0.0,9572.323959401876,-0.002586660312497324,-0.025192242233756712
2026-03-22 11:00:00+00:00,9881.157981481054,9881.157981481054,0.0,0,False,68217.95,0.0,9512.33393761668,-0.0062670279484506874,-0.025192242233756712
2026-03-22 12:00:00+00:00,9881.157981481054,9881.157981481054,0.0,0,False,68654.83,0.0,9573.252632046313,0.006404179545119737,-0.025192242233756712
2026-03-22 13:00:00+00:00,9881.157981481054,9881.157981481054,0.0,0,False,68700.02,0.0,9579.553940875454,0.0006582202592300135,-0.025192242233756712
2026-03-22 14:00:00+00:00,9881.157981481054,9881.157981481054,0.0,0,False,68711.66,0.0,9581.177026398163,0.00016943226508536746,-0.025192242233756712
2026-03-22 15:00:00+00:00,9881.157981481054,9881.157981481054,0.0,0,False,68847.96,0.0,9600.1827443316,0.00198365168298964,-0.025192242233756712
2026-03-22 16:00:00+00:00,9881.157981481054,9881.157981481054,0.0,0,False,68805.58,0.0,9594.273262849434,-0.0006155592700206602,-0.025192242233756712
2026-03-22 17:00:00+00:00,9881.157981481054,9881.157981481054,0.0,0,False,68673.02,0.0,9575.789051776388,-0.0019265879308044687,-0.025192242233756712
2026-03-22 18:00:00+00:00,9881.157981481054,9881.157981481054,0.0,0,False,68618.58,0.0,9568.197919829974,-0.0007927421860870476,-0.025192242233756712
2026-03-22 19:00:00+00:00,9881.157981481054,9881.157981481054,0.0,0,False,68199.93,0.0,9509.821222743896,-0.00610111721927209,-0.025192242233756712
2026-03-22 20:00:00+00:00,9881.157981481054,9881.157981481054,0.0,0,False,68176.46,0.0,9506.54855803445,-0.00034413525057852556,-0.025192242233756712
2026-03-22 21:00:00+00:00,9881.157981481054,9881.157981481054,0.0,0,False,67899.97,0.0,9467.99469925664,-0.004055505375315849,-0.025192242233756712
2026-03-22 22:00:00+00:00,9881.157981481054,9881.157981481054,0.0,0,False,68339.37,0.0,9529.264783335519,0.006471284155206369,-0.025192242233756712
2026-03-22 23:00:00+00:00,9881.157981481054,9881.157981481054,0.0,0,False,67859.0,0.0,9462.28182864965,-0.0070291839096555675,-0.025192242233756712
2026-03-23 00:00:00+00:00,9881.157981481054,9881.157981481054,0.0,0,False,67669.99,0.0,9435.926210552814,-0.0027853342961141614,-0.025192242233756712
2026-03-23 01:00:00+00:00,9881.157981481054,9881.157981481054,0.0,0,False,67905.0,0.0,9468.696084151761,0.003472883622415157,-0.025192242233756712
2026-03-23 02:00:00+00:00,9881.157981481054,9881.157981481054,0.0,0,False,68320.72,0.0,9526.664221050423,0.006122082320889621,-0.025192242233756712
2026-03-23 03:00:00+00:00,9881.157981481054,9881.157981481054,0.0,0,False,68074.6,0.0,9492.345165307379,-0.0036024210517687782,-0.025192242233756712
2026-03-23 04:00:00+00:00,9881.157981481054,9881.157981481054,0.0,0,False,68541.0,0.0,9557.380138485323,0.006851307242348614,-0.025192242233756712
2026-03-23 05:00:00+00:00,9881.157981481054,9881.157981481054,0.0,0,False,68899.92,0.0,9607.428064242245,0.00523657372959252,-0.025192242233756712
2026-03-23 06:00:00+00:00,9881.157981481054,9881.157981481054,0.0,0,False,67874.19,0.0,9464.399927368715,-0.014887245152099049,-0.025192242233756712
2026-03-23 07:00:00+00:00,9881.157981481054,9881.157981481054,0.0,0,False,68333.16,0.0,9528.398858842735,0.006762069646798263,-0.025192242233756712
2026-03-23 08:00:00+00:00,9881.157981481054,9881.157981481054,0.0,0,False,68434.26,0.0,9542.496276913682,0.0014795159480402997,-0.025192242233756712
2026-03-23 09:00:00+00:00,9881.157981481054,9881.157981481054,0.0,0,False,68334.01,0.0,9528.517383129185,-0.0014649095350779406,-0.025192242233756712
2026-03-23 10:00:00+00:00,9881.157981481054,9881.157981481054,0.0,0,False,68551.02,0.0,9558.77733066209,0.003175724650141376,-0.025192242233756712
2026-03-23 11:00:00+00:00,9881.157981481054,9881.157981481054,0.0,0,False,70122.15,0.0,9777.856227336755,0.02291913380719901,-0.025192242233756712
2026-03-23 12:00:00+00:00,9881.157981481054,9881.157981481054,0.0,0,False,70752.15,0.0,9865.703639648304,0.008984322357486363,-0.025192242233756712
2026-03-23 13:00:00+00:00,9922.885589851001,5224.089687421806,0.06573477367284479,1,False,71481.13,0.004222947193856408,9967.352856516354,0.010303291136735782,-0.02107568054854836
2026-03-23 14:00:00+00:00,9920.606565247765,5224.089687421806,0.06573477367284479,1,False,71446.46,-0.00022967357454639625,9962.518460032481,-0.00048502311029474665,-0.021300513596207105
2026-03-23 15:00:00+00:00,9834.166652563446,5224.089687421806,0.06573477367284479,1,False,70131.48,-0.008713168102757018,9779.15720568099,-0.018405110624095555,-0.029828086743325266
2026-03-23 16:00:00+00:00,9862.43654932919,5224.089687421806,0.06573477367284479,1,False,70561.54,0.0028746611446099912,9839.124917012265,0.006132196269064805,-0.027039171240694437
2026-03-23 17:00:00+00:00,9896.856591519765,5224.089687421806,0.06573477367284479,1,False,71085.16,0.0034900140567106774,9912.138666273493,0.007420756406393947,-0.023643524271695693
2026-03-23 18:00:00+00:00,9896.26892264313,5224.089687421806,0.06573477367284479,1,False,71076.22,-5.937934648247989e-05,9910.89206966069,-0.0001257646462358153,-0.02370149968115831
2026-03-23 19:00:00+00:00,9870.161042583488,5224.089687421806,0.06573477367284479,1,False,70679.05,-0.002638153860179182,9855.510551013425,-0.005587944885082408,-0.026277125338461604
2026-03-23 20:00:00+00:00,9885.709945948061,5224.089687421806,0.06573477367284479,1,False,70915.59,0.0015753444444817077,9888.493768327984,0.003346677693036204,-0.02474317641739876
2026-03-23 21:00:00+00:00,9881.487144087318,5224.089687421806,0.06573477367284479,1,False,70851.35,-0.00042716222545802207,9879.536121078949,-0.0009058656918736752,-0.02515976929255348
2026-03-23 22:00:00+00:00,9876.811429635967,5224.089687421806,0.06573477367284479,1,False,70780.22,-0.0004731792272935076,9869.617729907963,-0.0010039328820129478,-0.025621043439654323
2026-03-23 23:00:00+00:00,9885.109130116693,5224.089687421806,0.06573477367284479,1,False,70906.45,0.0008401193583413846,9887.219283647783,0.0017834078503853323,-0.024802448815887446
2026-03-24 00:00:00+00:00,9870.170902799538,5224.089687421806,0.06573477367284479,1,False,70679.2,-0.0015111848660974703,9855.531467063975,-0.0032049270552960696,-0.026276152596692137
2026-03-24 01:00:00+00:00,9859.480456557123,5224.089687421806,0.06573477367284479,1,False,70516.57,-0.0010831064981239313,9832.854285057267,-0.0023009598297658584,-0.027330799223192814
2026-03-24 02:00:00+00:00,9855.326018860998,5224.089687421806,0.06573477367284479,1,False,70453.37,-0.0004213647680960664,9824.041655758709,-0.0008962432517636287,-0.027740647755412295
2026-03-24 03:00:00+00:00,9861.211253147929,5224.089687421806,0.06573477367284479,1,False,70542.9,0.0005971628209626711,9836.52574913054,0.001270769588452847,-0.027160050617918596
2026-03-24 04:00:00+00:00,9850.006103627657,5224.089687421806,0.06573477367284479,1,False,70372.44,-0.0011362853134999629,9812.756749285101,-0.002416401934142276,-0.028265474364787435
2026-03-24 05:00:00+00:00,9844.182660027978,5224.089687421806,0.06573477367284479,1,False,70283.85,-0.0005912121818415494,9800.403729830054,-0.0012588735021835662,-0.028839975653858985
2026-03-24 06:00:00+00:00,9861.111336291946,5224.089687421806,0.06573477367284479,1,False,70541.38,0.001719662957160084,9836.313799818297,0.0036641419045770895,-0.02716990773451622
2026-03-24 07:00:00+00:00,9910.433451674155,5224.089687421806,0.06573477367284479,1,False,71291.7,0.005001679192150332,9940.938673477978,0.010636593726972565,-0.022304123704534273
2026-03-24 08:00:00+00:00,9888.902026557615,5224.089687421806,0.06573477367284479,1,False,70964.15,-0.0021726017556682464,9895.264991092823,-0.004594503988542886,-0.024428267481883426
2026-03-24 09:00:00+00:00,9912.094569404868,5224.089687421806,0.06573477367284479,1,False,71316.97,0.002345310205821294,9944.462330794031,0.004971806186645056,-0.0221402491410978
2026-03-24 10:00:00+00:00,9905.790163945756,9905.790163945756,0.0,0,False,71272.87,-0.0006360316091587048,9938.313011932221,-0.000618366147636551,-0.022762198851968174
2026-03-24 11:00:00+00:00,9905.790163945756,9905.790163945756,0.0,0,False,71157.77,0.0,9922.26342914324,-0.0016149202354274195,-0.022762198851968174
2026-03-24 12:00:00+00:00,9905.790163945756,9905.790163945756,0.0,0,False,70956.48,0.0,9894.195483708016,-0.002828784544541052,-0.022762198851968174
2026-03-24 13:00:00+00:00,9905.790163945756,9905.790163945756,0.0,0,False,70100.46,0.0,9774.831766427174,-0.01206401444942018,-0.022762198851968174
2026-03-24 14:00:00+00:00,9905.790163945756,9905.790163945756,0.0,0,False,69869.93,0.0,9742.686585537997,-0.003288566152062522,-0.022762198851968174
2026-03-24 15:00:00+00:00,9905.790163945756,9905.790163945756,0.0,0,False,69873.04,0.0,9743.120244986074,4.45112797451408e-05,-0.022762198851968174
2026-03-24 16:00:00+00:00,9905.790163945756,9905.790163945756,0.0,0,False,69476.87,0.0,9687.878166675811,-0.005669854925447582,-0.022762198851968174
2026-03-24 17:00:00+00:00,9905.790163945756,9905.790163945756,0.0,0,False,69238.43,0.0,9654.630012720945,-0.0034319335341388424,-0.022762198851968174
2026-03-24 18:00:00+00:00,9905.790163945756,9905.790163945756,0.0,0,False,69430.24,0.0,9681.376063761387,0.0027702823417574685,-0.022762198851968174
2026-03-24 19:00:00+00:00,9905.790163945756,9905.790163945756,0.0,0,False,69377.33,0.0,9673.998275530588,-0.0007620598747748453,-0.022762198851968174
2026-03-24 20:00:00+00:00,9905.790163945756,9905.790163945756,0.0,0,False,70093.19,0.0,9773.818035177164,0.010318356154668695,-0.022762198851968174
2026-03-24 21:00:00+00:00,9905.790163945756,9905.790163945756,0.0,0,False,70332.93,0.0,9807.247461570134,0.00342030374134783,-0.022762198851968174
2026-03-24 22:00:00+00:00,9905.790163945756,9905.790163945756,0.0,0,False,70316.96,0.0,9805.020599388206,-0.00022706291348861818,-0.022762198851968174
2026-03-24 23:00:00+00:00,9905.790163945756,9905.790163945756,0.0,0,False,70556.74,0.0,9838.455603394654,0.00340998814510729,-0.022762198851968174
2026-03-25 00:00:00+00:00,9905.790163945756,9905.790163945756,0.0,0,False,70840.75,0.0,9878.058053506722,0.0040252710088364285,-0.022762198851968174
2026-03-25 01:00:00+00:00,9905.790163945756,9905.790163945756,0.0,0,False,70677.18,0.0,9855.249797583228,-0.002308981765438811,-0.022762198851968174
2026-03-25 02:00:00+00:00,9905.790163945756,9905.790163945756,0.0,0,False,70531.09,0.0,9834.87895875054,-0.0020670038051885387,-0.022762198851968174
2026-03-25 03:00:00+00:00,9905.790163945756,9905.790163945756,0.0,0,False,70716.7,0.0,9860.760479701567,0.002631605438112583,-0.022762198851968174
2026-03-25 04:00:00+00:00,9905.790163945756,9905.790163945756,0.0,0,False,70968.64,0.0,9895.891078205965,0.0035626662443242196,-0.022762198851968174
2026-03-25 05:00:00+00:00,9905.790163945756,9905.790163945756,0.0,0,False,71117.66,0.0,9916.670477226073,0.0020998007007040353,-0.022762198851968174
2026-03-25 06:00:00+00:00,9905.790163945756,9905.790163945756,0.0,0,False,70991.83,0.0,9899.124699621054,-0.0017693214315543937,-0.022762198851968174
2026-03-25 07:00:00+00:00,9905.790163945756,9905.790163945756,0.0,0,False,70926.88,0.0,9890.068049732743,-0.0009148940096347369,-0.022762198851968174
2026-03-25 08:00:00+00:00,9905.790163945756,9905.790163945756,0.0,0,False,71248.39,0.0,9934.899512482401,0.004532978188241055,-0.022762198851968174
2026-03-25 09:00:00+00:00,9905.790163945756,9905.790163945756,0.0,0,False,71345.91,0.0,9948.497734146884,0.001368732682942353,-0.022762198851968174
2026-03-25 10:00:00+00:00,9905.790163945756,9905.790163945756,0.0,0,False,71501.39,0.0,9970.177917744024,0.0021792419495383353,-0.022762198851968174
2026-03-25 11:00:00+00:00,9914.1750313755,2503.0572155950967,0.10339319629984087,1,False,71678.97,0.000846461240443297,9994.93973278892,0.002483588081294563,-0.0219350049306003
2026-03-25 12:00:00+00:00,9917.925102605297,2503.0572155950967,0.10339319629984087,1,False,71715.24,0.00037825348230469125,9999.997233811999,0.0005060061549433392,-0.021565048440294943
2026-03-25 13:00:00+00:00,9904.089025076451,2503.0572155950967,0.10339319629984087,1,False,71581.42,-0.0013950576744334864,9981.33732791433,-0.0018659911059349943,-0.022930021628402186
2026-03-25 14:00:00+00:00,9868.197110912924,2503.0572155950967,0.10339319629984087,1,False,71234.28,-0.00362394906514385,9932.932009327298,-0.004849582475452419,-0.026470873463102063
2026-03-25 15:00:00+00:00,9789.56299794891,9789.56299794891,0.0,0,False,70832.99,-0.00796843760620225,9876.975996491583,-0.005633383253119129,-0.03422837956573188
2026-03-25 16:00:00+00:00,9826.72569349103,3146.2128253910287,0.09366429156324779,1,False,71324.01,0.0037961546955576075,9945.44399076653,0.006932080659026285,-0.03056216109398413
2026-03-25 17:00:00+00:00,9775.677717946144,3146.2128253910287,0.09366429156324779,1,False,70779.0,-0.005194810269172123,9869.44761269682,-0.007641325831231338,-0.03559820673485725
2026-03-25 18:00:00+00:00,9778.613156843736,3146.2128253910287,0.09366429156324779,1,False,70810.34,0.0003002798355558056,9873.817672858475,0.0004427867022702703,-0.03530861632296578
2026-03-25 19:00:00+00:00,9785.447840199107,3146.2128253910287,0.09366429156324779,1,False,70883.31,0.0006989419916452189,9883.992634249546,0.0010304992180520944,-0.03463435300593565
2026-03-25 20:00:00+00:00,9797.267337151472,3146.2128253910287,0.09366429156324779,1,False,71009.5,0.0012078646931017456,9901.588610375886,0.0017802498218550955,-0.03346832192499827
2026-03-25 21:00:00+00:00,9799.678256016312,3146.2128253910287,0.09366429156324779,1,False,71035.24,0.00024608074699550286,9905.17780465033,0.0003624867095248785,-0.03323047708766291
2026-03-25 22:00:00+00:00,9830.947143111785,3146.2128253910287,0.09366429156324779,1,False,71369.08,0.0031908075223057164,9951.72856675523,0.004699639221321661,-0.030145701621618226
2026-03-25 23:00:00+00:00,9827.8983704214,3146.2128253910287,0.09366429156324779,1,False,71336.53,-0.00031011993513985203,9947.1897837858,-0.0004560798597936788,-0.030446472773726363
2026-03-26 00:00:00+00:00,9824.408438917755,3146.2128253910287,0.09366429156324779,1,False,71299.27,-0.00035510455766907256,9941.994236829089,-0.0005223130421397881,-0.0307907656501486
2026-03-26 01:00:00+00:00,9819.991230927633,3146.2128253910287,0.09366429156324779,1,False,71252.11,-0.0004496156707638477,9935.418230536052,-0.0006614373471145463,-0.03122653731016134
2026-03-26 02:00:00+00:00,9786.35638382727,3146.2128253910287,0.09366429156324779,1,False,70893.01,-0.0034251402378479012,9885.34520551847,-0.00503985074968305,-0.03454472227857952
2026-03-26 03:00:00+00:00,9777.438398115857,9777.438398115857,0.0,0,False,70921.47,-0.0009112672134187205,9889.313677509559,0.00040145001601699093,-0.035424510019189115
2026-03-26 04:00:00+00:00,9777.438398115857,9777.438398115857,0.0,0,False,70772.01,0.0,9868.472924741172,-0.002107401327129832,-0.035424510019189115
2026-03-26 05:00:00+00:00,9777.438398115857,9777.438398115857,0.0,0,False,70016.98,0.0,9763.191287094209,-0.010668483204023693,-0.035424510019189115
2026-03-26 06:00:00+00:00,9777.438398115857,9777.438398115857,0.0,0,False,70097.18,0.0,9774.374402121804,0.001145436435561642,-0.035424510019189115
2026-03-26 07:00:00+00:00,9777.438398115857,9777.438398115857,0.0,0,False,70087.44,0.0,9773.0162532394,-0.00013894995490548734,-0.035424510019189115
2026-03-26 08:00:00+00:00,9777.438398115857,9777.438398115857,0.0,0,False,70024.77,0.0,9764.277527319458,-0.0008941687697536782,-0.035424510019189115
2026-03-26 09:00:00+00:00,9777.438398115857,9777.438398115857,0.0,0,False,69562.41,0.0,9699.805893103003,-0.006602806406932893,-0.035424510019189115
2026-03-26 10:00:00+00:00,9777.438398115857,9777.438398115857,0.0,0,False,69517.68,0.0,9693.568726828882,-0.0006430196998638005,-0.035424510019189115
2026-03-26 11:00:00+00:00,9777.438398115857,9777.438398115857,0.0,0,False,69276.01,0.0,9659.870180585498,-0.0034763818355273424,-0.035424510019189115
2026-03-26 12:00:00+00:00,9777.438398115857,9777.438398115857,0.0,0,False,69436.42,0.0,9682.237805044062,0.002315520192343712,-0.035424510019189115
2026-03-26 13:00:00+00:00,9777.438398115857,9777.438398115857,0.0,0,False,69646.59,0.0,9711.543980671868,0.003026797752533783,-0.035424510019189115
2026-03-26 14:00:00+00:00,9777.438398115857,9777.438398115857,0.0,0,False,69479.92,0.0,9688.30345970367,-0.0023930819872156617,-0.035424510019189115
2026-03-26 15:00:00+00:00,9777.438398115857,9777.438398115857,0.0,0,False,69082.64,0.0,9632.906602619332,-0.005717911016593136,-0.035424510019189115
2026-03-26 16:00:00+00:00,9777.438398115857,9777.438398115857,0.0,0,False,68932.52,0.0,9611.973819228526,-0.0021730495534042493,-0.035424510019189115
2026-03-26 17:00:00+00:00,9777.438398115857,9777.438398115857,0.0,0,False,68486.86,0.0,9549.830838640011,-0.006465163322043055,-0.035424510019189115
2026-03-26 18:00:00+00:00,9777.438398115857,9777.438398115857,0.0,0,False,68497.25,0.0,9551.279623741466,0.0001517079334634186,-0.035424510019189115
2026-03-26 19:00:00+00:00,9777.438398115857,9777.438398115857,0.0,0,False,68534.36,0.0,9556.454254647628,0.0005417735748516339,-0.035424510019189115
2026-03-26 20:00:00+00:00,9777.438398115857,9777.438398115857,0.0,0,False,69005.21,0.0,9622.109737325236,0.0068702764569481545,-0.035424510019189115
2026-03-26 21:00:00+00:00,9777.438398115857,9777.438398115857,0.0,0,False,68921.1,0.0,9610.381410579957,-0.0012188934719569167,-0.035424510019189115
2026-03-26 22:00:00+00:00,9777.438398115857,9777.438398115857,0.0,0,False,68892.67,0.0,9606.417121798977,-0.00041250067105724764,-0.035424510019189115
2026-03-26 23:00:00+00:00,9777.438398115857,9777.438398115857,0.0,0,False,68820.31,0.0,9596.32721901348,-0.0010503294472401503,-0.035424510019189115
2026-03-27 00:00:00+00:00,9777.438398115857,9777.438398115857,0.0,0,False,68785.01,0.0,9591.404975117293,-0.0005129299766303275,-0.035424510019189115
2026-03-27 01:00:00+00:00,9777.438398115857,9777.438398115857,0.0,0,False,69051.27,0.0,9628.532359247567,0.0038709015234568156,-0.035424510019189115
2026-03-27 02:00:00+00:00,9777.438398115857,9777.438398115857,0.0,0,False,68903.59,0.0,9607.939810279044,-0.0021387007074599174,-0.035424510019189115
2026-03-27 03:00:00+00:00,9777.438398115857,9777.438398115857,0.0,0,False,68767.51,0.0,9588.96476921975,-0.0019749333815551884,-0.035424510019189115
2026-03-27 04:00:00+00:00,9777.438398115857,9777.438398115857,0.0,0,False,68578.0,0.0,9562.539430954415,-0.002755807211864969,-0.035424510019189115
2026-03-27 05:00:00+00:00,9777.438398115857,9777.438398115857,0.0,0,False,68630.77,0.0,9569.897697538034,0.0007694887573272968,-0.035424510019189115
2026-03-27 06:00:00+00:00,9777.438398115857,9777.438398115857,0.0,0,False,68656.15,0.0,9573.436693291156,0.00036980497231775544,-0.035424510019189115
2026-03-27 07:00:00+00:00,9777.438398115857,9777.438398115857,0.0,0,False,68540.48,0.0,9557.307629510082,-0.001684772595026085,-0.035424510019189115
2026-03-27 08:00:00+00:00,9777.438398115857,9777.438398115857,0.0,0,False,67920.5,0.0,9470.8574093753,-0.009045457516492439,-0.035424510019189115
2026-03-27 09:00:00+00:00,9777.438398115857,9777.438398115857,0.0,0,False,67695.81,0.0,9439.526560054219,-0.0033081323017349895,-0.035424510019189115
2026-03-27 10:00:00+00:00,9777.438398115857,9777.438398115857,0.0,0,False,66502.41,0.0,9273.118461875489,-0.01762886063406277,-0.035424510019189115
2026-03-27 11:00:00+00:00,9777.438398115857,9777.438398115857,0.0,0,False,66702.78,0.0,9301.05812220067,0.003012973514794348,-0.035424510019189115
2026-03-27 12:00:00+00:00,9777.438398115857,9777.438398115857,0.0,0,False,66619.76,0.0,9289.481785422726,-0.0012446257862115395,-0.035424510019189115
2026-03-27 13:00:00+00:00,9777.438398115857,9777.438398115857,0.0,0,False,66188.32,0.0,9229.321646426386,-0.006476156623800522,-0.035424510019189115
2026-03-27 14:00:00+00:00,9777.438398115857,9777.438398115857,0.0,0,False,66205.06,0.0,9231.655877667807,0.0002529147136534071,-0.035424510019189115
2026-03-27 15:00:00+00:00,9777.438398115857,9777.438398115857,0.0,0,False,66112.82,0.0,9218.7939009827,-0.0013932469814240678,-0.035424510019189115
2026-03-27 16:00:00+00:00,9777.438398115857,9777.438398115857,0.0,0,False,65979.29,0.0,9200.174432782762,-0.0020197293051484877,-0.035424510019189115
2026-03-27 17:00:00+00:00,9777.438398115857,9777.438398115857,0.0,0,False,65632.92,0.0,9151.876483255222,-0.005249677588224921,-0.035424510019189115
2026-03-27 18:00:00+00:00,9777.438398115857,9777.438398115857,0.0,0,False,65836.69,0.0,9180.290240726212,0.0031046919746979817,-0.035424510019189115
2026-03-27 19:00:00+00:00,9777.438398115857,9777.438398115857,0.0,0,False,66040.66,0.0,9208.731886264604,0.003098120516083158,-0.035424510019189115
2026-03-27 20:00:00+00:00,9777.438398115857,9777.438398115857,0.0,0,False,66020.76,0.0,9205.957023558254,-0.0003013295142720862,-0.035424510019189115
2026-03-27 21:00:00+00:00,9777.438398115857,9777.438398115857,0.0,0,False,66098.0,0.0,9216.727395188323,0.0011699350325564684,-0.035424510019189115
2026-03-27 22:00:00+00:00,9777.438398115857,9777.438398115857,0.0,0,False,66020.79,0.0,9205.961206768363,-0.0011681140125269218,-0.035424510019189115
2026-03-27 23:00:00+00:00,9777.438398115857,9777.438398115857,0.0,0,False,66407.28,0.0,9259.853502616445,0.005854065060415303,-0.035424510019189115
2026-03-28 00:00:00+00:00,9777.438398115857,9777.438398115857,0.0,0,False,66431.55,0.0,9263.237719595494,0.0003654719783734439,-0.035424510019189115
2026-03-28 01:00:00+00:00,9777.438398115857,9777.438398115857,0.0,0,False,66178.85,0.0,9228.001146434974,-0.003803915458844509,-0.035424510019189115
2026-03-28 02:00:00+00:00,9777.438398115857,9777.438398115857,0.0,0,False,66053.2,0.0,9210.480468090615,-0.0018986428443529269,-0.035424510019189115
2026-03-28 03:00:00+00:00,9777.438398115857,9777.438398115857,0.0,0,False,66240.0,0.0,9236.527923042673,0.002828023471989294,-0.035424510019189115
2026-03-28 04:00:00+00:00,9777.438398115857,9777.438398115857,0.0,0,False,66285.01,0.0,9242.804132611154,0.0006794987922706941,-0.035424510019189115
2026-03-28 05:00:00+00:00,9777.438398115857,9777.438398115857,0.0,0,False,66341.9,0.0,9250.736893383222,0.0008582634293936575,-0.035424510019189115
2026-03-28 06:00:00+00:00,9777.438398115857,9777.438398115857,0.0,0,False,66382.0,0.0,9256.328450897021,0.0006044445516333319,-0.035424510019189115
2026-03-28 07:00:00+00:00,9777.438398115857,9777.438398115857,0.0,0,False,66561.48,0.0,9281.355202582223,0.0027037449911122557,-0.035424510019189115
2026-03-28 08:00:00+00:00,9777.438398115857,9777.438398115857,0.0,0,False,66409.33,0.0,9260.1393553073,-0.00228585662458225,-0.035424510019189115
2026-03-28 09:00:00+00:00,9777.438398115857,9777.438398115857,0.0,0,False,66311.32,0.0,9246.472807877688,-0.0014758468426049332,-0.035424510019189115
2026-03-28 10:00:00+00:00,9777.438398115857,9777.438398115857,0.0,0,False,66221.38,0.0,9233.931543967688,-0.0013563295075409432,-0.035424510019189115
2026-03-28 11:00:00+00:00,9777.438398115857,9777.438398115857,0.0,0,False,66319.47,0.0,9247.609246624257,0.0014812436708504517,-0.035424510019189115
2026-03-28 12:00:00+00:00,9777.438398115857,9777.438398115857,0.0,0,False,66455.09,0.0,9266.52014512853,0.0020449499973387297,-0.035424510019189115
2026-03-28 13:00:00+00:00,9777.438398115857,9777.438398115857,0.0,0,False,66835.1,0.0,9319.508867592835,0.005718297876054379,-0.035424510019189115
2026-03-28 14:00:00+00:00,9777.438398115857,9777.438398115857,0.0,0,False,66742.1,0.0,9306.540916251606,-0.0013914844146264427,-0.035424510019189115
2026-03-28 15:00:00+00:00,9777.438398115857,9777.438398115857,0.0,0,False,67014.91,0.0,9344.581634589247,0.004087524965501688,-0.035424510019189115
2026-03-28 16:00:00+00:00,9777.438398115857,9777.438398115857,0.0,0,False,66926.95,0.0,9332.316462546509,-0.001312543730940141,-0.035424510019189115
2026-03-28 17:00:00+00:00,9777.438398115857,9777.438398115857,0.0,0,False,66846.21,0.0,9321.058049736934,-0.0012063899520294852,-0.035424510019189115
2026-03-28 18:00:00+00:00,9777.438398115857,9777.438398115857,0.0,0,False,66908.03,0.0,9329.678251370424,0.000924809349699629,-0.035424510019189115
2026-03-28 19:00:00+00:00,9777.438398115857,9777.438398115857,0.0,0,False,66916.52,0.0,9330.862099831575,0.00012689059893111754,-0.035424510019189115
2026-03-28 20:00:00+00:00,9777.438398115857,9777.438398115857,0.0,0,False,66906.0,0.0,9329.395187486309,-0.00015721080534369936,-0.035424510019189115
2026-03-28 21:00:00+00:00,9777.438398115857,9777.438398115857,0.0,0,False,66685.53,0.0,9298.652776387376,-0.0032952201596270214,-0.035424510019189115
2026-03-28 22:00:00+00:00,9777.438398115857,9777.438398115857,0.0,0,False,66755.88,0.0,9308.4624040955,0.001054951501472834,-0.035424510019189115
2026-03-28 23:00:00+00:00,9777.438398115857,9777.438398115857,0.0,0,False,66377.03,0.0,9255.63543242212,-0.005675155506900786,-0.035424510019189115
2026-03-29 00:00:00+00:00,9777.438398115857,9777.438398115857,0.0,0,False,66487.93,0.0,9271.099365795691,0.0016707586946869135,-0.035424510019189115
2026-03-29 01:00:00+00:00,9777.438398115857,9777.438398115857,0.0,0,False,66569.22,0.0,9282.434470790622,0.0012226279266027706,-0.035424510019189115
2026-03-29 02:00:00+00:00,9777.438398115857,9777.438398115857,0.0,0,False,66818.0,0.0,9317.124437830093,0.003737162610587763,-0.035424510019189115
2026-03-29 03:00:00+00:00,9777.438398115857,9777.438398115857,0.0,0,False,66912.0,0.0,9330.231829508322,0.001406806549133277,-0.035424510019189115
2026-03-29 04:00:00+00:00,9777.438398115857,9777.438398115857,0.0,0,False,66735.14,0.0,9305.570411506069,-0.002643173122907627,-0.035424510019189115
2026-03-29 05:00:00+00:00,9777.438398115857,9777.438398115857,0.0,0,False,66771.94,0.0,9310.70181590776,0.0005514336225262984,-0.035424510019189115
2026-03-29 06:00:00+00:00,9777.438398115857,9777.438398115857,0.0,0,False,66738.5,0.0,9306.038931038398,-0.0005008091722360497,-0.035424510019189115
2026-03-29 07:00:00+00:00,9777.438398115857,9777.438398115857,0.0,0,False,66671.0,0.0,9296.62670829073,-0.001011410205503771,-0.035424510019189115
2026-03-29 08:00:00+00:00,9777.438398115857,9777.438398115857,0.0,0,False,66724.0,0.0,9304.017046151861,0.0007949483283586911,-0.035424510019189115
2026-03-29 09:00:00+00:00,9777.438398115857,9777.438398115857,0.0,0,False,66634.01,0.0,9291.468810225011,-0.0013486901264910811,-0.035424510019189115
2026-03-29 10:00:00+00:00,9777.438398115857,9777.438398115857,0.0,0,False,66502.79,0.0,9273.171449203546,-0.0019692646442862616,-0.035424510019189115
2026-03-29 11:00:00+00:00,9777.438398115857,9777.438398115857,0.0,0,False,66816.28,0.0,9316.884600450448,0.004713937565627102,-0.035424510019189115
2026-03-29 12:00:00+00:00,9777.438398115857,9777.438398115857,0.0,0,False,66849.88,0.0,9321.569795773732,0.000502871455878795,-0.035424510019189115
2026-03-29 13:00:00+00:00,9777.438398115857,9777.438398115857,0.0,0,False,66580.36,0.0,9283.98783614483,-0.00403172002702179,-0.035424510019189115
2026-03-29 14:00:00+00:00,9777.438398115857,9777.438398115857,0.0,0,False,66589.64,0.0,9285.28184247221,0.00013938044191985632,-0.035424510019189115
2026-03-29 15:00:00+00:00,9777.438398115857,9777.438398115857,0.0,0,False,66523.0,0.0,9275.989538414367,-0.0010007562737985864,-0.035424510019189115
2026-03-29 16:00:00+00:00,9777.438398115857,9777.438398115857,0.0,0,False,66499.35,0.0,9272.69177444426,-0.000355516137275802,-0.035424510019189115
2026-03-29 17:00:00+00:00,9777.438398115857,9777.438398115857,0.0,0,False,66385.84,0.0,9256.86390179111,-0.0017069339775502845,-0.035424510019189115
2026-03-29 18:00:00+00:00,9777.438398115857,9777.438398115857,0.0,0,False,66427.26,0.0,9262.639520549752,0.0006239282352984432,-0.035424510019189115
2026-03-29 19:00:00+00:00,9777.438398115857,9777.438398115857,0.0,0,False,66348.62,0.0,9251.673932447879,-0.0011838513285058472,-0.035424510019189115
2026-03-29 20:00:00+00:00,9777.438398115857,9777.438398115857,0.0,0,False,66614.05,0.0,9288.685581098442,0.004000535354013568,-0.035424510019189115
2026-03-29 21:00:00+00:00,9777.438398115857,9777.438398115857,0.0,0,False,66710.12,0.0,9302.081614274266,0.0014421882470738723,-0.035424510019189115
2026-03-29 22:00:00+00:00,9777.438398115857,9777.438398115857,0.0,0,False,65860.31,0.0,9183.58382148621,-0.012738846819642768,-0.035424510019189115
2026-03-29 23:00:00+00:00,9777.438398115857,9777.438398115857,0.0,0,False,66010.93,0.0,9204.58632504552,0.0022869616010006144,-0.035424510019189115
2026-03-30 00:00:00+00:00,9777.438398115857,9777.438398115857,0.0,0,False,66280.25,0.0,9242.140396607021,0.0040799303994050184,-0.035424510019189115
2026-03-30 01:00:00+00:00,9777.438398115857,9777.438398115857,0.0,0,False,66653.74,0.0,9294.219968074069,0.005635011937945356,-0.035424510019189115
2026-03-30 02:00:00+00:00,9777.438398115857,9777.438398115857,0.0,0,False,67121.01,0.0,9359.376254345207,0.007010409318366939,-0.035424510019189115
2026-03-30 03:00:00+00:00,9777.438398115857,9777.438398115857,0.0,0,False,67173.8,0.0,9366.737309735567,0.0007864899529967939,-0.035424510019189115
2026-03-30 04:00:00+00:00,9777.438398115857,9777.438398115857,0.0,0,False,67616.29,0.0,9428.43826445578,0.006587240858787036,-0.035424510019189115
2026-03-30 05:00:00+00:00,9777.438398115857,9777.438398115857,0.0,0,False,67492.46,0.0,9411.17136752477,-0.00183136341848944,-0.035424510019189115
2026-03-30 06:00:00+00:00,9777.438398115857,9777.438398115857,0.0,0,False,67305.14,0.0,9385.051403597468,-0.002775421135931544,-0.035424510019189115
2026-03-30 07:00:00+00:00,9777.438398115857,9777.438398115857,0.0,0,False,67624.39,0.0,9429.567731185502,0.004743322723940402,-0.035424510019189115
2026-03-30 08:00:00+00:00,9777.438398115857,9777.438398115857,0.0,0,False,67666.44,0.0,9435.431197356456,0.0006218170692557923,-0.035424510019189115
2026-03-30 09:00:00+00:00,9777.438398115857,9777.438398115857,0.0,0,False,67495.46,0.0,9411.589688535778,-0.0025268064937359336,-0.035424510019189115
2026-03-30 10:00:00+00:00,9777.438398115857,9777.438398115857,0.0,0,False,67488.53,0.0,9410.62336700035,-0.0001026735724152239,-0.035424510019189115
2026-03-30 11:00:00+00:00,9777.438398115857,9777.438398115857,0.0,0,False,67680.45,0.0,9437.38475647786,0.0028437424848339887,-0.035424510019189115
2026-03-30 12:00:00+00:00,9777.438398115857,9777.438398115857,0.0,0,False,67899.59,0.0,9467.941711928577,0.0032378626324143234,-0.035424510019189115
2026-03-30 13:00:00+00:00,9723.463684374387,1820.6670214572869,0.11702728914580024,1,False,67529.52,-0.005520332784901161,9416.33902641408,-0.00545025382332931,-0.04074928772004227
2026-03-30 14:00:00+00:00,9755.063392989536,1820.6670214572869,0.11702728914580024,1,False,67799.54,0.0032498407605439095,9453.990706211482,0.003998547598146551,-0.037631875655693925
2026-03-30 15:00:00+00:00,9735.152370014268,1820.6670214572869,0.11702728914580024,1,False,67629.4,-0.002041096215692151,9430.266327273885,-0.0025094565538349434,-0.03959616159239587
2026-03-30 16:00:00+00:00,9704.573139360473,1820.6670214572869,0.11702728914580024,1,False,67368.1,-0.0031411147449508237,9393.830567215144,-0.0038637042469694682,-0.04261290025032538
2026-03-30 17:00:00+00:00,9661.15224053085,9661.15224053085,0.0,0,False,66828.02,-0.004474271892857762,9318.521630006857,-0.008016850705304224,-0.04689651044132004
2026-03-30 18:00:00+00:00,9661.15224053085,9661.15224053085,0.0,0,False,66653.46,0.0,9294.18092477971,-0.0026120779876462885,-0.04689651044132004
2026-03-30 19:00:00+00:00,9661.15224053085,9661.15224053085,0.0,0,False,66550.05,0.0,9279.761399530285,-0.0015514573436998802,-0.04689651044132004
2026-03-30 20:00:00+00:00,9661.15224053085,9661.15224053085,0.0,0,False,66651.4,0.0,9293.893677685483,0.001522913957239469,-0.04689651044132004
2026-03-30 21:00:00+00:00,9661.15224053085,9661.15224053085,0.0,0,False,66809.3,0.0,9315.911306898171,0.0023690425107349977,-0.04689651044132004
2026-03-30 22:00:00+00:00,9661.15224053085,9661.15224053085,0.0,0,False,66784.98,0.0,9312.520117902272,-0.00036402117669254164,-0.04689651044132004
2026-03-30 23:00:00+00:00,9661.15224053085,9661.15224053085,0.0,0,False,66797.37,0.0,9314.24778367773,0.00018552075631372844,-0.04689651044132004
2026-03-31 00:00:00+00:00,9661.15224053085,9661.15224053085,0.0,0,False,67208.75,0.0,9371.610749513802,0.00615862570637149,-0.04689651044132004
2026-03-31 01:00:00+00:00,9661.15224053085,9661.15224053085,0.0,0,False,67938.54,0.0,9473.372913054824,0.010858556363568583,-0.04689651044132004
2026-03-31 02:00:00+00:00,9661.15224053085,9661.15224053085,0.0,0,False,67943.43,0.0,9474.054776302766,7.197681904846931e-05,-0.04689651044132004
2026-03-31 03:00:00+00:00,9661.15224053085,9661.15224053085,0.0,0,False,67704.74,0.0,9440.77176226365,-0.0035130696227729796,-0.04689651044132004
2026-03-31 04:00:00+00:00,9661.15224053085,9661.15224053085,0.0,0,False,67544.01,0.0,9418.359516897246,-0.0023739844507193464,-0.04689651044132004
2026-03-31 05:00:00+00:00,9661.15224053085,9661.15224053085,0.0,0,False,67681.68,0.0,9437.556268092372,0.002038226631791318,-0.04689651044132004
2026-03-31 06:00:00+00:00,9661.15224053085,9661.15224053085,0.0,0,False,67492.85,0.0,9411.2257492562,-0.002789972116531203,-0.04689651044132004
2026-03-31 07:00:00+00:00,9661.15224053085,9661.15224053085,0.0,0,False,67367.69,0.0,9393.773396676972,-0.0018544186532352125,-0.04689651044132004
2026-03-31 08:00:00+00:00,9661.15224053085,9661.15224053085,0.0,0,False,66778.33,0.0,9311.592839661205,-0.008748407433889938,-0.04689651044132004
2026-03-31 09:00:00+00:00,9661.15224053085,9661.15224053085,0.0,0,False,66124.99,0.0,9220.49088988402,-0.009783712770295439,-0.04689651044132004
2026-03-31 10:00:00+00:00,9661.15224053085,9661.15224053085,0.0,0,False,66363.38,0.0,9253.732071822036,0.0036051423221388212,-0.04689651044132004
2026-03-31 11:00:00+00:00,9661.15224053085,9661.15224053085,0.0,0,False,66685.69,0.0,9298.675086841296,0.004856744789068834,-0.04689651044132004
2026-03-31 12:00:00+00:00,9661.15224053085,9661.15224053085,0.0,0,False,66653.26,0.0,9294.153036712309,-0.0004863112310899975,-0.04689651044132004
2026-03-31 13:00:00+00:00,9661.15224053085,9661.15224053085,0.0,0,False,67302.29,0.0,9384.65399863701,0.009737408192787234,-0.04689651044132004
2026-03-31 14:00:00+00:00,9661.15224053085,9661.15224053085,0.0,0,False,66587.45,0.0,9284.976468134177,-0.01062133249849273,-0.04689651044132004
2026-03-31 15:00:00+00:00,9661.15224053085,9661.15224053085,0.0,0,False,66736.8,0.0,9305.801882465494,0.0022429151439198325,-0.04689651044132004
2026-03-31 16:00:00+00:00,9661.15224053085,9661.15224053085,0.0,0,False,67665.83,0.0,9435.346138750885,0.013920805312810813,-0.04689651044132004
2026-03-31 17:00:00+00:00,9661.15224053085,9661.15224053085,0.0,0,False,67526.75,0.0,9415.952776680582,-0.002055394872123917,-0.04689651044132004
2026-03-31 18:00:00+00:00,9661.15224053085,9661.15224053085,0.0,0,False,67854.05,0.0,9461.591598981488,0.004846968053401124,-0.04689651044132004
2026-03-31 19:00:00+00:00,9661.15224053085,9661.15224053085,0.0,0,False,67838.8,0.0,9459.465133842199,-0.00022474708584097058,-0.04689651044132004
2026-03-31 20:00:00+00:00,9661.15224053085,9661.15224053085,0.0,0,False,68265.53,0.0,9518.968508851258,0.006290353013319816,-0.04689651044132004
2026-03-31 21:00:00+00:00,9661.15224053085,9661.15224053085,0.0,0,False,68277.99,0.0,9520.705935450307,0.00018252257032203012,-0.04689651044132004
2026-03-31 22:00:00+00:00,9661.15224053085,9661.15224053085,0.0,0,False,68172.87,0.0,9506.04796722461,-0.0015395883797985066,-0.04689651044132004
2026-03-31 23:00:00+00:00,9661.15224053085,9661.15224053085,0.0,0,False,68284.48,0.0,9521.610903237453,0.001637161527745512,-0.04689651044132004
2026-04-01 00:00:00+00:00,9661.15224053085,9661.15224053085,0.0,0,False,68330.75,0.0,9528.062807630557,0.0006776063902074192,-0.04689651044132004
2026-04-01 01:00:00+00:00,9661.15224053085,9661.15224053085,0.0,0,False,67782.73,0.0,9451.646714146471,-0.008020108077256616,-0.04689651044132004
2026-04-01 02:00:00+00:00,9661.15224053085,9661.15224053085,0.0,0,False,67668.89,0.0,9435.772826182112,-0.0016794838449262217,-0.04689651044132004
2026-04-01 03:00:00+00:00,9661.15224053085,9661.15224053085,0.0,0,False,68170.67,0.0,9505.741198483203,0.007415224337210091,-0.04689651044132004
2026-04-01 04:00:00+00:00,9661.15224053085,9661.15224053085,0.0,0,False,68303.83,0.0,9524.309073758452,0.001953332716254863,-0.04689651044132004
2026-04-01 05:00:00+00:00,9666.367912649286,3744.6097623103096,0.08650456381102753,1,False,68456.02,0.0005398602556490051,9545.530498646855,0.002228132741604494,-0.04638196774778691
2026-04-01 06:00:00+00:00,9722.321659659174,3744.6097623103096,0.08650456381102753,1,False,69102.85,0.0057884975531157234,9635.724691830153,0.009448840291913063,-0.04086195210148791
2026-04-01 07:00:00+00:00,9686.781259617412,3744.6097623103096,0.08650456381102753,1,False,68692.0,-0.00365554661591061,9578.435629372694,-0.005945485605875933,-0.0443681259466745
2026-04-01 08:00:00+00:00,9684.89199994378,3744.6097623103096,0.08650456381102753,1,False,68670.16,-0.00019503482353910861,9575.390252412562,-0.00031794095382264853,-0.044554507440598745
2026-04-01 09:00:00+00:00,9682.629040554482,3744.6097623103096,0.08650456381102753,1,False,68644.0,-0.00023365871186908915,9571.742493196576,-0.00038095149334171907,-0.04477775560365138
2026-04-01 10:00:00+00:00,9677.57284879973,3744.6097623103096,0.08650456381102753,1,False,68585.55,-0.0005221920341650366,9563.592205498784,-0.000851494668142716,-0.04527656505053235
2026-04-01 11:00:00+00:00,9688.556333266815,3744.6097623103096,0.08650456381102753,1,False,68712.52,0.0011349420602344562,9581.296945087985,0.00185126458853202,-0.04419300926831671
2026-04-01 12:00:00+00:00,9660.968297776202,3744.6097623103096,0.08650456381102753,1,False,68393.6,-0.0028474867195524833,9536.826632811162,-0.004641366667966662,-0.0469146569808806
2026-04-01 13:00:00+00:00,9636.960686181728,3744.6097623103096,0.08650456381102753,1,False,68116.07,-0.0024850109072400706,9498.127756082871,-0.004057835820895472,-0.049283084453813686
2026-04-01 14:00:00+00:00,9678.264885310218,3744.6097623103096,0.08650456381102753,1,False,68593.55,0.004286019262039309,9564.707728194802,0.007009799596482624,-0.04520829344103616
2026-04-01 15:00:00+00:00,9706.376273411886,3744.6097623103096,0.08650456381102753,1,False,68918.52,0.0029045896588690834,9610.02165451049,0.0047376174582012265,-0.042435015323791014
2026-04-01 16:00:00+00:00,9697.537237081677,3744.6097623103096,0.08650456381102753,1,False,68816.34,-0.0009106422501280464,9595.773640875579,-0.0014826203464612941,-0.04330701445608043
2026-04-01 17:00:00+00:00,9649.983948263478,3744.6097623103096,0.08650456381102753,1,False,68266.62,-0.004903645910877552,9519.12049881859,-0.00798821907703895,-0.04799829810260814
2026-04-01 18:00:00+00:00,9642.053682521342,9642.053682521342,0.0,0,False,68084.76,-0.0008217905630364397,9493.761879131323,-0.002663966664820827,-0.04878064411722205
2026-04-01 19:00:00+00:00,9642.053682521342,9642.053682521342,0.0,0,False,68176.84,0.0,9506.601545362508,0.0013524318804969404,-0.04878064411722205
2026-04-01 20:00:00+00:00,9642.053682521342,9642.053682521342,0.0,0,False,68191.09,0.0,9508.588570164793,0.00020901526090089106,-0.04878064411722205
2026-04-01 21:00:00+00:00,9642.053682521342,9642.053682521342,0.0,0,False,68362.53,0.0,9532.494221540495,0.0025141114476980864,-0.04878064411722205
2026-04-01 22:00:00+00:00,9642.053682521342,9642.053682521342,0.0,0,False,68122.99,0.0,9499.092683214927,-0.0035039662809436267,-0.04878064411722205
2026-04-01 23:00:00+00:00,9642.053682521342,9642.053682521342,0.0,0,False,68113.92,0.0,9497.827959358314,-0.00013314154296528713,-0.04878064411722205
2026-04-02 00:00:00+00:00,9642.053682521342,9642.053682521342,0.0,0,False,68600.29,0.0,9565.647556066198,0.007140537499530142,-0.04878064411722205
2026-04-02 01:00:00+00:00,9642.053682521342,9642.053682521342,0.0,0,False,67359.27,0.0,9392.599309039411,-0.018090594077663447,-0.04878064411722205
2026-04-02 02:00:00+00:00,9642.053682521342,9642.053682521342,0.0,0,False,66852.99,0.0,9322.003455221808,-0.007516114708487787,-0.04878064411722205
2026-04-02 03:00:00+00:00,9642.053682521342,9642.053682521342,0.0,0,False,66576.25,0.0,9283.41473635975,-0.004139530632810695,-0.04878064411722205
2026-04-02 04:00:00+00:00,9642.053682521342,9642.053682521342,0.0,0,False,66330.27,0.0,9249.115202263885,-0.0036947109517282417,-0.04878064411722205
2026-04-02 05:00:00+00:00,9642.053682521342,9642.053682521342,0.0,0,False,66591.54,0.0,9285.546779112516,0.0039389256217408075,-0.04878064411722205
2026-04-02 06:00:00+00:00,9642.053682521342,9642.053682521342,0.0,0,False,66681.49,0.0,9298.089437425888,0.0013507721851755417,-0.04878064411722205
2026-04-02 07:00:00+00:00,9642.053682521342,9642.053682521342,0.0,0,False,66930.79,0.0,9332.851913440598,0.003738668707012671,-0.04878064411722205
2026-04-02 08:00:00+00:00,9642.053682521342,9642.053682521342,0.0,0,False,66439.12,0.0,9264.2932829466,-0.007345946462009478,-0.04878064411722205
2026-04-02 09:00:00+00:00,9642.053682521342,9642.053682521342,0.0,0,False,66469.6,0.0,9268.543424418438,0.0004587658596324484,-0.04878064411722205
2026-04-02 10:00:00+00:00,9642.053682521342,9642.053682521342,0.0,0,False,66457.28,0.0,9266.825519466567,-0.00018534788835800065,-0.04878064411722205
2026-04-02 11:00:00+00:00,9642.053682521342,9642.053682521342,0.0,0,False,66220.28,0.0,9233.778159596985,-0.0035662007232315496,-0.04878064411722205
2026-04-02 12:00:00+00:00,9642.053682521342,9642.053682521342,0.0,0,False,66052.71,0.0,9210.412142325484,-0.002530493679579693,-0.04878064411722205
2026-04-02 13:00:00+00:00,9642.053682521342,9642.053682521342,0.0,0,False,66270.87,0.0,9240.832446245939,0.003302816795858865,-0.04878064411722205
2026-04-02 14:00:00+00:00,9642.053682521342,9642.053682521342,0.0,0,False,66868.18,0.0,9324.121553940875,0.009013160684324673,-0.04878064411722205
2026-04-02 15:00:00+00:00,9642.053682521342,9642.053682521342,0.0,0,False,66852.91,0.0,9321.992299994849,-0.00022835973702273193,-0.04878064411722205
2026-04-02 16:00:00+00:00,9642.053682521342,9642.053682521342,0.0,0,False,67095.85,0.0,9355.867935466225,0.0036339480211109443,-0.04878064411722205
2026-04-02 17:00:00+00:00,9642.053682521342,9642.053682521342,0.0,0,False,66679.16,0.0,9297.764541440672,-0.006210369195710275,-0.04878064411722205
2026-04-02 18:00:00+00:00,9642.053682521342,9642.053682521342,0.0,0,False,66981.99,0.0,9339.991258695125,0.004541598904365118,-0.04878064411722205
2026-04-02 19:00:00+00:00,9642.053682521342,9642.053682521342,0.0,0,False,66975.99,0.0,9339.15461667311,-8.957631745498684e-05,-0.04878064411722205
2026-04-02 20:00:00+00:00,9642.053682521342,9642.053682521342,0.0,0,False,66939.25,0.0,9334.03157869164,-0.0005485547880664798,-0.04878064411722205
2026-04-02 21:00:00+00:00,9642.053682521342,9642.053682521342,0.0,0,False,66935.93,0.0,9333.568636772792,-4.9597209410001675e-05,-0.04878064411722205
2026-04-02 22:00:00+00:00,9642.053682521342,9642.053682521342,0.0,0,False,66982.48,0.0,9340.059584460256,0.000695441147975373,-0.04878064411722205
2026-04-02 23:00:00+00:00,9642.053682521342,9642.053682521342,0.0,0,False,66901.99,0.0,9328.836031734929,-0.0012016575080527891,-0.04878064411722205
2026-04-03 00:00:00+00:00,9642.053682521342,9642.053682521342,0.0,0,False,66785.86,0.0,9312.642825398834,-0.001735822805868592,-0.04878064411722205
2026-04-03 01:00:00+00:00,9642.053682521342,9642.053682521342,0.0,0,False,66630.0,0.0,9290.909654473631,-0.0023337275285517656,-0.04878064411722205
2026-04-03 02:00:00+00:00,9642.053682521342,9642.053682521342,0.0,0,False,66533.81,0.0,9277.496888457365,-0.0014436440042023824,-0.04878064411722205
2026-04-03 03:00:00+00:00,9642.053682521342,9642.053682521342,0.0,0,False,66579.97,0.0,9283.933454413398,0.0006937826046637952,-0.04878064411722205
2026-04-03 04:00:00+00:00,9642.053682521342,9642.053682521342,0.0,0,False,66602.66,0.0,9287.097355659984,0.0003407931844967571,-0.04878064411722205
2026-04-03 05:00:00+00:00,9642.053682521342,9642.053682521342,0.0,0,False,66600.35,0.0,9286.775248481508,-3.4683299435789294e-05,-0.04878064411722205
2026-04-03 06:00:00+00:00,9642.053682521342,9642.053682521342,0.0,0,False,66796.79,0.0,9314.166908282268,0.002949534048994895,-0.04878064411722205
2026-04-03 07:00:00+00:00,9642.053682521342,9642.053682521342,0.0,0,False,67042.08,0.0,9348.370228545604,0.003672182450684014,-0.04878064411722205
2026-04-03 08:00:00+00:00,9642.053682521342,9642.053682521342,0.0,0,False,66965.39,0.0,9337.676549100883,-0.0011439084228893615,-0.04878064411722205
2026-04-03 09:00:00+00:00,9642.053682521342,9642.053682521342,0.0,0,False,66859.58,0.0,9322.922367042655,-0.0015800699435930543,-0.04878064411722205
2026-04-03 10:00:00+00:00,9642.053682521342,9642.053682521342,0.0,0,False,66883.08,0.0,9326.199214962213,0.0003514829138921982,-0.04878064411722205
2026-04-03 11:00:00+00:00,9642.053682521342,9642.053682521342,0.0,0,False,67017.44,0.0,9344.934418641862,0.00200887877771172,-0.04878064411722205
2026-04-03 12:00:00+00:00,9642.053682521342,9642.053682521342,0.0,0,False,66722.16,0.0,9303.760475931778,-0.004406017299377396,-0.04878064411722205
2026-04-03 13:00:00+00:00,9642.053682521342,9642.053682521342,0.0,0,False,66672.0,0.0,9296.766148627734,-0.0007517742231367697,-0.04878064411722205
2026-04-03 14:00:00+00:00,9642.053682521342,9642.053682521342,0.0,0,False,66929.81,0.0,9332.715261910338,0.003866840652748005,-0.04878064411722205
2026-04-03 15:00:00+00:00,9642.053682521342,9642.053682521342,0.0,0,False,66827.15,0.0,9318.400316913665,-0.0015338456810202183,-0.04878064411722205
2026-04-03 16:00:00+00:00,9642.053682521342,9642.053682521342,0.0,0,False,67010.46,0.0,9343.961125089587,0.002743046800589566,-0.04878064411722205
2026-04-03 17:00:00+00:00,9642.053682521342,9642.053682521342,0.0,0,False,66855.01,0.0,9322.285124702554,-0.002319787089955949,-0.04878064411722205
2026-04-03 18:00:00+00:00,9642.053682521342,9642.053682521342,0.0,0,False,66812.03,0.0,9316.291979018188,-0.0006428837569540935,-0.04878064411722205
2026-04-03 19:00:00+00:00,9642.053682521342,9642.053682521342,0.0,0,False,66885.74,0.0,9326.570126258639,0.0011032444306811051,-0.04878064411722205
2026-04-03 20:00:00+00:00,9642.053682521342,9642.053682521342,0.0,0,False,66831.98,0.0,9319.073813741386,-0.0008037587683115133,-0.04878064411722205
2026-04-03 21:00:00+00:00,9642.053682521342,9642.053682521342,0.0,0,False,66964.21,0.0,9337.512009503223,0.0019785438049271242,-0.04878064411722205
2026-04-03 22:00:00+00:00,9642.053682521342,9642.053682521342,0.0,0,False,66888.76,0.0,9326.991236076386,-0.0011267212739464183,-0.04878064411722205
2026-04-03 23:00:00+00:00,9642.053682521342,9642.053682521342,0.0,0,False,66964.3,0.0,9337.524559133552,0.001129337724305124,-0.04878064411722205
2026-04-04 00:00:00+00:00,9642.053682521342,9642.053682521342,0.0,0,False,66893.39,0.0,9327.636844836707,-0.0010589224407633324,-0.04878064411722205
2026-04-04 01:00:00+00:00,9642.053682521342,9642.053682521342,0.0,0,False,66852.0,0.0,9321.865409288175,-0.0006187457385550266,-0.04878064411722205
2026-04-04 02:00:00+00:00,9642.053682521342,9642.053682521342,0.0,0,False,66844.83,0.0,9320.86562207187,-0.00010725183988491427,-0.04878064411722205
2026-04-04 03:00:00+00:00,9642.053682521342,9642.053682521342,0.0,0,False,66832.18,0.0,9319.101701808786,-0.00018924425419308832,-0.04878064411722205
2026-04-04 04:00:00+00:00,9642.053682521342,9642.053682521342,0.0,0,False,66860.73,0.0,9323.082723430207,0.0004271894168348389,-0.04878064411722205
2026-04-04 05:00:00+00:00,9642.053682521342,9642.053682521342,0.0,0,False,66916.29,0.0,9330.830028554063,0.0008309810556959007,-0.04878064411722205
2026-04-04 06:00:00+00:00,9642.053682521342,9642.053682521342,0.0,0,False,67013.24,0.0,9344.348769226452,0.0014488250917676915,-0.04878064411722205
2026-04-04 07:00:00+00:00,9642.053682521342,9642.053682521342,0.0,0,False,67014.96,0.0,9344.588606606098,2.5666569770654846e-05,-0.04878064411722205
2026-04-04 08:00:00+00:00,9642.053682521342,9642.053682521342,0.0,0,False,66940.0,0.0,9334.136158944391,-0.0011185562149110817,-0.04878064411722205
2026-04-04 09:00:00+00:00,9642.053682521342,9642.053682521342,0.0,0,False,66988.05,0.0,9340.83626713736,0.0007178069913356122,-0.04878064411722205
2026-04-04 10:00:00+00:00,9642.053682521342,9642.053682521342,0.0,0,False,67167.0,0.0,9365.78911544395,0.0026713719835105287,-0.04878064411722205
2026-04-04 11:00:00+00:00,9642.053682521342,9642.053682521342,0.0,0,False,67156.93,0.0,9364.384951250335,-0.00014992481426889803,-0.04878064411722205
2026-04-04 12:00:00+00:00,9642.053682521342,9642.053682521342,0.0,0,False,67097.87,0.0,9356.14960494697,-0.0008794326959258303,-0.04878064411722205
2026-04-04 13:00:00+00:00,9642.053682521342,9642.053682521342,0.0,0,False,67193.44,0.0,9369.475917954294,0.0014243373150295557,-0.04878064411722205
2026-04-04 14:00:00+00:00,9642.053682521342,9642.053682521342,0.0,0,False,67215.24,0.0,9372.515717300948,0.0003244364330803329,-0.04878064411722205
2026-04-04 15:00:00+00:00,9642.053682521342,9642.053682521342,0.0,0,False,67383.66,0.0,9396.000258858903,0.002505681747175359,-0.04878064411722205
2026-04-04 16:00:00+00:00,9642.053682521342,9642.053682521342,0.0,0,False,67366.68,0.0,9393.6325619366,-0.00025198987410324225,-0.04878064411722205
2026-04-04 17:00:00+00:00,9642.053682521342,9642.053682521342,0.0,0,False,67329.4,0.0,9388.434226173147,-0.0005533893016548275,-0.04878064411722205
2026-04-04 18:00:00+00:00,9642.053682521342,9642.053682521342,0.0,0,False,67295.47,0.0,9383.703015538655,-0.0005039403291874356,-0.04878064411722205
2026-04-04 19:00:00+00:00,9642.053682521342,9642.053682521342,0.0,0,False,67288.42,0.0,9382.719961162788,-0.0001047618807030748,-0.04878064411722205
2026-04-04 20:00:00+00:00,9642.053682521342,9642.053682521342,0.0,0,False,67268.4,0.0,9379.928365615999,-0.0002975251908128307,-0.04878064411722205
2026-04-04 21:00:00+00:00,9642.053682521342,9642.053682521342,0.0,0,False,67359.2,0.0,9392.589548215821,0.0013498165557674913,-0.04878064411722205
2026-04-04 22:00:00+00:00,9642.053682521342,9642.053682521342,0.0,0,False,67399.92,0.0,9398.26755873856,0.000604520243708162,-0.04878064411722205
2026-04-04 23:00:00+00:00,9642.053682521342,9642.053682521342,0.0,0,False,67300.42,0.0,9384.393245206817,-0.0014762628798371535,-0.04878064411722205
2026-04-05 00:00:00+00:00,9642.053682521342,9642.053682521342,0.0,0,False,67225.0,0.0,9373.876654990092,-0.0011206467953691623,-0.04878064411722205
2026-04-05 01:00:00+00:00,9642.053682521342,9642.053682521342,0.0,0,False,67085.0,0.0,9354.355007809749,-0.002082558571959825,-0.04878064411722205
2026-04-05 02:00:00+00:00,9642.053682521342,9642.053682521342,0.0,0,False,67170.16,0.0,9366.229746908879,0.0012694342997690011,-0.04878064411722205
2026-04-05 03:00:00+00:00,9642.053682521342,9642.053682521342,0.0,0,False,67145.98,0.0,9362.858079560157,-0.00035998127740077823,-0.04878064411722205
2026-04-05 04:00:00+00:00,9642.053682521342,9642.053682521342,0.0,0,False,67101.65,0.0,9356.676689420838,-0.0006602033360747495,-0.04878064411722205
2026-04-05 05:00:00+00:00,9642.053682521342,9642.053682521342,0.0,0,False,66931.65,0.0,9332.97183213042,-0.0025334697432923825,-0.04878064411722205
2026-04-05 06:00:00+00:00,9642.053682521342,9642.053682521342,0.0,0,False,66802.24,0.0,9314.926858118934,-0.0019334649601495668,-0.04878064411722205
2026-04-05 07:00:00+00:00,9642.053682521342,9642.053682521342,0.0,0,False,66820.64,0.0,9317.492560319779,0.00027543986548961286,-0.04878064411722205
2026-04-05 08:00:00+00:00,9642.053682521342,9642.053682521342,0.0,0,False,66933.18,0.0,9333.185175846034,0.001684210148241494,-0.04878064411722205
2026-04-05 09:00:00+00:00,9642.053682521342,9642.053682521342,0.0,0,False,67035.15,0.0,9347.403907010175,0.0015234596652962118,-0.04878064411722205
2026-04-05 10:00:00+00:00,9642.053682521342,9642.053682521342,0.0,0,False,67046.01,0.0,9348.918229070023,0.0001620045602941378,-0.04878064411722205
2026-04-05 11:00:00+00:00,9642.053682521342,9642.053682521342,0.0,0,False,66999.0,0.0,9342.363138827537,-0.0007011602927601279,-0.04878064411722205
2026-04-05 12:00:00+00:00,9642.053682521342,9642.053682521342,0.0,0,False,66783.58,0.0,9312.32490143047,-0.0032152718697292526,-0.04878064411722205
2026-04-05 13:00:00+00:00,9642.053682521342,9642.053682521342,0.0,0,False,66890.7,0.0,9327.26175033017,0.0016039870878437057,-0.04878064411722205
2026-04-05 14:00:00+00:00,9642.053682521342,9642.053682521342,0.0,0,False,66918.03,0.0,9331.072654740448,0.00040857697706875307,-0.04878064411722205
2026-04-05 15:00:00+00:00,9642.053682521342,9642.053682521342,0.0,0,False,67306.64,0.0,9385.260564102971,0.0058072540390083915,-0.04878064411722205
2026-04-05 16:00:00+00:00,9642.053682521342,9642.053682521342,0.0,0,False,67212.62,0.0,9372.150383618,-0.001396890410812368,-0.04878064411722205
2026-04-05 17:00:00+00:00,9642.053682521342,9642.053682521342,0.0,0,False,67373.64,0.0,9394.603066682137,0.002395681049184084,-0.04878064411722205
2026-04-05 18:00:00+00:00,9642.053682521342,9642.053682521342,0.0,0,False,67413.78,0.0,9400.200201809415,0.0005957819705153522,-0.04878064411722205
2026-04-05 19:00:00+00:00,9642.053682521342,9642.053682521342,0.0,0,False,67361.01,0.0,9392.841935225795,-0.0007827776457574043,-0.04878064411722205
2026-04-05 20:00:00+00:00,9642.053682521342,9642.053682521342,0.0,0,False,67658.35,0.0,9434.303125030106,0.004414126213369007,-0.04878064411722205
2026-04-05 21:00:00+00:00,9642.053682521342,9642.053682521342,0.0,0,False,67553.43,0.0,9419.673044871808,-0.0015507324668722067,-0.04878064411722205
2026-04-05 22:00:00+00:00,9642.053682521342,9642.053682521342,0.0,0,False,68338.43,0.0,9529.133709418737,0.011620431412587173,-0.04878064411722205
2026-04-05 23:00:00+00:00,9642.053682521342,9642.053682521342,0.0,0,False,69034.18,0.0,9626.149323888194,0.010180947967344256,-0.04878064411722205
2026-04-06 00:00:00+00:00,9636.287493596348,75.26817120164014,0.13839745483519733,1,False,69083.78,-0.000598024976302125,9633.065564603517,0.0007184846694783253,-0.04934949704998193
2026-04-06 01:00:00+00:00,9598.421949953437,75.26817120164014,0.13839745483519733,1,False,68810.18,-0.003929474257391541,9594.914688399644,-0.003960408651640268,-0.05308505372910033
2026-04-06 02:00:00+00:00,9653.47784146143,75.26817120164014,0.13839745483519733,1,False,69207.99,0.0057359315724039295,9650.385448862591,0.005781266667228557,-0.04765361439240401
2026-04-06 03:00:00+00:00,9641.810936018823,75.26817120164014,0.13839745483519733,1,False,69123.69,-0.0012085701789772418,9638.630628453284,-0.0012180674514604695,-0.048804591834106015
2026-04-06 04:00:00+00:00,9644.317313925887,75.26817120164014,0.13839745483519733,1,False,69141.8,0.00025994887513314247,9641.1558929564,0.0002619941151869032,-0.048557329657721526
2026-04-06 05:00:00+00:00,9652.27655155346,75.26817120164014,0.13839745483519733,1,False,69199.31,0.0008252774528767493,9649.175106737412,0.0008317689154753172,-0.04777212547418319
2026-04-06 06:00:00+00:00,9621.46374220895,75.26817120164014,0.13839745483519733,1,False,68976.67,-0.0031922841393877688,9618.130110107184,-0.0032173731212060686,-0.050811907415114876
2026-04-06 07:00:00+00:00,9640.734203820204,75.26817120164014,0.13839745483519733,1,False,69115.91,0.0020028617399152626,9637.545782631407,0.0020186535534407746,-0.048910814900493316
2026-04-06 08:00:00+00:00,9655.780775109886,75.26817120164014,0.13839745483519733,1,False,69224.63,0.0015607287755863286,9652.705736070313,0.0015730097455128877,-0.04742642264115948
2026-04-06 09:00:00+00:00,9725.44590195028,75.26817120164014,0.13839745483519733,1,False,69728.0,0.007214862108300135,9722.895818507239,0.007271544824436038,-0.040553735632505306
2026-04-06 10:00:00+00:00,9731.380384813614,75.26817120164014,0.13839745483519733,1,False,69770.88,0.0006102016219271533,9728.875020157904,0.0006149609912804443,-0.039968279965836295
2026-04-06 11:00:00+00:00,9709.794533782968,75.26817120164014,0.13839745483519733,1,False,69614.91,-0.0022181694864514823,9707.126510795631,-0.0022354598365391665,-0.04209779303324168
2026-04-06 12:00:00+00:00,9675.449821391065,75.26817120164014,0.13839745483519733,1,False,69366.75,-0.003537120406864269,9672.522996765101,-0.003564753585115654,-0.04548600847728412
2026-04-06 13:00:00+00:00,9683.958496914332,75.26817120164014,0.13839745483519733,1,False,69428.23,0.0008794087799883776,9681.095788684013,0.000886303596463911,-0.04464660049251734
2026-04-06 14:00:00+00:00,9715.257081325313,75.26817120164014,0.13839745483519733,1,False,69654.38,0.003232003154593599,9712.63022089712,0.003257320545259512,-0.04155889529155743
2026-04-06 15:00:00+00:00,9758.781696896433,75.26817120164014,0.13839745483519733,1,False,69968.87,0.004480027157982569,9756.48281248102,0.0045150068093346984,-0.03726505311313688
2026-04-06 16:00:00+00:00,9735.291496887256,75.26817120164014,0.13839745483519733,1,False,69799.14,-0.002407083254731268,9732.815604081592,-0.002425793070547022,-0.039582436282532774
2026-04-06 17:00:00+00:00,9704.21711635311,75.26817120164014,0.13839745483519733,1,False,69574.61,-0.003191931186044328,9701.507065214433,-0.0032168018115980024,-0.04264802305578719
2026-04-06 18:00:00+00:00,9747.723740255102,75.26817120164014,0.13839745483519733,1,False,69888.97,0.004483269838293058,9745.341529554524,0.004518314942764112,-0.03835595581292306
2026-04-06 19:00:00+00:00,9727.04162460453,75.26817120164014,0.13839745483519733,1,False,69739.53,-0.0021217379771608647,9724.503565592877,-0.0021382487107765025,-0.04039631250198539
2026-04-06 20:00:00+00:00,9739.010236498676,75.26817120164014,0.13839745483519733,1,False,69826.01,0.0012304472784274711,9736.56236593685,0.001240042770578098,-0.03921557075633442
2026-04-06 21:00:00+00:00,9694.581885547483,75.26817120164014,0.13839745483519733,1,False,69504.99,-0.004561895908548275,9691.79922895232,-0.004597427233777318,-0.04359856931309802
2026-04-06 22:00:00+00:00,9598.535435866404,75.26817120164014,0.13839745483519733,1,False,68811.0,-0.009907229709850918,9595.029029475987,-0.009984750735163028,-0.05307385798174313
2026-04-06 23:00:00+00:00,9585.694417328625,9585.694417328625,0.0,0,False,68853.66,-0.0013378101923546826,9600.977554252513,0.0006199590181803494,-0.05434066542594229
2026-04-07 00:00:00+00:00,9585.694417328625,9585.694417328625,0.0,0,False,68775.7,0.0,9590.1067855798,-0.00113225644068915,-0.05434066542594229
2026-04-07 01:00:00+00:00,9585.694417328625,9585.694417328625,0.0,0,False,68400.01,0.0,9537.720445371348,-0.005462539821477597,-0.05434066542594229
2026-04-07 02:00:00+00:00,9585.694417328625,9585.694417328625,0.0,0,False,68674.0,0.0,9575.92570330665,0.004005701168757092,-0.05434066542594229
2026-04-07 03:00:00+00:00,9585.694417328625,9585.694417328625,0.0,0,False,68779.21,0.0,9590.59622116268,0.001532020852142102,-0.05434066542594229
2026-04-07 04:00:00+00:00,9585.694417328625,9585.694417328625,0.0,0,False,68854.65,0.0,9601.115600186144,0.001096843072201592,-0.05434066542594229
2026-04-07 05:00:00+00:00,9585.694417328625,9585.694417328625,0.0,0,False,68669.0,0.0,9575.228501621637,-0.0026962594392681005,-0.05434066542594229
2026-04-07 06:00:00+00:00,9585.694417328625,9585.694417328625,0.0,0,False,68568.35,0.0,9561.193831702341,-0.0014657268927753542,-0.05434066542594229
2026-04-07 07:00:00+00:00,9585.694417328625,9585.694417328625,0.0,0,False,68624.61,0.0,9569.0387450621,0.0008204951701478169,-0.05434066542594229
2026-04-07 08:00:00+00:00,9585.694417328625,9585.694417328625,0.0,0,False,68936.71,0.0,9612.558074240567,0.0045479311284974955,-0.05434066542594229
2026-04-07 09:00:00+00:00,9585.694417328625,9585.694417328625,0.0,0,False,69150.05,0.0,9642.30627573667,0.0030947226811373074,-0.05434066542594229
2026-04-07 10:00:00+00:00,9585.694417328625,9585.694417328625,0.0,0,False,68237.93,0.0,9515.11995554999,-0.013190445993892963,-0.05434066542594229
2026-04-07 11:00:00+00:00,9585.694417328625,9585.694417328625,0.0,0,False,68345.75,0.0,9530.154412685593,0.001580059653040422,-0.05434066542594229
2026-04-07 12:00:00+00:00,9585.694417328625,9585.694417328625,0.0,0,False,68392.18,0.0,9536.628627532618,0.000679339973590265,-0.05434066542594229
2026-04-07 13:00:00+00:00,9585.694417328625,9585.694417328625,0.0,0,False,68231.99,0.0,9514.291679948195,-0.0023422268452328865,-0.05434066542594229
2026-04-07 14:00:00+00:00,9585.694417328625,9585.694417328625,0.0,0,False,67860.48,0.0,9462.488200348413,-0.005444806754133946,-0.05434066542594229
2026-04-07 15:00:00+00:00,9585.694417328625,9585.694417328625,0.0,0,False,68168.1,0.0,9505.382836817109,0.004533124434133118,-0.05434066542594229
2026-04-07 16:00:00+00:00,9585.694417328625,9585.694417328625,0.0,0,False,68229.99,0.0,9514.01279927419,0.0009079026700169468,-0.05434066542594229
2026-04-07 17:00:00+00:00,9585.694417328625,9585.694417328625,0.0,0,False,68705.81,0.0,9580.361300426699,0.006973766228018041,-0.05434066542594229
2026-04-07 18:00:00+00:00,9585.694417328625,9585.694417328625,0.0,0,False,68442.53,0.0,9543.649448500692,-0.0038319903367707298,-0.05434066542594229
2026-04-07 19:00:00+00:00,9585.694417328625,9585.694417328625,0.0,0,False,69011.29,0.0,9622.957534574207,0.008310037633032952,-0.05434066542594229
2026-04-07 20:00:00+00:00,9585.694417328625,9585.694417328625,0.0,0,False,69319.39,0.0,9665.919102404665,0.004464486897723718,-0.05434066542594229
2026-04-07 21:00:00+00:00,9585.694417328625,9585.694417328625,0.0,0,False,69927.64,0.0,9750.733687386408,0.008774601161377626,-0.05434066542594229
2026-04-07 22:00:00+00:00,9724.87993140394,3060.7641614755385,0.09318605284536799,1,False,71514.09,0.014520128434691415,9971.948810023954,0.022687023328686662,-0.04060957043246216
2026-04-07 23:00:00+00:00,9762.009883220686,9762.009883220686,0.0,0,False,71924.22,0.00381803704299144,10029.137475438773,0.005734953769250373,-0.036946582233681746
2026-04-08 00:00:00+00:00,9739.206912941505,4447.851543043343,0.07378805396971005,1,False,71710.19,-0.002335888874521186,9999.293060110136,-0.0029757708877483635,-0.03919616799781167
2026-04-08 01:00:00+00:00,9721.99806299469,4447.851543043343,0.07378805396971005,1,False,71476.97,-0.0017669662530681585,9966.772784714423,-0.0032522574546239857,-0.04089387594477811
2026-04-08 02:00:00+00:00,9713.731587308463,4447.851543043343,0.07378805396971005,1,False,71364.94,-0.0008502856750910448,9951.151283760038,-0.0015673579895734147,-0.04170939014295427
2026-04-08 03:00:00+00:00,9708.009323723112,4447.851543043343,0.07378805396971005,1,False,71287.39,-0.0005890901487155542,9940.337685625498,-0.0010866680473633483,-0.04227390970082767
2026-04-08 04:00:00+00:00,9728.580695289325,4447.851543043343,0.07378805396971005,1,False,71566.18,0.002119010281123712,9979.212257178413,0.003910789832535677,-0.040244478268983475
2026-04-08 05:00:00+00:00,9740.749821150013,4447.851543043343,0.07378805396971005,1,False,71731.1,0.0012508634344350344,10002.208757556858,0.002304440449385492,-0.03904395518085302
2026-04-08 06:00:00+00:00,9740.867144155824,4447.851543043343,0.07378805396971005,1,False,71732.69,1.2044555908419241e-05,10002.430467692691,2.216611762539955e-05,-0.03903238089204564
2026-04-08 07:00:00+00:00,9733.112019683605,4447.851543043343,0.07378805396971005,1,False,71627.59,-0.0007961431315558487,9987.775288273733,-0.0014651618390443266,-0.03979744866164614
2026-04-08 08:00:00+00:00,9745.833818068524,4447.851543043343,0.07378805396971005,1,False,71800.0,0.0013070638002716795,10011.816196776328,0.002407033379177026,-0.03854240266586306
2026-04-08 09:00:00+00:00,9736.895871091172,4447.851543043343,0.07378805396971005,1,False,71678.87,-0.0009171043898553721,9994.92578875522,-0.0016870473537605735,-0.039424159649038115
2026-04-08 10:00:00+00:00,9721.99880087523,4447.851543043343,0.07378805396971005,1,False,71476.98,-0.001529960925244267,9966.774179117794,-0.0028165901610892607,-0.040893803150508834
2026-04-08 11:00:00+00:00,9736.619165888787,4447.851543043343,0.07378805396971005,1,False,71675.12,0.001503843531871496,9994.40288749146,0.002772081305057794,-0.0394514574999989
2026-04-08 12:00:00+00:00,9765.900479345586,4447.851543043343,0.07378805396971005,1,False,72071.95,0.003007338888161737,10049.736996424144,0.005536509740060369,-0.036562762514171565
2026-04-08 13:00:00+00:00,9731.076945155122,4447.851543043343,0.07378805396971005,1,False,71600.01,-0.0035658293123214113,9983.929523779207,-0.006548178590977338,-0.039998215256180414
2026-04-08 14:00:00+00:00,9680.374959630915,4447.851543043343,0.07378805396971005,1,False,70912.88,-0.00521031596091226,9888.11588501471,-0.009596786369163945,-0.04500012787773544
2026-04-08 15:00:00+00:00,9709.677671623365,4447.851543043343,0.07378805396971005,1,False,71310.0,0.003027022415417635,9943.490431645125,0.005600111009452791,-0.042109321858100346
2026-04-08 16:00:00+00:00,9731.23116218792,4447.851543043343,0.07378805396971005,1,False,71602.1,0.0022197946516335776,9984.220954083541,0.0040961996914876675,-0.03998300125391141
2026-04-08 17:00:00+00:00,9752.341186548114,4447.851543043343,0.07378805396971005,1,False,71888.19,0.002169306638426294,10024.113440096573,0.003995553203048452,-0.03790043000552956
2026-04-08 18:00:00+00:00,9694.15487870976,4447.851543043343,0.07378805396971005,1,False,71099.63,-0.005966393784357482,9914.156367949918,-0.010969256563560625,-0.04364069489987754
2026-04-08 19:00:00+00:00,9687.119210237204,9687.119210237204,0.0,0,False,71318.48,-0.0007257639846468544,9944.672885702905,0.003078075089842258,-0.04433478603990104
2026-04-08 20:00:00+00:00,9687.119210237204,9687.119210237204,0.0,0,False,71372.93,0.0,9952.265412052688,0.0007634767314164126,-0.04433478603990104
2026-04-08 21:00:00+00:00,9687.119210237204,9687.119210237204,0.0,0,False,71551.39,0.0,9977.149934594147,0.002500387752051081,-0.04433478603990104
2026-04-08 22:00:00+00:00,9687.119210237204,9687.119210237204,0.0,0,False,71064.84,0.0,9909.3052386256,-0.006800007658831042,-0.04433478603990104
2026-04-08 23:00:00+00:00,9687.119210237204,9687.119210237204,0.0,0,False,71069.93,0.0,9910.014989940944,7.162473031696592e-05,-0.04433478603990104
2026-04-09 00:00:00+00:00,9687.119210237204,9687.119210237204,0.0,0,False,70815.5,0.0,9874.537184997409,-0.003579995083715537,-0.04433478603990104
2026-04-09 01:00:00+00:00,9687.119210237204,9687.119210237204,0.0,0,False,70928.89,0.0,9890.348324810117,0.001601203126434081,-0.04433478603990104
2026-04-09 02:00:00+00:00,9687.119210237204,9687.119210237204,0.0,0,False,71060.64,0.0,9908.71958921019,0.0018574941747995233,-0.04433478603990104
2026-04-09 03:00:00+00:00,9687.119210237204,9687.119210237204,0.0,0,False,70992.39,0.0,9899.202786209773,-0.000960447302472911,-0.04433478603990104
2026-04-09 04:00:00+00:00,9687.119210237204,9687.119210237204,0.0,0,False,70782.0,0.0,9869.865933707828,-0.0029635570798501876,-0.04433478603990104
2026-04-09 05:00:00+00:00,9687.119210237204,9687.119210237204,0.0,0,False,70984.0,0.0,9898.032881782323,0.0028538328953686687,-0.04433478603990104
2026-04-09 06:00:00+00:00,9687.119210237204,9687.119210237204,0.0,0,False,71031.84,0.0,9904.70370750452,0.0006739546940153218,-0.04433478603990104
2026-04-09 07:00:00+00:00,9687.119210237204,9687.119210237204,0.0,0,False,70982.01,0.0,9897.75539551169,-0.0007015163903959509,-0.04433478603990104
2026-04-09 08:00:00+00:00,9687.119210237204,9687.119210237204,0.0,0,False,71249.51,0.0,9935.055685659845,0.003768560512726893,-0.04433478603990104
2026-04-09 09:00:00+00:00,9687.119210237204,9687.119210237204,0.0,0,False,71534.68,0.0,9974.819886562835,0.004002413490282075,-0.04433478603990104
2026-04-09 10:00:00+00:00,9687.119210237204,9687.119210237204,0.0,0,False,71276.45,0.0,9938.812208338692,-0.003609857484509482,-0.04433478603990104
2026-04-09 11:00:00+00:00,9687.119210237204,9687.119210237204,0.0,0,False,71150.17,0.0,9921.203682582021,-0.001771693174954736,-0.04433478603990104
2026-04-09 12:00:00+00:00,9687.119210237204,9687.119210237204,0.0,0,False,71279.63,0.0,9939.25562861036,0.001819531843704869,-0.04433478603990104
2026-04-09 13:00:00+00:00,9687.119210237204,9687.119210237204,0.0,0,False,70801.98,0.0,9872.651951641135,-0.006701072943280151,-0.04433478603990104
2026-04-09 14:00:00+00:00,9687.119210237204,9687.119210237204,0.0,0,False,71123.71,0.0,9917.514091264939,0.004544081959290125,-0.04433478603990104
2026-04-09 15:00:00+00:00,9687.119210237204,9687.119210237204,0.0,0,False,72141.99,0.0,10059.503397627797,0.014317025925672189,-0.04433478603990104
2026-04-09 16:00:00+00:00,9687.119210237204,9687.119210237204,0.0,0,False,72080.87,0.0,10050.980804230207,-0.0008472181041859761,-0.04433478603990104
2026-04-09 17:00:00+00:00,9687.119210237204,9687.119210237204,0.0,0,False,72347.49,0.0,10088.158386881802,0.003698900970534824,-0.04433478603990104
2026-04-09 18:00:00+00:00,9687.119210237204,9687.119210237204,0.0,0,False,71888.69,0.0,10024.183160265075,-0.0063416159980118625,-0.04433478603990104
2026-04-09 19:00:00+00:00,9687.119210237204,9687.119210237204,0.0,0,False,72096.32,0.0,10053.135157436895,0.002888215100316893,-0.04433478603990104
2026-04-09 20:00:00+00:00,9687.119210237204,9687.119210237204,0.0,0,False,72413.97,0.0,10097.428380485724,0.004405911425160003,-0.04433478603990104
2026-04-09 21:00:00+00:00,9664.645468980914,3083.3580704735878,0.091071638443081,1,False,72264.95,-0.002319961256648906,10076.648981465618,-0.0020578902109634756,-0.04655189231061563
2026-04-09 22:00:00+00:00,9635.599080615877,3083.3580704735878,0.091071638443081,1,False,71946.01,-0.0030054271994004456,10032.175880382056,-0.004413481224300186,-0.04941741118668219
2026-04-09 23:00:00+00:00,9621.206118876333,3083.3580704735878,0.091071638443081,1,False,71787.97,-0.001493727750514151,10010.138729522187,-0.0021966471802954413,-0.050837322778748195
2026-04-10 00:00:00+00:00,9637.149119902178,3083.3580704735878,0.091071638443081,1,False,71963.03,0.0016570688569457204,10034.549154917839,0.0024385701392588555,-0.04926449486614959
2026-04-10 01:00:00+00:00,9654.898982234736,3083.3580704735878,0.091071638443081,1,False,72157.93,0.0018418167148519515,10061.726076599616,0.002708335099286252,-0.04751341432139078
2026-04-10 02:00:00+00:00,9637.361316819752,3083.3580704735878,0.091071638443081,1,False,71965.36,-0.0018164525022222877,10034.874050903054,-0.002668729549198501,-0.049243560963279864
2026-04-10 03:00:00+00:00,9628.55560009869,3083.3580704735878,0.091071638443081,1,False,71868.67,-0.0009137061931767665,10021.391564718286,-0.0013435630697881118,-0.050112273009830455
2026-04-10 04:00:00+00:00,9651.197830848407,3083.3580704735878,0.091071638443081,1,False,72117.29,0.002351570857573204,10056.059221303834,0.0034593655343835295,-0.047878544713073845
2026-04-10 05:00:00+00:00,9652.158636633983,3083.3580704735878,0.091071638443081,1,False,72127.84,9.95530091099095e-05,10057.53031685921,0.00014628946817052402,-0.04778375815716185
2026-04-10 06:00:00+00:00,9622.791676101628,3083.3580704735878,0.091071638443081,1,False,71805.38,-0.0030425277534184003,10012.566385789401,-0.004470673182504603,-0.0506809025002245
2026-04-10 07:00:00+00:00,9593.327268916139,3083.3580704735878,0.091071638443081,1,False,71481.85,-0.003061939630124688,9967.453253558997,-0.004505651247859177,-0.0535876602664932
2026-04-10 08:00:00+00:00,9604.640187843537,3083.3580704735878,0.091071638443081,1,False,71606.07,0.0011792487226047754,9984.774532221441,0.0017377837870731216,-0.052471604723805076
2026-04-10 09:00:00+00:00,9621.155118758805,3083.3580704735878,0.091071638443081,1,False,71787.41,0.0017194741908364009,10010.060642933468,0.0025324668704762576,-0.05084235410304294
2026-04-10 10:00:00+00:00,9632.327787363003,3083.3580704735878,0.091071638443081,1,False,71910.09,0.0011612606247679569,10027.167183476926,0.0017089347561081158,-0.04974013470216554
2026-04-10 11:00:00+00:00,9652.135868724372,3083.3580704735878,0.091071638443081,1,False,72127.59,0.002056416870214406,10057.495456774961,0.0030246103154649706,-0.04778600428407931
2026-04-10 12:00:00+00:00,9643.302678811815,9643.302678811815,0.0,0,False,72258.68,-0.0009151539133611664,10075.774690552613,0.0018174737295395538,-0.04865742664861605
2026-04-10 13:00:00+00:00,9643.302678811815,9643.302678811815,0.0,0,False,72321.4,0.0,10084.520388489407,0.0008679926065631172,-0.04865742664861605
2026-04-10 14:00:00+00:00,9643.302678811815,9643.302678811815,0.0,0,False,72909.0,0.0,10166.45553051205,0.008124842715987235,-0.04865742664861605
2026-04-10 15:00:00+00:00,9643.302678811815,9643.302678811815,0.0,0,False,72460.51,0.0,10103.917933769819,-0.006151366772277789,-0.04865742664861605
2026-04-10 16:00:00+00:00,9643.302678811815,9643.302678811815,0.0,0,False,72992.33,0.0,10178.075093794467,0.00733944599617109,-0.04865742664861605
2026-04-10 17:00:00+00:00,9643.302678811815,9643.302678811815,0.0,0,False,73121.66,0.0,10196.108912578995,0.00177182999912473,-0.04865742664861605
2026-04-10 18:00:00+00:00,9643.302678811815,9643.302678811815,0.0,0,False,73107.07,0.0,10194.074478062128,-0.00019953048111887028,-0.04865742664861605
2026-04-10 19:00:00+00:00,9643.302678811815,9643.302678811815,0.0,0,False,73236.11,0.0,10212.067859148925,0.0017650823648109881,-0.04865742664861605
2026-04-10 20:00:00+00:00,9646.031656974366,2359.2029199363033,0.0993274518391354,1,False,73361.68,0.0002829920674944919,10229.577382266321,0.0017145913402554225,-0.048388204246887834
2026-04-10 21:00:00+00:00,9629.045669435356,2359.2029199363033,0.0993274518391354,1,False,73190.67,-0.0017609301050477422,10205.731690235532,-0.0023310534873246525,-0.05006392610634813
2026-04-10 22:00:00+00:00,9597.889627616973,2359.2029199363033,0.0993274518391354,1,False,72877.0,-0.003235631327129229,10161.993439727972,-0.004285655535056554,-0.05313756902580857
2026-04-10 23:00:00+00:00,9606.401990239588,2359.2029199363033,0.0993274518391354,1,False,72962.7,0.0008868994073574221,10173.943476609082,0.0011759540046927253,-0.05229779729692852
2026-04-11 00:00:00+00:00,9593.064300006628,2359.2029199363033,0.0993274518391354,1,False,72828.42,-0.0013884168335357439,10155.219428156392,-0.0018403924196884747,-0.05361360298834039
2026-04-11 01:00:00+00:00,9605.576579114804,2359.2029199363033,0.0993274518391354,1,False,72954.39,0.0013043047265062224,10172.78472740859,0.001729681901653235,-0.05237922673761697
2026-04-11 02:00:00+00:00,9606.786387478205,2359.2029199363033,0.0993274518391354,1,False,72966.57,0.00012594854181169346,10174.483110713283,0.00016695362677987546,-0.052259875283033996
2026-04-11 03:00:00+00:00,9596.859601941404,2359.2029199363033,0.0993274518391354,1,False,72866.63,-0.001033309697584306,10160.547443433257,-0.0013696683289348144,-0.05323918434469377
2026-04-11 04:00:00+00:00,9590.845324732541,2359.2029199363033,0.0993274518391354,1,False,72806.08,-0.0006266922158207899,10152.104331027758,-0.0008309702260143048,-0.05383251197810912
2026-04-11 05:00:00+00:00,9582.521684268422,2359.2029199363033,0.0993274518391354,1,False,72722.28,-0.0008678734962657142,10140.419230786953,-0.0011510027733947492,-0.05465366566399166
2026-04-11 06:00:00+00:00,9586.466970655474,2359.2029199363033,0.0993274518391354,1,False,72762.0,0.0004117169276567356,10145.95780097269,0.0005461874957715107,-0.054264450575647216
2026-04-11 07:00:00+00:00,9584.816148405907,2359.2029199363033,0.0993274518391354,1,False,72745.38,-0.00017220340450974092,10143.64030257171,-0.00022841593139266703,-0.0544273094570239
2026-04-11 08:00:00+00:00,9576.74976604205,2359.2029199363033,0.0993274518391354,1,False,72664.17,-0.0008415792477353135,10132.316352803738,-0.001116359554380164,-0.05522308381061014
2026-04-11 09:00:00+00:00,9600.88037719185,2359.2029199363033,0.0993274518391354,1,False,72907.11,0.002519707806855731,10166.191988275117,0.0033433258784902886,-0.05284252203915063
2026-04-11 10:00:00+00:00,9594.58301674525,2359.2029199363033,0.0993274518391354,1,False,72843.71,-0.0006559148952174354,10157.351470909161,-0.0008695996865052402,-0.05346377673706171
2026-04-11 11:00:00+00:00,9584.84754414244,9584.84754414244,0.0,0,False,72907.05,-0.0010146842844361847,10166.183621854896,0.0008695328670107472,-0.05442421216745619
2026-04-11 12:00:00+00:00,9584.84754414244,9584.84754414244,0.0,0,False,72940.49,0.0,10170.846506724258,0.0004586662058059243,-0.05442421216745619
2026-04-11 13:00:00+00:00,9584.84754414244,9584.84754414244,0.0,0,False,72658.07,0.0,10131.465766748024,-0.0038719235365707316,-0.05442421216745619
2026-04-11 14:00:00+00:00,9584.84754414244,9584.84754414244,0.0,0,False,72704.67,0.0,10137.963686452338,0.0006413602783559291,-0.05442421216745619
2026-04-11 15:00:00+00:00,9584.84754414244,9584.84754414244,0.0,0,False,72858.17,0.0,10159.367778182215,0.002111281159793421,-0.05442421216745619
2026-04-11 16:00:00+00:00,9584.84754414244,9584.84754414244,0.0,0,False,73034.33,0.0,10183.93158794857,0.0024178482660217604,-0.05442421216745619
2026-04-11 17:00:00+00:00,9584.84754414244,9584.84754414244,0.0,0,False,73095.97,0.0,10192.5266903214,0.0008439866566858356,-0.05442421216745619
2026-04-11 18:00:00+00:00,9584.84754414244,9584.84754414244,0.0,0,False,73547.89,0.0,10255.542567419549,0.006182556986383592,-0.05442421216745619
2026-04-11 19:00:00+00:00,9584.84754414244,9584.84754414244,0.0,0,False,73687.15,0.0,10274.961028750511,0.0018934601658864292,-0.05442421216745619
2026-04-11 20:00:00+00:00,9584.84754414244,9584.84754414244,0.0,0,False,73290.43,0.0,10219.642258254897,-0.005383842366002756,-0.05442421216745619
2026-04-11 21:00:00+00:00,9584.84754414244,9584.84754414244,0.0,0,False,73427.04,0.0,10238.691202692802,0.0018639541342573285,-0.05442421216745619
2026-04-11 22:00:00+00:00,9584.84754414244,9584.84754414244,0.0,0,False,73376.01,0.0,10231.575562295568,-0.0006949755839265048,-0.05442421216745619
2026-04-11 23:00:00+00:00,9584.84754414244,9584.84754414244,0.0,0,False,73043.16,0.0,10185.162846124302,-0.004536223760326918,-0.05442421216745619
2026-04-12 00:00:00+00:00,9584.84754414244,9584.84754414244,0.0,0,False,73079.96,0.0,10190.294250525993,0.0005038117189892777,-0.05442421216745619
2026-04-12 01:00:00+00:00,9584.84754414244,9584.84754414244,0.0,0,False,71643.69,0.0,9990.020277699474,-0.01965340429852469,-0.05442421216745619
2026-04-12 02:00:00+00:00,9584.84754414244,9584.84754414244,0.0,0,False,71761.35,0.0,10006.426827751184,0.0016422939689455518,-0.05442421216745619
2026-04-12 03:00:00+00:00,9584.84754414244,9584.84754414244,0.0,0,False,71593.19,0.0,9982.97854068085,-0.002343322693901473,-0.05442421216745619
2026-04-12 04:00:00+00:00,9584.84754414244,9584.84754414244,0.0,0,False,71466.53,0.0,9965.317027596118,-0.0017691626815343753,-0.05442421216745619
2026-04-12 05:00:00+00:00,9584.84754414244,9584.84754414244,0.0,0,False,71710.2,0.0,9999.294454513507,0.003409568087326953,-0.05442421216745619
2026-04-12 06:00:00+00:00,9584.84754414244,9584.84754414244,0.0,0,False,71668.01,0.0,9993.411466695374,-0.0005883402918970271,-0.05442421216745619
2026-04-12 07:00:00+00:00,9584.84754414244,9584.84754414244,0.0,0,False,71665.0,0.0,9992.991751280995,-4.199921275904739e-05,-0.05442421216745619
2026-04-12 08:00:00+00:00,9584.84754414244,9584.84754414244,0.0,0,False,71629.21,0.0,9988.001181619678,-0.0004994069629524756,-0.05442421216745619
2026-04-12 09:00:00+00:00,9584.84754414244,9584.84754414244,0.0,0,False,71531.94,0.0,9974.437820039448,-0.0013579655562306892,-0.05442421216745619
2026-04-12 10:00:00+00:00,9584.84754414244,9584.84754414244,0.0,0,False,71452.89,0.0,9963.415061399404,-0.0011051007424095483,-0.05442421216745619
2026-04-12 11:00:00+00:00,9584.84754414244,9584.84754414244,0.0,0,False,71468.55,0.0,9965.598697076864,0.00021916538295396748,-0.05442421216745619
2026-04-12 12:00:00+00:00,9584.84754414244,9584.84754414244,0.0,0,False,71084.01,0.0,9911.978309885939,-0.00538054850700076,-0.05442421216745619
2026-04-12 13:00:00+00:00,9584.84754414244,9584.84754414244,0.0,0,False,70889.42,0.0,9884.84461470863,-0.0027374651486319346,-0.05442421216745619
2026-04-12 14:00:00+00:00,9584.84754414244,9584.84754414244,0.0,0,False,70748.34,0.0,9865.172371964323,-0.0019901418293449824,-0.05442421216745619
2026-04-12 15:00:00+00:00,9584.84754414244,9584.84754414244,0.0,0,False,70892.03,0.0,9885.208553988208,0.0020310017167897154,-0.05442421216745619
2026-04-12 16:00:00+00:00,9584.84754414244,9584.84754414244,0.0,0,False,70936.27,0.0,9891.377394497196,0.0006240475833461101,-0.05442421216745619
2026-04-12 17:00:00+00:00,9584.84754414244,9584.84754414244,0.0,0,False,71140.51,0.0,9919.856688926578,0.0028792041081382447,-0.05442421216745619
2026-04-12 18:00:00+00:00,9584.84754414244,9584.84754414244,0.0,0,False,71137.64,0.0,9919.45649515938,-4.0342696446926674e-05,-0.05442421216745619
2026-04-12 19:00:00+00:00,9584.84754414244,9584.84754414244,0.0,0,False,71084.18,0.0,9912.00201474323,-0.0007515008931979761,-0.05442421216745619
2026-04-12 20:00:00+00:00,9584.84754414244,9584.84754414244,0.0,0,False,71335.43,0.0,9947.036399415096,0.0035345417222227837,-0.05442421216745619
2026-04-12 21:00:00+00:00,9584.84754414244,9584.84754414244,0.0,0,False,71364.02,0.0,9951.022998649996,0.00040078261251119685,-0.05442421216745619
2026-04-12 22:00:00+00:00,9584.84754414244,9584.84754414244,0.0,0,False,70912.73,0.0,9888.094968964158,-0.006323774921872305,-0.05442421216745619
2026-04-12 23:00:00+00:00,9584.84754414244,9584.84754414244,0.0,0,False,70740.98,0.0,9864.146091083987,-0.0024219910867907535,-0.05442421216745619
2026-04-13 00:00:00+00:00,9584.84754414244,9584.84754414244,0.0,0,False,71172.62,0.0,9924.334118147726,0.006101696640334886,-0.05442421216745619
2026-04-13 01:00:00+00:00,9584.84754414244,9584.84754414244,0.0,0,False,71197.64,0.0,9927.822915379527,0.00035153967916312645,-0.05442421216745619
2026-04-13 02:00:00+00:00,9584.84754414244,9584.84754414244,0.0,0,False,71073.14,0.0,9910.46259342272,-0.0017486534666038,-0.05442421216745619
2026-04-13 03:00:00+00:00,9584.84754414244,9584.84754414244,0.0,0,False,70976.0,0.0,9896.917359086303,-0.0013667610576933997,-0.05442421216745619
2026-04-13 04:00:00+00:00,9584.84754414244,9584.84754414244,0.0,0,False,70890.3,0.0,9884.967322205193,-0.0012074504057708602,-0.05442421216745619
2026-04-13 05:00:00+00:00,9584.84754414244,9584.84754414244,0.0,0,False,70878.82,0.0,9883.366547136406,-0.00016194035009020613,-0.05442421216745619
2026-04-13 06:00:00+00:00,9584.84754414244,9584.84754414244,0.0,0,False,71017.66,0.0,9902.726443525828,0.0019588362221607536,-0.05442421216745619
2026-04-13 07:00:00+00:00,9584.84754414244,9584.84754414244,0.0,0,False,70813.88,0.0,9874.311291651466,-0.0028694271255911286,-0.05442421216745619
2026-04-13 08:00:00+00:00,9584.84754414244,9584.84754414244,0.0,0,False,70680.7,0.0,9855.740627569478,-0.0018807047431944612,-0.05442421216745619
2026-04-13 09:00:00+00:00,9584.84754414244,9584.84754414244,0.0,0,False,70792.88,0.0,9871.383044574415,0.0015871376486087385,-0.05442421216745619
2026-04-13 10:00:00+00:00,9584.84754414244,9584.84754414244,0.0,0,False,70755.88,0.0,9866.223752105325,-0.0005226514304828012,-0.05442421216745619
2026-04-13 11:00:00+00:00,9584.84754414244,9584.84754414244,0.0,0,False,70929.68,0.0,9890.45848267635,0.0024563329577695914,-0.05442421216745619
2026-04-13 12:00:00+00:00,9584.84754414244,9584.84754414244,0.0,0,False,71074.91,0.0,9910.709402819217,0.0020475208685561963,-0.05442421216745619
2026-04-13 13:00:00+00:00,9584.84754414244,9584.84754414244,0.0,0,False,71662.65,0.0,9992.66406648904,0.008269303471506229,-0.05442421216745619
2026-04-13 14:00:00+00:00,9584.84754414244,9584.84754414244,0.0,0,False,72400.15,0.0,10095.50131502835,0.010291274464452549,-0.05442421216745619
2026-04-13 15:00:00+00:00,9584.84754414244,9584.84754414244,0.0,0,False,71866.59,0.0,10021.10152881732,-0.007369597991164323,-0.05442421216745619
2026-04-13 16:00:00+00:00,9584.84754414244,9584.84754414244,0.0,0,False,72202.36,0.0,10067.921410772637,0.004672129288449733,-0.05442421216745619
2026-04-13 17:00:00+00:00,9584.84754414244,9584.84754414244,0.0,0,False,72148.87,0.0,10060.462747146374,-0.0007408345101186375,-0.05442421216745619
2026-04-13 18:00:00+00:00,9584.84754414244,9584.84754414244,0.0,0,False,72424.86,0.0,10098.946885755682,0.003825285136136003,-0.05442421216745619
2026-04-13 19:00:00+00:00,9668.50861473053,2014.0466560764144,0.10439399301137238,1,False,73322.82,0.008728471705240493,10224.158730770407,0.012398505154169293,-0.04617078065819946
2026-04-13 20:00:00+00:00,9650.400432702776,2014.0466560764144,0.10439399301137238,1,False,73149.36,-0.001872903334870668,10199.971409913962,-0.0023657027921183404,-0.04795721058400182
2026-04-13 21:00:00+00:00,9653.568790390673,2014.0466560764144,0.10439399301137238,1,False,73179.71,0.000328313597968366,10204.203424141986,0.00041490451864500955,-0.04764464199038865
2026-04-13 22:00:00+00:00,9758.479213472607,9758.479213472607,0.0,0,False,74627.04,0.010867527373541241,10406.019607095748,0.019777749870831363,-0.03729489406788056
2026-04-13 23:00:00+00:00,9731.90956861851,3302.51072149623,0.0863957605831907,1,False,74417.99,-0.0027227239278652116,10376.869604645386,-0.002801263456248426,-0.03991607429527988
2026-04-14 00:00:00+00:00,9709.95035815108,3302.51072149623,0.0863957605831907,1,False,74163.82,-0.0022564133290181587,10341.428054189473,-0.003415437584379677,-0.04208242046221611
2026-04-14 01:00:00+00:00,9729.147496152666,3302.51072149623,0.0863957605831907,1,False,74386.02,0.0019770583055009894,10372.411697071419,0.0029960700514077843,-0.04018856155560546
2026-04-14 02:00:00+00:00,9724.392273490166,3302.51072149623,0.0863957605831907,1,False,74330.98,-0.0004887604658455613,10364.736900922802,-0.0007399239803393964,-0.04065767944138343
2026-04-14 03:00:00+00:00,9734.193872528329,3302.51072149623,0.0863957605831907,1,False,74444.43,0.001007939495086374,10380.556407155731,0.0015262815046970246,-0.03969072042718469
2026-04-14 04:00:00+00:00,9729.305600394533,3302.51072149623,0.0863957605831907,1,False,74387.85,-0.0005021753416676322,10372.666872888132,-0.000760029998214784,-0.04017296406776072
2026-04-14 05:00:00+00:00,9713.949617908476,3302.51072149623,0.0863957605831907,1,False,74210.11,-0.0015783225562813197,10347.882747389316,-0.0023893686939465697,-0.04168788072870122
2026-04-14 06:00:00+00:00,9740.958660581993,3302.51072149623,0.0863957605831907,1,False,74522.73,0.0027804388262138158,10391.474585543023,0.004212633561653467,-0.03902335250464817
2026-04-14 07:00:00+00:00,9742.969089930764,3302.51072149623,0.0863957605831907,1,False,74546.0,0.00020638927017579967,10394.719362185071,0.00031225372446774813,-0.03882501723571552
2026-04-14 08:00:00+00:00,9760.593825089734,3302.51072149623,0.0863957605831907,1,False,74750.0,0.0018089696268446254,10423.165190933572,0.0027365653422048997,-0.037086280885812006
2026-04-14 09:00:00+00:00,9738.994884943939,3302.51072149623,0.0863957605831907,1,False,74500.0,-0.0022128715253241227,10388.305106682958,-0.0033444816053512794,-0.039217085236183835
2026-04-14 10:00:00+00:00,9726.036384814064,3302.51072149623,0.0863957605831907,1,False,74350.01,-0.0013305788002730967,10367.390450535959,-0.002013288590604123,-0.04049548261423308
2026-04-14 11:00:00+00:00,9728.326736427127,3302.51072149623,0.0863957605831907,1,False,74376.52,0.00023548663838424133,10371.087013869896,0.0003565567778673895,-0.04026953212091944
2026-04-14 12:00:00+00:00,9734.847888435945,3302.51072149623,0.0863957605831907,1,False,74452.0,0.0006703261707277086,10381.61197050684,0.001014836402670971,-0.03962619967145531
2026-04-14 13:00:00+00:00,9827.631751556655,3302.51072149623,0.0863957605831907,1,False,75525.94,0.009531105589326128,10531.362526027257,0.014424595712673849,-0.03047277557530159
2026-04-14 14:00:00+00:00,9783.369475494675,3302.51072149623,0.0863957605831907,1,False,75013.62,-0.004503859849548042,10459.924452574158,-0.006783364761828947,-0.03483939031443184
2026-04-14 15:00:00+00:00,9809.586269043646,3302.51072149623,0.0863957605831907,1,False,75317.07,0.0026797304972114855,10502.237622837554,0.004045265379807095,-0.03225301999395025
2026-04-14 16:00:00+00:00,9752.1443197047,3302.51072149623,0.0863957605831907,1,False,74652.2,-0.005855695415026618,10409.527925974731,-0.008827613713597748,-0.03791985154767752
2026-04-14 17:00:00+00:00,9760.498789753094,3302.51072149623,0.0863957605831907,1,False,74748.9,0.0008566803130172218,10423.011806562869,0.0012953402578892437,-0.037095656424953605
2026-04-14 18:00:00+00:00,9703.848225581089,3302.51072149623,0.0863957605831907,1,False,74093.19,-0.005804064463537317,10331.579383186989,-0.00877216922255708,-0.042684415307283285
2026-04-14 19:00:00+00:00,9695.334460450227,9695.334460450227,0.0,0,False,74223.18,-0.0008773596755581314,10349.705232593938,0.0017544122476034207,-0.04352432539807605
2026-04-14 20:00:00+00:00,9695.334460450227,9695.334460450227,0.0,0,False,74102.29,0.0,10332.848290253709,-0.0016287364675027227,-0.04352432539807605
2026-04-14 21:00:00+00:00,9695.334460450227,9695.334460450227,0.0,0,False,74277.15,0.0,10357.23082758196,0.002359711150627275,-0.04352432539807605
2026-04-14 22:00:00+00:00,9695.334460450227,9695.334460450227,0.0,0,False,74023.15,0.0,10321.812981983336,-0.003419625012537564,-0.04352432539807605
2026-04-14 23:00:00+00:00,9695.334460450227,9695.334460450227,0.0,0,False,74131.55,0.0,10336.928314514404,0.0014644067430258367,-0.04352432539807605
2026-04-15 00:00:00+00:00,9695.334460450227,9695.334460450227,0.0,0,False,74568.36,0.0,10397.837248120446,0.005892362968263898,-0.04352432539807605
2026-04-15 01:00:00+00:00,9695.334460450227,9695.334460450227,0.0,0,False,74613.28,0.0,10404.100908058595,0.0006024002673519213,-0.04352432539807605
2026-04-15 02:00:00+00:00,9695.334460450227,9695.334460450227,0.0,0,False,74322.0,0.0,10363.48472669652,-0.003903862690394999,-0.04352432539807605
2026-04-15 03:00:00+00:00,9695.334460450227,9695.334460450227,0.0,0,False,74345.97,0.0,10366.82711157447,0.0003225155404860125,-0.04352432539807605
2026-04-15 04:00:00+00:00,9695.334460450227,9695.334460450227,0.0,0,False,74340.38,0.0,10366.047640090626,-7.518901158998226e-05,-0.04352432539807605
2026-04-15 05:00:00+00:00,9695.334460450227,9695.334460450227,0.0,0,False,74021.5,0.0,10321.582905427284,-0.004289458837848259,-0.04352432539807605
2026-04-15 06:00:00+00:00,9695.334460450227,9695.334460450227,0.0,0,False,73891.62,0.0,10303.472394457403,-0.0017546253453389893,-0.04352432539807605
2026-04-15 07:00:00+00:00,9695.334460450227,9695.334460450227,0.0,0,False,73730.43,0.0,10280.996006535977,-0.0021814381657893067,-0.04352432539807605
2026-04-15 08:00:00+00:00,9695.334460450227,9695.334460450227,0.0,0,False,74110.51,0.0,10333.994489823872,0.005154995027155218,-0.04352432539807605
2026-04-15 09:00:00+00:00,9695.334460450227,9695.334460450227,0.0,0,False,74011.69,0.0,10320.214995721288,-0.0013334141135988853,-0.04352432539807605
2026-04-15 10:00:00+00:00,9695.334460450227,9695.334460450227,0.0,0,False,73864.75,0.0,10299.725632602147,-0.0019853620421314,-0.04352432539807605
2026-04-15 11:00:00+00:00,9695.334460450227,9695.334460450227,0.0,0,False,74201.78,0.0,10346.721209382085,0.004562798899339748,-0.04352432539807605
2026-04-15 12:00:00+00:00,9695.334460450227,9695.334460450227,0.0,0,False,74273.77,0.0,10356.759519242893,0.0009701923592668749,-0.04352432539807605
2026-04-15 13:00:00+00:00,9695.334460450227,9695.334460450227,0.0,0,False,74063.92,0.0,10327.497964522927,-0.0028253581311410425,-0.04352432539807605
2026-04-15 14:00:00+00:00,9695.334460450227,9695.334460450227,0.0,0,False,74151.81,0.0,10339.753375742073,0.0011866776697750936,-0.04352432539807605
2026-04-15 15:00:00+00:00,9695.334460450227,9695.334460450227,0.0,0,False,73844.08,0.0,10296.843400836307,-0.004149999844912822,-0.04352432539807605
2026-04-15 16:00:00+00:00,9695.334460450227,9695.334460450227,0.0,0,False,73941.09,0.0,10310.370507928914,0.00131371397680069,-0.04352432539807605
2026-04-15 17:00:00+00:00,9695.334460450227,9695.334460450227,0.0,0,False,74134.95,0.0,10337.40241166021,0.002621816908568775,-0.04352432539807605
2026-04-15 18:00:00+00:00,9695.334460450227,9695.334460450227,0.0,0,False,74390.29,0.0,10373.007107310417,0.0034442594215009503,-0.04352432539807605
2026-04-15 19:00:00+00:00,9695.334460450227,9695.334460450227,0.0,0,False,75002.6,0.0,10458.387820060392,0.008231047358465915,-0.04352432539807605
2026-04-15 20:00:00+00:00,9695.334460450227,9695.334460450227,0.0,0,False,74841.68,0.0,10435.949081029956,-0.00214552562177861,-0.04352432539807605
2026-04-15 21:00:00+00:00,9695.334460450227,9695.334460450227,0.0,0,False,74743.1,0.0,10422.203052608256,-0.001317180480181368,-0.04352432539807605
2026-04-15 22:00:00+00:00,9695.334460450227,9695.334460450227,0.0,0,False,74964.0,0.0,10453.005423052098,0.002955456757881336,-0.04352432539807605
2026-04-15 23:00:00+00:00,9695.334460450227,9695.334460450227,0.0,0,False,74809.99,0.0,10431.530216750349,-0.0020544528040127297,-0.04352432539807605
2026-04-16 00:00:00+00:00,9695.334460450227,9695.334460450227,0.0,0,False,74815.1,0.0,10432.242756872432,6.830638528376731e-05,-0.04352432539807605
2026-04-16 01:00:00+00:00,9695.334460450227,9695.334460450227,0.0,0,False,74657.66,0.0,10410.289270214766,-0.0021043880179268948,-0.04352432539807605
2026-04-16 02:00:00+00:00,9695.334460450227,9695.334460450227,0.0,0,False,74887.24,0.0,10442.301982783789,0.0030751030771658527,-0.04352432539807605
2026-04-16 03:00:00+00:00,9695.334460450227,9695.334460450227,0.0,0,False,74888.21,0.0,10442.437239910683,1.2952807447730308e-05,-0.04352432539807605
2026-04-16 04:00:00+00:00,9695.334460450227,9695.334460450227,0.0,0,False,74944.15,0.0,10450.237532362598,0.000746980065353231,-0.04352432539807605
2026-04-16 05:00:00+00:00,9695.334460450227,9695.334460450227,0.0,0,False,75043.48,0.0,10464.088141037053,0.0013253869714981992,-0.04352432539807605
2026-04-16 06:00:00+00:00,9695.334460450227,9695.334460450227,0.0,0,False,75045.01,0.0,10464.301484752667,2.0388180292263414e-05,-0.04352432539807605
2026-04-16 07:00:00+00:00,9695.334460450227,9695.334460450227,0.0,0,False,74707.03,0.0,10417.173439652577,-0.004503697181198252,-0.04352432539807605
2026-04-16 08:00:00+00:00,9695.334460450227,9695.334460450227,0.0,0,False,74677.91,0.0,10413.112937039066,-0.0003897892875676101,-0.04352432539807605
2026-04-16 09:00:00+00:00,9695.334460450227,9695.334460450227,0.0,0,False,74594.02,0.0,10401.415287167929,-0.00112335763012128,-0.04352432539807605
2026-04-16 10:00:00+00:00,9695.334460450227,9695.334460450227,0.0,0,False,74313.0,0.0,10362.2297636635,-0.0037673261207801234,-0.04352432539807605
2026-04-16 11:00:00+00:00,9695.334460450227,9695.334460450227,0.0,0,False,74574.79,0.0,10398.73384948737,0.003522802201498809,-0.04352432539807605
2026-04-16 12:00:00+00:00,9695.334460450227,9695.334460450227,0.0,0,False,74624.0,0.0,10405.595708471263,0.000659874469643329,-0.04352432539807605
2026-04-16 13:00:00+00:00,9695.334460450227,9695.334460450227,0.0,0,False,73788.03,0.0,10289.027769947319,-0.011202428173241907,-0.04352432539807605
2026-04-16 14:00:00+00:00,9695.334460450227,9695.334460450227,0.0,0,False,73973.33,0.0,10314.866064393875,0.0025112474204826984,-0.04352432539807605
2026-04-16 15:00:00+00:00,9695.334460450227,9695.334460450227,0.0,0,False,74697.19,0.0,10415.801346736473,0.009785418609653096,-0.04352432539807605
2026-04-16 16:00:00+00:00,9695.334460450227,9695.334460450227,0.0,0,False,74175.57,0.0,10343.066478149252,-0.006983127477753759,-0.04352432539807605
2026-04-16 17:00:00+00:00,9695.334460450227,9695.334460450227,0.0,0,False,74343.25,0.0,10366.447833857823,0.0022605825610775288,-0.04352432539807605
2026-04-16 18:00:00+00:00,9695.334460450227,9695.334460450227,0.0,0,False,75026.71,0.0,10461.749726585524,0.009193302687197757,-0.04352432539807605
2026-04-16 19:00:00+00:00,9695.334460450227,9695.334460450227,0.0,0,False,75342.99,0.0,10505.851916372658,0.004215565363321794,-0.04352432539807605
2026-04-16 20:00:00+00:00,9695.334460450227,9695.334460450227,0.0,0,False,75223.47,0.0,10489.186007294124,-0.0015863453255572368,-0.04352432539807605
2026-04-16 21:00:00+00:00,9695.334460450227,9695.334460450227,0.0,0,False,74934.24,0.0,10448.855678622904,-0.0038449436060313813,-0.04352432539807605
2026-04-16 22:00:00+00:00,9695.334460450227,9695.334460450227,0.0,0,False,74867.92,0.0,10439.607995472901,-0.0008850426720815596,-0.04352432539807605
2026-04-16 23:00:00+00:00,9695.334460450227,9695.334460450227,0.0,0,False,75154.29,0.0,10479.539524780294,0.0038250027515120966,-0.04352432539807605
2026-04-17 00:00:00+00:00,9695.334460450227,9695.334460450227,0.0,0,False,74944.98,0.0,10450.35326784231,-0.002785070552858593,-0.04352432539807605
2026-04-17 01:00:00+00:00,9695.334460450227,9695.334460450227,0.0,0,False,74750.0,0.0,10423.165190933572,-0.002601641897829521,-0.04352432539807605
2026-04-17 02:00:00+00:00,9695.334460450227,9695.334460450227,0.0,0,False,74700.0,0.0,10416.19317408345,-0.0006688963210702559,-0.04352432539807605
2026-04-17 03:00:00+00:00,9695.334460450227,9695.334460450227,0.0,0,False,74615.82,0.0,10404.455086514583,-0.0011269076305221448,-0.04352432539807605
2026-04-17 04:00:00+00:00,9695.334460450227,9695.334460450227,0.0,0,False,74791.39,0.0,10428.936626482102,0.0023529862702036386,-0.04352432539807605
2026-04-17 05:00:00+00:00,9695.334460450227,9695.334460450227,0.0,0,False,74637.77,0.0,10407.515801911786,-0.002053979742855261,-0.04352432539807605
2026-04-17 06:00:00+00:00,9695.334460450227,9695.334460450227,0.0,0,False,74938.52,0.0,10449.452483265275,0.004029461223185038,-0.04352432539807605
2026-04-17 07:00:00+00:00,9695.334460450227,9695.334460450227,0.0,0,False,75074.77,0.0,10468.45122918186,0.0018181570706226058,-0.04352432539807605
2026-04-17 08:00:00+00:00,9695.334460450227,9695.334460450227,0.0,0,False,75780.38,0.0,10566.841725374163,0.00939876339281498,-0.04352432539807605
2026-04-17 09:00:00+00:00,9695.334460450227,9695.334460450227,0.0,0,False,75779.99,0.0,10566.78734364273,-5.14645083604659e-06,-0.04352432539807605
2026-04-17 10:00:00+00:00,9635.558900601649,2154.24091319537,0.09938151204391726,1,False,75278.77,-0.006165394303045302,10496.89705793036,-0.006614147085530098,-0.04942137507326816
2026-04-17 11:00:00+00:00,9666.459594141463,2154.24091319537,0.09938151204391726,1,False,75589.7,0.0032069435575641236,10540.253241914534,0.004130380982579673,-0.04637292307610119
2026-04-17 12:00:00+00:00,9730.396689914916,2154.24091319537,0.09938151204391726,1,False,76233.05,0.0066143240087823685,10629.962182725065,0.008511080213309707,-0.04006532460577861
2026-04-17 13:00:00+00:00,9840.418980453376,2154.24091319537,0.09938151204391726,1,False,77340.12,0.011307071442677508,10784.332396610373,0.014522179028649607,-0.029211274650792762
2026-04-17 14:00:00+00:00,9871.537646368957,9871.537646368957,0.0,0,False,77886.77,0.003162331398428586,10860.557456832765,0.0070681297106856,-0.026141318983380457
2026-04-17 15:00:00+00:00,9854.95755692933,3547.473038995554,0.08108867900186663,1,False,77785.02,-0.0016795852919353482,10846.369402542765,-0.0013063836130321471,-0.02777699770043951
2026-04-17 16:00:00+00:00,9860.805672458944,3547.473038995554,0.08108867900186663,1,False,77857.14,0.0005934186419200849,10856.425839647382,0.0009271708100093701,-0.02720006244677131
2026-04-17 17:00:00+00:00,9833.515277540866,3547.473038995554,0.08108867900186663,1,False,77520.59,-0.002767562390393663,10809.497194229205,-0.004322660709088488,-0.029892346967321015
2026-04-17 18:00:00+00:00,9804.266591024892,3547.473038995554,0.08108867900186663,1,False,77159.89,-0.002974387662037392,10759.20106467242,-0.004652957362682564,-0.032777823201349365
2026-04-17 19:00:00+00:00,9823.216204420838,3547.473038995554,0.08108867900186663,1,False,77393.58,0.001932792547001183,10791.786877026525,0.003028646100973198,-0.030908383386738736
2026-04-17 20:00:00+00:00,9818.680103717474,3547.473038995554,0.08108867900186663,1,False,77337.64,-0.00046177347713505235,10783.986584574606,-0.0007227989711809935,-0.031355884192204586
2026-04-17 21:00:00+00:00,9827.444979030786,3547.473038995554,0.08108867900186663,1,False,77445.73,0.0008926734775678291,10799.058690601201,0.001397637683280717,-0.030491201280820723
2026-04-17 22:00:00+00:00,9815.729286688596,3547.473038995554,0.08108867900186663,1,False,77301.25,-0.0011921402121495284,10778.912350711087,-0.0018655644410607852,-0.03164699170580665
2026-04-17 23:00:00+00:00,9797.139707027418,3547.473038995554,0.08108867900186663,1,False,77072.0,-0.0018938561892073436,10746.945653453275,-0.0029656700247407963,-0.033480913043902105
2026-04-18 00:00:00+00:00,9804.924220211597,3547.473038995554,0.08108867900186663,1,False,77168.0,0.0007945699884830404,10760.33192580551,0.0012455885405855405,-0.0327129459841109
2026-04-18 01:00:00+00:00,9808.984330369221,3547.473038995554,0.08108867900186663,1,False,77218.07,0.00041408888701610636,10767.313703479223,0.0006488440804477413,-0.03231240316448836
2026-04-18 02:00:00+00:00,9815.02138252091,3547.473038995554,0.08108867900186663,1,False,77292.52,0.0006154614941118464,10777.695036569055,0.0009641525616994606,-0.031716828710306455
2026-04-18 03:00:00+00:00,9791.744877213425,3547.473038995554,0.08108867900186663,1,False,77005.47,-0.0023715185530759353,10737.6686878325,-0.0037138134453372773,-0.03401313021565122
2026-04-18 04:00:00+00:00,9799.470195661932,3547.473038995554,0.08108867900186663,1,False,77100.74,0.0007889623908079457,10750.953168738724,0.0012371848389471918,-0.03325100290537708
2026-04-18 05:00:00+00:00,9802.220723653676,3547.473038995554,0.08108867900186663,1,False,77134.66,0.0002806812957052429,10755.68298496985,0.00043994389677726176,-0.03297965454425078
2026-04-18 06:00:00+00:00,9802.330193370328,3547.473038995554,0.08108867900186663,1,False,77136.01,1.1167848565918348e-05,10755.871229424802,1.7501859734592173e-05,-0.032968855007472486
2026-04-18 07:00:00+00:00,9791.12292704548,3547.473038995554,0.08108867900186663,1,False,76997.8,-0.001143326750248308,10736.599180447693,-0.0017917701473021408,-0.034074487583865776
2026-04-18 08:00:00+00:00,9758.143820106854,9758.143820106854,0.0,0,False,76738.63,-0.003368266049191382,10700.460428306766,-0.0033659403255678066,-0.037327981693384804
2026-04-18 09:00:00+00:00,9758.143820106854,9758.143820106854,0.0,0,False,76599.89,0.0,10681.114475951044,-0.001807955132897221,-0.037327981693384804
2026-04-18 10:00:00+00:00,9758.143820106854,9758.143820106854,0.0,0,False,76189.56,0.0,10623.897922468828,-0.005356796204276426,-0.037327981693384804
2026-04-18 11:00:00+00:00,9758.143820106854,9758.143820106854,0.0,0,False,76039.05,0.0,10602.910757346588,-0.001975467504996775,-0.037327981693384804
2026-04-18 12:00:00+00:00,9758.143820106854,9758.143820106854,0.0,0,False,76206.97,0.0,10626.32557873604,0.0022083390047613616,-0.037327981693384804
2026-04-18 13:00:00+00:00,9758.143820106854,9758.143820106854,0.0,0,False,76122.87,0.0,10614.598646394132,-0.0011035735970084115,-0.037327981693384804
2026-04-18 14:00:00+00:00,9758.143820106854,9758.143820106854,0.0,0,False,76249.99,0.0,10632.324302033885,0.0016699317826562865,-0.037327981693384804
2026-04-18 15:00:00+00:00,9758.143820106854,9758.143820106854,0.0,0,False,76167.34,0.0,10620.799558180632,-0.0010839345683848478,-0.037327981693384804
2026-04-18 16:00:00+00:00,9758.143820106854,9758.143820106854,0.0,0,False,75943.35,0.0,10589.566317095454,-0.0029407617490644355,-0.037327981693384804
2026-04-18 17:00:00+00:00,9758.143820106854,9758.143820106854,0.0,0,False,75828.51,0.0,10573.55298879409,-0.0015121798024450017,-0.037327981693384804
2026-04-18 18:00:00+00:00,9758.143820106854,9758.143820106854,0.0,0,False,75651.78,0.0,10548.909698035646,-0.0023306537343276146,-0.037327981693384804
2026-04-18 19:00:00+00:00,9758.143820106854,9758.143820106854,0.0,0,False,75649.85,0.0,10548.640578185232,-2.551162708919197e-05,-0.037327981693384804
2026-04-18 20:00:00+00:00,9758.143820106854,9758.143820106854,0.0,0,False,75754.78,0.0,10563.2720527469,0.0013870483550197932,-0.037327981693384804
2026-04-18 21:00:00+00:00,9758.143820106854,9758.143820106854,0.0,0,False,75821.34,0.0,10572.553201577783,0.0008786244247558361,-0.037327981693384804
2026-04-18 22:00:00+00:00,9758.143820106854,9758.143820106854,0.0,0,False,75813.53,0.0,10571.464172545793,-0.00010300530167361988,-0.037327981693384804
2026-04-18 23:00:00+00:00,9758.143820106854,9758.143820106854,0.0,0,False,75691.76,0.0,10554.484522709005,-0.0016061776835876174,-0.037327981693384804
2026-04-19 00:00:00+00:00,9758.143820106854,9758.143820106854,0.0,0,False,75693.01,0.0,10554.658823130258,1.6514347136231677e-05,-0.037327981693384804
2026-04-19 01:00:00+00:00,9758.143820106854,9758.143820106854,0.0,0,False,75621.95,0.0,10544.750192782863,-0.0009387921024675006,-0.037327981693384804
2026-04-19 02:00:00+00:00,9758.143820106854,9758.143820106854,0.0,0,False,75496.0,0.0,10527.187682337404,-0.0016655217169089243,-0.037327981693384804
2026-04-19 03:00:00+00:00,9758.143820106854,9758.143820106854,0.0,0,False,75515.77,0.0,10529.944417799943,0.00026186817844653376,-0.037327981693384804
2026-04-19 04:00:00+00:00,9758.143820106854,9758.143820106854,0.0,0,False,75664.62,0.0,10550.700111962757,0.001971111464532216,-0.037327981693384804
2026-04-19 05:00:00+00:00,9758.143820106854,9758.143820106854,0.0,0,False,75545.6,0.0,10534.103923052726,-0.0015729940889148697,-0.037327981693384804
2026-04-19 06:00:00+00:00,9758.143820106854,9758.143820106854,0.0,0,False,75400.09,0.0,10513.813959615498,-0.0019261214418841988,-0.037327981693384804
2026-04-19 07:00:00+00:00,9758.143820106854,9758.143820106854,0.0,0,False,75252.34,0.0,10493.211649823385,-0.0019595467326365412,-0.037327981693384804
2026-04-19 08:00:00+00:00,9758.143820106854,9758.143820106854,0.0,0,False,75257.6,0.0,10493.94510599602,6.989815864888449e-05,-0.037327981693384804
2026-04-19 09:00:00+00:00,9758.143820106854,9758.143820106854,0.0,0,False,75015.0,0.0,10460.116880239222,-0.003223594693426479,-0.037327981693384804
2026-04-19 10:00:00+00:00,9758.143820106854,9758.143820106854,0.0,0,False,75222.45,0.0,10489.043778150382,0.0027654469106179747,-0.037327981693384804
2026-04-19 11:00:00+00:00,9758.143820106854,9758.143820106854,0.0,0,False,75604.11,0.0,10542.26257717074,0.005073751253781289,-0.037327981693384804
2026-04-19 12:00:00+00:00,9758.143820106854,9758.143820106854,0.0,0,False,75571.6,0.0,10537.72937181479,-0.0004300030778751074,-0.037327981693384804
2026-04-19 13:00:00+00:00,9758.143820106854,9758.143820106854,0.0,0,False,75921.75,0.0,10586.5544058162,0.004633354328874795,-0.037327981693384804
2026-04-19 14:00:00+00:00,9758.143820106854,9758.143820106854,0.0,0,False,76024.01,0.0,10600.81357467807,0.0013469131046108807,-0.037327981693384804
2026-04-19 15:00:00+00:00,9758.143820106854,9758.143820106854,0.0,0,False,75846.63,0.0,10576.079647700575,-0.0023332102581802294,-0.037327981693384804
2026-04-19 16:00:00+00:00,9758.143820106854,9758.143820106854,0.0,0,False,75382.86,0.0,10511.411402608946,-0.0061145762178227425,-0.037327981693384804
2026-04-19 17:00:00+00:00,9758.143820106854,9758.143820106854,0.0,0,False,74791.26,0.0,10428.918499238292,-0.007847937846879316,-0.037327981693384804
2026-04-19 18:00:00+00:00,9758.143820106854,9758.143820106854,0.0,0,False,74770.11,0.0,10425.969336110693,-0.0002827870529255039,-0.037327981693384804
2026-04-19 19:00:00+00:00,9758.143820106854,9758.143820106854,0.0,0,False,74965.47,0.0,10453.21040034749,0.0026128087814767387,-0.037327981693384804
2026-04-19 20:00:00+00:00,9758.143820106854,9758.143820106854,0.0,0,False,74630.0,0.0,10406.432350493276,-0.0044749936203961616,-0.037327981693384804
2026-04-19 21:00:00+00:00,9758.143820106854,9758.143820106854,0.0,0,False,74425.15,0.0,10377.867997458323,-0.002744874715261969,-0.037327981693384804
2026-04-19 22:00:00+00:00,9758.143820106854,9758.143820106854,0.0,0,False,74047.34,0.0,10325.186043735424,-0.005076375391920629,-0.037327981693384804
2026-04-19 23:00:00+00:00,9758.143820106854,9758.143820106854,0.0,0,False,73801.79,0.0,10290.946468984472,-0.0033161218215265187,-0.037327981693384804
2026-04-20 00:00:00+00:00,9758.143820106854,9758.143820106854,0.0,0,False,74280.01,0.0,10357.629626945787,0.006479788633853012,-0.037327981693384804
2026-04-20 01:00:00+00:00,9758.143820106854,9758.143820106854,0.0,0,False,74595.13,0.0,10401.570065942002,0.004242325761668608,-0.037327981693384804
2026-04-20 02:00:00+00:00,9758.143820106854,9758.143820106854,0.0,0,False,74410.01,0.0,10375.756870756108,-0.002481663347191687,-0.037327981693384804
2026-04-20 03:00:00+00:00,9758.143820106854,9758.143820106854,0.0,0,False,74634.0,0.0,10406.990111841287,0.00301021327641271,-0.037327981693384804
2026-04-20 04:00:00+00:00,9758.143820106854,9758.143820106854,0.0,0,False,74567.64,0.0,10397.736851077803,-0.0008891389983118891,-0.037327981693384804
2026-04-20 05:00:00+00:00,9758.143820106854,9758.143820106854,0.0,0,False,74264.15,0.0,10355.418103200927,-0.004069996046542457,-0.037327981693384804
2026-04-20 06:00:00+00:00,9758.143820106854,9758.143820106854,0.0,0,False,74786.59,0.0,10428.267312864491,0.0070348883007480545,-0.037327981693384804
2026-04-20 07:00:00+00:00,9758.143820106854,9758.143820106854,0.0,0,False,74837.17,0.0,10435.320205110076,0.000676324458703137,-0.037327981693384804
2026-04-20 08:00:00+00:00,9758.143820106854,9758.143820106854,0.0,0,False,74728.91,0.0,10420.22439422619,-0.0014466073476588903,-0.037327981693384804
2026-04-20 09:00:00+00:00,9758.143820106854,9758.143820106854,0.0,0,False,75062.77,0.0,10466.77794513783,0.004467615010040893,-0.037327981693384804
2026-04-20 10:00:00+00:00,9758.143820106854,9758.143820106854,0.0,0,False,75027.26,0.0,10461.826418770874,-0.0004730707379969612,-0.037327981693384804
2026-04-20 11:00:00+00:00,9758.143820106854,9758.143820106854,0.0,0,False,75192.71,0.0,10484.896822527931,0.0022051984838578065,-0.037327981693384804
2026-04-20 12:00:00+00:00,9758.143820106854,9758.143820106854,0.0,0,False,75289.9,0.0,10498.449028881198,0.0012925455140528896,-0.037327981693384804
2026-04-20 13:00:00+00:00,9758.143820106854,9758.143820106854,0.0,0,False,75269.38,0.0,10495.587713165909,-0.00027254651686325904,-0.037327981693384804
2026-04-20 14:00:00+00:00,9758.143820106854,9758.143820106854,0.0,0,False,75034.79,0.0,10462.876404508499,-0.0031166724104811916,-0.037327981693384804
2026-04-20 15:00:00+00:00,9758.143820106854,9758.143820106854,0.0,0,False,75716.77,0.0,10557.971925537437,0.009088850651811198,-0.037327981693384804
2026-04-20 16:00:00+00:00,9758.143820106854,9758.143820106854,0.0,0,False,75338.74,0.0,10505.259294940397,-0.0049926852400070665,-0.037327981693384804
2026-04-20 17:00:00+00:00,9758.143820106854,9758.143820106854,0.0,0,False,75898.14,0.0,10583.262219459571,0.007425130815832626,-0.037327981693384804
2026-04-20 18:00:00+00:00,9758.143820106854,9758.143820106854,0.0,0,False,76423.69,0.0,10656.545088571213,0.006924412113393119,-0.037327981693384804
2026-04-20 19:00:00+00:00,9737.614666061349,2873.0968309602704,0.08997105304197017,1,False,76296.96,-0.0021037970359900626,10638.873814662893,-0.001658255444090595,-0.039353248232128824
2026-04-20 20:00:00+00:00,9735.744167868605,2873.0968309602704,0.08997105304197017,1,False,76276.17,-0.00019208997859232468,10635.97485005661,-0.0002724879208819697,-0.03953777884611065
2026-04-20 21:00:00+00:00,9706.822073157733,2873.0968309602704,0.08997105304197017,1,False,75954.71,-0.002970712275526366,10591.150359323801,-0.00421442240741754,-0.04239103575667191
2026-04-20 22:00:00+00:00,9708.579207823643,2873.0968309602704,0.08997105304197017,1,False,75974.24,0.00018102059074198706,10593.873629105457,0.0002571269115501096,-0.04221768881626475
2026-04-20 23:00:00+00:00,9696.58876558474,2873.0968309602704,0.08997105304197017,1,False,75840.97,-0.0012350357330597195,10575.290415393141,-0.0017541471951544318,-0.0434005841950692
2026-04-21 00:00:00+00:00,9719.214686003734,2873.0968309602704,0.08997105304197017,1,False,76092.45,0.0023333897070378917,10610.356871342517,0.0033158858595820906,-0.041168464964471574
2026-04-21 01:00:00+00:00,9704.382058199233,2873.0968309602704,0.08997105304197017,1,False,75927.59,-0.0015261138151275722,10587.368737384293,-0.0021665750018562413,-0.04263175101646921
2026-04-21 02:00:00+00:00,9673.228681372922,2873.0968309602704,0.08997105304197017,1,False,75581.33,-0.0032102380800217434,10539.086126293823,-0.004560397610407496,-0.045705131025959855
2026-04-21 03:00:00+00:00,9684.832248083745,2873.0968309602704,0.08997105304197017,1,False,75710.3,0.0011995546774539179,10557.06974655703,0.0017063737830493864,-0.0445604021522118
2026-04-21 04:00:00+00:00,9694.14515178412,2873.0968309602704,0.08997105304197017,1,False,75813.81,0.0009615968002147923,10571.503215840155,0.001367185178238639,-0.04364165449212287
2026-04-21 05:00:00+00:00,9693.082593647694,2873.0968309602704,0.08997105304197017,1,False,75802.0,-0.00010960823463945779,10569.856425460155,-0.0001557763684479907,-0.04374647924205666
2026-04-21 06:00:00+00:00,9708.567511586747,2873.0968309602704,0.08997105304197017,1,False,75974.11,0.0015975225414051053,10593.855501861648,0.002270520566739709,-0.04221884268734788
2026-04-21 07:00:00+00:00,9718.485020763563,2873.0968309602704,0.08997105304197017,1,False,76084.34,0.0010215213691391334,10609.226010209428,0.0014508889936319935,-0.041240448768194216
2026-04-21 08:00:00+00:00,9756.53107996342,2873.0968309602704,0.08997105304197017,1,False,76507.21,0.003914813792332161,10668.191145517658,0.005557911128623916,-0.03748708365350184
2026-04-21 09:00:00+00:00,9743.53566106204,2873.0968309602704,0.08997105304197017,1,False,76362.77,-0.0013319712503215841,10648.050383241023,-0.0018879266411623297,-0.038769123186138565
2026-04-21 10:00:00+00:00,9778.05215585106,2873.0968309602704,0.08997105304197017,1,False,76746.41,0.0035425020228496695,10701.545274128646,0.005023914140359409,-0.0353639608605999
2026-04-21 11:00:00+00:00,9751.648350914835,2873.0968309602704,0.08997105304197017,1,False,76452.94,-0.0027003133666479995,10660.623718428533,-0.0038238922185418467,-0.03796878045103835
2026-04-21 12:00:00+00:00,9711.747988311781,2873.0968309602704,0.08997105304197017,1,False,76009.46,-0.004091653140805729,10598.784717774686,-0.0058006925567543055,-0.041905078512059046
2026-04-21 13:00:00+00:00,9701.897957424746,2873.0968309602704,0.08997105304197017,1,False,75899.98,-0.0010142387239546746,10583.518789679656,-0.0014403470304881205,-0.04287681548265643
2026-04-21 14:00:00+00:00,9681.660768464015,2873.0968309602704,0.08997105304197017,1,False,75675.05,-0.0020859000011687057,10552.154474677694,-0.0029635053922280052,-0.04487327873435987
2026-04-21 15:00:00+00:00,9672.585506825399,9672.585506825399,0.0,0,False,75834.65,-0.0009373662076838096,10574.409152463284,0.0021090174370546055,-0.045768582246930034
2026-04-21 16:00:00+00:00,9672.585506825399,9672.585506825399,0.0,0,False,75781.18,0.0,10566.953277643765,-0.0007050866589347615,-0.045768582246930034
2026-04-21 17:00:00+00:00,9672.585506825399,9672.585506825399,0.0,0,False,75545.62,0.0,10534.106711859466,-0.0031084234898427487,-0.045768582246930034
2026-04-21 18:00:00+00:00,9672.585506825399,9672.585506825399,0.0,0,False,75610.21,0.0,10543.113163226455,0.0008549800769390714,-0.045768582246930034
2026-04-21 19:00:00+00:00,9672.585506825399,9672.585506825399,0.0,0,False,75023.43,0.0,10461.292362280154,-0.007760592121090593,-0.045768582246930034
2026-04-21 20:00:00+00:00,9672.585506825399,9672.585506825399,0.0,0,False,75698.51,0.0,10555.425744983771,0.008998255611613493,-0.045768582246930034
2026-04-21 21:00:00+00:00,9672.585506825399,9672.585506825399,0.0,0,False,75549.99,0.0,10534.716066132167,-0.001961993703706977,-0.045768582246930034
2026-04-21 22:00:00+00:00,9672.585506825399,9672.585506825399,0.0,0,False,75650.04,0.0,10548.66707184926,0.001324288725914835,-0.045768582246930034
2026-04-21 23:00:00+00:00,9672.585506825399,9672.585506825399,0.0,0,False,76336.15,0.0,10644.338481470017,0.009069525938122602,-0.045768582246930034
2026-04-22 00:00:00+00:00,9672.585506825399,9672.585506825399,0.0,0,False,76370.45,0.0,10649.121285029201,0.0004493283981443774,-0.045768582246930034
2026-04-22 01:00:00+00:00,9672.585506825399,9672.585506825399,0.0,0,False,76297.99,0.0,10639.017438210003,-0.0009487962949020767,-0.045768582246930034
2026-04-22 02:00:00+00:00,9672.585506825399,9672.585506825399,0.0,0,False,77604.71,0.0,10821.226915377854,0.01712653242896711,-0.045768582246930034
2026-04-22 03:00:00+00:00,9657.468011959189,3364.8302227212544,0.08117282834690379,1,False,77521.48,-0.0015629218119128652,10809.621296129138,-0.001072486450886978,-0.04725997134334892
2026-04-22 04:00:00+00:00,9657.591394658277,3364.8302227212544,0.08117282834690379,1,False,77523.0,1.2775884831839335e-05,10809.833245441381,1.9607468794369254e-05,-0.04724779924646805
2026-04-22 05:00:00+00:00,9695.899287540029,3364.8302227212544,0.08117282834690379,1,False,77994.93,0.003966609407697774,10875.63932368295,0.006087612708486567,-0.04346860340375436
2026-04-22 06:00:00+00:00,9697.181006499628,3364.8302227212544,0.08117282834690379,1,False,78010.72,0.00013219185983559534,10877.84108660422,0.00020244905662458734,-0.04334215773944716
2026-04-22 07:00:00+00:00,9697.349034254306,3364.8302227212544,0.08117282834690379,1,False,78012.79,1.7327484612916777e-05,10878.129728101812,2.653481470216157e-05,-0.043325581265405644
2026-04-22 08:00:00+00:00,9697.197241065298,3364.8302227212544,0.08117282834690379,1,False,78010.92,-1.565306028195046e-05,10877.868974671619,-2.3970428438602198e-05,-0.04334055614775223
2026-04-22 09:00:00+00:00,9696.469120795025,3364.8302227212544,0.08117282834690379,1,False,78001.95,-7.508564095093373e-05,10876.618194848708,-0.0001149839022536181,-0.04341238753526566
2026-04-22 10:00:00+00:00,9709.088248689837,3364.8302227212544,0.08117282834690379,1,False,78157.41,0.001301414745677798,10898.29558963911,0.001993027097399569,-0.04216747031087131
2026-04-22 11:00:00+00:00,9720.66268228382,3364.8302227212544,0.08117282834690379,1,False,78300.0,0.0011921236368972465,10918.17838729229,0.001824395153319447,-0.04102561551203998
2026-04-22 12:00:00+00:00,9715.471679911036,3364.8302227212544,0.08117282834690379,1,False,78236.05,-0.0005340173342549548,10909.261177740984,-0.0008167305236269629,-0.04153772445646298
2026-04-22 13:00:00+00:00,9764.572312049795,3364.8302227212544,0.08117282834690379,1,False,78840.94,0.005053859838867858,10993.607243190398,0.007731601991664894,-0.036693790455023745
2026-04-22 14:00:00+00:00,9781.197319023524,3364.8302227212544,0.08117282834690379,1,False,79045.75,0.0017025842445974604,11022.166018611872,0.0025977620256685263,-0.035053680479929517
2026-04-22 15:00:00+00:00,9799.635726982524,3364.8302227212544,0.08117282834690379,1,False,79272.9,0.001885087004955821,11053.839891161979,0.002873652283645889,-0.03323467271252234
2026-04-22 16:00:00+00:00,9756.670137210223,3364.8302227212544,0.08117282834690379,1,False,78743.59,-0.004384406825857612,10980.032726383208,-0.0066770611394311175,-0.03747336521248401
2026-04-22 17:00:00+00:00,9769.366379291963,3364.8302227212544,0.08117282834690379,1,False,78900.0,0.0013012884419776327,11001.842589493763,0.00198632041033453,-0.03622084042753937
2026-04-22 18:00:00+00:00,9779.30112175334,3364.8302227212544,0.08117282834690379,1,False,79022.39,0.0010169280253871094,11018.908692339493,0.0015512040557668083,-0.03524074638988606
2026-04-22 19:00:00+00:00,9765.033373714805,3364.8302227212544,0.08117282834690379,1,False,78846.62,-0.0014589742008044304,10994.399264304571,-0.0022243063010369823,-0.03664830525089047
2026-04-22 20:00:00+00:00,9731.757384462275,3364.8302227212544,0.08117282834690379,1,False,78436.68,-0.0034076677445978865,10937.237092553785,-0.005199208285656343,-0.03993108774779075
2026-04-22 21:00:00+00:00,9758.22053823165,3364.8302227212544,0.08117282834690379,1,False,78762.69,0.002719257450008561,10982.696036819956,0.004156346240050013,-0.0373204132056274
2026-04-22 22:00:00+00:00,9745.65985477325,3364.8302227212544,0.08117282834690379,1,False,78607.95,-0.0012871899552985289,10961.119039072197,-0.0019646357939272496,-0.03855956469992006
2026-04-22 23:00:00+00:00,9710.778266976018,3364.8302227212544,0.08117282834690379,1,False,78178.23,-0.0035791920010574962,10901.198737455501,-0.005466622650762476,-0.042000744615439345
2026-04-23 00:00:00+00:00,9730.751653119056,3364.8302227212544,0.08117282834690379,1,False,78424.29,0.0020568265069920155,10935.509426778324,0.0031474235218678093,-0.04003030635328586
2026-04-23 01:00:00+00:00,9725.470548906807,3364.8302227212544,0.08117282834690379,1,False,78359.23,-0.0005427231523842391,10926.437438452946,-0.0008295899140431384,-0.04055130413161501
2026-04-23 02:00:00+00:00,9691.433970252667,3364.8302227212544,0.08117282834690379,1,False,77939.92,-0.0034997359236224046,10867.968710744446,-0.005351124558013121,-0.043909121199418255
2026-04-23 03:00:00+00:00,9682.950862896472,9682.950862896472,0.0,0,False,77746.46,-0.0008753201417078804,10840.992583147952,-0.0024821683163133157,-0.04474600680293561
2026-04-23 04:00:00+00:00,9682.950862896472,9682.950862896472,0.0,0,False,77920.09,0.0,10865.203608861686,0.002233284962427584,-0.04474600680293561
2026-04-23 05:00:00+00:00,9682.950862896472,9682.950862896472,0.0,0,False,78033.87,0.0,10881.069130405825,0.0014602139191575159,-0.04474600680293561
2026-04-23 06:00:00+00:00,9682.950862896472,9682.950862896472,0.0,0,False,78211.43,0.0,10905.828156643982,0.002275422198078969,-0.04474600680293561
2026-04-23 07:00:00+00:00,9682.950862896472,9682.950862896472,0.0,0,False,78048.62,0.0,10883.125875376612,-0.0020816650456333408,-0.04474600680293561
2026-04-23 08:00:00+00:00,9682.950862896472,9682.950862896472,0.0,0,False,77858.35,0.0,10856.594562455157,-0.0024378393878070614,-0.04474600680293561
2026-04-23 09:00:00+00:00,9682.950862896472,9682.950862896472,0.0,0,False,77655.34,0.0,10828.286779640286,-0.002607427462822054,-0.04474600680293561
2026-04-23 10:00:00+00:00,9682.950862896472,9682.950862896472,0.0,0,False,77403.63,0.0,10793.1882524134,-0.003241373999521291,-0.04474600680293561
2026-04-23 11:00:00+00:00,9682.950862896472,9682.950862896472,0.0,0,False,77704.62,0.0,10835.158399447768,0.0038885773186605466,-0.04474600680293561
2026-04-23 12:00:00+00:00,9682.950862896472,9682.950862896472,0.0,0,False,77870.53,0.0,10858.292945759846,0.002135136881179056,-0.04474600680293561
2026-04-23 13:00:00+00:00,9682.950862896472,9682.950862896472,0.0,0,False,77532.23,0.0,10811.120279751914,-0.0043443906186333425,-0.04474600680293561
2026-04-23 14:00:00+00:00,9682.950862896472,9682.950862896472,0.0,0,False,78180.77,0.0,10901.552915911487,0.008364779395613864,-0.04474600680293561
2026-04-23 15:00:00+00:00,9682.950862896472,9682.950862896472,0.0,0,False,78376.76,0.0,10928.881827560599,0.002506882446924097,-0.04474600680293561
2026-04-23 16:00:00+00:00,9682.950862896472,9682.950862896472,0.0,0,False,78103.72,0.0,10890.809037945448,-0.0034836857252074083,-0.04474600680293561
2026-04-23 17:00:00+00:00,9682.950862896472,9682.950862896472,0.0,0,False,77769.21,0.0,10844.164850814757,-0.004282894591960407,-0.04474600680293561
2026-04-23 18:00:00+00:00,9682.950862896472,9682.950862896472,0.0,0,False,77678.65,0.0,10831.537133895814,-0.0011644711319558354,-0.04474600680293561
2026-04-23 19:00:00+00:00,9682.950862896472,9682.950862896472,0.0,0,False,77727.26,0.0,10838.315328677503,0.0006257832750697911,-0.04474600680293561
2026-04-23 20:00:00+00:00,9682.950862896472,9682.950862896472,0.0,0,False,77886.97,0.0,10860.585344900166,0.002054748874461776,-0.04474600680293561
2026-04-23 21:00:00+00:00,9682.950862896472,9682.950862896472,0.0,0,False,77864.83,0.0,10857.498135838932,-0.0002842580729485178,-0.04474600680293561
2026-04-23 22:00:00+00:00,9682.950862896472,9682.950862896472,0.0,0,False,78235.3,0.0,10909.15659748823,0.004757860512891288,-0.04474600680293561
2026-04-23 23:00:00+00:00,9682.950862896472,9682.950862896472,0.0,0,False,78257.48,0.0,10912.249384162946,0.00028350373808239127,-0.04474600680293561
2026-04-24 00:00:00+00:00,9682.950862896472,9682.950862896472,0.0,0,False,78417.22,0.0,10934.523583595717,0.0020412106293226095,-0.04474600680293561
2026-04-24 01:00:00+00:00,9682.950862896472,9682.950862896472,0.0,0,False,78429.73,0.0,10936.267982211619,0.00015953128662316018,-0.04474600680293561
2026-04-24 02:00:00+00:00,9682.950862896472,9682.950862896472,0.0,0,False,78125.65,0.0,10893.866964535911,-0.00387710119619189,-0.04474600680293561
2026-04-24 03:00:00+00:00,9682.950862896472,9682.950862896472,0.0,0,False,77737.85,0.0,10839.792001846361,-0.004963798701194677,-0.04474600680293561
2026-04-24 04:00:00+00:00,9682.950862896472,9682.950862896472,0.0,0,False,77670.0,0.0,10830.330974980743,-0.0008728052036428569,-0.04474600680293561
2026-04-24 05:00:00+00:00,9682.950862896472,9682.950862896472,0.0,0,False,77953.48,0.0,10869.8595217142,0.0036498004377494286,-0.04474600680293561
2026-04-24 06:00:00+00:00,9682.950862896472,9682.950862896472,0.0,0,False,77789.75,0.0,10847.028955336787,-0.002100355237508289,-0.04474600680293561
2026-04-24 07:00:00+00:00,9682.950862896472,9682.950862896472,0.0,0,False,77644.6,0.0,10826.789190420881,-0.0018659270662265692,-0.04474600680293561
2026-04-24 08:00:00+00:00,9682.950862896472,9682.950862896472,0.0,0,False,77785.71,0.0,10846.465616375299,0.0018173833080472601,-0.04474600680293561
2026-04-24 09:00:00+00:00,9682.950862896472,9682.950862896472,0.0,0,False,77527.69,0.0,10810.487220621922,-0.0033170617070926722,-0.04474600680293561
2026-04-24 10:00:00+00:00,9682.950862896472,9682.950862896472,0.0,0,False,77752.36,0.0,10841.815281136265,0.00289793233875546,-0.04474600680293561
2026-04-24 11:00:00+00:00,9682.950862896472,9682.950862896472,0.0,0,False,78240.26,0.0,10909.848221559763,0.00627505068656431,-0.04474600680293561
2026-04-24 12:00:00+00:00,9682.950862896472,9682.950862896472,0.0,0,False,78275.66,0.0,10914.784409489652,0.0004524524841815758,-0.04474600680293561
2026-04-24 13:00:00+00:00,9682.950862896472,9682.950862896472,0.0,0,False,78093.79,0.0,10889.424395399012,-0.0023234553372022404,-0.04474600680293561
2026-04-24 14:00:00+00:00,9682.950862896472,9682.950862896472,0.0,0,False,78037.64,0.0,10881.594820476324,-0.0007190072347621479,-0.04474600680293561
2026-04-24 15:00:00+00:00,9682.950862896472,9682.950862896472,0.0,0,False,78038.62,0.0,10881.731472006588,1.2558042503663103e-05,-0.04474600680293561
2026-04-24 16:00:00+00:00,9682.950862896472,9682.950862896472,0.0,0,False,77777.28,0.0,10845.290134334367,-0.003348854708091875,-0.04474600680293561
2026-04-24 17:00:00+00:00,9682.950862896472,9682.950862896472,0.0,0,False,77681.71,0.0,10831.963821327043,-0.0012287650069532363,-0.04474600680293561
2026-04-24 18:00:00+00:00,9682.950862896472,9682.950862896472,0.0,0,False,77618.24,0.0,10823.113543137495,-0.0008170520448123053,-0.04474600680293561
2026-04-24 19:00:00+00:00,9682.950862896472,9682.950862896472,0.0,0,False,77628.85,0.0,10824.593005113093,0.00013669467382948497,-0.04474600680293561
2026-04-24 20:00:00+00:00,9682.950862896472,9682.950862896472,0.0,0,False,77718.31,0.0,10837.067337661332,0.0011524066117172271,-0.04474600680293561
2026-04-24 21:00:00+00:00,9682.950862896472,9682.950862896472,0.0,0,False,77536.48,0.0,10811.712901184175,-0.0023396031128315453,-0.04474600680293561
2026-04-24 22:00:00+00:00,9682.950862896472,9682.950862896472,0.0,0,False,77328.91,0.0,10782.769270432576,-0.002677062461437396,-0.04474600680293561
2026-04-24 23:00:00+00:00,9682.950862896472,9682.950862896472,0.0,0,False,77437.13,0.0,10797.859503702983,0.0013994765993727842,-0.04474600680293561
2026-04-25 00:00:00+00:00,9682.950862896472,9682.950862896472,0.0,0,False,77456.88,0.0,10800.61345035878,0.00025504560925737607,-0.04474600680293561
2026-04-25 01:00:00+00:00,9682.950862896472,9682.950862896472,0.0,0,False,77541.63,0.0,10812.431018919739,0.0010941571620235457,-0.04474600680293561
2026-04-25 02:00:00+00:00,9682.950862896472,9682.950862896472,0.0,0,False,77607.8,0.0,10821.65778601919,0.0008533480660646298,-0.04474600680293561
2026-04-25 03:00:00+00:00,9682.950862896472,9682.950862896472,0.0,0,False,77679.07,0.0,10831.595698837356,0.000918335528129921,-0.04474600680293561
2026-04-25 04:00:00+00:00,9682.950862896472,9682.950862896472,0.0,0,False,77619.05,0.0,10823.226489810468,-0.00077266630509365,-0.04474600680293561
2026-04-25 05:00:00+00:00,9682.950862896472,9682.950862896472,0.0,0,False,77510.28,0.0,10808.059564354711,-0.0014013312453579063,-0.04474600680293561
2026-04-25 06:00:00+00:00,9682.950862896472,9682.950862896472,0.0,0,False,77503.63,0.0,10807.132286113645,-8.579507131178943e-05,-0.04474600680293561
2026-04-25 07:00:00+00:00,9682.950862896472,9682.950862896472,0.0,0,False,77501.19,0.0,10806.792051691358,-3.1482396372961574e-05,-0.04474600680293561
2026-04-25 08:00:00+00:00,9682.950862896472,9682.950862896472,0.0,0,False,77643.37,0.0,10826.617678806366,0.0018345524759038057,-0.04474600680293561
2026-04-25 09:00:00+00:00,9682.950862896472,9682.950862896472,0.0,0,False,77714.55,0.0,10836.543041994202,0.0009167556740519167,-0.04474600680293561
2026-04-25 10:00:00+00:00,9682.950862896472,9682.950862896472,0.0,0,False,77787.77,0.0,10846.752863469523,0.0009421659135901983,-0.04474600680293561
2026-04-25 11:00:00+00:00,9682.950862896472,9682.950862896472,0.0,0,False,77682.3,0.0,10832.046091125874,-0.0013558686667581865,-0.04474600680293561
2026-04-25 12:00:00+00:00,9682.950862896472,9682.950862896472,0.0,0,False,77557.14,0.0,10814.593738546644,-0.0016111778358779416,-0.04474600680293561
2026-04-25 13:00:00+00:00,9682.950862896472,9682.950862896472,0.0,0,False,77691.69,0.0,10833.355435890326,0.0017348499441831589,-0.04474600680293561
2026-04-25 14:00:00+00:00,9682.950862896472,9682.950862896472,0.0,0,False,77656.75,0.0,10828.483390515461,-0.000449726347824253,-0.04474600680293561
2026-04-25 15:00:00+00:00,9682.950862896472,9682.950862896472,0.0,0,False,77330.26,0.0,10782.957514887528,-0.004204270716969272,-0.04474600680293561
2026-04-25 16:00:00+00:00,9682.950862896472,9682.950862896472,0.0,0,False,77397.27,0.0,10792.301411870063,0.0008665430583061351,-0.04474600680293561
2026-04-25 17:00:00+00:00,9682.950862896472,9682.950862896472,0.0,0,False,77245.77,0.0,10771.17620081419,-0.0019574333823402235,-0.04474600680293561
2026-04-25 18:00:00+00:00,9682.950862896472,9682.950862896472,0.0,0,False,77313.0,0.0,10780.550774670866,0.0008703389195292566,-0.04474600680293561
2026-04-25 19:00:00+00:00,9682.950862896472,9682.950862896472,0.0,0,False,77330.01,0.0,10782.922654803278,0.0002200147452562362,-0.04474600680293561
2026-04-25 20:00:00+00:00,9682.950862896472,9682.950862896472,0.0,0,False,77479.13,0.0,10803.715997857085,0.0019283587316232254,-0.04474600680293561
2026-04-25 21:00:00+00:00,9682.950862896472,9682.950862896472,0.0,0,False,77525.84,0.0,10810.229255998467,0.0006028720250210728,-0.04474600680293561
2026-04-25 22:00:00+00:00,9682.950862896472,9682.950862896472,0.0,0,False,77557.01,0.0,10814.575611302835,0.00040205949397020824,-0.04474600680293561
2026-04-25 23:00:00+00:00,9682.950862896472,9682.950862896472,0.0,0,False,77625.0,0.0,10824.056159815633,0.0008766454508755128,-0.04474600680293561
2026-04-26 00:00:00+00:00,9682.950862896472,9682.950862896472,0.0,0,False,77502.4,0.0,10806.96077449913,-0.001579388083736033,-0.04474600680293561
2026-04-26 01:00:00+00:00,9682.950862896472,9682.950862896472,0.0,0,False,77461.16,0.0,10801.210255001151,-0.0005321125539335947,-0.04474600680293561
2026-04-26 02:00:00+00:00,9682.950862896472,9682.950862896472,0.0,0,False,77512.67,0.0,10808.392826760146,0.0006649784227346078,-0.04474600680293561
2026-04-26 03:00:00+00:00,9682.950862896472,9682.950862896472,0.0,0,False,77400.21,0.0,10792.711366460851,-0.0014508595820527104,-0.04474600680293561
2026-04-26 04:00:00+00:00,9682.950862896472,9682.950862896472,0.0,0,False,77774.29,0.0,10844.873207726727,0.004833061822441698,-0.04474600680293561
2026-04-26 05:00:00+00:00,9682.950862896472,9682.950862896472,0.0,0,False,77983.31,0.0,10874.019026966982,0.0026875205160987736,-0.04474600680293561
2026-04-26 06:00:00+00:00,9682.950862896472,9682.950862896472,0.0,0,False,77999.04,0.0,10876.212423468029,0.00020170982739742271,-0.04474600680293561
2026-04-26 07:00:00+00:00,9682.950862896472,9682.950862896472,0.0,0,False,78102.53,0.0,10890.643103944416,0.0013268112017792433,-0.04474600680293561
2026-04-26 08:00:00+00:00,9682.950862896472,9682.950862896472,0.0,0,False,78032.59,0.0,10880.890646774462,-0.0008954895571247068,-0.04474600680293561
2026-04-26 09:00:00+00:00,9682.950862896472,9682.950862896472,0.0,0,False,77999.99,0.0,10876.344891788183,-0.00041777416333343975,-0.04474600680293561
2026-04-26 10:00:00+00:00,9682.950862896472,9682.950862896472,0.0,0,False,78002.43,0.0,10876.685126210468,3.1282055292569666e-05,-0.04474600680293561
2026-04-26 11:00:00+00:00,9682.950862896472,9682.950862896472,0.0,0,False,78101.44,0.0,10890.491113977081,0.0012693194301767186,-0.04474600680293561
2026-04-26 12:00:00+00:00,9682.950862896472,9682.950862896472,0.0,0,False,77833.08,0.0,10853.070905139104,-0.0034360442009774284,-0.04474600680293561
2026-04-26 13:00:00+00:00,9682.950862896472,9682.950862896472,0.0,0,False,77977.79,0.0,10873.249316306727,0.0018592351735275958,-0.04474600680293561
2026-04-26 14:00:00+00:00,9682.950862896472,9682.950862896472,0.0,0,False,78095.66,0.0,10889.685148829209,0.0015115842600825768,-0.04474600680293561
2026-04-26 15:00:00+00:00,9682.950862896472,9682.950862896472,0.0,0,False,78049.0,0.0,10883.178862704674,-0.0005974723819480721,-0.04474600680293561
2026-04-26 16:00:00+00:00,9682.950862896472,9682.950862896472,0.0,0,False,77919.43,0.0,10865.111578239264,-0.0016601109559379879,-0.04474600680293561
2026-04-26 17:00:00+00:00,9682.950862896472,9682.950862896472,0.0,0,False,78018.57,0.0,10878.935693249688,0.0012723399028971016,-0.04474600680293561
2026-04-26 18:00:00+00:00,9682.950862896472,9682.950862896472,0.0,0,False,78283.96,0.0,10915.941764286772,0.00340162604877281,-0.04474600680293561
2026-04-26 19:00:00+00:00,9682.950862896472,9682.950862896472,0.0,0,False,78221.16,0.0,10907.184911123017,-0.0008022077575023934,-0.04474600680293561
2026-04-26 20:00:00+00:00,9682.950862896472,9682.950862896472,0.0,0,False,78194.22,0.0,10903.42838844417,-0.0003444080859962284,-0.04474600680293561
2026-04-26 21:00:00+00:00,9682.950862896472,9682.950862896472,0.0,0,False,78417.41,0.0,10934.55007725975,0.0028543030418362036,-0.04474600680293561
2026-04-26 22:00:00+00:00,9682.950862896472,9682.950862896472,0.0,0,False,78313.52,0.0,10920.063620648563,-0.0013248333501452159,-0.04474600680293561
2026-04-26 23:00:00+00:00,9682.950862896472,9682.950862896472,0.0,0,False,78657.55,0.0,10968.035279787518,0.00439298348484396,-0.04474600680293561
2026-04-27 00:00:00+00:00,9682.950862896472,9682.950862896472,0.0,0,False,79308.6,0.0,11058.817911192968,0.008277018544310177,-0.04474600680293561
2026-04-27 01:00:00+00:00,9682.950862896472,9682.950862896472,0.0,0,False,79283.66,0.0,11055.340269188127,-0.0003144677878564872,-0.04474600680293561
2026-04-27 02:00:00+00:00,9682.950862896472,9682.950862896472,0.0,0,False,79130.01,0.0,11033.9152614077,-0.001937978140767016,-0.04474600680293561
2026-04-27 03:00:00+00:00,9682.950862896472,9682.950862896472,0.0,0,False,79105.49,0.0,11030.496184344398,-0.0003098697952901297,-0.04474600680293561
2026-04-27 04:00:00+00:00,9682.950862896472,9682.950862896472,0.0,0,False,78924.22,0.0,11005.219834455962,-0.0022914970882552677,-0.04474600680293561
2026-04-27 05:00:00+00:00,9682.950862896472,9682.950862896472,0.0,0,False,77785.54,0.0,10846.441911518004,-0.014427510338398175,-0.04474600680293561
2026-04-27 06:00:00+00:00,9682.950862896472,9682.950862896472,0.0,0,False,77700.12,0.0,10834.530917931255,-0.0010981475477318536,-0.04474600680293561
2026-04-27 07:00:00+00:00,9682.950862896472,9682.950862896472,0.0,0,False,77606.6,0.0,10821.490457614787,-0.0012036017447590863,-0.04474600680293561
2026-04-27 08:00:00+00:00,9682.950862896472,9682.950862896472,0.0,0,False,77804.34,0.0,10849.063389853653,0.0025479791667202267,-0.04474600680293561
2026-04-27 09:00:00+00:00,9682.950862896472,9682.950862896472,0.0,0,False,77900.01,0.0,10862.403646894678,0.0012296229233486056,-0.04474600680293561
2026-04-27 10:00:00+00:00,9682.950862896472,9682.950862896472,0.0,0,False,77850.01,0.0,10855.431630044555,-0.0006418484413545089,-0.04474600680293561
2026-04-27 11:00:00+00:00,9682.950862896472,9682.950862896472,0.0,0,False,77844.26,0.0,10854.629848106792,-7.385997766728991e-05,-0.04474600680293561
2026-04-27 12:00:00+00:00,9682.950862896472,9682.950862896472,0.0,0,False,77667.36,0.0,10829.962852491057,-0.0022724861152254583,-0.04474600680293561
2026-04-27 13:00:00+00:00,9682.950862896472,9682.950862896472,0.0,0,False,77746.74,0.0,10841.03162644231,0.0010220509619485174,-0.04474600680293561
2026-04-27 14:00:00+00:00,9682.950862896472,9682.950862896472,0.0,0,False,77815.25,0.0,10850.58468393035,0.0008811945041040659,-0.04474600680293561
2026-04-27 15:00:00+00:00,9682.950862896472,9682.950862896472,0.0,0,False,76793.09,0.0,10708.054349059918,-0.0131357285365018,-0.04474600680293561
2026-04-27 16:00:00+00:00,9682.950862896472,9682.950862896472,0.0,0,False,76618.59,0.0,10683.72201025299,-0.002272339868079176,-0.04474600680293561
2026-04-27 17:00:00+00:00,9682.950862896472,9682.950862896472,0.0,0,False,76743.24,0.0,10701.103248260346,0.0016268897665696613,-0.04474600680293561
2026-04-27 18:00:00+00:00,9682.950862896472,9682.950862896472,0.0,0,False,76834.06,0.0,10713.76721966691,0.001183426709636004,-0.04474600680293561
2026-04-27 19:00:00+00:00,9682.950862896472,9682.950862896472,0.0,0,False,76878.07,0.0,10719.903988898388,0.0005727928473386878,-0.04474600680293561
2026-04-27 20:00:00+00:00,9682.950862896472,9682.950862896472,0.0,0,False,76960.43,0.0,10731.38829505391,0.0010713068109020618,-0.04474600680293561
2026-04-27 21:00:00+00:00,9682.950862896472,9682.950862896472,0.0,0,False,76786.81,0.0,10707.178663743543,-0.0022559645261857053,-0.04474600680293561
2026-04-27 22:00:00+00:00,9682.950862896472,9682.950862896472,0.0,0,False,77066.42,0.0,10746.1675763728,0.003641380596485222,-0.04474600680293561
2026-04-27 23:00:00+00:00,9682.950862896472,9682.950862896472,0.0,0,False,77371.32,0.0,10788.68293512485,0.003956327541879023,-0.04474600680293561
2026-04-28 00:00:00+00:00,9682.950862896472,9682.950862896472,0.0,0,False,77379.62,0.0,10789.840289921969,0.00010727489203987695,-0.04474600680293561
2026-04-28 01:00:00+00:00,9682.950862896472,9682.950862896472,0.0,0,False,77084.68,0.0,10748.713756926465,-0.0038115979375448195,-0.04474600680293561
2026-04-28 02:00:00+00:00,9682.950862896472,9682.950862896472,0.0,0,False,76890.93,0.0,10721.69719163224,-0.002513469602520191,-0.04474600680293561
2026-04-28 03:00:00+00:00,9682.950862896472,9682.950862896472,0.0,0,False,76815.18,0.0,10711.134586104303,-0.000985161708929927,-0.04474600680293561
2026-04-28 04:00:00+00:00,9682.950862896472,9682.950862896472,0.0,0,False,76888.08,0.0,10721.299786671783,0.0009490311680582231,-0.04474600680293561
2026-04-28 05:00:00+00:00,9682.950862896472,9682.950862896472,0.0,0,False,76885.98,0.0,10721.006961964078,-2.7312426061354422e-05,-0.04474600680293561
2026-04-28 06:00:00+00:00,9682.950862896472,9682.950862896472,0.0,0,False,76720.0,0.0,10697.86265482841,-0.0021587810937703233,-0.04474600680293561
2026-04-28 07:00:00+00:00,9682.950862896472,9682.950862896472,0.0,0,False,76879.28,0.0,10720.072711706161,0.002076120959332739,-0.04474600680293561
2026-04-28 08:00:00+00:00,9682.950862896472,9682.950862896472,0.0,0,False,76858.59,0.0,10717.187691133578,-0.00026912322800132227,-0.04474600680293561
2026-04-28 09:00:00+00:00,9682.950862896472,9682.950862896472,0.0,0,False,76598.0,0.0,10680.85093371411,-0.0033905123682336225,-0.04474600680293561
2026-04-28 10:00:00+00:00,9682.950862896472,9682.950862896472,0.0,0,False,76618.35,0.0,10683.688544572111,0.00026567273296973504,-0.04474600680293561
2026-04-28 11:00:00+00:00,9682.950862896472,9682.950862896472,0.0,0,False,76229.0,0.0,10629.397449360204,-0.005081680824502333,-0.04474600680293561
2026-04-28 12:00:00+00:00,9682.950862896472,9682.950862896472,0.0,0,False,76372.05,0.0,10649.344389568405,0.0018765824030224643,-0.04474600680293561
2026-04-28 13:00:00+00:00,9682.950862896472,9682.950862896472,0.0,0,False,76189.84,0.0,10623.936965763187,-0.0023858204670426097,-0.04474600680293561
2026-04-28 14:00:00+00:00,9682.950862896472,9682.950862896472,0.0,0,False,75949.99,0.0,10590.49220093315,-0.0031480575362803354,-0.04474600680293561
2026-04-28 15:00:00+00:00,9682.950862896472,9682.950862896472,0.0,0,False,76066.38,0.0,10606.721661756865,0.0015324557646418935,-0.04474600680293561
2026-04-28 16:00:00+00:00,9682.950862896472,9682.950862896472,0.0,0,False,76125.04,0.0,10614.901231925427,0.0007711685504159238,-0.04474600680293561
2026-04-28 17:00:00+00:00,9682.950862896472,9682.950862896472,0.0,0,False,76187.3,0.0,10623.582787307201,0.0008178649232895019,-0.04474600680293561
2026-04-28 18:00:00+00:00,9682.950862896472,9682.950862896472,0.0,0,False,76242.18,0.0,10631.235273001896,0.0007203300287579317,-0.04474600680293561
2026-04-28 19:00:00+00:00,9682.950862896472,9682.950862896472,0.0,0,False,76330.97,0.0,10643.616180524345,0.0011645784525049496,-0.04474600680293561
2026-04-28 20:00:00+00:00,9682.950862896472,9682.950862896472,0.0,0,False,76463.95,0.0,10662.158956538931,0.001742150008050558,-0.04474600680293561
2026-04-28 21:00:00+00:00,9682.950862896472,9682.950862896472,0.0,0,False,76357.15,0.0,10647.266728547069,-0.0013967366320991603,-0.04474600680293561
2026-04-28 22:00:00+00:00,9682.950862896472,9682.950862896472,0.0,0,False,76242.17,0.0,10631.233878598527,-0.0015058183811208492,-0.04474600680293561
2026-04-28 23:00:00+00:00,9682.950862896472,9682.950862896472,0.0,0,False,76342.77,0.0,10645.261576500974,0.0013194797577247286,-0.04474600680293561
2026-04-29 00:00:00+00:00,9682.950862896472,9682.950862896472,0.0,0,False,76512.0,0.0,10668.8590647319,0.002216712859645975,-0.04474600680293561
2026-04-29 01:00:00+00:00,9682.950862896472,9682.950862896472,0.0,0,False,76571.0,0.0,10677.086044615044,0.0007711208699288097,-0.04474600680293561
2026-04-29 02:00:00+00:00,9682.950862896472,9682.950862896472,0.0,0,False,76531.29,0.0,10671.548868832675,-0.0005186036489011059,-0.04474600680293561
2026-04-29 03:00:00+00:00,9682.950862896472,9682.950862896472,0.0,0,False,76994.78,0.0,10736.178070629945,0.006056215699487222,-0.04474600680293561
2026-04-29 04:00:00+00:00,9682.950862896472,9682.950862896472,0.0,0,False,77269.76,0.0,10774.52137449888,0.003571410945001574,-0.04474600680293561
2026-04-29 05:00:00+00:00,9682.950862896472,9682.950862896472,0.0,0,False,77288.38,0.0,10777.117753573866,0.00024097395928257548,-0.04474600680293561
2026-04-29 06:00:00+00:00,9682.950862896472,9682.950862896472,0.0,0,False,77031.06,0.0,10741.236966056395,-0.003329349120786307,-0.04474600680293561
2026-04-29 07:00:00+00:00,9682.950862896472,9682.950862896472,0.0,0,False,77053.64,0.0,10744.385528865909,0.0002931285120573168,-0.04474600680293561
2026-04-29 08:00:00+00:00,9682.950862896472,9682.950862896472,0.0,0,False,77046.32,0.0,10743.364825599052,-9.499875671015179e-05,-0.04474600680293561
2026-04-29 09:00:00+00:00,9682.950862896472,9682.950862896472,0.0,0,False,77642.0,0.0,10826.426645544674,0.007731452975300979,-0.04474600680293561
2026-04-29 10:00:00+00:00,9682.950862896472,9682.950862896472,0.0,0,False,77619.61,0.0,10823.30457639919,-0.00028837484866428564,-0.04474600680293561
2026-04-29 11:00:00+00:00,9666.412161763192,-1.8189894035458565e-12,0.1245831734020878,1,False,77590.03,-0.0017080228297609024,10819.179931230658,-0.00038108926339619487,-0.046377602431536546
2026-04-29 12:00:00+00:00,9571.964727068093,9571.964727068093,0.0,0,False,77143.68,-0.009770681522219715,10756.940736809609,-0.005752672089442634,-0.05569514317063351
2026-04-29 13:00:00+00:00,9571.964727068093,9571.964727068093,0.0,0,False,76783.43,0.0,10706.707355404475,-0.004669857595593019,-0.05569514317063351
2026-04-29 14:00:00+00:00,9571.964727068093,9571.964727068093,0.0,0,False,76570.0,0.0,10676.946604278042,-0.0027796361793160917,-0.05569514317063351
2026-04-29 15:00:00+00:00,9571.964727068093,9571.964727068093,0.0,0,False,75924.25,0.0,10586.903006658706,-0.008433459579469837,-0.05569514317063351
2026-04-29 16:00:00+00:00,9571.964727068093,9571.964727068093,0.0,0,False,75803.54,0.0,10570.071163579138,-0.0015898741179531939,-0.05569514317063351
2026-04-29 17:00:00+00:00,9571.964727068093,9571.964727068093,0.0,0,False,76184.01,0.0,10623.124028598464,0.005019158735858786,-0.05569514317063351
2026-04-29 18:00:00+00:00,9571.964727068093,9571.964727068093,0.0,0,False,75513.91,0.0,10529.685058773119,-0.008795808989314091,-0.05569514317063351
2026-04-29 19:00:00+00:00,9571.964727068093,9571.964727068093,0.0,0,False,75563.86,0.0,10536.650103606391,0.0006614675362459632,-0.05569514317063351
2026-04-29 20:00:00+00:00,9571.964727068093,9571.964727068093,0.0,0,False,75676.79,0.0,10552.397100864076,0.0014944975018478246,-0.05569514317063351
2026-04-29 21:00:00+00:00,9571.964727068093,9571.964727068093,0.0,0,False,75933.93,0.0,10588.252789120888,0.0033978713949152084,-0.05569514317063351
2026-04-29 22:00:00+00:00,9571.964727068093,9571.964727068093,0.0,0,False,75927.38,0.0,10587.339454913525,-8.625919927995884e-05,-0.05569514317063351
2026-04-29 23:00:00+00:00,9571.964727068093,9571.964727068093,0.0,0,False,75780.0,0.0,10566.788738046102,-0.0019410652652575022,-0.05569514317063351
2026-04-30 00:00:00+00:00,9571.964727068093,9571.964727068093,0.0,0,False,76248.74,0.0,10632.150001612632,0.006185537081023984,-0.05569514317063351
2026-04-30 01:00:00+00:00,9571.964727068093,9571.964727068093,0.0,0,False,76232.8,0.0,10629.927322640813,-0.00020905263483694814,-0.05569514317063351
2026-04-30 02:00:00+00:00,9571.964727068093,9571.964727068093,0.0,0,False,75704.74,0.0,10556.294458283297,-0.00692693958506041,-0.05569514317063351
2026-04-30 03:00:00+00:00,9571.964727068093,9571.964727068093,0.0,0,False,75928.1,0.0,10587.439851956166,0.00295040971014493,-0.05569514317063351
2026-04-30 04:00:00+00:00,9571.964727068093,9571.964727068093,0.0,0,False,75497.0,0.0,10527.327122674405,-0.005677739861790432,-0.05569514317063351
2026-04-30 05:00:00+00:00,9571.964727068093,9571.964727068093,0.0,0,False,75600.09,0.0,10541.702027015988,0.001365484721247201,-0.05569514317063351
2026-04-30 06:00:00+00:00,9571.964727068093,9571.964727068093,0.0,0,False,75753.53,0.0,10563.097752325646,0.002029627213406826,-0.05569514317063351
2026-04-30 07:00:00+00:00,9571.964727068093,9571.964727068093,0.0,0,False,76161.67,0.0,10620.008931469829,0.005387735726638754,-0.05569514317063351
2026-04-30 08:00:00+00:00,9571.964727068093,9571.964727068093,0.0,0,False,76058.17,0.0,10605.576856590074,-0.001358951294003985,-0.05569514317063351
2026-04-30 09:00:00+00:00,9571.964727068093,9571.964727068093,0.0,0,False,76097.19,0.0,10611.017818539909,0.0005130283834069438,-0.05569514317063351
2026-04-30 10:00:00+00:00,9571.964727068093,9571.964727068093,0.0,0,False,76028.66,0.0,10601.461972245133,-0.000900558877403812,-0.05569514317063351
2026-04-30 11:00:00+00:00,9571.964727068093,9571.964727068093,0.0,0,False,76059.43,0.0,10605.752551414696,0.00040471580059397994,-0.05569514317063351
2026-04-30 12:00:00+00:00,9571.964727068093,9571.964727068093,0.0,0,False,76308.48,0.0,10640.480167345158,0.003274413179273239,-0.05569514317063351
2026-04-30 13:00:00+00:00,9571.964727068093,9571.964727068093,0.0,0,False,76420.44,0.0,10656.091907475953,0.0014672025966182556,-0.05569514317063351
2026-04-30 14:00:00+00:00,9571.964727068093,9571.964727068093,0.0,0,False,76301.24,0.0,10639.47061930526,-0.0015597921184437036,-0.05569514317063351
2026-04-30 15:00:00+00:00,9571.964727068093,9571.964727068093,0.0,0,False,76473.6,0.0,10663.504555791005,0.0022589410080362526,-0.05569514317063351
2026-04-30 16:00:00+00:00,9571.964727068093,9571.964727068093,0.0,0,False,76261.03,0.0,10633.863723354392,-0.002779652062934179,-0.05569514317063351
2026-04-30 17:00:00+00:00,9571.964727068093,9571.964727068093,0.0,0,False,76250.01,0.0,10632.327090840625,-0.00014450368687657367,-0.05569514317063351
2026-04-30 18:00:00+00:00,9571.964727068093,9571.964727068093,0.0,0,False,76350.0,0.0,10646.269730137501,0.001311344090315636,-0.05569514317063351
2026-04-30 19:00:00+00:00,9571.964727068093,9571.964727068093,0.0,0,False,76412.8,0.0,10655.026583301256,0.0008225278323510388,-0.05569514317063351
2026-04-30 20:00:00+00:00,9571.964727068093,9571.964727068093,0.0,0,False,76492.46,0.0,10666.134400546873,0.0010424954981365087,-0.05569514317063351
2026-04-30 21:00:00+00:00,9571.964727068093,9571.964727068093,0.0,0,False,76241.78,0.0,10631.179496867095,-0.0032771857513801406,-0.05569514317063351
2026-04-30 22:00:00+00:00,9571.964727068093,9571.964727068093,0.0,0,False,76237.06,0.0,10630.521338476445,-6.190831326324808e-05,-0.05569514317063351
2026-04-30 23:00:00+00:00,9571.964727068093,9571.964727068093,0.0,0,False,76346.57,0.0,10645.791449781584,0.0014364404923274954,-0.05569514317063351
2026-05-01 00:00:00+00:00,9571.964727068093,9571.964727068093,0.0,0,False,76458.05,0.0,10661.336258550617,0.001460183476480914,-0.05569514317063351
2026-05-01 01:00:00+00:00,9571.964727068093,9571.964727068093,0.0,0,False,76686.13,0.0,10693.139810614137,0.002983073724741825,-0.05569514317063351
2026-05-01 02:00:00+00:00,9571.964727068093,9571.964727068093,0.0,0,False,76592.54,0.0,10680.089589474075,-0.0012204293005790845,-0.05569514317063351
2026-05-01 03:00:00+00:00,9571.964727068093,9571.964727068093,0.0,0,False,77131.08,0.0,10755.18378856338,0.007031233067868126,-0.05569514317063351
2026-05-01 04:00:00+00:00,9571.964727068093,9571.964727068093,0.0,0,False,77042.44,0.0,10742.823797091482,-0.001149212483476214,-0.05569514317063351
2026-05-01 05:00:00+00:00,9571.964727068093,9571.964727068093,0.0,0,False,77165.98,0.0,10760.050256324765,0.0016035317676854621,-0.05569514317063351
2026-05-01 06:00:00+00:00,9571.964727068093,9571.964727068093,0.0,0,False,76993.48,0.0,10735.996798191842,-0.002235441058352383,-0.05569514317063351
2026-05-01 07:00:00+00:00,9571.964727068093,9571.964727068093,0.0,0,False,77130.54,0.0,10755.108490781397,0.0017801507348413903,-0.05569514317063351
2026-05-01 08:00:00+00:00,9571.964727068093,9571.964727068093,0.0,0,False,77377.47,0.0,10789.540493197414,0.0032014556101902514,-0.05569514317063351
2026-05-01 09:00:00+00:00,9571.964727068093,9571.964727068093,0.0,0,False,77268.55,0.0,10774.352651691108,-0.0014076448868124425,-0.05569514317063351
2026-05-01 10:00:00+00:00,9571.964727068093,9571.964727068093,0.0,0,False,77304.34,0.0,10779.343221352423,0.0004631897453748479,-0.05569514317063351
2026-05-01 11:00:00+00:00,9571.964727068093,9571.964727068093,0.0,0,False,77463.98,0.0,10801.603476751498,0.0020650845735183943,-0.05569514317063351
2026-05-01 12:00:00+00:00,9571.964727068093,9571.964727068093,0.0,0,False,77896.01,0.0,10861.845885546669,0.005577172771138228,-0.05569514317063351
2026-05-01 13:00:00+00:00,9662.557087870693,-1.8189894035458565e-12,0.12271900641526971,1,False,78737.25,0.009464343359563143,10979.148674646614,0.010799526188825403,-0.046757917769497226
2026-05-01 14:00:00+00:00,9616.107943942514,-1.8189894035458565e-12,0.12271900641526971,1,False,78358.75,-0.004807127503183017,10926.370507091184,-0.004807127503183128,-0.05134027400017893
2026-05-01 15:00:00+00:00,9626.80167816154,-1.8189894035458565e-12,0.12271900641526971,1,False,78445.89,0.0011120647024103203,10938.521338057577,0.0011120647024103203,-0.05028530300429612
2026-05-01 16:00:00+00:00,9598.388546606213,-1.8189894035458565e-12,0.12271900641526971,1,False,78214.36,-0.0029514611919120304,10906.236716831401,-0.0029514611919118083,-0.05308834907586757
2026-05-01 17:00:00+00:00,9639.938747798295,-1.8189894035458565e-12,0.12271900641526971,1,False,78552.94,0.004328872600888101,10953.448426133691,0.004328872600887879,-0.04898928917472034
2026-05-01 18:00:00+00:00,9624.103087210467,-1.8189894035458565e-12,0.12271900641526971,1,False,78423.9,-0.0016427138182225631,10935.455045046894,-0.001642713818222452,-0.05055152761067061
2026-05-01 19:00:00+00:00,9616.261342700533,-1.8189894035458565e-12,0.12271900641526971,1,False,78360.0,-0.0008148026303205214,10926.544807512437,-0.0008148026303206324,-0.05132514072332728
2026-05-01 20:00:00+00:00,9557.378309042357,-1.8189894035458565e-12,0.12271900641526971,1,False,77880.18,-0.006123277182235931,10859.638545011918,-0.006123277182235931,-0.057134139842497045
2026-05-01 21:00:00+00:00,9596.625074484025,-1.8189894035458565e-12,0.12271900641526971,1,False,78199.99,0.004106436323080054,10904.232959188674,0.004106436323079832,-0.053262321226554166
2026-05-01 22:00:00+00:00,9590.90514159501,-1.8189894035458565e-12,0.12271900641526971,1,False,78153.38,-0.0005960358818458689,10897.73364508099,-0.0005960358818458689,-0.053826610853798695
2026-05-01 23:00:00+00:00,9600.446544343798,-1.8189894035458565e-12,0.12271900641526971,1,False,78231.13,0.0009948386109468466,10908.575131282932,0.0009948386109468466,-0.05288532103362553
2026-05-02 00:00:00+00:00,9614.021720833454,-1.8189894035458565e-12,0.12271900641526971,1,False,78341.75,0.0014140151113755106,10924.000021362142,0.0014140151113755106,-0.051546086565361415
2026-05-02 01:00:00+00:00,9615.647747668456,-1.8189894035458565e-12,0.12271900641526971,1,False,78355.0,0.00016913076360935975,10925.847605827425,0.00016913076360935975,-0.05138567383073389
2026-05-02 02:00:00+00:00,9615.516438331591,-1.8189894035458565e-12,0.12271900641526971,1,False,78353.93,-1.365579733270117e-05,10925.698404666831,-1.365579733270117e-05,-0.05139862791571892
2026-05-02 03:00:00+00:00,9621.170102957143,-1.8189894035458565e-12,0.12271900641526971,1,False,78400.0,0.0005879730601898725,10932.122420992535,0.0005879730601898725,-0.050840875864074264
2026-05-02 04:00:00+00:00,9593.619686016915,-1.8189894035458565e-12,0.12271900641526971,1,False,78175.5,-0.0028635204081632892,10900.818065335485,-0.002863520408163178,-0.05355881238663185
2026-05-02 05:00:00+00:00,9593.435607507292,-1.8189894035458565e-12,0.12271900641526971,1,False,78174.0,-1.918759713726015e-05,10900.60890482998,-1.918759713726015e-05,-0.05357697231885383
2026-05-02 06:00:00+00:00,9612.309790693962,-1.8189894035458565e-12,0.12271900641526971,1,False,78327.8,0.0019674060429299978,10922.05482866096,0.0019674060429299978,-0.05171497393502589
2026-05-02 07:00:00+00:00,9599.080681802396,-1.8189894035458565e-12,0.12271900641526971,1,False,78220.0,-0.0013762674299546696,10907.023160332094,-0.0013762674299546696,-0.05302006773071277
2026-05-02 08:00:00+00:00,9610.784393444219,-1.8189894035458565e-12,0.12271900641526971,1,False,78315.37,0.0012192533878803147,10920.321585272017,0.0012192533878803147,-0.051865459240038825
2026-05-02 09:00:00+00:00,9608.109119104367,-1.8189894035458565e-12,0.12271900641526971,1,False,78293.57,-0.0002783617060098109,10917.281785925365,-0.0002783617060098109,-0.052129383588331635
2026-05-02 10:00:00+00:00,9595.213491129973,9595.213491129973,0.0,0,False,78249.3,-0.001342160857514929,10911.108762206266,-0.0005654359610884896,-0.05340157842766802
2026-05-02 11:00:00+00:00,9595.213491129973,9595.213491129973,0.0,0,False,78143.08,0.0,10896.297409609866,-0.0013574562328352302,-0.05340157842766802
2026-05-02 12:00:00+00:00,9595.213491129973,9595.213491129973,0.0,0,False,78211.24,0.0,10905.801662979951,0.0008722461413088745,-0.05340157842766802
2026-05-02 13:00:00+00:00,9595.213491129973,9595.213491129973,0.0,0,False,78367.06,0.0,10927.529256291675,0.0019922967593917207,-0.05340157842766802
2026-05-02 14:00:00+00:00,9595.213491129973,9595.213491129973,0.0,0,False,78423.98,0.0,10935.466200273855,0.0007263255760776577,-0.05340157842766802
2026-05-02 15:00:00+00:00,9595.213491129973,9595.213491129973,0.0,0,False,78487.67,0.0,10944.34715533754,0.0008121240467520163,-0.05340157842766802
2026-05-02 16:00:00+00:00,9595.213491129973,9595.213491129973,0.0,0,False,78455.02,0.0,10939.794428334411,-0.00041598890628291585,-0.05340157842766802
2026-05-02 17:00:00+00:00,9595.213491129973,9595.213491129973,0.0,0,False,78398.02,0.0,10931.84632912527,-0.0007265309472868076,-0.05340157842766802
2026-05-02 18:00:00+00:00,9595.213491129973,9595.213491129973,0.0,0,False,78466.62,0.0,10941.411936243638,0.0008750220987723267,-0.05340157842766802
2026-05-02 19:00:00+00:00,9595.213491129973,9595.213491129973,0.0,0,False,78486.0,0.0,10944.114289974746,0.00024698400415368305,-0.05340157842766802
2026-05-02 20:00:00+00:00,9595.213491129973,9595.213491129973,0.0,0,False,78451.38,0.0,10939.286865507722,-0.00044109777539935724,-0.05340157842766802
2026-05-02 21:00:00+00:00,9595.213491129973,9595.213491129973,0.0,0,False,78719.78,0.0,10976.71265195918,0.0034212272620315343,-0.05340157842766802
2026-05-02 22:00:00+00:00,9595.213491129973,9595.213491129973,0.0,0,False,78832.98,0.0,10992.497298107859,0.0014380121489161457,-0.05340157842766802
2026-05-02 23:00:00+00:00,9595.213491129973,9595.213491129973,0.0,0,False,78686.85,0.0,10972.12088166169,-0.001853665813470351,-0.05340157842766802
2026-05-03 00:00:00+00:00,9595.213491129973,9595.213491129973,0.0,0,False,78542.32,0.0,10951.967569754726,-0.001836774505524108,-0.05340157842766802
2026-05-03 01:00:00+00:00,9595.213491129973,9595.213491129973,0.0,0,False,78240.83,0.0,10909.927702551855,-0.0038385675391305885,-0.05340157842766802
2026-05-03 02:00:00+00:00,9595.213491129973,9595.213491129973,0.0,0,False,78171.85,0.0,10900.309108105426,-0.0008816368640260919,-0.05340157842766802
2026-05-03 03:00:00+00:00,9595.213491129973,9595.213491129973,0.0,0,False,78203.08,0.0,10904.663829830013,0.00039950442518632556,-0.05340157842766802
2026-05-03 04:00:00+00:00,9595.213491129973,9595.213491129973,0.0,0,False,78163.19,0.0,10899.101554786983,-0.0005100822115959858,-0.05340157842766802
2026-05-03 05:00:00+00:00,9595.213491129973,9595.213491129973,0.0,0,False,78249.42,0.0,10911.125495046705,0.00110320471823111,-0.05340157842766802
2026-05-03 06:00:00+00:00,9595.213491129973,9595.213491129973,0.0,0,False,78288.3,0.0,10916.54693534936,0.0004968726924750033,-0.05340157842766802
2026-05-03 07:00:00+00:00,9595.213491129973,9595.213491129973,0.0,0,False,78363.25,0.0,10926.997988607694,0.0009573588901534702,-0.05340157842766802
2026-05-03 08:00:00+00:00,9595.213491129973,9595.213491129973,0.0,0,False,78387.86,0.0,10930.429615301326,0.0003140502722895899,-0.05340157842766802
2026-05-03 09:00:00+00:00,9595.213491129973,9595.213491129973,0.0,0,False,78529.57,0.0,10950.189705457944,0.0018078054433430246,-0.05340157842766802
2026-05-03 10:00:00+00:00,9595.213491129973,9595.213491129973,0.0,0,False,78408.01,0.0,10933.239338091926,-0.0015479519370855677,-0.05340157842766802
2026-05-03 11:00:00+00:00,9595.213491129973,9595.213491129973,0.0,0,False,78656.01,0.0,10967.820541668534,0.0031629421534866697,-0.05340157842766802
2026-05-03 12:00:00+00:00,9595.213491129973,9595.213491129973,0.0,0,False,78747.09,0.0,10980.520767562717,0.001157953473612361,-0.05340157842766802
2026-05-03 13:00:00+00:00,9595.213491129973,9595.213491129973,0.0,0,False,78670.01,0.0,10969.77270638657,-0.0009788298208859292,-0.05340157842766802
2026-05-03 14:00:00+00:00,9595.213491129973,9595.213491129973,0.0,0,False,78741.0,0.0,10979.671575910374,0.0009023769032188156,-0.05340157842766802
2026-05-03 15:00:00+00:00,9595.213491129973,9595.213491129973,0.0,0,False,78668.36,0.0,10969.542629830516,-0.0009225181290559714,-0.05340157842766802
2026-05-03 16:00:00+00:00,9595.213491129973,9595.213491129973,0.0,0,False,78654.0,0.0,10967.540266591159,-0.0001825384436641153,-0.05340157842766802
2026-05-03 17:00:00+00:00,9595.213491129973,9595.213491129973,0.0,0,False,78725.76,0.0,10977.546505174456,0.0009123502936914107,-0.05340157842766802
2026-05-03 18:00:00+00:00,9595.213491129973,9595.213491129973,0.0,0,False,78739.67,0.0,10979.48612026216,0.00017668930728631516,-0.05340157842766802
2026-05-03 19:00:00+00:00,9595.213491129973,9595.213491129973,0.0,0,False,78760.32,0.0,10982.365563221261,0.0002622566236307744,-0.05340157842766802
2026-05-03 20:00:00+00:00,9595.213491129973,9595.213491129973,0.0,0,False,78915.99,0.0,11004.072240482432,0.0019765028887641645,-0.05340157842766802
2026-05-03 21:00:00+00:00,9595.213491129973,9595.213491129973,0.0,0,False,78831.59,0.0,10992.303476039424,-0.0010694917468564435,-0.05340157842766802
2026-05-03 22:00:00+00:00,9595.213491129973,9595.213491129973,0.0,0,False,79177.29,0.0,11040.508000541173,0.00438529782286512,-0.05340157842766802
2026-05-03 23:00:00+00:00,9595.213491129973,9595.213491129973,0.0,0,False,78568.57,0.0,10955.62787860104,-0.007688063079703489,-0.05340157842766802
2026-05-04 00:00:00+00:00,9595.213491129973,9595.213491129973,0.0,0,False,78547.14,0.0,10952.639672179077,-0.0002727553778820724,-0.05340157842766802
2026-05-04 01:00:00+00:00,9595.213491129973,9595.213491129973,0.0,0,False,79769.43,0.0,11123.076201693808,0.015561228581969955,-0.05340157842766802
2026-05-04 02:00:00+00:00,9595.213491129973,9595.213491129973,0.0,0,False,80173.3,0.0,11179.39197059899,0.005062967104064953,-0.05340157842766802
2026-05-04 03:00:00+00:00,9599.413602784969,546.3417572738563,0.11271772626893731,1,False,80316.31,0.00043772988051582473,11199.333333193712,0.0017837609278901212,-0.0529872240136966
2026-05-04 04:00:00+00:00,9601.188906973704,546.3417572738563,0.11271772626893731,1,False,80332.06,0.00018493881628556252,11201.5295185015,0.00019609964651001732,-0.052812084591898345
2026-05-04 05:00:00+00:00,9566.832544006931,546.3417572738563,0.11271772626893731,1,False,80027.26,-0.0035783446508190764,11159.028103783152,-0.0037942510126094398,-0.056201449402319414
2026-05-04 06:00:00+00:00,9549.997024411403,546.3417572738563,0.11271772626893731,1,False,79877.9,-0.0017597798976919377,11138.201295048464,-0.0018663640364546819,-0.05786232711913197
2026-05-04 07:00:00+00:00,9529.578208297786,546.3417572738563,0.11271772626893731,1,False,79696.75,-0.0021380965943155195,11112.94167800047,-0.0022678362851300538,-0.059876708468894924
2026-05-04 08:00:00+00:00,9530.880098036192,546.3417572738563,0.11271772626893731,1,False,79708.3,0.00013661567279776854,11114.552213892848,0.0001449243538789169,-0.059748272892909515
2026-05-04 09:00:00+00:00,9545.553691641882,546.3417572738563,0.11271772626893731,1,False,79838.48,0.0015395843253460662,11132.704556963829,0.0016332050740011095,-0.058300676071975754
2026-05-04 10:00:00+00:00,9478.24970665693,9478.24970665693,0.0,0,False,78940.26,-0.00705082043002736,11007.456457461483,-0.011250464688205453,-0.06494042890407037
2026-05-04 11:00:00+00:00,9478.24970665693,9478.24970665693,0.0,0,False,78793.67,0.0,10987.015898460291,-0.0018569738685939585,-0.06494042890407037
2026-05-04 12:00:00+00:00,9478.24970665693,9478.24970665693,0.0,0,False,78857.18,0.0,10995.871754263319,0.0008060292152911597,-0.06494042890407037
2026-05-04 13:00:00+00:00,9478.24970665693,9478.24970665693,0.0,0,False,78790.0,0.0,10986.504152423493,-0.0008519198885884594,-0.06494042890407037
2026-05-04 14:00:00+00:00,9478.24970665693,9478.24970665693,0.0,0,False,80216.16,0.0,11185.368383442918,0.018100774209925286,-0.06494042890407037
2026-05-04 15:00:00+00:00,9478.24970665693,9478.24970665693,0.0,0,False,80028.85,0.0,11159.249813918987,-0.0023350656526067715,-0.06494042890407037
2026-05-04 16:00:00+00:00,9478.24970665693,9478.24970665693,0.0,0,False,80025.03,0.0,11158.717151831637,-4.773278636394096e-05,-0.06494042890407037
2026-05-04 17:00:00+00:00,9478.24970665693,9478.24970665693,0.0,0,False,80390.81,0.0,11209.721638300394,0.004570819904722301,-0.06494042890407037
2026-05-04 18:00:00+00:00,9478.24970665693,9478.24970665693,0.0,0,False,80114.91,0.0,11171.250049321417,-0.0034319843275617545,-0.06494042890407037
2026-05-04 19:00:00+00:00,9478.24970665693,9478.24970665693,0.0,0,False,80053.31,0.0,11162.660524562067,-0.0007688955776146145,-0.06494042890407037
2026-05-04 20:00:00+00:00,9478.24970665693,9478.24970665693,0.0,0,False,79936.7,0.0,11146.400386864208,-0.0014566543219763917,-0.06494042890407037
2026-05-04 21:00:00+00:00,9478.24970665693,9478.24970665693,0.0,0,False,80259.17,0.0,11191.36571233739,0.004034066955478588,-0.06494042890407037
2026-05-04 22:00:00+00:00,9478.24970665693,9478.24970665693,0.0,0,False,80067.23,0.0,11164.60153405314,-0.0023915024289435927,-0.06494042890407037
2026-05-04 23:00:00+00:00,9478.24970665693,9478.24970665693,0.0,0,False,79861.01,0.0,11135.846147756494,-0.002575585542299752,-0.06494042890407037
2026-05-05 00:00:00+00:00,9478.24970665693,9478.24970665693,0.0,0,False,80170.66,0.0,11179.023848109306,0.003877361430815851,-0.06494042890407037
2026-05-05 01:00:00+00:00,9478.24970665693,9478.24970665693,0.0,0,False,80352.0,0.0,11204.30995882133,0.0022619247490289762,-0.06494042890407037
2026-05-05 02:00:00+00:00,9478.24970665693,9478.24970665693,0.0,0,False,80554.68,0.0,11232.571726324986,0.0025224014336915346,-0.06494042890407037
2026-05-05 03:00:00+00:00,9478.24970665693,9478.24970665693,0.0,0,False,80893.08,0.0,11279.758336366618,0.004200873245353343,-0.06494042890407037
2026-05-05 04:00:00+00:00,9478.24970665693,9478.24970665693,0.0,0,False,80902.44,0.0,11281.06349792096,0.00011570829049900588,-0.06494042890407037
2026-05-05 05:00:00+00:00,9478.24970665693,9478.24970665693,0.0,0,False,80970.0,0.0,11290.484087088847,0.0008350798813978599,-0.06494042890407037
2026-05-05 06:00:00+00:00,9478.24970665693,9478.24970665693,0.0,0,False,80976.0,0.0,11291.320729110861,7.4101519081049e-05,-0.06494042890407037
2026-05-05 07:00:00+00:00,9455.657176796783,1497.157152370104,0.0984285690627782,1,False,80855.59,-0.0023836183429815083,11274.530718132395,-0.0014869837976684286,-0.06716925404951513
2026-05-05 08:00:00+00:00,9451.685584035102,1497.157152370104,0.0984285690627782,1,False,80815.24,-0.00042002292251330786,11268.904300534346,-0.0004990378525466799,-0.06756106434563947
2026-05-05 09:00:00+00:00,9429.123787434532,1497.157152370104,0.0984285690627782,1,False,80586.02,-0.002387065925963494,11236.941786486645,-0.0028363462139070483,-0.06978685755698166
2026-05-05 10:00:00+00:00,9452.509431158156,1497.157152370104,0.0984285690627782,1,False,80823.61,0.002480150250523616,11270.071416155059,0.002948278125660009,-0.06747978919871112
2026-05-05 11:00:00+00:00,9471.254167850471,1497.157152370104,0.0984285690627782,1,False,81014.05,0.0019830434265981634,11296.626433933805,0.002356242192101954,-0.06563056112451171
2026-05-05 12:00:00+00:00,9497.37317293697,1497.157152370104,0.0984285690627782,1,False,81279.41,0.002757713458388489,11333.628321760778,0.0032754812282562717,-0.06305383794781794
2026-05-05 13:00:00+00:00,9502.352674245856,1497.157152370104,0.0984285690627782,1,False,81330.0,0.0005243030065487098,11340.682608409732,0.0006224208566474321,-0.06256259425807975
2026-05-05 14:00:00+00:00,9503.001318515979,1497.157152370104,0.0984285690627782,1,False,81336.59,6.826143928351236e-05,11341.601520230577,8.102791097996942e-05,-0.06249860343152569
2026-05-05 15:00:00+00:00,9521.56494664122,1497.157152370104,0.0984285690627782,1,False,81525.19,0.0019534489687031975,11367.89996778924,0.0023187596136007294,-0.06066724229524112
2026-05-05 16:00:00+00:00,9497.997210064827,1497.157152370104,0.0984285690627782,1,False,81285.75,-0.0024751956961346355,11334.512373497373,-0.002937006341230175,-0.0629922746943502
2026-05-05 17:00:00+00:00,9496.506017243526,1497.157152370104,0.0984285690627782,1,False,81270.6,-0.00015700076430014143,11332.399852391785,-0.00018637953146771746,-0.06313938562337829
2026-05-05 18:00:00+00:00,9520.56195952247,1497.157152370104,0.0984285690627782,1,False,81515.0,0.0025331361066127656,11366.479070755186,0.0030072375496181802,-0.060766190174237567
2026-05-05 19:00:00+00:00,9529.553409306354,1497.157152370104,0.0984285690627782,1,False,81606.35,0.0009444242705536343,11379.21694554036,0.001120652640618225,-0.05987915496851337
2026-05-05 20:00:00+00:00,9533.493504925937,1497.157152370104,0.0984285690627782,1,False,81646.38,0.0004134606786225792,11384.798742230569,0.0004905255534648489,-0.059490451965939384
2026-05-05 21:00:00+00:00,9509.942501206286,1497.157152370104,0.0984285690627782,1,False,81407.11,-0.002470343500783012,11351.434852795992,-0.002930564710890926,-0.061813833615349756
2026-05-05 22:00:00+00:00,9480.823393334755,1497.157152370104,0.0984285690627782,1,False,81111.27,-0.0030619646614937768,11310.182823497184,-0.0036340806104038226,-0.06468652650272189
2026-05-05 23:00:00+00:00,9460.571715250087,1497.157152370104,0.0984285690627782,1,False,80905.52,-0.0021360674325928697,11281.49297415893,-0.0025366388665840622,-0.06668441915272472
2026-05-06 00:00:00+00:00,9472.825087812711,1497.157152370104,0.0984285690627782,1,False,81030.01,0.0012952042362166516,11298.851901712364,0.001538708360072194,-0.06547558485868432
2026-05-06 01:00:00+00:00,9513.11485398718,1497.157152370104,0.0984285690627782,1,False,81439.34,0.004253194353424972,11355.929014857578,0.005051585208986076,-0.06150087089306744
2026-05-06 02:00:00+00:00,9505.653968452221,1497.157152370104,0.0984285690627782,1,False,81363.54,-0.0007842736737095901,11345.359437312793,-0.0009307541048343415,-0.06223691105282536
2026-05-06 03:00:00+00:00,9527.126160793267,1497.157152370104,0.0984285690627782,1,False,81581.69,0.0022588863861769948,11375.778346829879,0.0026811763598288962,-0.060118610777743386
2026-05-06 04:00:00+00:00,9502.460945671824,1497.157152370104,0.0984285690627782,1,False,81331.1,-0.002588945995377512,11340.835992780434,-0.003071645120369504,-0.0625519129365002
2026-05-06 05:00:00+00:00,9502.647959953043,1497.157152370104,0.0984285690627782,1,False,81333.0,1.9680615609862784e-05,11341.100929420738,2.3361297215807042e-05,-0.0625334633810446
2026-05-06 06:00:00+00:00,9516.793129613055,1497.157152370104,0.0984285690627782,1,False,81476.71,0.001488550319829196,11361.139900251363,0.0017669334710390672,-0.061137997268131294
2026-05-06 07:00:00+00:00,9505.287814175308,1497.157152370104,0.0984285690627782,1,False,81359.82,-0.0012089487793894849,11344.840719259144,-0.001434643102305122,-0.06227303334034906
2026-05-06 08:00:00+00:00,9562.951207075046,1497.157152370104,0.0984285690627782,1,False,81945.66,0.006066454170250868,11426.530446288663,0.007200605901045654,-0.05658435567289999
2026-05-06 09:00:00+00:00,9568.004529810729,1497.157152370104,0.0984285690627782,1,False,81997.0,0.0005284271169285759,11433.689313190369,0.0006265127402720339,-0.05608582926390293
2026-05-06 10:00:00+00:00,9596.848037688884,1497.157152370104,0.0984285690627782,1,False,82290.04,0.0030145792456814924,11474.550909545567,0.0035737892849736497,-0.05324032519509714
2026-05-06 11:00:00+00:00,9619.767129995154,1497.157152370104,0.0984285690627782,1,False,82522.89,0.0023881895614332738,11507.01959201659,0.002829625553712356,-0.050979283622542115
2026-05-06 12:00:00+00:00,9590.000362139188,1497.157152370104,0.0984285690627782,1,False,82220.47,-0.00309433351698829,11464.850045300307,-0.0036646801875213075,-0.05391587023354505
2026-05-06 13:00:00+00:00,9535.905989153667,1497.157152370104,0.0984285690627782,1,False,81670.89,-0.005640706042002064,11388.216424890497,-0.006684223527304134,-0.05925245270056101
2026-05-06 14:00:00+00:00,9521.716526637576,1497.157152370104,0.0984285690627782,1,False,81526.73,-0.001488003607861721,11368.114705908225,-0.0017651332071927373,-0.06065228844502968
2026-05-06 15:00:00+00:00,9539.1895662176,1497.157152370104,0.0984285690627782,1,False,81704.25,0.001835072440052432,11392.8681545329,0.0021774453605583055,-0.05892851734792892
2026-05-06 16:00:00+00:00,9531.973767819607,1497.157152370104,0.0984285690627782,1,False,81630.94,-0.0007564372578930945,11382.64578342725,-0.0008972605464220296,-0.05964037887974771
2026-05-06 17:00:00+00:00,9521.296231433233,9521.296231433233,0.0,0,False,81452.63,-0.001120181050269231,11357.782176936344,-0.0021843433384447497,-0.06069375190776494
2026-05-06 18:00:00+00:00,9521.296231433233,9521.296231433233,0.0,0,False,81353.14,0.0,11343.909257807967,-0.0012214461337837212,-0.06069375190776494
2026-05-06 19:00:00+00:00,9521.296231433233,9521.296231433233,0.0,0,False,81464.87,0.0,11359.488926661252,0.001373395052729487,-0.06069375190776494
2026-05-06 20:00:00+00:00,9521.296231433233,9521.296231433233,0.0,0,False,81427.52,0.0,11354.28083007421,-0.00045847983308622275,-0.06069375190776494
2026-05-06 21:00:00+00:00,9521.296231433233,9521.296231433233,0.0,0,False,81539.16,0.0,11369.847949297166,0.0013710352470517329,-0.06069375190776494
2026-05-06 22:00:00+00:00,9521.296231433233,9521.296231433233,0.0,0,False,81342.39,0.0,11342.410274185191,-0.002413196309601573,-0.06069375190776494
2026-05-06 23:00:00+00:00,9521.296231433233,9521.296231433233,0.0,0,False,81447.01,0.0,11356.99852224239,0.0012861682574116795,-0.06069375190776494
2026-05-07 00:00:00+00:00,9521.296231433233,9521.296231433233,0.0,0,False,81016.96,0.0,11297.032205314485,-0.005280120166473723,-0.06069375190776494
2026-05-07 01:00:00+00:00,9521.296231433233,9521.296231433233,0.0,0,False,81167.8,0.0,11318.065385747934,0.001861832386700124,-0.06069375190776494
2026-05-07 02:00:00+00:00,9521.296231433233,9521.296231433233,0.0,0,False,81113.34,0.0,11310.471464994778,-0.0006709557238216979,-0.06069375190776494
2026-05-07 03:00:00+00:00,9521.296231433233,9521.296231433233,0.0,0,False,80834.91,0.0,11271.647091963187,-0.0034326043040514564,-0.06069375190776494
2026-05-07 04:00:00+00:00,9521.296231433233,9521.296231433233,0.0,0,False,80979.19,0.0,11291.7655437859,0.0017848724022824225,-0.06069375190776494
2026-05-07 05:00:00+00:00,9521.296231433233,9521.296231433233,0.0,0,False,81088.0,0.0,11306.938046855137,0.0013436785425984255,-0.06069375190776494
2026-05-07 06:00:00+00:00,9521.296231433233,9521.296231433233,0.0,0,False,81438.61,0.0,11355.827223411568,0.004323821033938469,-0.06069375190776494
2026-05-07 07:00:00+00:00,9521.296231433233,9521.296231433233,0.0,0,False,81518.58,0.0,11366.978267161654,0.0009819666617589817,-0.06069375190776494
2026-05-07 08:00:00+00:00,9521.296231433233,9521.296231433233,0.0,0,False,81231.24,0.0,11326.911480727369,-0.003524840594622658,-0.06069375190776494
2026-05-07 09:00:00+00:00,9521.296231433233,9521.296231433233,0.0,0,False,80929.0,0.0,11284.767033271746,-0.0037207360124011934,-0.06069375190776494
2026-05-07 10:00:00+00:00,9521.296231433233,9521.296231433233,0.0,0,False,80850.75,0.0,11273.855826901305,-0.0009668969096368052,-0.06069375190776494
2026-05-07 11:00:00+00:00,9521.296231433233,9521.296231433233,0.0,0,False,80866.65,0.0,11276.072928259642,0.00019665865808282668,-0.06069375190776494
2026-05-07 12:00:00+00:00,9521.296231433233,9521.296231433233,0.0,0,False,81162.01,0.0,11317.258026196689,0.0036524327395781597,-0.06069375190776494
2026-05-07 13:00:00+00:00,9521.296231433233,9521.296231433233,0.0,0,False,80503.68,0.0,11225.46026913786,-0.00811130724830511,-0.06069375190776494
2026-05-07 14:00:00+00:00,9521.296231433233,9521.296231433233,0.0,0,False,80171.38,0.0,11179.124245151947,-0.004127761612885084,-0.06069375190776494
2026-05-07 15:00:00+00:00,9521.296231433233,9521.296231433233,0.0,0,False,79890.63,0.0,11139.976370538507,-0.0035018731123251934,-0.06069375190776494
2026-05-07 16:00:00+00:00,9521.296231433233,9521.296231433233,0.0,0,False,79801.08,0.0,11127.489488359937,-0.00112090742055726,-0.06069375190776494
2026-05-07 17:00:00+00:00,9521.296231433233,9521.296231433233,0.0,0,False,80094.52,0.0,11168.406860849936,0.0036771432166080587,-0.06069375190776494
2026-05-07 18:00:00+00:00,9521.296231433233,9521.296231433233,0.0,0,False,80200.59,0.0,11183.197297395787,0.0013243103273483658,-0.06069375190776494
2026-05-07 19:00:00+00:00,9521.296231433233,9521.296231433233,0.0,0,False,80146.11,0.0,11175.600587835894,-0.0006792967483156831,-0.06069375190776494
2026-05-07 20:00:00+00:00,9521.296231433233,9521.296231433233,0.0,0,False,79879.99,0.0,11138.4927253528,-0.0033204356393591317,-0.06069375190776494
2026-05-07 21:00:00+00:00,9521.296231433233,9521.296231433233,0.0,0,False,79735.01,0.0,11118.276665294185,-0.0018149726859003623,-0.06069375190776494
2026-05-07 22:00:00+00:00,9521.296231433233,9521.296231433233,0.0,0,False,79919.01,0.0,11143.933687302637,0.0023076437815710005,-0.06069375190776494
2026-05-07 23:00:00+00:00,9521.296231433233,9521.296231433233,0.0,0,False,80006.0,0.0,11156.063602218479,0.001088476946848882,-0.06069375190776494
2026-05-08 00:00:00+00:00,9521.296231433233,9521.296231433233,0.0,0,False,79831.99,0.0,11131.799589176682,-0.0021749618778591495,-0.06069375190776494
2026-05-08 01:00:00+00:00,9521.296231433233,9521.296231433233,0.0,0,False,79740.01,0.0,11118.973866979197,-0.0011521697003920028,-0.06069375190776494
2026-05-08 02:00:00+00:00,9521.296231433233,9521.296231433233,0.0,0,False,79488.46,0.0,11083.89765020623,-0.0031546271438891438,-0.06069375190776494
2026-05-08 03:00:00+00:00,9521.296231433233,9521.296231433233,0.0,0,False,79578.85,0.0,11096.501662267881,0.0011371461970706154,-0.06069375190776494
2026-05-08 04:00:00+00:00,9521.296231433233,9521.296231433233,0.0,0,False,79655.23,0.0,11107.152115208128,0.0009598027616632976,-0.06069375190776494
2026-05-08 05:00:00+00:00,9521.296231433233,9521.296231433233,0.0,0,False,79600.01,0.0,11099.452219798854,-0.0006932375940662538,-0.06069375190776494
2026-05-08 06:00:00+00:00,9521.296231433233,9521.296231433233,0.0,0,False,79525.76,0.0,11089.098774776421,-0.0009327888275391105,-0.06069375190776494
2026-05-08 07:00:00+00:00,9521.296231433233,9521.296231433233,0.0,0,False,79682.4,0.0,11110.940709164484,0.0019696762407550583,-0.06069375190776494
2026-05-08 08:00:00+00:00,9521.296231433233,9521.296231433233,0.0,0,False,79886.01,0.0,11139.332156181556,0.002555269419595829,-0.06069375190776494
2026-05-08 09:00:00+00:00,9521.296231433233,9521.296231433233,0.0,0,False,79872.72,0.0,11137.478994102792,-0.00016636204511910613,-0.06069375190776494
2026-05-08 10:00:00+00:00,9521.296231433233,9521.296231433233,0.0,0,False,80212.56,0.0,11184.866398229708,0.004254769338016828,-0.06069375190776494
2026-05-08 11:00:00+00:00,9521.296231433233,9521.296231433233,0.0,0,False,80231.22,0.0,11187.468354918172,0.00023263189704936238,-0.06069375190776494
2026-05-08 12:00:00+00:00,9521.296231433233,9521.296231433233,0.0,0,False,80025.82,0.0,11158.827309697868,-0.002560100669041221,-0.06069375190776494
2026-05-08 13:00:00+00:00,9521.296231433233,9521.296231433233,0.0,0,False,79647.8,0.0,11106.1160735042,-0.004723725417621449,-0.06069375190776494
2026-05-08 14:00:00+00:00,9521.296231433233,9521.296231433233,0.0,0,False,80150.97,0.0,11176.278267873726,0.006317437518676083,-0.06069375190776494
2026-05-08 15:00:00+00:00,9521.296231433233,9521.296231433233,0.0,0,False,80142.14,0.0,11175.047009697993,-0.00011016710090971937,-0.06069375190776494
2026-05-08 16:00:00+00:00,9521.296231433233,9521.296231433233,0.0,0,False,79802.34,0.0,11127.66518318456,-0.004239966639273618,-0.06069375190776494
2026-05-08 17:00:00+00:00,9521.296231433233,9521.296231433233,0.0,0,False,80060.0,0.0,11163.593380416612,0.0032287273781697046,-0.06069375190776494
2026-05-08 18:00:00+00:00,9521.296231433233,9521.296231433233,0.0,0,False,80078.4,0.0,11166.159082617456,0.0002298276292778123,-0.06069375190776494
2026-05-08 19:00:00+00:00,9521.296231433233,9521.296231433233,0.0,0,False,80179.94,0.0,11180.317854436686,0.0012680073527941982,-0.06069375190776494
2026-05-08 20:00:00+00:00,9521.296231433233,9521.296231433233,0.0,0,False,80133.09,0.0,11173.78507464812,-0.0005843107390701707,-0.06069375190776494
2026-05-08 21:00:00+00:00,9521.296231433233,9521.296231433233,0.0,0,False,80263.99,0.0,11192.037814761743,0.001633532414636818,-0.06069375190776494
2026-05-08 22:00:00+00:00,9521.296231433233,9521.296231433233,0.0,0,False,80262.0,0.0,11191.760328491107,-2.479318558679111e-05,-0.06069375190776494
2026-05-08 23:00:00+00:00,9521.296231433233,9521.296231433233,0.0,0,False,80193.17,0.0,11182.162650095228,-0.0008575664698113883,-0.06069375190776494
2026-05-09 00:00:00+00:00,9521.296231433233,9521.296231433233,0.0,0,False,80238.76,0.0,11188.519735059172,0.0005685022801817929,-0.06069375190776494
2026-05-09 01:00:00+00:00,9521.296231433233,9521.296231433233,0.0,0,False,80327.75,0.0,11200.92853064902,0.0011090649955207699,-0.06069375190776494
2026-05-09 02:00:00+00:00,9521.296231433233,9521.296231433233,0.0,0,False,80417.87,0.0,11213.49489381968,0.001121903700775695,-0.06069375190776494
2026-05-09 03:00:00+00:00,9521.296231433233,9521.296231433233,0.0,0,False,80383.95,0.0,11208.765077588558,-0.00042179679715448337,-0.06069375190776494
2026-05-09 04:00:00+00:00,9521.296231433233,9521.296231433233,0.0,0,False,80379.9,0.0,11208.200344223696,-5.0383192167213764e-05,-0.06069375190776494
2026-05-09 05:00:00+00:00,9521.296231433233,9521.296231433233,0.0,0,False,80379.49,0.0,11208.143173685527,-5.1007776818989825e-06,-0.06069375190776494
2026-05-09 06:00:00+00:00,9521.296231433233,9521.296231433233,0.0,0,False,80263.92,0.0,11192.028053938153,-0.0014378045941818574,-0.06069375190776494
2026-05-09 07:00:00+00:00,9521.296231433233,9521.296231433233,0.0,0,False,80228.89,0.0,11187.143458932956,-0.00043643520027436544,-0.06069375190776494
2026-05-09 08:00:00+00:00,9521.296231433233,9521.296231433233,0.0,0,False,80407.12,0.0,11211.995910196903,0.002221518956575297,-0.06069375190776494
2026-05-09 09:00:00+00:00,9521.296231433233,9521.296231433233,0.0,0,False,80242.53,0.0,11189.04542512967,-0.002046958030582302,-0.06069375190776494
2026-05-09 10:00:00+00:00,9521.296231433233,9521.296231433233,0.0,0,False,80264.02,0.0,11192.041997971854,0.0002678130911375476,-0.06069375190776494
2026-05-09 11:00:00+00:00,9521.296231433233,9521.296231433233,0.0,0,False,80345.46,0.0,11203.398019017335,0.0010146513967281834,-0.06069375190776494
2026-05-09 12:00:00+00:00,9521.296231433233,9521.296231433233,0.0,0,False,80397.97,0.0,11210.720031113333,0.0006535527956401666,-0.06069375190776494
2026-05-09 13:00:00+00:00,9521.296231433233,9521.296231433233,0.0,0,False,80391.18,0.0,11209.773231225085,-8.445486869890217e-05,-0.06069375190776494
2026-05-09 14:00:00+00:00,9521.296231433233,9521.296231433233,0.0,0,False,80332.22,0.0,11201.55182895542,-0.000733413789920645,-0.06069375190776494
2026-05-09 15:00:00+00:00,9521.296231433233,9521.296231433233,0.0,0,False,80527.92,0.0,11228.840302906801,0.002436133347242242,-0.06069375190776494
2026-05-09 16:00:00+00:00,9521.296231433233,9521.296231433233,0.0,0,False,80625.01,0.0,11242.37856522637,0.0012056687916439657,-0.06069375190776494
2026-05-09 17:00:00+00:00,9521.296231433233,9521.296231433233,0.0,0,False,80812.7,0.0,11268.55012207836,0.0023279376957596742,-0.06069375190776494
2026-05-09 18:00:00+00:00,9521.296231433233,9521.296231433233,0.0,0,False,80907.65,0.0,11281.789982076743,0.0011749390875444021,-0.06069375190776494
2026-05-09 19:00:00+00:00,9521.296231433233,9521.296231433233,0.0,0,False,80938.53,0.0,11286.09589968338,0.00038166971850017717,-0.06069375190776494
2026-05-09 20:00:00+00:00,9521.296231433233,9521.296231433233,0.0,0,False,80805.5,0.0,11267.546151651943,-0.0016435929834653917,-0.06069375190776494
2026-05-09 21:00:00+00:00,9521.296231433233,9521.296231433233,0.0,0,False,80780.83,0.0,11264.106158538092,-0.0003053010005507062,-0.06069375190776494
2026-05-09 22:00:00+00:00,9521.296231433233,9521.296231433233,0.0,0,False,80782.38,0.0,11264.322291060447,1.9187720651236972e-05,-0.06069375190776494
2026-05-09 23:00:00+00:00,9521.296231433233,9521.296231433233,0.0,0,False,80678.4,0.0,11249.823284818931,-0.0012871618786176597,-0.06069375190776494
2026-05-10 00:00:00+00:00,9521.296231433233,9521.296231433233,0.0,0,False,80680.04,0.0,11250.051966971614,2.0327621767401993e-05,-0.06069375190776494
2026-05-10 01:00:00+00:00,9521.296231433233,9521.296231433233,0.0,0,False,80685.56,0.0,11250.82167763187,6.84184093118212e-05,-0.06069375190776494
2026-05-10 02:00:00+00:00,9521.296231433233,9521.296231433233,0.0,0,False,80777.42,0.0,11263.630666988913,0.0011384936784224475,-0.06069375190776494
2026-05-10 03:00:00+00:00,9521.296231433233,9521.296231433233,0.0,0,False,80775.0,0.0,11263.293221373367,-2.9958867218016216e-05,-0.06069375190776494
2026-05-10 04:00:00+00:00,9521.296231433233,9521.296231433233,0.0,0,False,80759.93,0.0,11261.19185549474,-0.00018656762612190292,-0.06069375190776494
2026-05-10 05:00:00+00:00,9521.296231433233,9521.296231433233,0.0,0,False,80700.77,0.0,11252.942565157677,-0.0007325414967545019,-0.06069375190776494
2026-05-10 06:00:00+00:00,9521.296231433233,9521.296231433233,0.0,0,False,80733.75,0.0,11257.541307472016,0.00040867020227919326,-0.06069375190776494
2026-05-10 07:00:00+00:00,9521.296231433233,9521.296231433233,0.0,0,False,80736.03,0.0,11257.859231440383,2.8240977286486668e-05,-0.06069375190776494
2026-05-10 08:00:00+00:00,9521.296231433233,9521.296231433233,0.0,0,False,80830.33,0.0,11271.008455219715,0.0011680039258803454,-0.06069375190776494
2026-05-10 09:00:00+00:00,9521.296231433233,9521.296231433233,0.0,0,False,80807.96,0.0,11267.889174880971,-0.0002767525506822688,-0.06069375190776494
2026-05-10 10:00:00+00:00,9521.296231433233,9521.296231433233,0.0,0,False,80873.79,0.0,11277.06853226584,0.0008146474678976112,-0.06069375190776494
2026-05-10 11:00:00+00:00,9521.296231433233,9521.296231433233,0.0,0,False,80821.21,0.0,11269.736759346253,-0.0006501488306653869,-0.06069375190776494
2026-05-10 12:00:00+00:00,9521.296231433233,9521.296231433233,0.0,0,False,80927.72,0.0,11284.588549640383,0.001317847134433947,-0.06069375190776494
2026-05-10 13:00:00+00:00,9521.296231433233,9521.296231433233,0.0,0,False,80971.67,0.0,11290.716952451641,0.000543077205189979,-0.06069375190776494
2026-05-10 14:00:00+00:00,9521.296231433233,9521.296231433233,0.0,0,False,80990.11,0.0,11293.288232265968,0.00022773397164721487,-0.06069375190776494
2026-05-10 15:00:00+00:00,9521.296231433233,9521.296231433233,0.0,0,False,81418.01,0.0,11352.954752469317,0.005283361141255272,-0.06069375190776494
2026-05-10 16:00:00+00:00,9521.296231433233,9521.296231433233,0.0,0,False,81378.25,0.0,11347.4106046701,-0.0004883440408331996,-0.06069375190776494
2026-05-10 17:00:00+00:00,9521.296231433233,9521.296231433233,0.0,0,False,81476.18,0.0,11361.06599687275,0.0012033927984442805,-0.06069375190776494
2026-05-10 18:00:00+00:00,9521.296231433233,9521.296231433233,0.0,0,False,81271.96,0.0,11332.58949125011,-0.0025064994456047707,-0.06069375190776494
2026-05-10 19:00:00+00:00,9521.296231433233,9521.296231433233,0.0,0,False,81437.83,0.0,11355.718459948706,0.002040925308064434,-0.06069375190776494
2026-05-10 20:00:00+00:00,9521.296231433233,9521.296231433233,0.0,0,False,80734.88,0.0,11257.69887505283,-0.008631737854508104,-0.06069375190776494
2026-05-10 21:00:00+00:00,9521.296231433233,9521.296231433233,0.0,0,False,80720.47,0.0,11255.689539796624,-0.0001784854328142904,-0.06069375190776494
2026-05-10 22:00:00+00:00,9521.296231433233,9521.296231433233,0.0,0,False,82044.49,0.0,11440.311334794616,0.0164025308574145,-0.06069375190776494
2026-05-10 23:00:00+00:00,9521.296231433233,9521.296231433233,0.0,0,False,82210.07,0.0,11463.399865795483,0.002018173310602611,-0.06069375190776494
2026-05-11 00:00:00+00:00,9521.296231433233,9521.296231433233,0.0,0,False,81471.13,0.0,11360.361823170888,-0.00898843657474091,-0.06069375190776494
2026-05-11 01:00:00+00:00,9521.296231433233,9521.296231433233,0.0,0,False,81501.72,0.0,11364.627303079793,0.00037547042737706704,-0.06069375190776494
2026-05-11 02:00:00+00:00,9521.296231433233,9521.296231433233,0.0,0,False,81169.08,0.0,11318.243869379296,-0.004081386257860586,-0.06069375190776494
2026-05-11 03:00:00+00:00,9521.296231433233,9521.296231433233,0.0,0,False,80736.01,0.0,11257.856442633642,-0.005335406043779245,-0.06069375190776494
2026-05-11 04:00:00+00:00,9521.296231433233,9521.296231433233,0.0,0,False,80824.61,0.0,11270.21085649206,0.0010974037483397758,-0.06069375190776494
2026-05-11 05:00:00+00:00,9521.296231433233,9521.296231433233,0.0,0,False,80832.33,0.0,11271.28733589372,9.551546243158349e-05,-0.06069375190776494
2026-05-11 06:00:00+00:00,9521.296231433233,9521.296231433233,0.0,0,False,80822.86,0.0,11269.966835902307,-0.00011715609336004906,-0.06069375190776494
2026-05-11 07:00:00+00:00,9521.296231433233,9521.296231433233,0.0,0,False,80740.4,0.0,11258.468585713083,-0.001020255902847489,-0.06069375190776494
2026-05-11 08:00:00+00:00,9521.296231433233,9521.296231433233,0.0,0,False,80767.97,0.0,11262.31295580424,0.00034146474379626035,-0.06069375190776494
2026-05-11 09:00:00+00:00,9521.296231433233,9521.296231433233,0.0,0,False,80966.57,0.0,11290.005806732928,0.0024588955250455236,-0.06069375190776494
2026-05-11 10:00:00+00:00,9521.296231433233,9521.296231433233,0.0,0,False,80940.0,0.0,11286.300876978774,-0.00032816012830971797,-0.06069375190776494
2026-05-11 11:00:00+00:00,9521.296231433233,9521.296231433233,0.0,0,False,81196.94,0.0,11322.128677168184,0.0031744502100321537,-0.06069375190776494
2026-05-11 12:00:00+00:00,9521.296231433233,9521.296231433233,0.0,0,False,81054.65,0.0,11302.287711616103,-0.0017524059404210313,-0.06069375190776494
2026-05-11 13:00:00+00:00,9521.296231433233,9521.296231433233,0.0,0,False,81072.0,0.0,11304.707001463097,0.00021405311108013692,-0.06069375190776494
2026-05-11 14:00:00+00:00,9521.296231433233,9521.296231433233,0.0,0,False,80953.38,0.0,11288.166588687867,-0.0014631438721135481,-0.06069375190776494
2026-05-11 15:00:00+00:00,9521.296231433233,9521.296231433233,0.0,0,False,81445.9,0.0,11356.843743468315,0.006083995504572837,-0.06069375190776494
2026-05-11 16:00:00+00:00,9521.296231433233,9521.296231433233,0.0,0,False,81575.85,0.0,11374.964015261785,0.0015955376513736574,-0.06069375190776494
2026-05-11 17:00:00+00:00,9521.296231433233,9521.296231433233,0.0,0,False,81941.09,0.0,11425.89320394856,0.00447730547704972,-0.06069375190776494
2026-05-11 18:00:00+00:00,9521.296231433233,9521.296231433233,0.0,0,False,81858.96,0.0,11414.44096907055,-0.001002305436747175,-0.06069375190776494
2026-05-11 19:00:00+00:00,9521.296231433233,9521.296231433233,0.0,0,False,81961.99,0.0,11428.807506991912,0.0012586282552329298,-0.06069375190776494
2026-05-11 20:00:00+00:00,9521.296231433233,9521.296231433233,0.0,0,False,81821.02,0.0,11409.150602684676,-0.0017199435982458988,-0.06069375190776494
2026-05-11 21:00:00+00:00,9521.296231433233,9521.296231433233,0.0,0,False,81821.18,0.0,11409.172913138596,1.9554877217498046e-06,-0.06069375190776494
2026-05-11 22:00:00+00:00,9521.296231433233,9521.296231433233,0.0,0,False,81833.92,0.0,11410.949383032008,0.00015570540537312993,-0.06069375190776494
2026-05-11 23:00:00+00:00,9521.296231433233,9521.296231433233,0.0,0,False,81745.65,0.0,11398.6409844848,-0.0010786480716065139,-0.06069375190776494
2026-05-12 00:00:00+00:00,9521.296231433233,9521.296231433233,0.0,0,False,81545.2,0.0,11370.690168932659,-0.0024521182472705405,-0.06069375190776494
2026-05-12 01:00:00+00:00,9521.296231433233,9521.296231433233,0.0,0,False,81199.18,0.0,11322.44102352307,-0.004243290837474101,-0.06069375190776494
2026-05-12 02:00:00+00:00,9521.296231433233,9521.296231433233,0.0,0,False,81249.93,0.0,11329.517620625944,0.0006250063116399751,-0.06069375190776494
2026-05-12 03:00:00+00:00,9521.296231433233,9521.296231433233,0.0,0,False,81058.8,0.0,11302.866389014665,-0.002352371257427488,-0.06069375190776494
2026-05-12 04:00:00+00:00,9521.296231433233,9521.296231433233,0.0,0,False,81240.01,0.0,11328.13437248288,0.002235537659082132,-0.06069375190776494
2026-05-12 05:00:00+00:00,9521.296231433233,9521.296231433233,0.0,0,False,81224.03,0.0,11325.906115897582,-0.0001967011082346648,-0.06069375190776494
2026-05-12 06:00:00+00:00,9521.296231433233,9521.296231433233,0.0,0,False,81022.44,0.0,11297.796338361255,-0.0024819009842286244,-0.06069375190776494
2026-05-12 07:00:00+00:00,9521.296231433233,9521.296231433233,0.0,0,False,80865.4,0.0,11275.898627838389,-0.0019382284710260933,-0.06069375190776494
2026-05-12 08:00:00+00:00,9521.296231433233,9521.296231433233,0.0,0,False,80843.31,0.0,11272.818390794006,-0.0002731699837011936,-0.06069375190776494
2026-05-12 09:00:00+00:00,9521.296231433233,9521.296231433233,0.0,0,False,80837.15,0.0,11271.95943831807,-7.619678115611261e-05,-0.06069375190776494
2026-05-12 10:00:00+00:00,9521.296231433233,9521.296231433233,0.0,0,False,80666.37,0.0,11248.145817564791,-0.0021126425164667006,-0.06069375190776494
2026-05-12 11:00:00+00:00,9521.296231433233,9521.296231433233,0.0,0,False,80784.87,0.0,11264.66949749958,0.0014690136670336695,-0.06069375190776494
2026-05-12 12:00:00+00:00,9521.296231433233,9521.296231433233,0.0,0,False,80881.26,0.0,11278.110151583249,0.0011931689683972735,-0.06069375190776494
2026-05-12 13:00:00+00:00,9521.296231433233,9521.296231433233,0.0,0,False,80466.91,0.0,11220.333047946282,-0.0051229419521900965,-0.06069375190776494
2026-05-12 14:00:00+00:00,9521.296231433233,9521.296231433233,0.0,0,False,80540.0,0.0,11230.524742177791,0.0009083236823683727,-0.06069375190776494
2026-05-12 15:00:00+00:00,9521.296231433233,9521.296231433233,0.0,0,False,80336.01,0.0,11202.08030783266,-0.0025327787434814564,-0.06069375190776494
2026-05-12 16:00:00+00:00,9521.296231433233,9521.296231433233,0.0,0,False,80000.01,0.0,11155.228354599834,-0.00418243325751444,-0.06069375190776494
2026-05-12 17:00:00+00:00,9521.296231433233,9521.296231433233,0.0,0,False,80527.69,0.0,11228.808231629291,0.0065959991755002445,-0.06069375190776494
2026-05-12 18:00:00+00:00,9521.296231433233,9521.296231433233,0.0,0,False,80679.12,0.0,11249.923681861572,0.0018804711770570304,-0.06069375190776494
2026-05-12 19:00:00+00:00,9521.296231433233,9521.296231433233,0.0,0,False,80834.64,0.0,11271.609443072193,0.0019276362954876447,-0.06069375190776494
2026-05-12 20:00:00+00:00,9521.296231433233,9521.296231433233,0.0,0,False,80696.87,0.0,11252.398747843365,-0.001704343583394441,-0.06069375190776494
2026-05-12 21:00:00+00:00,9521.296231433233,9521.296231433233,0.0,0,False,80587.44,0.0,11237.139791765187,-0.0013560625089918954,-0.06069375190776494
2026-05-12 22:00:00+00:00,9521.296231433233,9521.296231433233,0.0,0,False,80656.43,0.0,11246.759780614986,0.000856088740379457,-0.06069375190776494
2026-05-12 23:00:00+00:00,9521.296231433233,9521.296231433233,0.0,0,False,80504.47,0.0,11225.570427004093,-0.0018840407392194392,-0.06069375190776494
2026-05-13 00:00:00+00:00,9521.296231433233,9521.296231433233,0.0,0,False,80718.0,0.0,11255.345122164228,0.0026523993015543645,-0.06069375190776494
2026-05-13 01:00:00+00:00,9521.296231433233,9521.296231433233,0.0,0,False,81006.0,0.0,11295.503939220935,0.0035679774028096745,-0.06069375190776494
2026-05-13 02:00:00+00:00,9521.296231433233,9521.296231433233,0.0,0,False,81050.0,0.0,11301.639314049044,0.000543169641755048,-0.06069375190776494
2026-05-13 03:00:00+00:00,9521.296231433233,9521.296231433233,0.0,0,False,81249.99,0.0,11329.525987046165,0.002467489204194928,-0.06069375190776494
2026-05-13 04:00:00+00:00,9521.296231433233,9521.296231433233,0.0,0,False,81231.96,0.0,11327.011877770012,-0.00022190771961927425,-0.06069375190776494
2026-05-13 05:00:00+00:00,9521.296231433233,9521.296231433233,0.0,0,False,81019.99,0.0,11297.4547095356,-0.0026094409146352193,-0.06069375190776494
2026-05-13 06:00:00+00:00,9521.296231433233,9521.296231433233,0.0,0,False,80980.05,0.0,11291.885462475722,-0.0004929647609187571,-0.06069375190776494
2026-05-13 07:00:00+00:00,9521.296231433233,9521.296231433233,0.0,0,False,81026.92,0.0,11298.421031071026,0.0005787845277940296,-0.06069375190776494
2026-05-13 08:00:00+00:00,9521.296231433233,9521.296231433233,0.0,0,False,81196.57,0.0,11322.077084243494,0.0020937485961456392,-0.06069375190776494
2026-05-13 09:00:00+00:00,9521.296231433233,9521.296231433233,0.0,0,False,81291.38,0.0,11335.297422594696,0.0011676601610142168,-0.06069375190776494
2026-05-13 10:00:00+00:00,9521.296231433233,9521.296231433233,0.0,0,False,80809.01,0.0,11268.035587234821,-0.005933839479659531,-0.06069375190776494
2026-05-13 11:00:00+00:00,9521.296231433233,9521.296231433233,0.0,0,False,80501.22,0.0,11225.117245908836,-0.0038088574529002717,-0.06069375190776494
2026-05-13 12:00:00+00:00,9521.296231433233,9521.296231433233,0.0,0,False,80202.78,0.0,11183.502671733822,-0.003707273007787948,-0.06069375190776494
2026-05-13 13:00:00+00:00,9521.296231433233,9521.296231433233,0.0,0,False,79656.01,0.0,11107.26087867099,-0.0068173447354318295,-0.06069375190776494
2026-05-13 14:00:00+00:00,9521.296231433233,9521.296231433233,0.0,0,False,79756.01,0.0,11121.204912371235,0.0012553980547105326,-0.06069375190776494
2026-05-13 15:00:00+00:00,9521.296231433233,9521.296231433233,0.0,0,False,78827.21,0.0,10991.692727363356,-0.011645517372295688,-0.06069375190776494
2026-05-13 16:00:00+00:00,9521.296231433233,9521.296231433233,0.0,0,False,79108.39,0.0,11030.900561321705,0.0035670423956397634,-0.06069375190776494
2026-05-13 17:00:00+00:00,9521.296231433233,9521.296231433233,0.0,0,False,79514.97,0.0,11087.594213540164,0.005139530712229057,-0.06069375190776494
2026-05-13 18:00:00+00:00,9521.296231433233,9521.296231433233,0.0,0,False,79598.15,0.0,11099.192860772027,0.001046092327017023,-0.06069375190776494
2026-05-13 19:00:00+00:00,9521.296231433233,9521.296231433233,0.0,0,False,79642.41,0.0,11105.364490087757,0.0005560430738655864,-0.06069375190776494
2026-05-13 20:00:00+00:00,9521.296231433233,9521.296231433233,0.0,0,False,79698.95,0.0,11113.248446741874,0.0007099232682685752,-0.06069375190776494
2026-05-13 21:00:00+00:00,9521.296231433233,9521.296231433233,0.0,0,False,79398.54,0.0,11071.359175102967,-0.0037693093823695234,-0.06069375190776494
2026-05-13 22:00:00+00:00,9521.296231433233,9521.296231433233,0.0,0,False,79428.46,0.0,11075.531229986083,0.00037683312564706917,-0.06069375190776494
2026-05-13 23:00:00+00:00,9521.296231433233,9521.296231433233,0.0,0,False,79313.61,0.0,11059.51650728135,-0.0014459552659085162,-0.06069375190776494
2026-05-14 00:00:00+00:00,9521.296231433233,9521.296231433233,0.0,0,False,79580.0,0.0,11096.662018655434,0.0033586921588866225,-0.06069375190776494
2026-05-14 01:00:00+00:00,9521.296231433233,9521.296231433233,0.0,0,False,79604.6,0.0,11100.092250945694,0.00030912289519968716,-0.06069375190776494
2026-05-14 02:00:00+00:00,9521.296231433233,9521.296231433233,0.0,0,False,79370.24,0.0,11067.413013565798,-0.0029440509719288466,-0.06069375190776494
2026-05-14 03:00:00+00:00,9521.296231433233,9521.296231433233,0.0,0,False,79044.85,0.0,11022.040522308569,-0.004099647424525843,-0.06069375190776494
2026-05-14 04:00:00+00:00,9521.296231433233,9521.296231433233,0.0,0,False,79451.63,0.0,11078.76206259443,0.005146192319929854,-0.06069375190776494
2026-05-14 05:00:00+00:00,9521.296231433233,9521.296231433233,0.0,0,False,79809.16,0.0,11128.616166282918,0.004499970611049786,-0.06069375190776494
2026-05-14 06:00:00+00:00,9521.296231433233,9521.296231433233,0.0,0,False,79804.71,0.0,11127.995656783256,-5.5758010734763275e-05,-0.06069375190776494
2026-05-14 07:00:00+00:00,9521.296231433233,9521.296231433233,0.0,0,False,79745.98,0.0,11119.806325791102,-0.00073592147631385,-0.06069375190776494
2026-05-14 08:00:00+00:00,9521.296231433233,9521.296231433233,0.0,0,False,79821.56,0.0,11130.345226461746,0.0009477593729487754,-0.06069375190776494
2026-05-14 09:00:00+00:00,9521.296231433233,9521.296231433233,0.0,0,False,79635.52,0.0,11104.40374616581,-0.0023306986232791704,-0.06069375190776494
2026-05-14 10:00:00+00:00,9521.296231433233,9521.296231433233,0.0,0,False,79570.01,0.0,11095.269009688778,-0.0008226228697948423,-0.06069375190776494
2026-05-14 11:00:00+00:00,9521.296231433233,9521.296231433233,0.0,0,False,79258.27,0.0,11051.799879031634,-0.0039178077268055,-0.06069375190776494
2026-05-14 12:00:00+00:00,9521.296231433233,9521.296231433233,0.0,0,False,79767.11,0.0,11122.752700111963,0.0064200240555338794,-0.06069375190776494
2026-05-14 13:00:00+00:00,9521.296231433233,9521.296231433233,0.0,0,False,79701.73,0.0,11113.636090878743,-0.0008196360630340349,-0.06069375190776494
2026-05-14 14:00:00+00:00,9521.296231433233,9521.296231433233,0.0,0,False,80964.85,0.0,11289.765969353284,0.015848087613656414,-0.06069375190776494
2026-05-14 15:00:00+00:00,9521.296231433233,9521.296231433233,0.0,0,False,81301.23,0.0,11336.67090991417,0.0041546424158136475,-0.06069375190776494
2026-05-14 16:00:00+00:00,9570.609281242363,1156.2111163748923,0.10275445807791422,1,False,81888.4,0.005179237008331894,11418.546092591901,0.007222153957572308,-0.05582886222548822
2026-05-14 17:00:00+00:00,9548.011520821869,1156.2111163748923,0.10275445807791422,1,False,81668.48,-0.0023611621534674887,11387.880373678323,-0.002685606264134943,-0.058058203382397755
2026-05-14 18:00:00+00:00,9539.12428774271,1156.2111163748923,0.10275445807791422,1,False,81581.99,-0.0009307941302518774,11375.82017893098,-0.0010590377095300862,-0.05893495727772824
2026-05-14 19:00:00+00:00,9522.45237691957,1156.2111163748923,0.10275445807791422,1,False,81419.74,-0.0017477401824571581,11353.195984252332,-0.0019887967920371175,-0.060579694467199796
2026-05-14 20:00:00+00:00,9521.661167592367,1156.2111163748923,0.10275445807791422,1,False,81412.04,-8.308881954821601e-05,11352.12229365741,-9.457166038628895e-05,-0.060657749791446114
2026-05-14 21:00:00+00:00,9520.075666304227,1156.2111163748923,0.10275445807791422,1,False,81396.61,-0.00016651519732047149,11349.970729257466,-0.00018952970592522878,-0.060814164551591054
2026-05-14 22:00:00+00:00,9526.178253569473,1156.2111163748923,0.10275445807791422,1,False,81456.0,0.0006410229791393718,11358.25209087204,0.0007296372662202177,-0.06021212484938643
2026-05-14 23:00:00+00:00,9488.569094368377,1156.2111163748923,0.10275445807791422,1,False,81089.99,-0.003947979787907507,11307.21553312577,-0.004493346100962525,-0.06392238838540165
2026-05-15 00:00:00+00:00,9532.617875457216,1156.2111163748923,0.10275445807791422,1,False,81518.67,0.004642299660860605,11366.990816791984,0.005286472473359449,-0.059576835606463874
2026-05-15 01:00:00+00:00,9492.784082238732,1156.2111163748923,0.10275445807791422,1,False,81131.01,-0.004178683519984627,11312.935375749612,-0.0047554750341241014,-0.06350656638532703
2026-05-15 02:00:00+00:00,9510.060189275371,1156.2111163748923,0.10275445807791422,1,False,81299.14,0.0018199199399218102,11336.379479609835,0.0020723272149576477,-0.06180222331188567
2026-05-15 03:00:00+00:00,9485.400146881253,1156.2111163748923,0.10275445807791422,1,False,81059.15,-0.0025930479832217967,11302.915193132616,-0.0029519377449749307,-0.06423501516458996
2026-05-15 04:00:00+00:00,9451.034945921676,1156.2111163748923,0.10275445807791422,1,False,80724.71,-0.003622957432204532,11256.280766825515,-0.004125875980688143,-0.06762525187119617
2026-05-15 05:00:00+00:00,9406.589647449475,9406.589647449475,0.0,0,False,80360.01,-0.0047026911577954245,11205.426875920719,-0.004517823600729054,-0.07200992235497317
2026-05-15 06:00:00+00:00,9406.589647449475,9406.589647449475,0.0,0,False,80580.0,0.0,11236.10235565789,0.002737555657347457,-0.07200992235497317
2026-05-15 07:00:00+00:00,9406.589647449475,9406.589647449475,0.0,0,False,80814.88,0.0,11268.854102013027,0.00291486721270795,-0.07200992235497317
2026-05-15 08:00:00+00:00,9406.589647449475,9406.589647449475,0.0,0,False,80638.0,0.0,11244.189895204032,-0.0021887058422904726,-0.07200992235497317
2026-05-15 09:00:00+00:00,9406.589647449475,9406.589647449475,0.0,0,False,80489.8,0.0,11223.524837260267,-0.001837843200476308,-0.07200992235497317
2026-05-15 10:00:00+00:00,9406.589647449475,9406.589647449475,0.0,0,False,80716.23,0.0,11255.098312767734,0.002813151480063336,-0.07200992235497317
2026-05-15 11:00:00+00:00,9406.589647449475,9406.589647449475,0.0,0,False,80628.53,0.0,11242.869395212618,-0.0010865224998739542,-0.07200992235497317
2026-05-15 12:00:00+00:00,9406.589647449475,9406.589647449475,0.0,0,False,80385.11,0.0,11208.92682837948,-0.0030190306086442797,-0.07200992235497317
2026-05-15 13:00:00+00:00,9406.589647449475,9406.589647449475,0.0,0,False,78758.59,0.0,10982.124331438245,-0.020234095593077095,-0.07200992235497317
2026-05-15 14:00:00+00:00,9406.589647449475,9406.589647449475,0.0,0,False,79150.37,0.0,11036.754266669068,0.004974441518061923,-0.07200992235497317
2026-05-15 15:00:00+00:00,9406.589647449475,9406.589647449475,0.0,0,False,79150.27,0.0,11036.740322635369,-1.2634179725745653e-06,-0.07200992235497317
2026-05-15 16:00:00+00:00,9406.589647449475,9406.589647449475,0.0,0,False,79294.31,0.0,11056.825308777203,0.0018198295470122083,-0.07200992235497317
2026-05-15 17:00:00+00:00,9406.589647449475,9406.589647449475,0.0,0,False,79460.0,0.0,11079.92917821514,0.002089557245658513,-0.07200992235497317
2026-05-15 18:00:00+00:00,9406.589647449475,9406.589647449475,0.0,0,False,79284.0,0.0,11055.387678902707,-0.002214950918701275,-0.07200992235497317
2026-05-15 19:00:00+00:00,9406.589647449475,9406.589647449475,0.0,0,False,79146.5,0.0,11036.214632564868,-0.00173427173200158,-0.07200992235497317
2026-05-15 20:00:00+00:00,9406.589647449475,9406.589647449475,0.0,0,False,79123.12,0.0,11032.95451748575,-0.0002954015654514919,-0.07200992235497317
2026-05-15 21:00:00+00:00,9406.589647449475,9406.589647449475,0.0,0,False,78973.5,0.0,11012.091454263444,-0.0018909769988847414,-0.07200992235497317
2026-05-15 22:00:00+00:00,9406.589647449475,9406.589647449475,0.0,0,False,79107.38,0.0,11030.759726581333,0.00169525220485367,-0.07200992235497317
2026-05-15 23:00:00+00:00,9406.589647449475,9406.589647449475,0.0,0,False,79113.21,0.0,11031.57266374606,7.369729600470443e-05,-0.07200992235497317
2026-05-16 00:00:00+00:00,9406.589647449475,9406.589647449475,0.0,0,False,79111.92,0.0,11031.392785711323,-1.630574716937616e-05,-0.07200992235497317
2026-05-16 01:00:00+00:00,9406.589647449475,9406.589647449475,0.0,0,False,79168.0,0.0,11039.212599810422,0.0007088691565064753,-0.07200992235497317
2026-05-16 02:00:00+00:00,9406.589647449475,9406.589647449475,0.0,0,False,79155.54,0.0,11037.47517321137,-0.00015738682295896034,-0.07200992235497317
2026-05-16 03:00:00+00:00,9406.589647449475,9406.589647449475,0.0,0,False,79083.18,0.0,11027.385270425873,-0.0009141495339427541,-0.07200992235497317
2026-05-16 04:00:00+00:00,9406.589647449475,9406.589647449475,0.0,0,False,79035.26,0.0,11020.703289476716,-0.0006059442728528763,-0.07200992235497317
2026-05-16 05:00:00+00:00,9406.589647449475,9406.589647449475,0.0,0,False,79027.37,0.0,11019.603105217766,-9.982886119441758e-05,-0.07200992235497317
2026-05-16 06:00:00+00:00,9406.589647449475,9406.589647449475,0.0,0,False,78648.0,0.0,10966.703624569145,-0.004800488742064846,-0.07200992235497317
2026-05-16 07:00:00+00:00,9406.589647449475,9406.589647449475,0.0,0,False,78369.77,0.0,10927.907139604951,-0.0035376614789950356,-0.07200992235497317
2026-05-16 08:00:00+00:00,9406.589647449475,9406.589647449475,0.0,0,False,78426.56,0.0,10935.825956343322,0.0007246416571085046,-0.07200992235497317
2026-05-16 09:00:00+00:00,9406.589647449475,9406.589647449475,0.0,0,False,78083.48,0.0,10887.986765524518,-0.004374538421677676,-0.07200992235497317
2026-05-16 10:00:00+00:00,9406.589647449475,9406.589647449475,0.0,0,False,77960.0,0.0,10870.768672711454,-0.001581384436247002,-0.07200992235497317
2026-05-16 11:00:00+00:00,9406.589647449475,9406.589647449475,0.0,0,False,78081.71,0.0,10887.739956128025,0.0015611852231915968,-0.07200992235497317
2026-05-16 12:00:00+00:00,9406.589647449475,9406.589647449475,0.0,0,False,78007.23,0.0,10877.354439828081,-0.0009538725522277858,-0.07200992235497317
2026-05-16 13:00:00+00:00,9406.589647449475,9406.589647449475,0.0,0,False,78014.6,0.0,10878.38211511179,9.447842206422585e-05,-0.07200992235497317
2026-05-16 14:00:00+00:00,9406.589647449475,9406.589647449475,0.0,0,False,78130.55,0.0,10894.550222187225,0.0014862602641043665,-0.07200992235497317
2026-05-16 15:00:00+00:00,9406.589647449475,9406.589647449475,0.0,0,False,78238.67,0.0,10909.626511423929,0.001383837692170209,-0.07200992235497317
2026-05-16 16:00:00+00:00,9406.589647449475,9406.589647449475,0.0,0,False,78205.96,0.0,10905.06541800058,-0.000418079704064267,-0.07200992235497317
2026-05-16 17:00:00+00:00,9406.589647449475,9406.589647449475,0.0,0,False,78201.5,0.0,10904.443514097547,-5.702890163372665e-05,-0.07200992235497317
2026-05-16 18:00:00+00:00,9406.589647449475,9406.589647449475,0.0,0,False,78229.81,0.0,10908.391070038087,0.00036201351636488965,-0.07200992235497317
2026-05-16 19:00:00+00:00,9406.589647449475,9406.589647449475,0.0,0,False,78259.66,0.0,10912.553364097612,0.0003815681004466498,-0.07200992235497317
2026-05-16 20:00:00+00:00,9406.589647449475,9406.589647449475,0.0,0,False,78261.0,0.0,10912.740214149195,1.7122486859699748e-05,-0.07200992235497317
2026-05-16 21:00:00+00:00,9406.589647449475,9406.589647449475,0.0,0,False,78265.73,0.0,10913.399766943216,6.043878815753523e-05,-0.07200992235497317
2026-05-16 22:00:00+00:00,9406.589647449475,9406.589647449475,0.0,0,False,78186.25,0.0,10902.31704895826,-0.0010155147086725602,-0.07200992235497317
2026-05-16 23:00:00+00:00,9406.589647449475,9406.589647449475,0.0,0,False,78148.05,0.0,10896.990428084768,-0.0004885769556667308,-0.07200992235497317
2026-05-17 00:00:00+00:00,9406.589647449475,9406.589647449475,0.0,0,False,77945.85,0.0,10868.795591942871,-0.0025873966145028016,-0.07200992235497317
2026-05-17 01:00:00+00:00,9406.589647449475,9406.589647449475,0.0,0,False,77725.71,0.0,10838.099196155152,-0.002824268386321993,-0.07200992235497317
2026-05-17 02:00:00+00:00,9406.589647449475,9406.589647449475,0.0,0,False,77895.51,0.0,10861.776165378167,0.0021846053255736297,-0.07200992235497317
2026-05-17 03:00:00+00:00,9406.589647449475,9406.589647449475,0.0,0,False,78028.88,0.0,10880.373323124186,0.0017121654380336526,-0.07200992235497317
2026-05-17 04:00:00+00:00,9406.589647449475,9406.589647449475,0.0,0,False,78158.09,0.0,10898.39040906827,0.0016559253445644906,-0.07200992235497317
2026-05-17 05:00:00+00:00,9406.589647449475,9406.589647449475,0.0,0,False,78121.41,0.0,10893.275737507023,-0.00046930522483312753,-0.07200992235497317
2026-05-17 06:00:00+00:00,9406.589647449475,9406.589647449475,0.0,0,False,78104.8,0.0,10890.95963350941,-0.0002126177702119758,-0.07200992235497317
2026-05-17 07:00:00+00:00,9406.589647449475,9406.589647449475,0.0,0,False,78180.01,0.0,10901.446941255366,0.0009629369769847962,-0.07200992235497317
2026-05-17 08:00:00+00:00,9406.589647449475,9406.589647449475,0.0,0,False,78089.8,0.0,10888.868028454373,-0.0011538755239351994,-0.07200992235497317
2026-05-17 09:00:00+00:00,9406.589647449475,9406.589647449475,0.0,0,False,78249.33,0.0,10911.112945416377,0.0020429044510295036,-0.07200992235497317
2026-05-17 10:00:00+00:00,9406.589647449475,9406.589647449475,0.0,0,False,78465.99,0.0,10941.324088831327,0.0027688415990270165,-0.07200992235497317
2026-05-17 11:00:00+00:00,9406.589647449475,9406.589647449475,0.0,0,False,78415.99,0.0,10934.352071981204,-0.0006372187491676673,-0.07200992235497317
2026-05-17 12:00:00+00:00,9406.589647449475,9406.589647449475,0.0,0,False,78364.83,0.0,10927.21830434016,-0.0006524179571026911,-0.07200992235497317
2026-05-17 13:00:00+00:00,9406.589647449475,9406.589647449475,0.0,0,False,78202.91,0.0,10904.640124972722,-0.002066233028260256,-0.07200992235497317
2026-05-17 14:00:00+00:00,9406.589647449475,9406.589647449475,0.0,0,False,78051.51,0.0,10883.52885795055,-0.0019359893385041405,-0.07200992235497317
2026-05-17 15:00:00+00:00,9406.589647449475,9406.589647449475,0.0,0,False,78051.41,0.0,10883.51491391685,-1.2812051939370406e-06,-0.07200992235497317
2026-05-17 16:00:00+00:00,9406.589647449475,9406.589647449475,0.0,0,False,78034.36,0.0,10881.137456170958,-0.00021844576542562333,-0.07200992235497317
2026-05-17 17:00:00+00:00,9406.589647449475,9406.589647449475,0.0,0,False,78089.98,0.0,10888.893127715033,0.0007127629418628434,-0.07200992235497317
2026-05-17 18:00:00+00:00,9406.589647449475,9406.589647449475,0.0,0,False,78268.05,0.0,10913.723268525062,0.0022803181663000327,-0.07200992235497317
2026-05-17 19:00:00+00:00,9406.589647449475,9406.589647449475,0.0,0,False,78415.3,0.0,10934.255858148674,0.001881355163441567,-0.07200992235497317
2026-05-17 20:00:00+00:00,9406.589647449475,9406.589647449475,0.0,0,False,78277.36,0.0,10915.021458062554,-0.0017590954826418592,-0.07200992235497317
2026-05-17 21:00:00+00:00,9406.589647449475,9406.589647449475,0.0,0,False,78405.72,0.0,10932.92001972019,0.0016398100293621987,-0.07200992235497317
2026-05-17 22:00:00+00:00,9406.589647449475,9406.589647449475,0.0,0,False,77997.24,0.0,10875.961430861427,-0.005209823977128103,-0.07200992235497317
2026-05-17 23:00:00+00:00,9406.589647449475,9406.589647449475,0.0,0,False,77457.67,0.0,10800.723608225011,-0.0069178088865710086,-0.07200992235497317
2026-05-18 00:00:00+00:00,9406.589647449475,9406.589647449475,0.0,0,False,77209.95,0.0,10766.181447942763,-0.00319813389687551,-0.07200992235497317
2026-05-18 01:00:00+00:00,9406.589647449475,9406.589647449475,0.0,0,False,77109.22,0.0,10752.135622796506,-0.0013046245982544225,-0.07200992235497317
2026-05-18 02:00:00+00:00,9406.589647449475,9406.589647449475,0.0,0,False,76835.41,0.0,10713.955464121864,-0.003550937229036988,-0.07200992235497317
2026-05-18 03:00:00+00:00,9406.589647449475,9406.589647449475,0.0,0,False,76924.65,0.0,10726.399119795962,0.0011614436624987068,-0.07200992235497317
2026-05-18 04:00:00+00:00,9406.589647449475,9406.589647449475,0.0,0,False,77038.49,0.0,10742.273007760323,0.0014798897362549024,-0.07200992235497317
2026-05-18 05:00:00+00:00,9406.589647449475,9406.589647449475,0.0,0,False,76931.4,0.0,10727.34034207073,-0.0013900843591301282,-0.07200992235497317
2026-05-18 06:00:00+00:00,9406.589647449475,9406.589647449475,0.0,0,False,76912.52,0.0,10724.707708508122,-0.0002454134462651636,-0.07200992235497317
2026-05-18 07:00:00+00:00,9406.589647449475,9406.589647449475,0.0,0,False,77073.69,0.0,10747.181307622808,0.002095497586088735,-0.07200992235497317
2026-05-18 08:00:00+00:00,9406.589647449475,9406.589647449475,0.0,0,False,77040.42,0.0,10742.542127610735,-0.0004316648132457468,-0.07200992235497317
2026-05-18 09:00:00+00:00,9406.589647449475,9406.589647449475,0.0,0,False,76933.16,0.0,10727.585757063855,-0.001392256168904371,-0.07200992235497317
2026-05-18 10:00:00+00:00,9406.589647449475,9406.589647449475,0.0,0,False,76764.74,0.0,10704.1012155059,-0.0021891730431976564,-0.07200992235497317
2026-05-18 11:00:00+00:00,9406.589647449475,9406.589647449475,0.0,0,False,77285.83,0.0,10776.76218071451,0.0067881425769174,-0.07200992235497317
2026-05-18 12:00:00+00:00,9406.589647449475,9406.589647449475,0.0,0,False,77639.98,0.0,10826.14497606393,0.004582340643815241,-0.07200992235497317
2026-05-18 13:00:00+00:00,9406.589647449475,9406.589647449475,0.0,0,False,76937.7,0.0,10728.218816193845,-0.009045339784992223,-0.07200992235497317
2026-05-18 14:00:00+00:00,9406.589647449475,9406.589647449475,0.0,0,False,76393.65,0.0,10652.356300847658,-0.007071305744777989,-0.07200992235497317
2026-05-18 15:00:00+00:00,9406.589647449475,9406.589647449475,0.0,0,False,76409.46,0.0,10654.560852575669,0.0002069543738258961,-0.07200992235497317
2026-05-18 16:00:00+00:00,9406.589647449475,9406.589647449475,0.0,0,False,76410.01,0.0,10654.637544761019,7.198061601210171e-06,-0.07200992235497317
2026-05-18 17:00:00+00:00,9406.589647449475,9406.589647449475,0.0,0,False,76706.39,0.0,10695.964871841805,0.0038788111662331204,-0.07200992235497317
2026-05-18 18:00:00+00:00,9406.589647449475,9406.589647449475,0.0,0,False,76252.5,0.0,10632.674297279762,-0.005917238446496942,-0.07200992235497317
2026-05-18 19:00:00+00:00,9406.589647449475,9406.589647449475,0.0,0,False,76928.0,0.0,10726.86624492492,0.008858725943411638,-0.07200992235497317
2026-05-18 20:00:00+00:00,9406.589647449475,9406.589647449475,0.0,0,False,76909.92,0.0,10724.345163631915,-0.00023502495840277415,-0.07200992235497317
2026-05-18 21:00:00+00:00,9406.589647449475,9406.589647449475,0.0,0,False,77103.05,0.0,10751.275275917202,0.002511119501879877,-0.07200992235497317
2026-05-18 22:00:00+00:00,9406.589647449475,9406.589647449475,0.0,0,False,77078.22,0.0,10747.81297234943,-0.00032203654719253905,-0.07200992235497317
2026-05-18 23:00:00+00:00,9406.589647449475,9406.589647449475,0.0,0,False,77001.87,0.0,10737.166702619292,-0.000990552194900185,-0.07200992235497317
2026-05-19 00:00:00+00:00,9406.589647449475,9406.589647449475,0.0,0,False,77140.87,0.0,10756.548909462632,0.0018051509658141285,-0.07200992235497317
2026-05-19 01:00:00+00:00,9406.589647449475,9406.589647449475,0.0,0,False,76667.01,0.0,10690.47371137065,-0.006142787863294585,-0.07200992235497317
2026-05-19 02:00:00+00:00,9406.589647449475,9406.589647449475,0.0,0,False,76617.47,0.0,10683.565837075548,-0.0006461710193211845,-0.07200992235497317
2026-05-19 03:00:00+00:00,9406.589647449475,9406.589647449475,0.0,0,False,76787.11,0.0,10707.220495844645,0.002214116441067615,-0.07200992235497317
2026-05-19 04:00:00+00:00,9406.589647449475,9406.589647449475,0.0,0,False,76927.25,0.0,10726.761664672169,0.0018250458963748883,-0.07200992235497317
2026-05-19 05:00:00+00:00,9406.589647449475,9406.589647449475,0.0,0,False,76911.24,0.0,10724.52922487676,-0.00020811870955994571,-0.07200992235497317
2026-05-19 06:00:00+00:00,9406.589647449475,9406.589647449475,0.0,0,False,77029.4,0.0,10741.00549509697,0.0015363164083688208,-0.07200992235497317
2026-05-19 07:00:00+00:00,9406.589647449475,9406.589647449475,0.0,0,False,77233.69,0.0,10769.4917615432,0.0026521042614897627,-0.07200992235497317
2026-05-19 08:00:00+00:00,9406.589647449475,9406.589647449475,0.0,0,False,77048.71,0.0,10743.698088004488,-0.0023950687841016727,-0.07200992235497317
2026-05-19 09:00:00+00:00,9406.589647449475,9406.589647449475,0.0,0,False,76818.8,0.0,10711.639360124253,-0.0029839565127048884,-0.07200992235497317
2026-05-19 10:00:00+00:00,9406.589647449475,9406.589647449475,0.0,0,False,77041.87,0.0,10742.74431609939,0.002903846454253234,-0.07200992235497317
2026-05-19 11:00:00+00:00,9406.589647449475,9406.589647449475,0.0,0,False,76714.62,0.0,10697.112465815335,-0.0042476902494709146,-0.07200992235497317
2026-05-19 12:00:00+00:00,9406.589647449475,9406.589647449475,0.0,0,False,76940.21,0.0,10728.568811439722,0.0029406389551303036,-0.07200992235497317
2026-05-19 13:00:00+00:00,9406.589647449475,9406.589647449475,0.0,0,False,76872.75,0.0,10719.162166305536,-0.0008767847137407525,-0.07200992235497317
2026-05-19 14:00:00+00:00,9406.589647449475,9406.589647449475,0.0,0,False,76392.43,0.0,10652.186183636515,-0.006248247916199268,-0.07200992235497317
2026-05-19 15:00:00+00:00,9406.589647449475,9406.589647449475,0.0,0,False,76521.23,0.0,10670.146099042431,0.0016860309326460765,-0.07200992235497317
2026-05-19 16:00:00+00:00,9406.589647449475,9406.589647449475,0.0,0,False,76894.59,0.0,10722.207543265667,0.004879168826742442,-0.07200992235497317
2026-05-19 17:00:00+00:00,9406.589647449475,9406.589647449475,0.0,0,False,76856.76,0.0,10716.932515316867,-0.0004919721920616515,-0.07200992235497317
2026-05-19 18:00:00+00:00,9406.589647449475,9406.589647449475,0.0,0,False,76803.28,0.0,10709.475246093974,-0.0006958398974925561,-0.07200992235497317
2026-05-19 19:00:00+00:00,9406.589647449475,9406.589647449475,0.0,0,False,76818.74,0.0,10711.630993704031,0.00020129348642394795,-0.07200992235497317
2026-05-19 20:00:00+00:00,9406.589647449475,9406.589647449475,0.0,0,False,77022.23,0.0,10740.005707880662,0.002648963000434712,-0.07200992235497317
2026-05-19 21:00:00+00:00,9406.589647449475,9406.589647449475,0.0,0,False,76982.34,0.0,10734.443432837634,-0.0005179024289481138,-0.07200992235497317
2026-05-19 22:00:00+00:00,9406.589647449475,9406.589647449475,0.0,0,False,76712.21,0.0,10696.776414603162,-0.0035089866065384223,-0.07200992235497317
2026-05-19 23:00:00+00:00,9406.589647449475,9406.589647449475,0.0,0,False,76834.36,0.0,10713.809051768012,0.001592314965244812,-0.07200992235497317
2026-05-20 00:00:00+00:00,9406.589647449475,9406.589647449475,0.0,0,False,76788.83,0.0,10707.46033322429,-0.0005925734267846483,-0.07200992235497317
2026-05-20 01:00:00+00:00,9406.589647449475,9406.589647449475,0.0,0,False,76820.98,0.0,10711.943340058917,0.0004186806857193748,-0.07200992235497317
2026-05-20 02:00:00+00:00,9406.589647449475,9406.589647449475,0.0,0,False,76690.42,0.0,10693.738009659877,-0.0016995357257872934,-0.07200992235497317
2026-05-20 03:00:00+00:00,9406.589647449475,9406.589647449475,0.0,0,False,76723.54,0.0,10698.356273621397,0.0004318661965860837,-0.07200992235497317
2026-05-20 04:00:00+00:00,9406.589647449475,9406.589647449475,0.0,0,False,76780.37,0.0,10706.280667973248,0.0007407113905328888,-0.07200992235497317
2026-05-20 05:00:00+00:00,9406.589647449475,9406.589647449475,0.0,0,False,77196.99,0.0,10764.37430117521,0.00542612649561347,-0.07200992235497317
2026-05-20 06:00:00+00:00,9406.589647449475,9406.589647449475,0.0,0,False,77414.11,0.0,10794.649587145184,0.0028125448932661,-0.07200992235497317
2026-05-20 07:00:00+00:00,9406.589647449475,9406.589647449475,0.0,0,False,77282.64,0.0,10776.317366039471,-0.0016982692173300729,-0.07200992235497317
2026-05-20 08:00:00+00:00,9406.589647449475,9406.589647449475,0.0,0,False,77458.04,0.0,10800.775201149701,0.002269591204441257,-0.07200992235497317
2026-05-20 09:00:00+00:00,9406.589647449475,9406.589647449475,0.0,0,False,77485.13,0.0,10804.552639879099,0.0003497377418795189,-0.07200992235497317
2026-05-20 10:00:00+00:00,9406.589647449475,9406.589647449475,0.0,0,False,77517.45,0.0,10809.059351571017,0.0004171122898031232,-0.07200992235497317
2026-05-20 11:00:00+00:00,9406.589647449475,9406.589647449475,0.0,0,False,77382.49,0.0,10790.240483689167,-0.0017410273428755119,-0.07200992235497317
2026-05-20 12:00:00+00:00,9406.589647449475,9406.589647449475,0.0,0,False,77617.26,0.0,10822.976891607233,0.003033890483493007,-0.07200992235497317
2026-05-20 13:00:00+00:00,9406.589647449475,9406.589647449475,0.0,0,False,77204.61,0.0,10765.436836543171,-0.005316472135192485,-0.07200992235497317
2026-05-20 14:00:00+00:00,9406.589647449475,9406.589647449475,0.0,0,False,77446.08,0.0,10799.107494719154,0.003127662972457257,-0.07200992235497317
2026-05-20 15:00:00+00:00,9406.589647449475,9406.589647449475,0.0,0,False,77455.46,0.0,10800.415445080238,0.00012111652390944805,-0.07200992235497317
2026-05-20 16:00:00+00:00,9406.589647449475,9406.589647449475,0.0,0,False,77338.6,0.0,10784.12044729813,-0.0015087380541024542,-0.07200992235497317
2026-05-20 17:00:00+00:00,9406.589647449475,9406.589647449475,0.0,0,False,77568.95,0.0,10816.240528926644,0.002978460949642159,-0.07200992235497317
2026-05-20 18:00:00+00:00,9406.589647449475,9406.589647449475,0.0,0,False,77415.09,0.0,10794.786238675446,-0.0019835256246217847,-0.07200992235497317
2026-05-20 19:00:00+00:00,9406.589647449475,9406.589647449475,0.0,0,False,77667.49,0.0,10829.980979734866,0.0032603462709919206,-0.07200992235497317
2026-05-20 20:00:00+00:00,9406.589647449475,9406.589647449475,0.0,0,False,77720.01,0.0,10837.304386234237,0.000676216007495567,-0.07200992235497317
2026-05-20 21:00:00+00:00,9406.589647449475,9406.589647449475,0.0,0,False,77500.01,0.0,10806.627512093695,-0.0028306738509169538,-0.07200992235497317
2026-05-20 22:00:00+00:00,9406.589647449475,9406.589647449475,0.0,0,False,77504.69,0.0,10807.280092870866,6.038708898215006e-05,-0.07200992235497317
2026-05-20 23:00:00+00:00,9406.589647449475,9406.589647449475,0.0,0,False,77552.23,0.0,10813.909086491964,0.0006133822353202589,-0.07200992235497317
2026-05-21 00:00:00+00:00,9406.589647449475,9406.589647449475,0.0,0,False,77967.09,0.0,10871.7573047008,0.005349427089330394,-0.07200992235497317
2026-05-21 01:00:00+00:00,9406.589647449475,9406.589647449475,0.0,0,False,77863.85,0.0,10857.361484308669,-0.0013241484323704977,-0.07200992235497317
2026-05-21 02:00:00+00:00,9406.589647449475,9406.589647449475,0.0,0,False,77955.78,0.0,10870.180234489304,0.0011806505843212634,-0.07200992235497317
2026-05-21 03:00:00+00:00,9406.589647449475,9406.589647449475,0.0,0,False,78078.72,0.0,10887.323029520387,0.0015770479110079894,-0.07200992235497317
2026-05-21 04:00:00+00:00,9406.589647449475,9406.589647449475,0.0,0,False,78035.8,0.0,10881.338250256242,-0.0005497016344530037,-0.07200992235497317
2026-05-21 05:00:00+00:00,9406.589647449475,9406.589647449475,0.0,0,False,77828.0,0.0,10852.36254822713,-0.0026628803702916093,-0.07200992235497317
2026-05-21 06:00:00+00:00,9406.589647449475,9406.589647449475,0.0,0,False,77622.14,0.0,10823.657360451805,-0.002645063473300069,-0.07200992235497317
2026-05-21 07:00:00+00:00,9406.589647449475,9406.589647449475,0.0,0,False,77889.01,0.0,10860.86980318765,0.003438065479771657,-0.07200992235497317
2026-05-21 08:00:00+00:00,9406.589647449475,9406.589647449475,0.0,0,False,77924.63,0.0,10865.83666799168,0.00045731740588328407,-0.07200992235497317
2026-05-21 09:00:00+00:00,9406.589647449475,9406.589647449475,0.0,0,False,77633.02,0.0,10825.174471318393,-0.0037422057698575095,-0.07200992235497317
2026-05-21 10:00:00+00:00,9406.589647449475,9406.589647449475,0.0,0,False,77198.08,0.0,10764.526291142545,-0.005602512951318861,-0.07200992235497317
2026-05-21 11:00:00+00:00,9406.589647449475,9406.589647449475,0.0,0,False,77189.1,0.0,10763.274116916262,-0.00011632413655893181,-0.07200992235497317
2026-05-21 12:00:00+00:00,9406.589647449475,9406.589647449475,0.0,0,False,77278.53,0.0,10775.74426625439,0.0011585832714722244,-0.07200992235497317
2026-05-21 13:00:00+00:00,9406.589647449475,9406.589647449475,0.0,0,False,77122.68,0.0,10754.012489732559,-0.0020167309083130025,-0.07200992235497317
2026-05-21 14:00:00+00:00,9406.589647449475,9406.589647449475,0.0,0,False,76984.61,0.0,10734.75996240263,-0.0017902645499352499,-0.07200992235497317
2026-05-21 15:00:00+00:00,9406.589647449475,9406.589647449475,0.0,0,False,77259.46,0.0,10773.085139027757,0.0035701940946379906,-0.07200992235497317
2026-05-21 16:00:00+00:00,9406.589647449475,9406.589647449475,0.0,0,False,77207.93,0.0,10765.899778462017,-0.0006669733389286225,-0.07200992235497317
2026-05-21 17:00:00+00:00,9406.589647449475,9406.589647449475,0.0,0,False,77869.38,0.0,10858.132589372293,0.008567125164474776,-0.07200992235497317
2026-05-21 18:00:00+00:00,9406.589647449475,9406.589647449475,0.0,0,False,77387.74,0.0,10790.97254545843,-0.006185229675644055,-0.07200992235497317
2026-05-21 19:00:00+00:00,9406.589647449475,9406.589647449475,0.0,0,False,77690.56,0.0,10833.197868309513,0.003913022915515985,-0.07200992235497317
2026-05-21 20:00:00+00:00,9406.589647449475,9406.589647449475,0.0,0,False,77705.81,0.0,10835.324333448802,0.00019629154430100826,-0.07200992235497317
2026-05-21 21:00:00+00:00,9406.589647449475,9406.589647449475,0.0,0,False,77672.29,0.0,10830.650293352477,-0.0004313705757653663,-0.07200992235497317
2026-05-21 22:00:00+00:00,9406.589647449475,9406.589647449475,0.0,0,False,77628.0,0.0,10824.47448082664,-0.0005702162251168819,-0.07200992235497317
2026-05-21 23:00:00+00:00,9406.589647449475,9406.589647449475,0.0,0,False,77615.52,0.0,10822.73426542085,-0.00016076673365283956,-0.07200992235497317
2026-05-22 00:00:00+00:00,9406.589647449475,9406.589647449475,0.0,0,False,77373.57,0.0,10788.996675883105,-0.0031172889133513904,-0.07200992235497317
2026-05-22 01:00:00+00:00,9406.589647449475,9406.589647449475,0.0,0,False,77616.0,0.0,10822.80119678261,0.003133240459241904,-0.07200992235497317
2026-05-22 02:00:00+00:00,9406.589647449475,9406.589647449475,0.0,0,False,77673.36,0.0,10830.799494513072,0.0007390228818802136,-0.07200992235497317
2026-05-22 03:00:00+00:00,9406.589647449475,9406.589647449475,0.0,0,False,77779.98,0.0,10845.666623244273,0.0013726714023958309,-0.07200992235497317
2026-05-22 04:00:00+00:00,9406.589647449475,9406.589647449475,0.0,0,False,77655.42,0.0,10828.297934867247,-0.0016014403706454683,-0.07200992235497317
2026-05-22 05:00:00+00:00,9406.589647449475,9406.589647449475,0.0,0,False,77489.0,0.0,10805.092273983299,-0.002143057110501778,-0.07200992235497317
2026-05-22 06:00:00+00:00,9406.589647449475,9406.589647449475,0.0,0,False,77423.41,0.0,10795.946382279308,-0.0008464427209022851,-0.07200992235497317
2026-05-22 07:00:00+00:00,9406.589647449475,9406.589647449475,0.0,0,False,77408.06,0.0,10793.80597310632,-0.0001982604486162609,-0.07200992235497317
2026-05-22 08:00:00+00:00,9406.589647449475,9406.589647449475,0.0,0,False,77267.38,0.0,10774.189506496816,-0.0018173818075274406,-0.07200992235497317
2026-05-22 09:00:00+00:00,9406.589647449475,9406.589647449475,0.0,0,False,77307.11,0.0,10779.729471085922,0.0005141885230222076,-0.07200992235497317
2026-05-22 10:00:00+00:00,9406.589647449475,9406.589647449475,0.0,0,False,77312.0,0.0,10780.411334333863,6.325420779518254e-05,-0.07200992235497317
2026-05-22 11:00:00+00:00,9406.589647449475,9406.589647449475,0.0,0,False,77428.84,0.0,10796.70354330923,0.0015112789735098886,-0.07200992235497317
2026-05-22 12:00:00+00:00,9406.589647449475,9406.589647449475,0.0,0,False,77533.9,0.0,10811.353145114708,0.001356858762187274,-0.07200992235497317
2026-05-22 13:00:00+00:00,9406.589647449475,9406.589647449475,0.0,0,False,77290.01,0.0,10777.34504132318,-0.0031455917992000426,-0.07200992235497317
2026-05-22 14:00:00+00:00,9406.589647449475,9406.589647449475,0.0,0,False,76774.23,0.0,10705.424504304054,-0.006673307455905331,-0.07200992235497317
2026-05-22 15:00:00+00:00,9406.589647449475,9406.589647449475,0.0,0,False,76790.59,0.0,10707.705748217411,0.0002130923358003578,-0.07200992235497317
2026-05-22 16:00:00+00:00,9406.589647449475,9406.589647449475,0.0,0,False,76950.68,0.0,10730.028751768135,0.0020847606458032075,-0.07200992235497317
2026-05-22 17:00:00+00:00,9406.589647449475,9406.589647449475,0.0,0,False,76750.0,0.0,10702.045864938484,-0.0026079041796640556,-0.07200992235497317
2026-05-22 18:00:00+00:00,9406.589647449475,9406.589647449475,0.0,0,False,76537.47,0.0,10672.410610115352,-0.002769120521172619,-0.07200992235497317
2026-05-22 19:00:00+00:00,9406.589647449475,9406.589647449475,0.0,0,False,75860.44,0.0,10578.005318754578,-0.008845732684919061,-0.07200992235497317
2026-05-22 20:00:00+00:00,9406.589647449475,9406.589647449475,0.0,0,False,75984.47,0.0,10595.300103752994,0.0016349760164851013,-0.07200992235497317
2026-05-22 21:00:00+00:00,9406.589647449475,9406.589647449475,0.0,0,False,75978.83,0.0,10594.5136602523,-7.42256937503738e-05,-0.07200992235497317
2026-05-22 22:00:00+00:00,9406.589647449475,9406.589647449475,0.0,0,False,75737.52,0.0,10560.865312530237,-0.003176016266636439,-0.07200992235497317
2026-05-22 23:00:00+00:00,9406.589647449475,9406.589647449475,0.0,0,False,75539.5,0.0,10533.253336997012,-0.0026145561671413464,-0.07200992235497317
2026-05-23 00:00:00+00:00,9406.589647449475,9406.589647449475,0.0,0,False,75352.64,0.0,10507.197515624732,-0.0024736727142753434,-0.07200992235497317
2026-05-23 01:00:00+00:00,9406.589647449475,9406.589647449475,0.0,0,False,75489.84,0.0,10526.328729861467,0.0018207723047258817,-0.07200992235497317
2026-05-23 02:00:00+00:00,9406.589647449475,9406.589647449475,0.0,0,False,75572.07,0.0,10537.794908773181,0.001089285657513983,-0.07200992235497317
2026-05-23 03:00:00+00:00,9406.589647449475,9406.589647449475,0.0,0,False,75635.22,0.0,10546.600566054885,0.0008356261777664464,-0.07200992235497317
2026-05-23 04:00:00+00:00,9406.589647449475,9406.589647449475,0.0,0,False,75539.77,0.0,10533.290985888001,-0.0012619782159686288,-0.07200992235497317
2026-05-23 05:00:00+00:00,9406.589647449475,9406.589647449475,0.0,0,False,75482.68,0.0,10525.33033704853,-0.0007557608396213666,-0.07200992235497317
2026-05-23 06:00:00+00:00,9406.589647449475,9406.589647449475,0.0,0,False,75398.33,0.0,10513.568544622374,-0.0011174748962277103,-0.07200992235497317
2026-05-23 07:00:00+00:00,9406.589647449475,9406.589647449475,0.0,0,False,74609.36,0.0,10403.554301937547,-0.010464024866333244,-0.07200992235497317
2026-05-23 08:00:00+00:00,9406.589647449475,9406.589647449475,0.0,0,False,74684.3,0.0,10414.00396079251,0.0010044316155504163,-0.07200992235497317
2026-05-23 09:00:00+00:00,9406.589647449475,9406.589647449475,0.0,0,False,74656.91,0.0,10410.184689962014,-0.0003667437466775558,-0.07200992235497317
2026-05-23 10:00:00+00:00,9406.589647449475,9406.589647449475,0.0,0,False,74705.0,0.0,10416.890375768462,0.0006441466704154575,-0.07200992235497317
2026-05-23 11:00:00+00:00,9406.589647449475,9406.589647449475,0.0,0,False,74789.99,0.0,10428.7414100103,0.0011376748544273951,-0.07200992235497317
2026-05-23 12:00:00+00:00,9406.589647449475,9406.589647449475,0.0,0,False,74753.93,0.0,10423.713191457991,-0.0004821500845233473,-0.07200992235497317
2026-05-23 13:00:00+00:00,9406.589647449475,9406.589647449475,0.0,0,False,75213.9,0.0,10487.85156326901,0.006153121314157017,-0.07200992235497317
2026-05-23 14:00:00+00:00,9406.589647449475,9406.589647449475,0.0,0,False,75537.72,0.0,10533.005133197146,0.004305321223869507,-0.07200992235497317
2026-05-23 15:00:00+00:00,9406.589647449475,9406.589647449475,0.0,0,False,75520.0,0.0,10530.534250425462,-0.0002345847875737661,-0.07200992235497317
2026-05-23 16:00:00+00:00,9406.589647449475,9406.589647449475,0.0,0,False,75444.7,0.0,10520.034393049178,-0.0009970868644066933,-0.07200992235497317
2026-05-23 17:00:00+00:00,9406.589647449475,9406.589647449475,0.0,0,False,75488.18,0.0,10526.097258902044,0.0005763161626992641,-0.07200992235497317
2026-05-23 18:00:00+00:00,9406.589647449475,9406.589647449475,0.0,0,False,75845.82,0.0,10575.966701027604,0.0047376953583992965,-0.07200992235497317
2026-05-23 19:00:00+00:00,9406.589647449475,9406.589647449475,0.0,0,False,75983.45,0.0,10595.157874609251,0.0018146023076814899,-0.07200992235497317
2026-05-23 20:00:00+00:00,9406.589647449475,9406.589647449475,0.0,0,False,77287.58,0.0,10777.006201304264,0.017163342806887583,-0.07200992235497317
2026-05-23 21:00:00+00:00,9336.901988606958,164.3226587141762,0.11942686705502834,1,False,76804.99,-0.007408387253441173,10709.713689070248,-0.006244082166889098,-0.07888483221751852
2026-05-23 22:00:00+00:00,9291.153563755252,9291.153563755252,0.0,0,False,76584.45,-0.004899743502451814,10678.961517147727,-0.002871428015289057,-0.0833980602758706
2026-05-23 23:00:00+00:00,9291.153563755252,9291.153563755252,0.0,0,False,76752.01,0.0,10702.326140015859,0.0021879115146743455,-0.0833980602758706
2026-05-24 00:00:00+00:00,9291.153563755252,9291.153563755252,0.0,0,False,76835.16,0.0,10713.920604037614,0.0010833592501355849,-0.0833980602758706
2026-05-24 01:00:00+00:00,9291.153563755252,9291.153563755252,0.0,0,False,76890.04,0.0,10721.573089732306,0.0007142563378534916,-0.0833980602758706
2026-05-24 02:00:00+00:00,9291.153563755252,9291.153563755252,0.0,0,False,76830.0,0.0,10713.20109189868,-0.0007808553617606462,-0.0833980602758706
2026-05-24 03:00:00+00:00,9291.153563755252,9291.153563755252,0.0,0,False,76750.0,0.0,10702.045864938484,-0.001041259924508653,-0.0833980602758706
2026-05-24 04:00:00+00:00,9282.995031647544,-1.8189894035458565e-12,0.12089358196619908,1,False,76786.5,-0.0008780967887059843,10707.135437239072,0.0004755700325731471,-0.084202925495664
2026-05-24 05:00:00+00:00,9287.314559331195,-1.8189894035458565e-12,0.12089358196619908,1,False,76822.23,0.000465316168857699,10712.11764048017,0.000465316168857699,-0.08377679030950458
2026-05-24 06:00:00+00:00,9307.304313109307,-1.8189894035458565e-12,0.12089358196619908,1,False,76987.58,0.0021523717809286413,10735.174100203527,0.0021523717809286413,-0.08180473732793492
2026-05-24 07:00:00+00:00,9284.625886068268,-1.8189894035458565e-12,0.12089358196619908,1,False,76799.99,-0.002436626790970675,10709.016487385235,-0.002436626790970786,-0.08404203650430397
2026-05-24 08:00:00+00:00,9288.33731903463,-1.8189894035458565e-12,0.12089358196619908,1,False,76830.69,0.0003997396353827565,10713.297305731212,0.0003997396353829785,-0.08367589180195034
2026-05-24 09:00:00+00:00,9311.287756635093,-1.8189894035458565e-12,0.12089358196619908,1,False,77020.53,0.002470887610146244,10739.768659307758,0.002470887610146466,-0.08141175791612543
2026-05-24 10:00:00+00:00,9331.865053221562,-1.8189894035458565e-12,0.12089358196619908,1,False,77190.74,0.0022099302614513316,10763.502799068945,0.0022099302614508876,-0.07938174196213088
2026-05-24 11:00:00+00:00,9347.499011241429,-1.8189894035458565e-12,0.12089358196619908,1,False,77320.06,0.0016753304865322338,10781.535223450104,0.001675330486532678,-0.0778394021279818
2026-05-24 12:00:00+00:00,9323.159506384174,-1.8189894035458565e-12,0.12089358196619908,1,False,77118.73,-0.002603852092199599,10753.461700401398,-0.002603852092199821,-0.08024057193009482
2026-05-24 13:00:00+00:00,9284.896687691871,-1.8189894035458565e-12,0.12089358196619908,1,False,76802.23,-0.00410406136096908,10709.32883374012,-0.004104061360968969,-0.08401532106022358
2026-05-24 14:00:00+00:00,9244.147088018526,-1.8189894035458565e-12,0.12089358196619908,1,False,76465.16,-0.004388804856317097,10662.327679346705,-0.004388804856317208,-0.0880353990674666
2026-05-24 15:00:00+00:00,9232.835075553947,-1.8189894035458565e-12,0.12089358196619908,1,False,76371.59,-0.001223694555795296,10649.280247013383,-0.001223694555795296,-0.08915136518470579
2026-05-24 16:00:00+00:00,9269.116448437824,-1.8189894035458565e-12,0.12089358196619908,1,False,76671.7,0.003929602617936956,10691.12768655119,0.003929602617936956,-0.08557209200479121
2026-05-24 17:00:00+00:00,9256.688152806551,9256.688152806551,0.0,0,False,76693.34,-0.0013408285137432863,10694.145175443924,0.00028224233974216695,-0.0867981830175939
2026-05-24 18:00:00+00:00,9256.688152806551,9256.688152806551,0.0,0,False,76665.73,0.0,10690.295227739287,-0.0003600051842832519,-0.0867981830175939
2026-05-24 19:00:00+00:00,9256.688152806551,9256.688152806551,0.0,0,False,76773.34,0.0,10705.30040240412,0.0014036258442982064,-0.0867981830175939
2026-05-24 20:00:00+00:00,9256.688152806551,9256.688152806551,0.0,0,False,76668.4,0.0,10690.667533439082,-0.001366880742716181,-0.0867981830175939
2026-05-24 21:00:00+00:00,9256.688152806551,9256.688152806551,0.0,0,False,76151.14,0.0,10618.540624721192,-0.006746717030745364,-0.0867981830175939
2026-05-24 22:00:00+00:00,9256.688152806551,9256.688152806551,0.0,0,False,76803.99,0.0,10709.574248733246,0.008573082425292755,-0.0867981830175939
2026-05-24 23:00:00+00:00,9256.688152806551,9256.688152806551,0.0,0,False,77064.96,0.0,10745.963993480778,0.003397870345017262,-0.0867981830175939
2026-05-25 00:00:00+00:00,9256.688152806551,9256.688152806551,0.0,0,False,77153.01,0.0,10758.241715153843,0.0011425426030193808,-0.0867981830175939
2026-05-25 01:00:00+00:00,9256.688152806551,9256.688152806551,0.0,0,False,76945.27,0.0,10729.274379544953,-0.002692571553591927,-0.0867981830175939
2026-05-25 02:00:00+00:00,9256.688152806551,9256.688152806551,0.0,0,False,77108.77,0.0,10752.072874644855,0.002124886948866367,-0.0867981830175939
2026-05-25 03:00:00+00:00,9256.688152806551,9256.688152806551,0.0,0,False,77026.67,0.0,10740.624822976952,-0.0010647297317802895,-0.0867981830175939
2026-05-25 04:00:00+00:00,9256.688152806551,9256.688152806551,0.0,0,False,77391.07,0.0,10791.436881780648,0.004730828945351151,-0.0867981830175939
2026-05-25 05:00:00+00:00,9256.688152806551,9256.688152806551,0.0,0,False,77407.0,0.0,10793.658166349096,0.00020583770194670947,-0.0867981830175939
2026-05-25 06:00:00+00:00,9256.688152806551,9256.688152806551,0.0,0,False,77419.87,0.0,10795.452763486317,0.00016626403296848835,-0.0867981830175939
2026-05-25 07:00:00+00:00,9256.688152806551,9256.688152806551,0.0,0,False,77401.12,0.0,10792.838257167521,-0.00024218588845470457,-0.0867981830175939
2026-05-25 08:00:00+00:00,9256.688152806551,9256.688152806551,0.0,0,False,77456.94,0.0,10800.621816779,0.000721178194837524,-0.0867981830175939
2026-05-25 09:00:00+00:00,9256.688152806551,9256.688152806551,0.0,0,False,77604.56,0.0,10821.205999327303,0.0019058330990098238,-0.0867981830175939
2026-05-25 10:00:00+00:00,9256.688152806551,9256.688152806551,0.0,0,False,77545.65,0.0,10812.991569074487,-0.0007591048773423203,-0.0867981830175939
2026-05-25 11:00:00+00:00,9256.688152806551,9256.688152806551,0.0,0,False,77357.5,0.0,10786.755869667475,-0.002426312759000737,-0.0867981830175939
2026-05-25 12:00:00+00:00,9256.688152806551,9256.688152806551,0.0,0,False,77367.98,0.0,10788.217204399261,0.00013547490547138885,-0.0867981830175939
2026-05-25 13:00:00+00:00,9256.688152806551,9256.688152806551,0.0,0,False,77341.05,0.0,10784.462076123786,-0.000348076814206566,-0.0867981830175939
2026-05-25 14:00:00+00:00,9256.688152806551,9256.688152806551,0.0,0,False,77714.0,0.0,10836.46634980885,0.0048221481347872075,-0.0867981830175939
2026-05-25 15:00:00+00:00,9256.688152806551,9256.688152806551,0.0,0,False,77628.82,0.0,10824.588821902982,-0.0010960702061403316,-0.0867981830175939
2026-05-25 16:00:00+00:00,9256.688152806551,9256.688152806551,0.0,0,False,77735.69,0.0,10839.490810718435,0.001376679434261563,-0.0867981830175939
2026-05-25 17:00:00+00:00,9256.688152806551,9256.688152806551,0.0,0,False,77564.01,0.0,10815.551693661853,-0.002208509373236356,-0.0867981830175939
2026-05-25 18:00:00+00:00,9256.688152806551,9256.688152806551,0.0,0,False,77543.39,0.0,10812.67643391286,-0.0002658449453556422,-0.0867981830175939
2026-05-25 19:00:00+00:00,9256.688152806551,9256.688152806551,0.0,0,False,77441.86,0.0,10798.519056497003,-0.0013093314594575522,-0.0867981830175939
2026-05-25 20:00:00+00:00,9256.688152806551,9256.688152806551,0.0,0,False,77273.06,0.0,10774.981527610988,-0.0021796997127910833,-0.0867981830175939
2026-05-25 21:00:00+00:00,9256.688152806551,9256.688152806551,0.0,0,False,77367.03,0.0,10788.084736079109,0.0012160771166562778,-0.0867981830175939
2026-05-25 22:00:00+00:00,9256.688152806551,9256.688152806551,0.0,0,False,77116.21,0.0,10753.110310752154,-0.0032419494453902464,-0.0867981830175939
2026-05-25 23:00:00+00:00,9256.688152806551,9256.688152806551,0.0,0,False,77322.01,0.0,10781.807132107258,0.002668699615813397,-0.0867981830175939
2026-05-26 00:00:00+00:00,9256.688152806551,9256.688152806551,0.0,0,False,76792.71,0.0,10708.00136173186,-0.006845398871550112,-0.0867981830175939
2026-05-26 01:00:00+00:00,9256.688152806551,9256.688152806551,0.0,0,False,76756.98,0.0,10703.01915849076,-0.00046527854011158,-0.0867981830175939
2026-05-26 02:00:00+00:00,9256.688152806551,9256.688152806551,0.0,0,False,76660.0,0.0,10689.496234608263,-0.001263468156251002,-0.0867981830175939
2026-05-26 03:00:00+00:00,9256.688152806551,9256.688152806551,0.0,0,False,76664.01,0.0,10690.055390359643,5.230889642571235e-05,-0.0867981830175939
2026-05-26 04:00:00+00:00,9256.688152806551,9256.688152806551,0.0,0,False,76749.5,0.0,10701.976144769982,0.001115125598047939,-0.0867981830175939
2026-05-26 05:00:00+00:00,9256.688152806551,9256.688152806551,0.0,0,False,76930.01,0.0,10727.146520002296,0.0023519371461704353,-0.0867981830175939
2026-05-26 06:00:00+00:00,9256.688152806551,9256.688152806551,0.0,0,False,76908.01,0.0,10724.078832588242,-0.000285974225143093,-0.0867981830175939
2026-05-26 07:00:00+00:00,9256.688152806551,9256.688152806551,0.0,0,False,76730.84,0.0,10699.374188081516,-0.0023036612181228655,-0.0867981830175939
2026-05-26 08:00:00+00:00,9256.688152806551,9256.688152806551,0.0,0,False,76726.37,0.0,10698.750889775114,-5.825558536831643e-05,-0.0867981830175939
2026-05-26 09:00:00+00:00,9256.688152806551,9256.688152806551,0.0,0,False,76672.19,0.0,10691.196012316323,-0.0007061457488473089,-0.0867981830175939
2026-05-26 10:00:00+00:00,9256.688152806551,9256.688152806551,0.0,0,False,77430.0,0.0,10796.865294100153,0.00988376619997422,-0.0867981830175939
2026-05-26 11:00:00+00:00,9256.688152806551,9256.688152806551,0.0,0,False,77183.55,0.0,10762.500223045898,-0.0031828748547074737,-0.0867981830175939
2026-05-26 12:00:00+00:00,9256.688152806551,9256.688152806551,0.0,0,False,77132.5,0.0,10755.381793841923,-0.0006614103652914372,-0.0867981830175939
2026-05-26 13:00:00+00:00,9256.688152806551,9256.688152806551,0.0,0,False,77231.56,0.0,10769.194753625387,0.0012842835380675321,-0.0867981830175939
2026-05-26 14:00:00+00:00,9256.688152806551,9256.688152806551,0.0,0,False,76908.01,0.0,10724.078832588242,-0.0041893495353453325,-0.0867981830175939
2026-05-26 15:00:00+00:00,9256.688152806551,9256.688152806551,0.0,0,False,76518.1,0.0,10669.709650787614,-0.005069823026236264,-0.0867981830175939
2026-05-26 16:00:00+00:00,9256.688152806551,9256.688152806551,0.0,0,False,76558.0,0.0,10675.273320234011,0.0005214452528223834,-0.0867981830175939
2026-05-26 17:00:00+00:00,9256.688152806551,9256.688152806551,0.0,0,False,75935.08,0.0,10588.413145508443,-0.008136576190600486,-0.0867981830175939
2026-05-26 18:00:00+00:00,9256.688152806551,9256.688152806551,0.0,0,False,75840.55,0.0,10575.2318504516,-0.0012448791783717938,-0.0867981830175939
2026-05-26 19:00:00+00:00,9256.688152806551,9256.688152806551,0.0,0,False,76052.0,0.0,10604.71650971077,0.002788086320576477,-0.0867981830175939
2026-05-26 20:00:00+00:00,9256.688152806551,9256.688152806551,0.0,0,False,76106.86,0.0,10612.366206598725,0.0007213485509913742,-0.0867981830175939
2026-05-26 21:00:00+00:00,9256.688152806551,9256.688152806551,0.0,0,False,75890.0,0.0,10582.127175116371,-0.002849414625698765,-0.0867981830175939
2026-05-26 22:00:00+00:00,9256.688152806551,9256.688152806551,0.0,0,False,75749.02,0.0,10562.468876405765,-0.0018576887600474379,-0.0867981830175939
2026-05-26 23:00:00+00:00,9256.688152806551,9256.688152806551,0.0,0,False,75930.01,0.0,10587.70618299984,0.0023893378422585876,-0.0867981830175939
2026-05-27 00:00:00+00:00,9256.688152806551,9256.688152806551,0.0,0,False,76085.01,0.0,10609.31943523522,0.0020413536097254603,-0.0867981830175939
2026-05-27 01:00:00+00:00,9256.688152806551,9256.688152806551,0.0,0,False,75877.44,0.0,10580.37580448362,-0.0027281326505708137,-0.0867981830175939
2026-05-27 02:00:00+00:00,9256.688152806551,9256.688152806551,0.0,0,False,75879.0,0.0,10580.593331409344,2.055947064105723e-05,-0.0867981830175939
2026-05-27 03:00:00+00:00,9256.688152806551,9256.688152806551,0.0,0,False,75683.0,0.0,10553.263025356862,-0.0025830598716377606,-0.0867981830175939
2026-05-27 04:00:00+00:00,9256.688152806551,9256.688152806551,0.0,0,False,75579.01,0.0,10538.762624711977,-0.001374020585864666,-0.0867981830175939
2026-05-27 05:00:00+00:00,9256.688152806551,9256.688152806551,0.0,0,False,75697.99,0.0,10555.35323600853,0.0015742466063000116,-0.0867981830175939
2026-05-27 06:00:00+00:00,9256.688152806551,9256.688152806551,0.0,0,False,75838.65,0.0,10574.966913811295,0.0018581735129294952,-0.0867981830175939
2026-05-27 07:00:00+00:00,9256.688152806551,9256.688152806551,0.0,0,False,75977.17,0.0,10594.282189292875,0.0018265093062705962,-0.0867981830175939
2026-05-27 08:00:00+00:00,9256.688152806551,9256.688152806551,0.0,0,False,75873.24,0.0,10579.79015506821,-0.0013679109132387346,-0.0867981830175939
2026-05-27 09:00:00+00:00,9256.688152806551,9256.688152806551,0.0,0,False,75912.6,0.0,10585.278526732627,0.0005187599738720738,-0.0867981830175939
2026-05-27 10:00:00+00:00,9256.688152806551,9256.688152806551,0.0,0,False,75909.82,0.0,10584.89088259576,-3.662106158919265e-05,-0.0867981830175939
2026-05-27 11:00:00+00:00,9256.688152806551,9256.688152806551,0.0,0,False,75769.18,0.0,10565.279993599734,-0.0018527247199375818,-0.0867981830175939
2026-05-27 12:00:00+00:00,9256.688152806551,9256.688152806551,0.0,0,False,75688.0,0.0,10553.960227041875,-0.0010714118854130428,-0.0867981830175939
2026-05-27 13:00:00+00:00,9256.688152806551,9256.688152806551,0.0,0,False,75073.4,0.0,10468.260195920166,-0.008120177571081189,-0.0867981830175939
2026-05-27 14:00:00+00:00,9256.688152806551,9256.688152806551,0.0,0,False,75031.92,0.0,10462.476210741304,-0.0005525259279584027,-0.0867981830175939
2026-05-27 15:00:00+00:00,9256.688152806551,9256.688152806551,0.0,0,False,75326.01,0.0,10503.484219450356,0.003919531847245805,-0.0867981830175939
2026-05-27 16:00:00+00:00,9256.688152806551,9256.688152806551,0.0,0,False,75304.01,0.0,10500.416532036303,-0.0002920637904489931,-0.0867981830175939
2026-05-27 17:00:00+00:00,9256.688152806551,9256.688152806551,0.0,0,False,74860.42,0.0,10438.562192945383,-0.005890655756579322,-0.0867981830175939
2026-05-27 18:00:00+00:00,9256.688152806551,9256.688152806551,0.0,0,False,75026.67,0.0,10461.74414897204,0.002220799723004374,-0.0867981830175939
2026-05-27 19:00:00+00:00,9256.688152806551,9256.688152806551,0.0,0,False,75066.08,0.0,10467.239492653309,0.0005252798771424594,-0.0867981830175939
2026-05-27 20:00:00+00:00,9256.688152806551,9256.688152806551,0.0,0,False,75274.58,0.0,10496.31280291832,0.0027775527908211473,-0.0867981830175939
2026-05-27 21:00:00+00:00,9256.688152806551,9256.688152806551,0.0,0,False,74473.01,0.0,10384.541611987263,-0.010648614711633031,-0.0867981830175939
2026-05-27 22:00:00+00:00,9256.688152806551,9256.688152806551,0.0,0,False,74418.13,0.0,10376.889126292568,-0.000736911264899831,-0.0867981830175939
2026-05-27 23:00:00+00:00,9256.688152806551,9256.688152806551,0.0,0,False,74449.3,0.0,10381.235481596934,0.00041884954647475325,-0.0867981830175939
2026-05-28 00:00:00+00:00,9256.688152806551,9256.688152806551,0.0,0,False,74570.66,0.0,10398.157960895553,0.0016301026336045243,-0.0867981830175939
2026-05-28 01:00:00+00:00,9256.688152806551,9256.688152806551,0.0,0,False,74344.08,0.0,10366.563569337535,-0.0030384604347072353,-0.0867981830175939
2026-05-28 02:00:00+00:00,9256.688152806551,9256.688152806551,0.0,0,False,74287.42,0.0,10358.662879842976,-0.0007621319680061189,-0.0867981830175939
2026-05-28 03:00:00+00:00,9256.688152806551,9256.688152806551,0.0,0,False,73258.01,0.0,10215.121602529278,-0.013857124126803622,-0.0867981830175939
2026-05-28 04:00:00+00:00,9256.688152806551,9256.688152806551,0.0,0,False,73181.95,0.0,10204.515770496871,-0.0010382482407043092,-0.0867981830175939
2026-05-28 05:00:00+00:00,9256.688152806551,9256.688152806551,0.0,0,False,72990.87,0.0,10177.871510902442,-0.002611026352809742,-0.0867981830175939
2026-05-28 06:00:00+00:00,9256.688152806551,9256.688152806551,0.0,0,False,73202.7,0.0,10207.409157489672,0.0029021437886684875,-0.0867981830175939
2026-05-28 07:00:00+00:00,9256.688152806551,9256.688152806551,0.0,0,False,73498.0,0.0,10248.585889006497,0.004034004210227149,-0.0867981830175939
2026-05-28 08:00:00+00:00,9256.688152806551,9256.688152806551,0.0,0,False,73325.88,0.0,10224.585418201636,-0.002341832430814317,-0.0867981830175939
2026-05-28 09:00:00+00:00,9256.688152806551,9256.688152806551,0.0,0,False,73541.24,0.0,10254.615289178484,0.0029370257813474687,-0.0867981830175939
2026-05-28 10:00:00+00:00,9256.688152806551,9256.688152806551,0.0,0,False,73400.01,0.0,10234.922130383628,-0.0019204190737061033,-0.0867981830175939
2026-05-28 11:00:00+00:00,9256.688152806551,9256.688152806551,0.0,0,False,73505.66,0.0,10249.654001987938,0.0014393731009028077,-0.0867981830175939
2026-05-28 12:00:00+00:00,9256.688152806551,9256.688152806551,0.0,0,False,73518.01,0.0,10251.376090149917,0.00016801427264234725,-0.0867981830175939
2026-05-28 13:00:00+00:00,9256.688152806551,9256.688152806551,0.0,0,False,73022.02,0.0,10182.21507740007,-0.006746510140848483,-0.0867981830175939
2026-05-28 14:00:00+00:00,9256.688152806551,9256.688152806551,0.0,0,False,73033.06,0.0,10183.754498720577,0.00015118727200369442,-0.0867981830175939
2026-05-28 15:00:00+00:00,9256.688152806551,9256.688152806551,0.0,0,False,72928.73,0.0,10169.20668836111,-0.0014285311337085549,-0.0867981830175939
2026-05-28 16:00:00+00:00,9256.688152806551,9256.688152806551,0.0,0,False,73440.67,0.0,10240.591774486145,0.0070197300844261346,-0.0867981830175939
2026-05-28 17:00:00+00:00,9256.688152806551,9256.688152806551,0.0,0,False,73554.82,0.0,10256.508888954977,0.0015543158851902827,-0.0867981830175939
2026-05-28 18:00:00+00:00,9256.688152806551,9256.688152806551,0.0,0,False,73652.88,0.0,10270.182408401439,0.0013331553255111483,-0.0867981830175939
2026-05-28 19:00:00+00:00,9256.688152806551,9256.688152806551,0.0,0,False,73419.32,0.0,10237.614723291144,-0.0031710912051233775,-0.0867981830175939
2026-05-28 20:00:00+00:00,9256.688152806551,9256.688152806551,0.0,0,False,73579.99,0.0,10260.01860223733,0.0021883885603952713,-0.0867981830175939
2026-05-28 21:00:00+00:00,9256.688152806551,9256.688152806551,0.0,0,False,73817.31,0.0,10293.110583014752,0.0032253334092597896,-0.0867981830175939
2026-05-28 22:00:00+00:00,9256.688152806551,9256.688152806551,0.0,0,False,73464.8,0.0,10243.956469818017,-0.0047754381729704365,-0.0867981830175939
2026-05-28 23:00:00+00:00,9256.688152806551,9256.688152806551,0.0,0,False,73617.51,0.0,10265.25040368166,0.002078682579956581,-0.0867981830175939
2026-05-29 00:00:00+00:00,9256.688152806551,9256.688152806551,0.0,0,False,73716.37,0.0,10279.035475397723,0.0013428870386948955,-0.0867981830175939
2026-05-29 01:00:00+00:00,9256.688152806551,9256.688152806551,0.0,0,False,73586.83,0.0,10260.972374142426,-0.0017572758940787025,-0.0867981830175939
2026-05-29 02:00:00+00:00,9256.688152806551,9256.688152806551,0.0,0,False,73225.06,0.0,10210.527043425047,-0.004916232972666523,-0.0867981830175939
2026-05-29 03:00:00+00:00,9256.688152806551,9256.688152806551,0.0,0,False,73301.52,0.0,10221.188651592254,0.001044178045057187,-0.0867981830175939
2026-05-29 04:00:00+00:00,9256.688152806551,9256.688152806551,0.0,0,False,73507.69,0.0,10249.93706587205,0.0028126292606212022,-0.0867981830175939
2026-05-29 05:00:00+00:00,9256.688152806551,9256.688152806551,0.0,0,False,73706.0,0.0,10277.589479103008,0.0026978129771184634,-0.0867981830175939
2026-05-29 06:00:00+00:00,9256.688152806551,9256.688152806551,0.0,0,False,73786.32,0.0,10288.789326971046,0.0010897348926817152,-0.0867981830175939
2026-05-29 07:00:00+00:00,9256.688152806551,9256.688152806551,0.0,0,False,73528.56,0.0,10252.847185705292,-0.003493330471014189,-0.0867981830175939
2026-05-29 08:00:00+00:00,9256.688152806551,9256.688152806551,0.0,0,False,73653.4,0.0,10270.254917376678,0.0016978436678209974,-0.0867981830175939
2026-05-29 09:00:00+00:00,9256.688152806551,9256.688152806551,0.0,0,False,73744.96,0.0,10283.022074632625,0.001243119801665804,-0.0867981830175939
2026-05-29 10:00:00+00:00,9256.688152806551,9256.688152806551,0.0,0,False,73634.64,0.0,10267.639016654512,-0.0014959666396187066,-0.0867981830175939
2026-05-29 11:00:00+00:00,9256.688152806551,9256.688152806551,0.0,0,False,73487.98,0.0,10247.188696829733,-0.0019917256334788247,-0.0867981830175939
2026-05-29 12:00:00+00:00,9256.688152806551,9256.688152806551,0.0,0,False,73295.73,0.0,10220.381292041011,-0.002616074084496489,-0.0867981830175939
2026-05-29 13:00:00+00:00,9256.688152806551,9256.688152806551,0.0,0,False,73135.7,0.0,10198.066654910506,-0.0021833468334377937,-0.0867981830175939
2026-05-29 14:00:00+00:00,9256.688152806551,9256.688152806551,0.0,0,False,73096.85,0.0,10192.649397817962,-0.0005312043229228625,-0.0867981830175939
2026-05-29 15:00:00+00:00,9256.688152806551,9256.688152806551,0.0,0,False,73808.26,0.0,10291.84864796488,0.00973243033044513,-0.0867981830175939
2026-05-29 16:00:00+00:00,9256.688152806551,9256.688152806551,0.0,0,False,74056.5,0.0,10326.46331722237,0.0033633092014362376,-0.0867981830175939
2026-05-29 17:00:00+00:00,9256.688152806551,9256.688152806551,0.0,0,False,73980.94,0.0,10315.927205358463,-0.0010203020666653684,-0.0867981830175939
2026-05-29 18:00:00+00:00,9256.688152806551,9256.688152806551,0.0,0,False,73374.52,0.0,10231.367796193434,-0.008196976140070644,-0.0867981830175939
2026-05-29 19:00:00+00:00,9256.688152806551,9256.688152806551,0.0,0,False,73520.28,0.0,10251.692619714911,0.0019865206613958186,-0.0867981830175939
2026-05-29 20:00:00+00:00,9256.688152806551,9256.688152806551,0.0,0,False,73673.61,0.0,10273.0730065875,0.0020855470082541405,-0.0867981830175939
2026-05-29 21:00:00+00:00,9256.688152806551,9256.688152806551,0.0,0,False,73409.27,0.0,10236.21334790427,-0.0035879876118464216,-0.0867981830175939
2026-05-29 22:00:00+00:00,9256.688152806551,9256.688152806551,0.0,0,False,73483.52,0.0,10246.566792926702,0.0010114526407905,-0.0867981830175939
2026-05-29 23:00:00+00:00,9256.688152806551,9256.688152806551,0.0,0,False,73460.78,0.0,10243.395919663266,-0.0003094571408663871,-0.0867981830175939
2026-05-30 00:00:00+00:00,9256.688152806551,9256.688152806551,0.0,0,False,73498.8,0.0,10248.6974412761,0.0005175550817728691,-0.0867981830175939
2026-05-30 01:00:00+00:00,9256.688152806551,9256.688152806551,0.0,0,False,73657.9,0.0,10270.882398893189,0.002164661191747186,-0.0867981830175939
2026-05-30 02:00:00+00:00,9256.688152806551,9256.688152806551,0.0,0,False,73786.69,0.0,10288.840919895736,0.001748488621044153,-0.0867981830175939
2026-05-30 03:00:00+00:00,9256.688152806551,9256.688152806551,0.0,0,False,73524.01,0.0,10252.21273217193,-0.0035599916461898085,-0.0867981830175939
2026-05-30 04:00:00+00:00,9256.688152806551,9256.688152806551,0.0,0,False,73402.84,0.0,10235.316746537343,-0.0016480330711016178,-0.0867981830175939
2026-05-30 05:00:00+00:00,9256.688152806551,9256.688152806551,0.0,0,False,73604.99,0.0,10263.50461066239,0.0027539806361716046,-0.0867981830175939
2026-05-30 06:00:00+00:00,9256.688152806551,9256.688152806551,0.0,0,False,73584.99,0.0,10260.715803922341,-0.0002717207080661366,-0.0867981830175939
2026-05-30 07:00:00+00:00,9256.688152806551,9256.688152806551,0.0,0,False,73548.6,0.0,10255.641570058822,-0.0004945302024230713,-0.0867981830175939
2026-05-30 08:00:00+00:00,9256.688152806551,9256.688152806551,0.0,0,False,73530.07,0.0,10253.057740614166,-0.0002519422531497284,-0.0867981830175939
2026-05-30 09:00:00+00:00,9256.688152806551,9256.688152806551,0.0,0,False,73615.46,0.0,10264.964550990808,0.001161293604099889,-0.0867981830175939
2026-05-30 10:00:00+00:00,9256.688152806551,9256.688152806551,0.0,0,False,73655.85,0.0,10270.596546202336,0.000548661925090066,-0.0867981830175939
2026-05-30 11:00:00+00:00,9256.688152806551,9256.688152806551,0.0,0,False,73602.02,0.0,10263.090472861493,-0.0007308312917440052,-0.0867981830175939
2026-05-30 12:00:00+00:00,9256.688152806551,9256.688152806551,0.0,0,False,73698.18,0.0,10276.499055667648,0.0013064858817730673,-0.0867981830175939
2026-05-30 13:00:00+00:00,9256.688152806551,9256.688152806551,0.0,0,False,73829.31,0.0,10294.78386705878,0.0017792841017241212,-0.0867981830175939
2026-05-30 14:00:00+00:00,9256.688152806551,9256.688152806551,0.0,0,False,73929.11,0.0,10308.700012691626,0.0013517666628606317,-0.0867981830175939
2026-05-30 15:00:00+00:00,9256.688152806551,9256.688152806551,0.0,0,False,73930.14,0.0,10308.843636238738,1.3932265652716325e-05,-0.0867981830175939
2026-05-30 16:00:00+00:00,9256.688152806551,9256.688152806551,0.0,0,False,73934.99,0.0,10309.5199218732,6.5602472820947e-05,-0.0867981830175939
2026-05-30 17:00:00+00:00,9256.688152806551,9256.688152806551,0.0,0,False,74020.07,0.0,10321.383505745369,0.0011507406709596602,-0.0867981830175939
2026-05-30 18:00:00+00:00,9256.688152806551,9256.688152806551,0.0,0,False,74043.38,0.0,10324.633860000897,0.00031491459005650313,-0.0867981830175939
2026-05-30 19:00:00+00:00,9256.688152806551,9256.688152806551,0.0,0,False,74016.65,0.0,10320.90661979282,-0.0003610045894717473,-0.0867981830175939
2026-05-30 20:00:00+00:00,9256.688152806551,9256.688152806551,0.0,0,False,73979.84,0.0,10315.773820987759,-0.0004973205353121513,-0.0867981830175939
2026-05-30 21:00:00+00:00,9256.688152806551,9256.688152806551,0.0,0,False,73981.99,0.0,10316.073617712316,2.9061971477784e-05,-0.0867981830175939
2026-05-30 22:00:00+00:00,9256.688152806551,9256.688152806551,0.0,0,False,73883.3,0.0,10302.312250853543,-0.0013339733089093864,-0.0867981830175939
2026-05-30 23:00:00+00:00,9256.688152806551,9256.688152806551,0.0,0,False,73884.38,0.0,10302.462846417508,1.4617647019044e-05,-0.0867981830175939
2026-05-31 00:00:00+00:00,9256.688152806551,9256.688152806551,0.0,0,False,74038.2,0.0,10323.911559055223,0.0020819014790403045,-0.0867981830175939
2026-05-31 01:00:00+00:00,9256.688152806551,9256.688152806551,0.0,0,False,74058.01,0.0,10326.673872131243,0.00026756458152710216,-0.0867981830175939
2026-05-31 02:00:00+00:00,9256.688152806551,9256.688152806551,0.0,0,False,74090.84,0.0,10331.251698395032,0.0004433011365008177,-0.0867981830175939
2026-05-31 03:00:00+00:00,9256.688152806551,9256.688152806551,0.0,0,False,74150.64,0.0,10339.59023054778,0.000807117317066508,-0.0867981830175939
2026-05-31 04:00:00+00:00,9256.688152806551,9256.688152806551,0.0,0,False,74178.4,0.0,10343.461094302967,0.0003743730330580952,-0.0867981830175939
2026-05-31 05:00:00+00:00,9256.688152806551,9256.688152806551,0.0,0,False,74055.98,0.0,10326.390808247128,-0.001650345653181895,-0.0867981830175939
2026-05-31 06:00:00+00:00,9256.688152806551,9256.688152806551,0.0,0,False,74054.87,0.0,10326.236029473053,-1.4988661280468385e-05,-0.0867981830175939
2026-05-31 07:00:00+00:00,9256.688152806551,9256.688152806551,0.0,0,False,73871.24,0.0,10300.630600389293,-0.0024796478611061046,-0.0867981830175939
2026-05-31 08:00:00+00:00,9256.688152806551,9256.688152806551,0.0,0,False,73937.61,0.0,10309.885255556148,0.0008984552039468241,-0.0867981830175939
2026-05-31 09:00:00+00:00,9256.688152806551,9256.688152806551,0.0,0,False,73841.79,0.0,10296.52408246457,-0.0012959574971387333,-0.0867981830175939
2026-05-31 10:00:00+00:00,9256.688152806551,9256.688152806551,0.0,0,False,73900.0,0.0,10304.640904481485,0.0007883070006835524,-0.0867981830175939
2026-05-31 11:00:00+00:00,9256.688152806551,9256.688152806551,0.0,0,False,73937.79,0.0,10309.910354816806,0.0005113667117724319,-0.0867981830175939
2026-05-31 12:00:00+00:00,9256.688152806551,9256.688152806551,0.0,0,False,73920.0,0.0,10307.429711221534,-0.00024060767842792874,-0.0867981830175939
2026-05-31 13:00:00+00:00,9256.688152806551,9256.688152806551,0.0,0,False,73872.8,0.0,10300.848127315017,-0.0006385281385281605,-0.0867981830175939
2026-05-31 14:00:00+00:00,9256.688152806551,9256.688152806551,0.0,0,False,73602.17,0.0,10263.111388912042,-0.0036634593517506087,-0.0867981830175939
2026-05-31 15:00:00+00:00,9256.688152806551,9256.688152806551,0.0,0,False,73655.21,0.0,10270.507304386654,0.0007206309270502143,-0.0867981830175939
2026-05-31 16:00:00+00:00,9256.688152806551,9256.688152806551,0.0,0,False,73526.14,0.0,10252.509740089745,-0.0017523539746885364,-0.0867981830175939
2026-05-31 17:00:00+00:00,9256.688152806551,9256.688152806551,0.0,0,False,73709.44,0.0,10278.069153862296,0.0024929909281243834,-0.0867981830175939
2026-05-31 18:00:00+00:00,9256.688152806551,9256.688152806551,0.0,0,False,73603.69,0.0,10263.323338224287,-0.0014346873344851518,-0.0867981830175939
2026-05-31 19:00:00+00:00,9256.688152806551,9256.688152806551,0.0,0,False,73563.42,0.0,10257.708075853197,-0.0005471193088282256,-0.0867981830175939
2026-05-31 20:00:00+00:00,9256.688152806551,9256.688152806551,0.0,0,False,73739.66,0.0,10282.283040846512,0.0023957559341316603,-0.0867981830175939
2026-05-31 21:00:00+00:00,9256.688152806551,9256.688152806551,0.0,0,False,73892.52,0.0,10303.597890760706,0.0020729686033267303,-0.0867981830175939
2026-05-31 22:00:00+00:00,9256.688152806551,9256.688152806551,0.0,0,False,73944.62,0.0,10310.862732318534,0.0007050781324009492,-0.0867981830175939
2026-05-31 23:00:00+00:00,9256.688152806551,9256.688152806551,0.0,0,False,73674.39,0.0,10273.18177005036,-0.0036544916993285215,-0.0867981830175939
2026-06-01 00:00:00+00:00,9256.688152806551,9256.688152806551,0.0,0,False,73885.0,0.0,10302.549299426448,0.0028586595694921613,-0.0867981830175939
2026-06-01 01:00:00+00:00,9256.688152806551,9256.688152806551,0.0,0,False,73292.92,0.0,10219.989464694034,-0.00801353454693099,-0.0867981830175939
2026-06-01 02:00:00+00:00,9256.688152806551,9256.688152806551,0.0,0,False,73790.0,0.0,10289.302467411215,0.00678210119067435,-0.0867981830175939
2026-06-01 03:00:00+00:00,9256.688152806551,9256.688152806551,0.0,0,False,73769.06,0.0,10286.382586754384,-0.0002837782897411323,-0.0867981830175939
2026-06-01 04:00:00+00:00,9256.688152806551,9256.688152806551,0.0,0,False,73536.01,0.0,10253.88601621596,-0.0031591835384646716,-0.0867981830175939
2026-06-01 05:00:00+00:00,9256.688152806551,9256.688152806551,0.0,0,False,73350.0,0.0,10227.948719130134,-0.0025295090119792363,-0.0867981830175939
2026-06-01 06:00:00+00:00,9256.688152806551,9256.688152806551,0.0,0,False,73135.74,0.0,10198.072232523988,-0.00292106339468301,-0.0867981830175939
2026-06-01 07:00:00+00:00,9256.688152806551,9256.688152806551,0.0,0,False,72818.0,0.0,10153.766459844826,-0.004344524305079922,-0.0867981830175939
2026-06-01 08:00:00+00:00,9256.688152806551,9256.688152806551,0.0,0,False,72902.65,0.0,10165.570084372084,0.0011624872970967814,-0.0867981830175939
2026-06-01 09:00:00+00:00,9256.688152806551,9256.688152806551,0.0,0,False,72880.0,0.0,10162.41176073898,-0.00031068829459546254,-0.0867981830175939
2026-06-01 10:00:00+00:00,9256.688152806551,9256.688152806551,0.0,0,False,72748.88,0.0,10144.128343751217,-0.0017991218441273382,-0.0867981830175939
2026-06-01 11:00:00+00:00,9256.688152806551,9256.688152806551,0.0,0,False,72479.99,0.0,10106.634231534626,-0.003696139376991203,-0.0867981830175939
2026-06-01 12:00:00+00:00,9256.688152806551,9256.688152806551,0.0,0,False,72221.73,0.0,10070.622370100373,-0.003563190337084743,-0.0867981830175939
2026-06-01 13:00:00+00:00,9256.688152806551,9256.688152806551,0.0,0,False,71711.89,0.0,9999.53010868304,-0.007059371189252928,-0.0867981830175939
2026-06-01 14:00:00+00:00,9256.688152806551,9256.688152806551,0.0,0,False,71567.91,0.0,9979.453488961428,-0.0020077563148871436,-0.0867981830175939
2026-06-01 15:00:00+00:00,9256.688152806551,9256.688152806551,0.0,0,False,71129.62,0.0,9918.33818365662,-0.0061241134469346425,-0.0867981830175939
2026-06-01 16:00:00+00:00,9256.688152806551,9256.688152806551,0.0,0,False,71564.01,0.0,9978.909671647118,0.006107019832244376,-0.0867981830175939
2026-06-01 17:00:00+00:00,9256.688152806551,9256.688152806551,0.0,0,False,71646.01,0.0,9990.343779281318,0.0011458273509268313,-0.0867981830175939
2026-06-01 18:00:00+00:00,9256.688152806551,9256.688152806551,0.0,0,False,71498.64,0.0,9969.794456817266,-0.002056918452262746,-0.0867981830175939
2026-06-01 19:00:00+00:00,9256.688152806551,9256.688152806551,0.0,0,False,71595.24,0.0,9983.264393371705,0.0013510746498115456,-0.0867981830175939
2026-06-01 20:00:00+00:00,9256.688152806551,9256.688152806551,0.0,0,False,71446.0,0.0,9962.454317477457,-0.0020844961201331724,-0.0867981830175939
2026-06-01 21:00:00+00:00,9256.688152806551,9256.688152806551,0.0,0,False,71038.01,0.0,9905.564054383825,-0.005710466646138279,-0.0867981830175939
2026-06-01 22:00:00+00:00,9256.688152806551,9256.688152806551,0.0,0,False,71408.0,0.0,9957.155584671365,0.0052083384655625675,-0.0867981830175939
2026-06-01 23:00:00+00:00,9256.688152806551,9256.688152806551,0.0,0,False,71408.9,0.0,9957.281080974666,1.2603629845342468e-05,-0.0867981830175939
2026-06-02 00:00:00+00:00,9256.688152806551,9256.688152806551,0.0,0,False,71289.23,0.0,9940.594255845583,-0.001675841526756372,-0.0867981830175939
2026-06-02 01:00:00+00:00,9256.688152806551,9256.688152806551,0.0,0,False,70652.47,0.0,9851.804226855898,-0.008932064492771286,-0.0867981830175939
2026-06-02 02:00:00+00:00,9256.688152806551,9256.688152806551,0.0,0,False,70846.49,0.0,9878.858441041115,0.0027461177224235023,-0.0867981830175939
2026-06-02 03:00:00+00:00,9256.688152806551,9256.688152806551,0.0,0,False,70953.69,0.0,9893.806445167778,0.0015131307140268113,-0.0867981830175939
2026-06-02 04:00:00+00:00,9256.688152806551,9256.688152806551,0.0,0,False,70810.0,0.0,9873.770263143895,-0.0020251237109726317,-0.0867981830175939
2026-06-02 05:00:00+00:00,9256.688152806551,9256.688152806551,0.0,0,False,70268.96,0.0,9798.327463212088,-0.007640728710633926,-0.0867981830175939
2026-06-02 06:00:00+00:00,9256.688152806551,9256.688152806551,0.0,0,False,70106.31,0.0,9775.647492398639,-0.00231467777522254,-0.0867981830175939
2026-06-02 07:00:00+00:00,9256.688152806551,9256.688152806551,0.0,0,False,70118.42,0.0,9777.336114879738,0.00017273766084668907,-0.0867981830175939
2026-06-02 08:00:00+00:00,9256.688152806551,9256.688152806551,0.0,0,False,69821.99,0.0,9736.0018157821,-0.00422756245791045,-0.0867981830175939
2026-06-02 09:00:00+00:00,9256.688152806551,9256.688152806551,0.0,0,False,69426.01,0.0,9680.786231135868,-0.005671279205877622,-0.0867981830175939
2026-06-02 10:00:00+00:00,9256.688152806551,9256.688152806551,0.0,0,False,69652.19,0.0,9712.324846559082,0.0032578568176393485,-0.0867981830175939
2026-06-02 11:00:00+00:00,9256.688152806551,9256.688152806551,0.0,0,False,69461.72,0.0,9685.765645570225,-0.00273458738339738,-0.0867981830175939
2026-06-02 12:00:00+00:00,9256.688152806551,9256.688152806551,0.0,0,False,69010.42,0.0,9622.836221481017,-0.0064971037284996536,-0.0867981830175939
2026-06-02 13:00:00+00:00,9256.688152806551,9256.688152806551,0.0,0,False,68811.91,0.0,9595.15592018266,-0.002876522125209391,-0.0867981830175939
2026-06-02 14:00:00+00:00,9256.688152806551,9256.688152806551,0.0,0,False,68019.3,0.0,9484.634114671142,-0.0115185002131174,-0.0867981830175939
2026-06-02 15:00:00+00:00,9256.688152806551,9256.688152806551,0.0,0,False,67304.28,0.0,9384.931484907647,-0.01051201644239197,-0.0867981830175939
2026-06-02 16:00:00+00:00,9256.688152806551,9256.688152806551,0.0,0,False,67413.44,0.0,9400.152792094834,0.0016218879393701258,-0.0867981830175939
2026-06-02 17:00:00+00:00,9256.688152806551,9256.688152806551,0.0,0,False,67492.34,0.0,9411.154634684328,0.001170389762041646,-0.0867981830175939
2026-06-02 18:00:00+00:00,9256.688152806551,9256.688152806551,0.0,0,False,67341.99,0.0,9390.18978001601,-0.0022276602055877337,-0.0867981830175939
2026-06-02 19:00:00+00:00,9256.688152806551,9256.688152806551,0.0,0,False,67315.14,0.0,9386.445806967493,-0.00039871111619960153,-0.0867981830175939
2026-06-02 20:00:00+00:00,9256.688152806551,9256.688152806551,0.0,0,False,67587.77,0.0,9424.461426044472,0.004050054712803064,-0.0867981830175939
2026-06-02 21:00:00+00:00,9256.688152806551,9256.688152806551,0.0,0,False,67566.01,0.0,9421.4272043113,-0.0003219517377180958,-0.0867981830175939
2026-06-02 22:00:00+00:00,9256.688152806551,9256.688152806551,0.0,0,False,66385.2,0.0,9256.77465997543,-0.017476390865762248,-0.0867981830175939
2026-06-02 23:00:00+00:00,9256.688152806551,9256.688152806551,0.0,0,False,66760.83,0.0,9309.152633763662,0.00565833950940875,-0.0867981830175939
2026-06-03 00:00:00+00:00,9256.688152806551,9256.688152806551,0.0,0,False,66938.01,0.0,9333.858672673758,0.0026539514263079766,-0.0867981830175939
2026-06-03 01:00:00+00:00,9256.688152806551,9256.688152806551,0.0,0,False,66920.0,0.0,9331.347352204342,-0.00026905490617379346,-0.0867981830175939
2026-06-03 02:00:00+00:00,9256.688152806551,9256.688152806551,0.0,0,False,66620.01,0.0,9289.516645506976,-0.004482815301852905,-0.0867981830175939
2026-06-03 03:00:00+00:00,9256.688152806551,9256.688152806551,0.0,0,False,65849.9,0.0,9182.132247578014,-0.01155974008409788,-0.0867981830175939
2026-06-03 04:00:00+00:00,9256.688152806551,9256.688152806551,0.0,0,False,66465.98,0.0,9268.038650398488,0.009355822863816199,-0.0867981830175939
2026-06-03 05:00:00+00:00,9256.688152806551,9256.688152806551,0.0,0,False,67330.01,0.0,9388.51928477872,0.012999582643632213,-0.0867981830175939
2026-06-03 06:00:00+00:00,9256.688152806551,9256.688152806551,0.0,0,False,66983.27,0.0,9340.169742326489,-0.0051498581390378995,-0.0867981830175939
2026-06-03 07:00:00+00:00,9256.688152806551,9256.688152806551,0.0,0,False,67220.03,0.0,9373.18363651519,0.003534613941660325,-0.0867981830175939
2026-06-03 08:00:00+00:00,9256.688152806551,9256.688152806551,0.0,0,False,67028.0,0.0,9346.406908600607,-0.00285673779080442,-0.0867981830175939
2026-06-03 09:00:00+00:00,9256.688152806551,9256.688152806551,0.0,0,False,67075.17,0.0,9352.984309297013,0.0007037357522230447,-0.0867981830175939
2026-06-03 10:00:00+00:00,9256.688152806551,9256.688152806551,0.0,0,False,67294.52,0.0,9383.570547218504,0.0032702116148197735,-0.0867981830175939
2026-06-03 11:00:00+00:00,9256.688152806551,9256.688152806551,0.0,0,False,67067.37,0.0,9351.896674668395,-0.0033754605872812204,-0.0867981830175939
2026-06-03 12:00:00+00:00,9256.688152806551,9256.688152806551,0.0,0,False,67078.72,0.0,9353.479322493373,0.00016923281768765897,-0.0867981830175939
2026-06-03 13:00:00+00:00,9256.688152806551,9256.688152806551,0.0,0,False,66906.01,0.0,9329.396581889678,-0.002574736071290662,-0.0867981830175939
2026-06-03 14:00:00+00:00,9256.688152806551,9256.688152806551,0.0,0,False,66864.95,0.0,9323.671161652357,-0.0006136967366608959,-0.0867981830175939
2026-06-03 15:00:00+00:00,9256.688152806551,9256.688152806551,0.0,0,False,66076.01,0.0,9213.66110217764,-0.011799006804013024,-0.0867981830175939
2026-06-03 16:00:00+00:00,9256.688152806551,9256.688152806551,0.0,0,False,66061.83,0.0,9211.683838198946,-0.00021460133564366046,-0.0867981830175939
2026-06-03 17:00:00+00:00,9256.688152806551,9256.688152806551,0.0,0,False,65964.08,0.0,9198.053545256957,-0.0014796744201605039,-0.0867981830175939
2026-06-03 18:00:00+00:00,9256.688152806551,9256.688152806551,0.0,0,False,66036.57,0.0,9208.161575286264,0.001098931418432425,-0.0867981830175939
2026-06-03 19:00:00+00:00,9256.688152806551,9256.688152806551,0.0,0,False,65462.0,0.0,9128.043340854761,-0.008700785034716496,-0.0867981830175939
2026-06-03 20:00:00+00:00,9256.688152806551,9256.688152806551,0.0,0,False,65007.27,0.0,9064.635636409635,-0.0069464727628241185,-0.0867981830175939
2026-06-03 21:00:00+00:00,9256.688152806551,9256.688152806551,0.0,0,False,65768.88,0.0,9170.834791474077,0.0117157665596479,-0.0867981830175939
2026-06-03 22:00:00+00:00,9256.688152806551,9256.688152806551,0.0,0,False,64912.98,0.0,9051.487807033674,-0.013013753617212354,-0.0867981830175939
2026-06-03 23:00:00+00:00,9256.688152806551,9256.688152806551,0.0,0,False,64142.75,0.0,8944.086676264273,-0.011865577577858888,-0.0867981830175939
2026-06-04 00:00:00+00:00,9256.688152806551,9256.688152806551,0.0,0,False,63344.97,0.0,8832.843964210453,-0.012437570886811078,-0.0867981830175939
2026-06-04 01:00:00+00:00,9256.688152806551,9256.688152806551,0.0,0,False,62178.1,0.0,8670.135218172396,-0.018420878563838783,-0.0867981830175939
2026-06-04 02:00:00+00:00,9256.688152806551,9256.688152806551,0.0,0,False,63231.99,0.0,8817.089994935915,0.016949536894823147,-0.0867981830175939
2026-06-04 03:00:00+00:00,9256.688152806551,9256.688152806551,0.0,0,False,64363.49,0.0,8974.866736254195,0.017894423376521917,-0.0867981830175939
2026-06-04 04:00:00+00:00,9256.688152806551,9256.688152806551,0.0,0,False,64399.99,0.0,8979.956308554783,0.0005670916850530894,-0.0867981830175939
2026-06-04 05:00:00+00:00,9256.688152806551,9256.688152806551,0.0,0,False,63955.47,0.0,8917.972289950452,-0.00690248554386419,-0.0867981830175939
2026-06-04 06:00:00+00:00,9256.688152806551,9256.688152806551,0.0,0,False,64027.99,0.0,8928.08450318987,0.0011339139560697653,-0.0867981830175939
2026-06-04 07:00:00+00:00,9256.688152806551,9256.688152806551,0.0,0,False,63603.15,0.0,8868.844670417748,-0.006635223126635559,-0.0867981830175939
2026-06-04 08:00:00+00:00,9256.688152806551,9256.688152806551,0.0,0,False,63629.99,0.0,8872.587249062894,0.00042199167808520954,-0.0867981830175939
2026-06-04 09:00:00+00:00,9256.688152806551,9256.688152806551,0.0,0,False,63266.0,0.0,8821.832360797369,-0.005720415797645151,-0.0867981830175939
2026-06-04 10:00:00+00:00,9256.688152806551,9256.688152806551,0.0,0,False,62420.0,0.0,8703.865835693292,-0.013372111402649045,-0.0867981830175939
2026-06-04 11:00:00+00:00,9256.688152806551,9256.688152806551,0.0,0,False,62545.99,0.0,8721.43392375223,0.0020184235821851804,-0.0867981830175939
2026-06-04 12:00:00+00:00,9256.688152806551,9256.688152806551,0.0,0,False,63766.82,0.0,8891.66687037494,0.019518917199967678,-0.0867981830175939
2026-06-04 13:00:00+00:00,9256.688152806551,9256.688152806551,0.0,0,False,64230.0,0.0,8956.252845667737,0.007263652162676326,-0.0867981830175939
2026-06-04 14:00:00+00:00,9256.688152806551,9256.688152806551,0.0,0,False,63958.97,0.0,8918.460331129962,-0.0042196792775961445,-0.0867981830175939
2026-06-04 15:00:00+00:00,9256.688152806551,9256.688152806551,0.0,0,False,63896.17,0.0,8909.703477966206,-0.0009818794767959549,-0.0867981830175939
2026-06-04 16:00:00+00:00,9256.688152806551,9256.688152806551,0.0,0,False,63563.51,0.0,8863.31725545897,-0.005206258841492395,-0.0867981830175939
2026-06-04 17:00:00+00:00,9256.688152806551,9256.688152806551,0.0,0,False,63540.97,0.0,8860.174270262934,-0.00035460596810965583,-0.0867981830175939
2026-06-04 18:00:00+00:00,9256.688152806551,9256.688152806551,0.0,0,False,63819.62,0.0,8899.029320168669,0.004385359556204449,-0.0867981830175939
2026-06-04 19:00:00+00:00,9256.688152806551,9256.688152806551,0.0,0,False,63629.38,0.0,8872.50219045732,-0.002980901484528009,-0.0867981830175939
2026-06-04 20:00:00+00:00,9256.688152806551,9256.688152806551,0.0,0,False,63638.4,0.0,8873.759942297085,0.0001417584141165662,-0.0867981830175939
2026-06-04 21:00:00+00:00,9256.688152806551,9256.688152806551,0.0,0,False,63286.21,0.0,8824.650450008188,-0.005534237190124469,-0.0867981830175939
2026-06-04 22:00:00+00:00,9256.688152806551,9256.688152806551,0.0,0,False,63735.43,0.0,8887.289838196431,0.007098228824257369,-0.0867981830175939
2026-06-04 23:00:00+00:00,9256.688152806551,9256.688152806551,0.0,0,False,63885.99,0.0,8908.283975335522,0.0023622653836337104,-0.0867981830175939
2026-06-05 00:00:00+00:00,9256.688152806551,9256.688152806551,0.0,0,False,63426.72,0.0,8844.243211760404,-0.0071889001015715825,-0.0867981830175939
2026-06-05 01:00:00+00:00,9256.688152806551,9256.688152806551,0.0,0,False,63374.67,0.0,8836.985342219426,-0.0008206320616925833,-0.0867981830175939
2026-06-05 02:00:00+00:00,9256.688152806551,9256.688152806551,0.0,0,False,62617.72,0.0,8731.435979125417,-0.011944046414758436,-0.0867981830175939
2026-06-05 03:00:00+00:00,9256.688152806551,9256.688152806551,0.0,0,False,62730.0,0.0,8747.092340164054,0.0017931026552868712,-0.0867981830175939
2026-06-05 04:00:00+00:00,9256.688152806551,9256.688152806551,0.0,0,False,63615.23,0.0,8870.529109688738,0.01411174876454635,-0.0867981830175939
2026-06-05 05:00:00+00:00,9256.688152806551,9256.688152806551,0.0,0,False,62329.35,0.0,8691.225569144019,-0.020213398583955544,-0.0867981830175939
2026-06-05 06:00:00+00:00,9256.688152806551,9256.688152806551,0.0,0,False,61946.57,0.0,8637.85059694622,-0.006141248063712967,-0.0867981830175939
2026-06-05 07:00:00+00:00,9256.688152806551,9256.688152806551,0.0,0,False,63115.99,0.0,8800.91491584363,0.01887788137422275,-0.0867981830175939
2026-06-05 08:00:00+00:00,9256.688152806551,9256.688152806551,0.0,0,False,62454.64,0.0,8708.696048967056,-0.010478327282832711,-0.0867981830175939
2026-06-05 09:00:00+00:00,9256.688152806551,9256.688152806551,0.0,0,False,62860.09,0.0,8765.2321336047,0.006491911569740605,-0.0867981830175939
2026-06-05 10:00:00+00:00,9256.688152806551,9256.688152806551,0.0,0,False,62536.87,0.0,8720.162227878769,-0.005141895278864328,-0.0867981830175939
2026-06-05 11:00:00+00:00,9256.688152806551,9256.688152806551,0.0,0,False,61964.99,0.0,8640.419087953804,-0.00914468536720825,-0.0867981830175939
2026-06-05 12:00:00+00:00,9256.688152806551,9256.688152806551,0.0,0,False,61959.73,0.0,8639.68563178117,-8.488664324801665e-05,-0.0867981830175939
2026-06-05 13:00:00+00:00,9256.688152806551,9256.688152806551,0.0,0,False,60732.36,0.0,8468.540745354469,-0.01980915668935268,-0.0867981830175939
2026-06-05 14:00:00+00:00,9256.688152806551,9256.688152806551,0.0,0,False,60868.97,0.0,8487.589689792372,0.0022493774323932847,-0.0867981830175939
2026-06-05 15:00:00+00:00,9256.688152806551,9256.688152806551,0.0,0,False,60438.01,0.0,8427.496482157794,-0.007080126376378559,-0.0867981830175939
2026-06-05 16:00:00+00:00,9256.688152806551,9256.688152806551,0.0,0,False,61394.39,0.0,8560.854431660202,0.01582414775072838,-0.0867981830175939
2026-06-05 17:00:00+00:00,9256.688152806551,9256.688152806551,0.0,0,False,60813.99,0.0,8479.923260063977,-0.009453632489874075,-0.0867981830175939
2026-06-05 18:00:00+00:00,9256.688152806551,9256.688152806551,0.0,0,False,59395.99,0.0,8282.196862194496,-0.023317003209294307,-0.0867981830175939
2026-06-05 19:00:00+00:00,9256.688152806551,9256.688152806551,0.0,0,False,60300.24,0.0,8408.285786928966,0.015224091727404243,-0.0867981830175939
2026-06-05 20:00:00+00:00,9256.688152806551,9256.688152806551,0.0,0,False,61620.01,0.0,8592.314960494698,0.021886645890630163,-0.0867981830175939
2026-06-05 21:00:00+00:00,9256.688152806551,9256.688152806551,0.0,0,False,61670.38,0.0,8599.33857026951,0.0008174292733804656,-0.0867981830175939
2026-06-05 22:00:00+00:00,9256.688152806551,9256.688152806551,0.0,0,False,61584.49,0.0,8587.36203972437,-0.0013927269460638492,-0.0867981830175939
2026-06-05 23:00:00+00:00,9256.688152806551,9256.688152806551,0.0,0,False,61056.47,0.0,8513.734752980334,-0.00857391203531932,-0.0867981830175939
2026-06-06 00:00:00+00:00,9256.688152806551,9256.688152806551,0.0,0,False,61273.29,0.0,8543.968206849206,0.0035511388064195515,-0.0867981830175939
2026-06-06 01:00:00+00:00,9256.688152806551,9256.688152806551,0.0,0,False,61058.95,0.0,8514.080565016098,-0.003498098437345387,-0.0867981830175939
2026-06-06 02:00:00+00:00,9256.688152806551,9256.688152806551,0.0,0,False,60951.64,0.0,8499.117222452365,-0.0017574819088764793,-0.0867981830175939
2026-06-06 03:00:00+00:00,9256.688152806551,9256.688152806551,0.0,0,False,60687.04,0.0,8462.221309281516,-0.0043411465220623,-0.0867981830175939
2026-06-06 04:00:00+00:00,9256.688152806551,9256.688152806551,0.0,0,False,60101.27,0.0,8380.541343075587,-0.009652307972179974,-0.0867981830175939
2026-06-06 05:00:00+00:00,9256.688152806551,9256.688152806551,0.0,0,False,60942.38,0.0,8497.826004931721,0.013994878976766989,-0.0867981830175939
2026-06-06 06:00:00+00:00,9256.688152806551,9256.688152806551,0.0,0,False,60786.96,0.0,8476.1541877548,-0.002550277819802771,-0.0867981830175939
2026-06-06 07:00:00+00:00,9256.688152806551,9256.688152806551,0.0,0,False,61004.95,0.0,8506.550786817967,0.0035861309728271173,-0.0867981830175939
2026-06-06 08:00:00+00:00,9256.688152806551,9256.688152806551,0.0,0,False,61264.0,0.0,8542.672806118453,0.004246376728445744,-0.0867981830175939
2026-06-06 09:00:00+00:00,9256.688152806551,9256.688152806551,0.0,0,False,60981.24,0.0,8503.244656427638,-0.0046154348393837585,-0.0867981830175939
2026-06-06 10:00:00+00:00,9256.688152806551,9256.688152806551,0.0,0,False,60593.0,0.0,8449.108339989805,-0.006366548138410977,-0.0867981830175939
2026-06-06 11:00:00+00:00,9256.688152806551,9256.688152806551,0.0,0,False,60802.91,0.0,8478.378261129992,0.0034642615483637673,-0.0867981830175939
2026-06-06 12:00:00+00:00,9256.688152806551,9256.688152806551,0.0,0,False,61030.63,0.0,8510.13161467219,0.003745215483929698,-0.0867981830175939
2026-06-06 13:00:00+00:00,9256.688152806551,9256.688152806551,0.0,0,False,60801.2,0.0,8478.139818153715,-0.0037592598994964366,-0.0867981830175939
2026-06-06 14:00:00+00:00,9256.688152806551,9256.688152806551,0.0,0,False,60791.05,0.0,8476.724498733141,-0.0001669374946545732,-0.0867981830175939
2026-06-06 15:00:00+00:00,9251.027012392009,5456.5524262344225,0.06242554925897582,1,False,60784.0,-0.0006115729860496355,8475.741444357274,-0.00011597101876015259,-0.08735667257967172
2026-06-06 16:00:00+00:00,9250.402756899419,5456.5524262344225,0.06242554925897582,1,False,60774.0,-6.747958813158039e-05,8474.34704098725,-0.0001645169781521183,-0.08741825737551712
2026-06-06 17:00:00+00:00,9245.230011465104,9245.230011465104,0.0,0,False,60576.2,-0.0005591913747168276,8446.765742328163,-0.003254681278178184,-0.0879285652147167
2026-06-06 18:00:00+00:00,9245.230011465104,9245.230011465104,0.0,0,False,60637.21,0.0,8455.272997288683,0.0010071612283371056,-0.0879285652147167
2026-06-06 19:00:00+00:00,9245.230011465104,9245.230011465104,0.0,0,False,60600.01,0.0,8450.085816752193,-0.0006134846903409485,-0.0879285652147167
2026-06-06 20:00:00+00:00,9245.230011465104,9245.230011465104,0.0,0,False,60711.69,0.0,8465.658513588625,0.0018429039863192553,-0.0879285652147167
2026-06-06 21:00:00+00:00,9245.230011465104,9245.230011465104,0.0,0,False,60751.21,0.0,8471.169195706963,0.0006509454768925949,-0.0879285652147167
2026-06-06 22:00:00+00:00,9245.230011465104,9245.230011465104,0.0,0,False,60543.53,0.0,8442.210226518293,-0.003418532733751367,-0.0879285652147167
2026-06-06 23:00:00+00:00,9245.230011465104,9245.230011465104,0.0,0,False,60884.62,0.0,8489.771931066462,0.005633797698944898,-0.0879285652147167
2026-06-07 00:00:00+00:00,9245.230011465104,9245.230011465104,0.0,0,False,60782.01,0.0,8475.463958086639,-0.0016853188867731461,-0.0879285652147167
2026-06-07 01:00:00+00:00,9245.230011465104,9245.230011465104,0.0,0,False,61479.75,0.0,8572.757058826732,0.01147938345572963,-0.0879285652147167
2026-06-07 02:00:00+00:00,9245.230011465104,9245.230011465104,0.0,0,False,61506.74,0.0,8576.520553522429,0.0004390063394859034,-0.0879285652147167
2026-06-07 03:00:00+00:00,9245.230011465104,9245.230011465104,0.0,0,False,61701.07,0.0,8603.617994212116,0.0031594911386947366,-0.0879285652147167
2026-06-07 04:00:00+00:00,9245.230011465104,9245.230011465104,0.0,0,False,61890.92,0.0,8630.090742192031,0.003076932053204029,-0.0879285652147167
2026-06-07 05:00:00+00:00,9245.230011465104,9245.230011465104,0.0,0,False,61748.1,0.0,8610.17587326134,-0.002307608288905749,-0.0879285652147167
2026-06-07 06:00:00+00:00,9245.230011465104,9245.230011465104,0.0,0,False,62101.0,0.0,8659.384368189509,0.005715155608027045,-0.0879285652147167
2026-06-07 07:00:00+00:00,9264.35924988996,3864.9365208954086,0.08652265187261526,1,False,62404.73,0.0020690927538993265,8701.736581747264,0.004890903528123491,-0.08604140481796396
2026-06-07 08:00:00+00:00,9303.318669575161,3864.9365208954086,0.08652265187261526,1,False,62855.01,0.00420530105043837,8764.52377669273,0.007215478698489708,-0.08219793377758766
2026-06-07 09:00:00+00:00,9275.197942490042,3864.9365208954086,0.08652265187261526,1,False,62530.0,-0.0030226554720825805,8719.204272763562,-0.005170789090638839,-0.08497213321534347
2026-06-07 10:00:00+00:00,9261.399309969396,3864.9365208954086,0.08652265187261526,1,False,62370.52,-0.0014876914332397906,8696.96632781841,-0.002550455781224925,-0.08633341233393477
2026-06-07 11:00:00+00:00,9283.154565556248,3864.9365208954086,0.08652265187261526,1,False,62621.96,0.0023490246839301676,8732.027206154307,0.004031391753668068,-0.08418718696662497
2026-06-07 12:00:00+00:00,9220.746641987047,3864.9365208954086,0.08652265187261526,1,False,61900.67,-0.006722706503321185,8631.450285477806,-0.011518163915661628,-0.09034392772062927
2026-06-07 13:00:00+00:00,9203.395389380514,3864.9365208954086,0.08652265187261526,1,False,61700.13,-0.001881762212999516,8603.486920295332,-0.003239706452288882,-0.09205568414427012
2026-06-07 14:00:00+00:00,9221.163681169073,3864.9365208954086,0.08652265187261526,1,False,61905.49,0.0019306235402059002,8632.122387902158,0.003328356034258073,-0.09030278547488302
2026-06-07 15:00:00+00:00,9237.473201047062,3864.9365208954086,0.08652265187261526,1,False,62093.99,0.001768705170183127,8658.406891427121,0.0030449641865366583,-0.08869379930825128
2026-06-07 16:00:00+00:00,9236.577691600181,3864.9365208954086,0.08652265187261526,1,False,62083.64,-9.694311716956783e-05,8656.963683939144,-0.0001666827981260388,-0.08878214417204233
2026-06-07 17:00:00+00:00,9243.185426523693,3864.9365208954086,0.08652265187261526,1,False,62160.01,0.0007153877923335994,8667.612742476023,0.001230114729097842,-0.08813027004182661
2026-06-07 18:00:00+00:00,9231.948729724994,3864.9365208954086,0.08652265187261526,1,False,62030.14,-0.0012156736319985928,8649.503625909514,-0.002089285378171657,-0.08923880602835443
2026-06-07 19:00:00+00:00,9171.197714939157,3864.9365208954086,0.08652265187261526,1,False,61328.0,-0.006580519082632241,8551.59698768661,-0.011319336051796802,-0.09523208744500578
2026-06-07 20:00:00+00:00,9218.786038695614,3864.9365208954086,0.08652265187261526,1,False,61878.01,0.005188888652889911,8628.29056744133,0.00896833420297427,-0.09053734749005027
2026-06-07 21:00:00+00:00,9210.168382569103,3864.9365208954086,0.08652265187261526,1,False,61778.41,-0.0009347929424046164,8614.402309875888,-0.0016096186674391388,-0.0913875067589972
2026-06-07 22:00:00+00:00,9304.258305574496,3864.9365208954086,0.08652265187261526,1,False,62865.87,0.010215874357244692,8766.038098752577,0.01760258964256267,-0.08210523568862427
2026-06-07 23:00:00+00:00,9344.589974518398,3864.9365208954086,0.08652265187261526,1,False,63332.01,0.004334753788997725,8831.036817442902,0.007414834154048977,-0.07812638788112447
2026-06-08 00:00:00+00:00,9370.495721715577,3864.9365208954086,0.08652265187261526,1,False,63631.42,0.0027722722203777916,8872.786648744806,0.004727625098271737,-0.07557070327554793
2026-06-08 01:00:00+00:00,9334.155342702561,3864.9365208954086,0.08652265187261526,1,False,63211.41,-0.0038781703863115524,8814.220312800406,-0.006600669920614588,-0.07915579759834346
2026-06-08 02:00:00+00:00,9327.105477027979,3864.9365208954086,0.08652265187261526,1,False,63129.93,-0.0007552762318332462,8802.858714141445,-0.001289007791473229,-0.07985128933763885
2026-06-08 03:00:00+00:00,9327.121916331835,3864.9365208954086,0.08652265187261526,1,False,63130.12,1.7625300685608636e-06,8802.885207805477,3.009665938469297e-06,-0.07984966754786871
2026-06-08 04:00:00+00:00,9288.575209696066,3864.9365208954086,0.08652265187261526,1,False,62684.61,-0.004132754667683036,8740.763143267512,-0.007057011771877009,-0.08365242312928034
2026-06-08 05:00:00+00:00,9281.18187356188,9281.18187356188,0.0,0,False,62764.0,-0.0007959601948928086,8751.833311622137,0.0012664990657196284,-0.08438179932515588
2026-06-08 06:00:00+00:00,9281.18187356188,9281.18187356188,0.0,0,False,62988.03,0.0,8783.072130320797,0.0035694028423938207,-0.08438179932515588
2026-06-08 07:00:00+00:00,9281.18187356188,9281.18187356188,0.0,0,False,63283.99,0.0,8824.340892460043,0.004698670525177473,-0.08438179932515588
2026-06-08 08:00:00+00:00,9281.18187356188,9281.18187356188,0.0,0,False,63132.83,0.0,8803.263091118753,-0.002388597811231352,-0.08438179932515588
2026-06-08 09:00:00+00:00,9281.18187356188,9281.18187356188,0.0,0,False,63502.0,0.0,8854.740280329948,0.00584751230065228,-0.08438179932515588
2026-06-08 10:00:00+00:00,9247.372657593907,4104.859126139309,0.08140456389041713,1,False,63172.3,-0.0036427705467426685,8808.76680122024,-0.005191962457875232,-0.08771718633863568
2026-06-08 11:00:00+00:00,9272.389094123071,4104.859126139309,0.08140456389041713,1,False,63479.61,0.0027052480153506586,8851.618211184465,0.004864632125156199,-0.08524923506753979
2026-06-08 12:00:00+00:00,9304.331430948032,4104.859126139309,0.08140456389041713,1,False,63872.0,0.003444887450334333,8906.333205020857,0.006181354926408478,-0.08209802163724023
2026-06-08 13:00:00+00:00,9295.051310664525,4104.859126139309,0.08140456389041713,1,False,63758.0,-0.0009973978627458857,8890.437006602577,-0.0017848196392786786,-0.08301353510866949
2026-06-08 14:00:00+00:00,9311.827163191061,4104.859126139309,0.08140456389041713,1,False,63964.08,0.0018048154836207697,8919.172871252043,0.0032322218388280977,-0.081358543738563
2026-06-08 15:00:00+00:00,9296.39285787744,4104.859126139309,0.08140456389041713,1,False,63774.48,-0.0016574948227811026,8892.734983356379,-0.002964163636841155,-0.08288118719630844
2026-06-08 16:00:00+00:00,9276.65469327093,4104.859126139309,0.08140456389041713,1,False,63532.01,-0.002123206808088418,8858.924884843393,-0.00380199101584211,-0.08482842010347924
2026-06-08 17:00:00+00:00,9278.119161375318,4104.859126139309,0.08140456389041713,1,False,63550.0,0.0001578659713883379,8861.433416506066,0.0002831643450285082,-0.08468394565303172
2026-06-08 18:00:00+00:00,9271.348743796552,4104.859126139309,0.08140456389041713,1,False,63466.83,-0.0007297187566798202,8849.836163677573,-0.0013087332808809915,-0.08535186894617885
2026-06-08 19:00:00+00:00,9263.629963048463,4104.859126139309,0.08140456389041713,1,False,63372.01,-0.0008325413013132721,8836.614430923,-0.0014940087601665875,-0.08611335129145015
2026-06-08 20:00:00+00:00,9272.867752958748,4104.859126139309,0.08140456389041713,1,False,63485.49,0.000997210591002995,8852.438120366038,0.0017906959239575304,-0.08520201384638171
2026-06-08 21:00:00+00:00,9265.932046345042,9265.932046345042,0.0,0,False,63728.96,-0.0007479570288805304,8886.387659216027,0.0038350495522678774,-0.08588624343013118
2026-06-08 22:00:00+00:00,9265.932046345042,9265.932046345042,0.0,0,False,63440.01,0.0,8846.096373839167,-0.0045340454324062085,-0.08588624343013118
2026-06-08 23:00:00+00:00,9265.932046345042,9265.932046345042,0.0,0,False,63085.99,0.0,8796.731705733557,-0.005580390040922256,-0.08588624343013118
2026-06-09 00:00:00+00:00,9265.932046345042,9265.932046345042,0.0,0,False,62562.0,0.0,8723.66636354764,-0.008305964604819582,-0.08588624343013118
2026-06-09 01:00:00+00:00,9265.932046345042,9265.932046345042,0.0,0,False,62764.01,0.0,8751.834706025507,0.003228956874780309,-0.08588624343013118
2026-06-09 02:00:00+00:00,9265.932046345042,9265.932046345042,0.0,0,False,62868.0,0.0,8766.335106670393,0.0016568412375181918,-0.08588624343013118
2026-06-09 03:00:00+00:00,9265.932046345042,9265.932046345042,0.0,0,False,62875.17,0.0,8767.334893886698,0.00011404848253460109,-0.08588624343013118
2026-06-09 04:00:00+00:00,9265.932046345042,9265.932046345042,0.0,0,False,63242.36,0.0,8818.535991230632,0.005839984209983218,-0.08588624343013118
2026-06-09 05:00:00+00:00,9265.932046345042,9265.932046345042,0.0,0,False,63338.68,0.0,8831.966884490708,0.0015230298173565249,-0.08588624343013118
2026-06-09 06:00:00+00:00,9265.932046345042,9265.932046345042,0.0,0,False,63300.0,0.0,8826.573332255453,-0.000610685287410484,-0.08588624343013118
2026-06-09 07:00:00+00:00,9265.932046345042,9265.932046345042,0.0,0,False,63198.44,0.0,8812.411771629482,-0.0016044233807268604,-0.08588624343013118
2026-06-09 08:00:00+00:00,9265.932046345042,9265.932046345042,0.0,0,False,62849.75,0.0,8763.790320520096,-0.00551738302401128,-0.08588624343013118
2026-06-09 09:00:00+00:00,9265.932046345042,9265.932046345042,0.0,0,False,62715.37,0.0,8745.052328033707,-0.002138115107856331,-0.08588624343013118
2026-06-09 10:00:00+00:00,9265.932046345042,9265.932046345042,0.0,0,False,62786.01,0.0,8754.902393439561,0.001126358658172677,-0.08588624343013118
2026-06-09 11:00:00+00:00,9265.932046345042,9265.932046345042,0.0,0,False,62711.12,0.0,8744.459706601447,-0.001192781640368623,-0.08588624343013118
2026-06-09 12:00:00+00:00,9265.932046345042,9265.932046345042,0.0,0,False,62645.15,0.0,8735.260827569396,-0.0010519665411810042,-0.08588624343013118
2026-06-09 13:00:00+00:00,9265.932046345042,9265.932046345042,0.0,0,False,62273.61,0.0,8683.453164759503,-0.005930866156438341,-0.08588624343013118
2026-06-09 14:00:00+00:00,9265.932046345042,9265.932046345042,0.0,0,False,61541.95,0.0,8581.430247788285,-0.011749118125639613,-0.08588624343013118
2026-06-09 15:00:00+00:00,9265.932046345042,9265.932046345042,0.0,0,False,61131.84,0.0,8524.244371180208,-0.006663909739616614,-0.08588624343013118
2026-06-09 16:00:00+00:00,9265.932046345042,9265.932046345042,0.0,0,False,61390.51,0.0,8560.313403152633,0.004231346545433556,-0.08588624343013118
2026-06-09 17:00:00+00:00,9265.932046345042,9265.932046345042,0.0,0,False,61692.01,0.0,8602.354664758874,0.004911182526419866,-0.08588624343013118
2026-06-09 18:00:00+00:00,9265.932046345042,9265.932046345042,0.0,0,False,61792.01,0.0,8616.298698459119,0.0016209554527402137,-0.08588624343013118
2026-06-09 19:00:00+00:00,9265.932046345042,9265.932046345042,0.0,0,False,62098.09,0.0,8658.97859680883,0.004953391223234238,-0.08588624343013118
2026-06-09 20:00:00+00:00,9265.932046345042,9265.932046345042,0.0,0,False,62160.0,0.0,8667.611348072653,0.000996971082363407,-0.08588624343013118
2026-06-09 21:00:00+00:00,9265.932046345042,9265.932046345042,0.0,0,False,61761.2,0.0,8612.002541676073,-0.006415701415701469,-0.08588624343013118
2026-06-09 22:00:00+00:00,9265.932046345042,9265.932046345042,0.0,0,False,61717.5,0.0,8605.908998949066,-0.0007075639722026184,-0.08588624343013118
2026-06-09 23:00:00+00:00,9265.932046345042,9265.932046345042,0.0,0,False,61730.0,0.0,8607.652003161596,0.00020253574755946246,-0.08588624343013118
2026-06-10 00:00:00+00:00,9265.932046345042,9265.932046345042,0.0,0,False,61923.16,0.0,8634.586298656992,0.0031291106431234894,-0.08588624343013118
2026-06-10 01:00:00+00:00,9265.932046345042,9265.932046345042,0.0,0,False,61714.0,0.0,8605.420957769558,-0.0033777345988156293,-0.08588624343013118
2026-06-10 02:00:00+00:00,9265.932046345042,9265.932046345042,0.0,0,False,61302.36,0.0,8548.021737445868,-0.006670123472793832,-0.08588624343013118
2026-06-10 03:00:00+00:00,9265.932046345042,9265.932046345042,0.0,0,False,61549.64,0.0,8582.502543979834,0.004033776187409188,-0.08588624343013118
2026-06-10 04:00:00+00:00,9265.932046345042,9265.932046345042,0.0,0,False,61295.99,0.0,8547.13350249916,-0.004121063908741007,-0.08588624343013118
2026-06-10 05:00:00+00:00,9265.932046345042,9265.932046345042,0.0,0,False,61361.17,0.0,8556.222223664981,0.001063364830228064,-0.08588624343013118
2026-06-10 06:00:00+00:00,9265.932046345042,9265.932046345042,0.0,0,False,61472.89,0.0,8571.800498114895,0.0018206954006907416,-0.08588624343013118
2026-06-10 07:00:00+00:00,9265.932046345042,9265.932046345042,0.0,0,False,61687.56,0.0,8601.734155259213,0.0034921084725316742,-0.08588624343013118
2026-06-10 08:00:00+00:00,9265.932046345042,9265.932046345042,0.0,0,False,61261.55,0.0,8542.331177292797,-0.006905930466369559,-0.08588624343013118
2026-06-10 09:00:00+00:00,9265.932046345042,9265.932046345042,0.0,0,False,61334.94,0.0,8552.564703625407,0.001197978177176262,-0.08588624343013118
2026-06-10 10:00:00+00:00,9265.932046345042,9265.932046345042,0.0,0,False,61386.09,0.0,8559.697076863082,0.0008339455455568245,-0.08588624343013118
2026-06-10 11:00:00+00:00,9265.932046345042,9265.932046345042,0.0,0,False,61034.04,0.0,8510.607106221369,-0.005735012606275958,-0.08588624343013118
2026-06-10 12:00:00+00:00,9265.932046345042,9265.932046345042,0.0,0,False,61564.01,0.0,8584.50630162256,0.008683187283686111,-0.08588624343013118
2026-06-10 13:00:00+00:00,9265.932046345042,9265.932046345042,0.0,0,False,62146.42,0.0,8665.71774829616,0.00946023496520132,-0.08588624343013118
2026-06-10 14:00:00+00:00,9265.932046345042,9265.932046345042,0.0,0,False,62195.99,0.0,8672.62980580137,0.0007976324299934223,-0.08588624343013118
2026-06-10 15:00:00+00:00,9265.932046345042,9265.932046345042,0.0,0,False,62639.23,0.0,8734.43534077434,0.0071265044579240655,-0.08588624343013118
2026-06-10 16:00:00+00:00,9265.932046345042,9265.932046345042,0.0,0,False,62219.33,0.0,8675.88434326701,-0.006703466821032067,-0.08588624343013118
2026-06-10 17:00:00+00:00,9265.932046345042,9265.932046345042,0.0,0,False,61969.99,0.0,8641.116289638816,-0.0040074362742255065,-0.08588624343013118
2026-06-10 18:00:00+00:00,9265.932046345042,9265.932046345042,0.0,0,False,61882.0,0.0,8628.84693438597,-0.0014198808165047927,-0.08588624343013118
2026-06-10 19:00:00+00:00,9265.932046345042,9265.932046345042,0.0,0,False,61942.44,0.0,8637.274708354398,0.0009766975857274929,-0.08588624343013118
2026-06-10 20:00:00+00:00,9265.932046345042,9265.932046345042,0.0,0,False,61805.51,0.0,8618.181143008653,-0.002210600680244368,-0.08588624343013118
2026-06-10 21:00:00+00:00,9265.932046345042,9265.932046345042,0.0,0,False,61356.18,0.0,8555.526416383338,-0.007270063785575265,-0.08588624343013118
2026-06-10 22:00:00+00:00,9265.932046345042,9265.932046345042,0.0,0,False,61381.46,0.0,8559.051468102762,0.0004120204354314261,-0.08588624343013118
2026-06-10 23:00:00+00:00,9265.932046345042,9265.932046345042,0.0,0,False,61510.99,0.0,8577.11317495469,0.002110246318676623,-0.08588624343013118
2026-06-11 00:00:00+00:00,9265.932046345042,9265.932046345042,0.0,0,False,61812.0,0.0,8619.086110795799,0.004893597062898936,-0.08588624343013118
2026-06-11 01:00:00+00:00,9265.932046345042,9265.932046345042,0.0,0,False,62206.01,0.0,8674.026997978137,0.006374328609331625,-0.08588624343013118
2026-06-11 02:00:00+00:00,9265.932046345042,9265.932046345042,0.0,0,False,62148.0,0.0,8665.938064028624,-0.0009325465497627139,-0.08588624343013118
2026-06-11 03:00:00+00:00,9265.932046345042,9265.932046345042,0.0,0,False,62689.48,0.0,8741.442217708713,0.008712750209177944,-0.08588624343013118
2026-06-11 04:00:00+00:00,9265.932046345042,9265.932046345042,0.0,0,False,62726.86,0.0,8746.654497505866,0.0005962722932142395,-0.08588624343013118
2026-06-11 05:00:00+00:00,9248.239183626254,3754.4905044108664,0.08774554670524495,1,False,62610.0,-0.0019094531052348263,8730.359499723758,-0.0018629977652317997,-0.08763170078115134
2026-06-11 06:00:00+00:00,9262.453962192503,3754.4905044108664,0.08774554670524495,1,False,62772.0,0.001537025403864467,8752.948834318157,0.002587446094873158,-0.08622936752757127
2026-06-11 07:00:00+00:00,9257.83766898034,3754.4905044108664,0.08774554670524495,1,False,62719.39,-0.0004983877092404887,8745.612878188456,-0.0008381125342510343,-0.08668477957986043
2026-06-11 08:00:00+00:00,9278.77375642421,3754.4905044108664,0.08774554670524495,1,False,62957.99,0.00226144464749245,8778.883342597243,0.003804246182879112,-0.08461936776316781
2026-06-11 09:00:00+00:00,9276.097517249702,3754.4905044108664,0.08774554670524495,1,False,62927.49,-0.000288425954200644,8774.630412318667,-0.0004844500277090269,-0.08488338729547762
2026-06-11 10:00:00+00:00,9295.446287753675,3754.4905044108664,0.08774554670524495,1,False,63148.0,0.0020858739861231435,8805.37840103108,0.003504191888155761,-0.08297456935876801
2026-06-11 11:00:00+00:00,9291.936465885465,3754.4905044108664,0.08774554670524495,1,False,63108.0,-0.0003775850840894712,8799.800787550981,-0.000633432571102821,-0.08332082448310885
2026-06-11 12:00:00+00:00,9283.338279763819,3754.4905044108664,0.08774554670524495,1,False,63010.01,-0.000925338453745761,8786.137028928111,-0.0015527349939784552,-0.08416906297396254
2026-06-11 13:00:00+00:00,9289.266368899225,3754.4905044108664,0.08774554670524495,1,False,63077.57,0.0006385729957001374,8795.557618095998,0.001072210590031819,-0.08358423806895099
2026-06-11 14:00:00+00:00,9259.121386328638,3754.4905044108664,0.08774554670524495,1,False,62734.02,-0.003245141367838711,8747.652890318803,-0.005446468530731496,-0.08655813676813284
2026-06-11 15:00:00+00:00,9260.474422658834,3754.4905044108664,0.08774554670524495,1,False,62749.44,0.00014613009957886725,8749.80306031538,0.0002457996474638513,-0.08642465541769939
2026-06-11 16:00:00+00:00,9245.821793814524,3754.4905044108664,0.08774554670524495,1,False,62582.45,-0.0015822762609717378,8726.51791843934,-0.0026612189686473497,-0.08787018399804103
2026-06-11 17:00:00+00:00,9338.98475057335,3754.4905044108664,0.08774554670524495,1,False,63644.19,0.010076222410121849,8874.567301848328,0.016965459166268015,-0.07867936110510187
2026-06-11 18:00:00+00:00,9322.921173338022,3754.4905044108664,0.08774554670524495,1,False,63461.12,-0.001720056051525587,8849.03995935329,-0.002876460522162283,-0.08026408424542841
2026-06-11 19:00:00+00:00,9335.605669569732,3754.4905044108664,0.08774554670524495,1,False,63605.68,0.001360571005146527,8869.197454470363,0.002277930172048359,-0.07901271822606093
2026-06-11 20:00:00+00:00,9317.002736212751,3754.4905044108664,0.08774554670524495,1,False,63393.67,-0.0019926862825427882,8839.634708622472,-0.0033331928846606074,-0.08084795694884828
2026-06-11 21:00:00+00:00,9328.086753672558,3754.4905044108664,0.08774554670524495,1,False,63519.99,0.0011896548464804813,8857.248811992624,0.0019926279705846373,-0.07975448326618007
2026-06-11 22:00:00+00:00,9326.333597649387,3754.4905044108664,0.08774554670524495,1,False,63500.01,-0.00018794379484954327,8854.462794059315,-0.00031454664901553464,-0.07992743770078825
2026-06-11 23:00:00+00:00,9337.387781623314,3754.4905044108664,0.08774554670524495,1,False,63625.99,0.0011852657701107994,8872.029487714883,0.001983936695442834,-0.07883690718667702
2026-06-12 00:00:00+00:00,9339.389257543662,3754.4905044108664,0.08774554670524495,1,False,63648.8,0.0002143507335410355,8875.21012180191,0.0003585012979760993,-0.07863945520202154
2026-06-12 01:00:00+00:00,9319.857098847075,3754.4905044108664,0.08774554670524495,1,False,63426.2,-0.0020913743027479725,8844.170702785163,-0.0034973165244279736,-0.08056636496897795
2026-06-12 02:00:00+00:00,9337.219310173641,3754.4905044108664,0.08774554670524495,1,False,63624.07,0.0018629267747800604,8871.761762267839,0.0031196887090825243,-0.07885352743264529
2026-06-12 03:00:00+00:00,9328.510564663145,3754.4905044108664,0.08774554670524495,1,False,63524.82,-0.000932691545651787,8857.922308820345,-0.0015599442160805221,-0.0797126729599158
2026-06-12 04:00:00+00:00,9343.88182953497,3754.4905044108664,0.08774554670524495,1,False,63700.0,0.0016477726819597027,8882.349467056436,0.00275766228066443,-0.07819624864286545
2026-06-12 05:00:00+00:00,9313.890401671117,3754.4905044108664,0.08774554670524495,1,False,63358.2,-0.003209739636160003,8834.688759868995,-0.005365777080062917,-0.08115499868035736
2026-06-12 06:00:00+00:00,9280.74452140321,3754.4905044108664,0.08774554670524495,1,False,62980.45,-0.0035587578163855937,8782.015172566318,-0.0059621327626100395,-0.08442494551085056
2026-06-12 07:00:00+00:00,9273.390525871364,9273.390525871364,0.0,0,False,63100.8,-0.0007923928425016546,8798.796817124565,0.0019109104491950024,-0.0851504406308008
2026-06-12 08:00:00+00:00,9273.390525871364,9273.390525871364,0.0,0,False,63470.81,0.0,8850.391136218843,0.005863792535118373,-0.0851504406308008
2026-06-12 09:00:00+00:00,9273.390525871364,9273.390525871364,0.0,0,False,63752.93,0.0,8889.730044093974,0.004444877889536736,-0.0851504406308008
2026-06-12 10:00:00+00:00,9273.390525871364,9273.390525871364,0.0,0,False,63702.01,0.0,8882.62974213381,-0.00079870838877516,-0.0851504406308008
2026-06-12 11:00:00+00:00,9273.390525871364,9273.390525871364,0.0,0,False,63766.01,0.0,8891.553923701968,0.001004677874371751,-0.0851504406308008
2026-06-12 12:00:00+00:00,9273.390525871364,9273.390525871364,0.0,0,False,63465.51,0.0,8849.652102432728,-0.004712541995335884,-0.0851504406308008
2026-06-12 13:00:00+00:00,9273.390525871364,9273.390525871364,0.0,0,False,63229.1,0.0,8816.687012361977,-0.0037250153666141816,-0.0851504406308008
2026-06-12 14:00:00+00:00,9273.390525871364,9273.390525871364,0.0,0,False,63999.99,0.0,8924.180173753803,0.012192012854840728,-0.0851504406308008
2026-06-12 15:00:00+00:00,9273.390525871364,9273.390525871364,0.0,0,False,63593.02,0.0,8867.432139803912,-0.006358907243579348,-0.0851504406308008
2026-06-12 16:00:00+00:00,9273.390525871364,9273.390525871364,0.0,0,False,63982.48,0.0,8921.738573452889,0.006124257033240488,-0.0851504406308008
2026-06-12 17:00:00+00:00,9273.390525871364,9273.390525871364,0.0,0,False,63865.44,0.0,8905.418476410121,-0.001829250757394929,-0.0851504406308008
2026-06-12 18:00:00+00:00,9273.390525871364,9273.390525871364,0.0,0,False,63694.0,0.0,8881.51282503442,-0.0026843939382551474,-0.0851504406308008
2026-06-12 19:00:00+00:00,9273.390525871364,9273.390525871364,0.0,0,False,63589.27,0.0,8866.909238540153,-0.0016442679059253118,-0.0851504406308008
2026-06-12 20:00:00+00:00,9273.390525871364,9273.390525871364,0.0,0,False,63449.0,0.0,8847.349942468818,-0.0022058752994019715,-0.0851504406308008
2026-06-12 21:00:00+00:00,9273.390525871364,9273.390525871364,0.0,0,False,63472.0,0.0,8850.557070219875,0.00036249586281900115,-0.0851504406308008
2026-06-12 22:00:00+00:00,9273.390525871364,9273.390525871364,0.0,0,False,63502.0,0.0,8854.740280329948,0.00047264935719693035,-0.0851504406308008
2026-06-12 23:00:00+00:00,9273.390525871364,9273.390525871364,0.0,0,False,63580.01,0.0,8865.61802101951,0.0012284652451892697,-0.0851504406308008
2026-06-13 00:00:00+00:00,9273.390525871364,9273.390525871364,0.0,0,False,63600.01,0.0,8868.40682775956,0.0003145642789297298,-0.0851504406308008
2026-06-13 01:00:00+00:00,9273.390525871364,9273.390525871364,0.0,0,False,63837.89,0.0,8901.576895125703,0.0037402509842372478,-0.0851504406308008
2026-06-13 02:00:00+00:00,9273.390525871364,9273.390525871364,0.0,0,False,63646.01,0.0,8874.821083261673,-0.003005738441542949,-0.0851504406308008
2026-06-13 03:00:00+00:00,9273.390525871364,9273.390525871364,0.0,0,False,63532.0,0.0,8858.923490440022,-0.0017913141766469076,-0.0851504406308008
2026-06-13 04:00:00+00:00,9273.390525871364,9273.390525871364,0.0,0,False,63512.01,0.0,8856.136078103344,-0.0003146445885536808,-0.0851504406308008
2026-06-13 05:00:00+00:00,9273.390525871364,9273.390525871364,0.0,0,False,63584.03,0.0,8866.178571174261,0.0011339587583514277,-0.0851504406308008
2026-06-13 06:00:00+00:00,9273.390525871364,9273.390525871364,0.0,0,False,63735.74,0.0,8887.333064700902,0.0023859764786848814,-0.0851504406308008
2026-06-13 07:00:00+00:00,9273.390525871364,9273.390525871364,0.0,0,False,63846.0,0.0,8902.707756258793,0.0017299555947729583,-0.0851504406308008
2026-06-13 08:00:00+00:00,9273.390525871364,9273.390525871364,0.0,0,False,63806.0,0.0,8897.130142778695,-0.0006265075337530401,-0.0851504406308008
2026-06-13 09:00:00+00:00,9273.390525871364,9273.390525871364,0.0,0,False,63743.12,0.0,8888.362134387982,-0.0009854872582513163,-0.0851504406308008
2026-06-13 10:00:00+00:00,9273.390525871364,9273.390525871364,0.0,0,False,63843.01,0.0,8902.290829651156,0.0015670710815534061,-0.0851504406308008
2026-06-13 11:00:00+00:00,9273.390525871364,9273.390525871364,0.0,0,False,63971.28,0.0,8920.176841678462,0.0020091471251120208,-0.0851504406308008
2026-06-13 12:00:00+00:00,9273.390525871364,9273.390525871364,0.0,0,False,64133.12,0.0,8942.74386581894,0.002529885286022271,-0.0851504406308008
2026-06-13 13:00:00+00:00,9273.390525871364,9273.390525871364,0.0,0,False,64102.69,0.0,8938.500696363953,-0.00047448182779841197,-0.0851504406308008
2026-06-13 14:00:00+00:00,9273.390525871364,9273.390525871364,0.0,0,False,64220.97,0.0,8954.993699424604,0.0018451643760970526,-0.0851504406308008
2026-06-13 15:00:00+00:00,9273.390525871364,9273.390525871364,0.0,0,False,64296.15,0.0,8965.476823960451,0.0011706456629356765,-0.0851504406308008
2026-06-13 16:00:00+00:00,9273.390525871364,9273.390525871364,0.0,0,False,64029.17,0.0,8928.249042787533,-0.004152348157704933,-0.0851504406308008
2026-06-13 17:00:00+00:00,9273.390525871364,9273.390525871364,0.0,0,False,63971.19,0.0,8920.16429204813,-0.0009055247787844722,-0.0851504406308008
2026-06-13 18:00:00+00:00,9273.390525871364,9273.390525871364,0.0,0,False,64161.46,0.0,8946.695604969587,0.002974307653179409,-0.0851504406308008
2026-06-13 19:00:00+00:00,9273.390525871364,9273.390525871364,0.0,0,False,64296.59,0.0,8965.53817770873,0.002106092972323337,-0.0851504406308008
2026-06-13 20:00:00+00:00,9273.390525871364,9273.390525871364,0.0,0,False,64278.31,0.0,8962.989208348326,-0.0002843074570515469,-0.0851504406308008
2026-06-13 21:00:00+00:00,9273.390525871364,9273.390525871364,0.0,0,False,64471.04,0.0,8989.863544498809,0.002998367567535576,-0.0851504406308008
2026-06-13 22:00:00+00:00,9273.390525871364,9273.390525871364,0.0,0,False,64456.47,0.0,8987.831898788683,-0.00022599294194725061,-0.0851504406308008
2026-06-13 23:00:00+00:00,9273.390525871364,9273.390525871364,0.0,0,False,64458.01,0.0,8988.046636907668,2.3892093377275714e-05,-0.0851504406308008
2026-06-14 00:00:00+00:00,9273.390525871364,9273.390525871364,0.0,0,False,64565.0,0.0,9002.965358563559,0.001659840258797729,-0.0851504406308008
2026-06-14 01:00:00+00:00,9273.390525871364,9273.390525871364,0.0,0,False,64563.0,0.0,9002.686477889554,-3.097653527450728e-05,-0.0851504406308008
2026-06-14 02:00:00+00:00,9273.390525871364,9273.390525871364,0.0,0,False,64490.01,0.0,8992.508727691746,-0.0011305236745503544,-0.0851504406308008
2026-06-14 03:00:00+00:00,9273.390525871364,9273.390525871364,0.0,0,False,64545.3,0.0,9000.218383924612,0.000857342090658797,-0.0851504406308008
2026-06-14 04:00:00+00:00,9273.390525871364,9273.390525871364,0.0,0,False,64339.07,0.0,8971.461603224596,-0.0031951203263443917,-0.0851504406308008
2026-06-14 05:00:00+00:00,9273.390525871364,9273.390525871364,0.0,0,False,64338.0,0.0,8971.312402064003,-1.663064138168746e-05,-0.0851504406308008
2026-06-14 06:00:00+00:00,9273.390525871364,9273.390525871364,0.0,0,False,64286.1,0.0,8964.075448573574,-0.0008066772358482632,-0.0851504406308008
2026-06-14 07:00:00+00:00,9273.390525871364,9273.390525871364,0.0,0,False,64429.39,0.0,8984.055854462656,0.0022289421819023936,-0.0851504406308008
2026-06-14 08:00:00+00:00,9273.390525871364,9273.390525871364,0.0,0,False,64456.33,0.0,8987.812377141503,0.0004181321598730747,-0.0851504406308008
2026-06-14 09:00:00+00:00,9273.390525871364,9273.390525871364,0.0,0,False,64616.0,0.0,9010.076815750685,0.002477181061968592,-0.0851504406308008
2026-06-14 10:00:00+00:00,9273.390525871364,9273.390525871364,0.0,0,False,64521.13,0.0,8996.848110979261,-0.001468212207502817,-0.0851504406308008
2026-06-14 11:00:00+00:00,9273.390525871364,9273.390525871364,0.0,0,False,64546.0,0.0,9000.315992160513,0.0003854551214463875,-0.0851504406308008
2026-06-14 12:00:00+00:00,9273.390525871364,9273.390525871364,0.0,0,False,64327.53,0.0,8969.852461735587,-0.003384717875623555,-0.0851504406308008
2026-06-14 13:00:00+00:00,9273.390525871364,9273.390525871364,0.0,0,False,64317.99,0.0,8968.522200920583,-0.00014830353349504222,-0.0851504406308008
2026-06-14 14:00:00+00:00,9273.390525871364,9273.390525871364,0.0,0,False,63983.55,0.0,8921.887774613482,-0.0051997893590890465,-0.0851504406308008
2026-06-14 15:00:00+00:00,9273.390525871364,9273.390525871364,0.0,0,False,64025.07,0.0,8927.677337405825,0.0006489167918941607,-0.0851504406308008
2026-06-14 16:00:00+00:00,9273.390525871364,9273.390525871364,0.0,0,False,63942.63,0.0,8916.18187602334,-0.001287620614862539,-0.0851504406308008
2026-06-14 17:00:00+00:00,9273.390525871364,9273.390525871364,0.0,0,False,63732.64,0.0,8886.900799656194,-0.0032840375818136147,-0.0851504406308008
2026-06-14 18:00:00+00:00,9273.390525871364,9273.390525871364,0.0,0,False,63813.3,0.0,8898.148057238814,0.001265599542087159,-0.0851504406308008
2026-06-14 19:00:00+00:00,9273.390525871364,9273.390525871364,0.0,0,False,63802.0,0.0,8896.572381430686,-0.0001770790728579108,-0.0851504406308008
2026-06-14 20:00:00+00:00,9273.390525871364,9273.390525871364,0.0,0,False,64008.64,0.0,8925.386332668872,0.0032387699445155516,-0.0851504406308008
2026-06-14 21:00:00+00:00,9273.390525871364,9273.390525871364,0.0,0,False,65311.59,0.0,9107.070119766222,0.020355845710829046,-0.0851504406308008
2026-06-14 22:00:00+00:00,9273.390525871364,9273.390525871364,0.0,0,False,65426.78,0.0,9123.132252185536,0.0017636992147949115,-0.0851504406308008
2026-06-14 23:00:00+00:00,9273.390525871364,9273.390525871364,0.0,0,False,65746.45,0.0,9167.70714471511,0.004885919802258165,-0.0851504406308008
2026-06-15 00:00:00+00:00,9273.390525871364,9273.390525871364,0.0,0,False,65625.99,0.0,9150.910161719796,-0.0018321901790894213,-0.0851504406308008
2026-06-15 01:00:00+00:00,9249.848398428605,1060.464378271563,0.12498106097149243,1,False,65525.0,-0.002538675296492654,9136.828082085916,-0.0015388720231117592,-0.08747294660717864
2026-06-15 02:00:00+00:00,9243.225652007724,1060.464378271563,0.12498106097149243,1,False,65472.01,-0.0007159843205652994,9129.439138628157,-0.000808698969858801,-0.08812630166949942
2026-06-15 03:00:00+00:00,9300.103283045242,1060.464378271563,0.12498106097149243,1,False,65927.1,0.00615343963015369,9192.897041594606,0.006950909251144388,-0.08251514191649767
2026-06-15 04:00:00+00:00,9264.722394494822,1060.464378271563,0.12498106097149243,1,False,65644.01,-0.0038043543682920733,9153.42287659258,-0.004293985326216498,-0.08600557944418952
2026-06-15 05:00:00+00:00,9291.46834154272,1060.464378271563,0.12498106097149243,1,False,65858.01,0.0028868589806632095,9183.263108711104,0.0032600080342439774,-0.08336700644293193
2026-06-15 06:00:00+00:00,9285.719212738031,1060.464378271563,0.12498106097149243,1,False,65812.01,-0.0006187535267149213,9176.848853208992,-0.0006984723650166336,-0.08393417634039857
2026-06-15 07:00:00+00:00,9268.565562119695,1060.464378271563,0.12498106097149243,1,False,65674.76,-0.0018473152402460613,9157.710666955405,-0.002085485612732363,-0.08562643869751352
2026-06-15 08:00:00+00:00,9266.972053592308,1060.464378271563,0.12498106097149243,1,False,65662.01,-0.0001719261213298795,9155.932802658623,-0.00019413850922345155,-0.08578364339735478
2026-06-15 09:00:00+00:00,9258.829537470016,1060.464378271563,0.12498106097149243,1,False,65596.86,-0.0008786598335683848,9146.848264702914,-0.0009922023404399516,-0.08658692858909278
2026-06-15 10:00:00+00:00,9298.887217321988,1060.464378271563,0.12498106097149243,1,False,65917.37,0.004326430213436927,9191.54028711557,0.004886057046022962,-0.0826351106795925
2026-06-15 11:00:00+00:00,9338.447472551296,1060.464378271563,0.12498106097149243,1,False,66233.9,0.004254299929094207,9235.677336986957,0.004801920950426419,-0.07873236529600314
2026-06-15 12:00:00+00:00,9379.63998043689,1060.464378271563,0.12498106097149243,1,False,66563.49,0.004411065972868888,9281.635477659598,0.004976152695221225,-0.07466859298065498
2026-06-15 13:00:00+00:00,9365.08718569737,1060.464378271563,0.12498106097149243,1,False,66447.05,-0.0015515302047705015,9265.399044819032,-0.0017493073154667416,-0.07610427260806818
2026-06-15 14:00:00+00:00,9383.14694900775,1060.464378271563,0.12498106097149243,1,False,66591.55,0.0019284137939432622,9285.548173515886,0.0021746638865081103,-0.07432261934320028
2026-06-15 15:00:00+00:00,9439.47069735051,9439.47069735051,0.0,0,False,67292.14,0.00600265013953738,9383.238679216436,0.010520704203461184,-0.06876610188503429
2026-06-15 16:00:00+00:00,9413.553807333858,1624.9551489621208,0.11597426692448264,1,False,67157.99,-0.0027455872100887735,9364.532758007557,-0.0019935463488008898,-0.07132288576529977
2026-06-15 17:00:00+00:00,9378.04248680158,1624.9551489621208,0.11597426692448264,1,False,66851.79,-0.003772360710852074,9321.836126817403,-0.004559397921230501,-0.07482619082410624
2026-06-15 18:00:00+00:00,9368.106971354158,1624.9551489621208,0.11597426692448264,1,False,66766.12,-0.001059444490831063,9309.890273146404,-0.0012814914903548358,-0.07580636111929884
2026-06-15 19:00:00+00:00,9326.928716708524,9326.928716708524,0.0,0,False,66614.35,-0.0043955790397728345,9288.727413199544,-0.0022731589015504428,-0.07986872730705419
2026-06-15 20:00:00+00:00,9326.928716708524,9326.928716708524,0.0,0,False,66519.98,0.0,9275.56842859662,-0.0014166617252890923,-0.07986872730705419
2026-06-15 21:00:00+00:00,9326.928716708524,9326.928716708524,0.0,0,False,66368.15,0.0,9254.397202229537,-0.0022824721234131484,-0.07986872730705419
2026-06-15 22:00:00+00:00,9326.928716708524,9326.928716708524,0.0,0,False,66206.34,0.0,9231.834361299168,-0.002438067054754467,-0.07986872730705419
2026-06-15 23:00:00+00:00,9326.928716708524,9326.928716708524,0.0,0,False,66328.74,0.0,9248.90185854827,0.0018487655411854043,-0.07986872730705419
2026-06-16 00:00:00+00:00,9326.928716708524,9326.928716708524,0.0,0,False,66250.0,0.0,9237.922326412698,-0.0011871173792837864,-0.07986872730705419
2026-06-16 01:00:00+00:00,9326.928716708524,9326.928716708524,0.0,0,False,66346.52,0.0,9251.381107740175,0.0014569056603774833,-0.07986872730705419
2026-06-16 02:00:00+00:00,9326.928716708524,9326.928716708524,0.0,0,False,65741.99,0.0,9167.085240812079,-0.009111706235685135,-0.07986872730705419
2026-06-16 03:00:00+00:00,9326.928716708524,9326.928716708524,0.0,0,False,66165.21,0.0,9226.099180238261,0.006437590343706168,-0.07986872730705419
2026-06-16 04:00:00+00:00,9326.928716708524,9326.928716708524,0.0,0,False,65840.09,0.0,9180.76433787202,-0.004913760569943304,-0.07986872730705419
2026-06-16 05:00:00+00:00,9326.928716708524,9326.928716708524,0.0,0,False,66045.0,0.0,9209.337057327193,0.0031122375440251204,-0.07986872730705419
2026-06-16 06:00:00+00:00,9326.928716708524,9326.928716708524,0.0,0,False,66446.0,0.0,9265.252632465179,0.006071617836323817,-0.07986872730705419
2026-06-16 07:00:00+00:00,9326.928716708524,9326.928716708524,0.0,0,False,66372.0,0.0,9254.934047526996,-0.001113686301658534,-0.07986872730705419
2026-06-16 08:00:00+00:00,9326.928716708524,9326.928716708524,0.0,0,False,66899.61,0.0,9328.504163732863,0.007949285843428022,-0.07986872730705419
2026-06-16 09:00:00+00:00,9326.928716708524,9326.928716708524,0.0,0,False,66510.0,0.0,9274.176814033335,-0.005823800766551646,-0.07986872730705419
2026-06-16 10:00:00+00:00,9326.928716708524,9326.928716708524,0.0,0,False,66514.0,0.0,9274.734575381346,6.0141332130614344e-05,-0.07986872730705419
2026-06-16 11:00:00+00:00,9326.928716708524,9326.928716708524,0.0,0,False,66481.73,0.0,9270.234835706276,-0.00048516101873297135,-0.07986872730705419
2026-06-16 12:00:00+00:00,9326.928716708524,9326.928716708524,0.0,0,False,66429.83,0.0,9262.99788221585,-0.0007806656054226702,-0.07986872730705419
2026-06-16 13:00:00+00:00,9326.928716708524,9326.928716708524,0.0,0,False,66052.0,0.0,9210.313139686212,-0.005687655681190229,-0.07986872730705419
2026-06-16 14:00:00+00:00,9326.928716708524,9326.928716708524,0.0,0,False,65654.9,0.0,9154.941381862536,-0.006011929994549803,-0.07986872730705419
2026-06-16 15:00:00+00:00,9326.928716708524,9326.928716708524,0.0,0,False,65859.76,0.0,9183.507129300859,0.0031202545430728534,-0.07986872730705419
2026-06-16 16:00:00+00:00,9326.928716708524,9326.928716708524,0.0,0,False,65758.07,0.0,9169.32744143108,-0.0015440384234620685,-0.07986872730705419
2026-06-16 17:00:00+00:00,9326.928716708524,9326.928716708524,0.0,0,False,65978.79,0.0,9200.10471261426,0.003356546200336874,-0.07986872730705419
2026-06-16 18:00:00+00:00,9326.928716708524,9326.928716708524,0.0,0,False,65847.99,0.0,9181.86591653434,-0.0019824552708528342,-0.07986872730705419
2026-06-16 19:00:00+00:00,9326.928716708524,9326.928716708524,0.0,0,False,65675.88,0.0,9157.866840132849,-0.002613747207773409,-0.07986872730705419
2026-06-16 20:00:00+00:00,9326.928716708524,9326.928716708524,0.0,0,False,65854.0,0.0,9182.703952959724,0.002712106788671731,-0.07986872730705419
2026-06-16 21:00:00+00:00,9326.928716708524,9326.928716708524,0.0,0,False,65776.97,0.0,9171.962863800425,-0.0011697087496582714,-0.07986872730705419
2026-06-16 22:00:00+00:00,9326.928716708524,9326.928716708524,0.0,0,False,65780.0,0.0,9172.385368021543,4.606475488322381e-05,-0.07986872730705419
2026-06-16 23:00:00+00:00,9326.928716708524,9326.928716708524,0.0,0,False,65675.01,0.0,9157.745527039655,-0.0015960778352083205,-0.07986872730705419
2026-06-17 00:00:00+00:00,9326.928716708524,9326.928716708524,0.0,0,False,65700.0,0.0,9161.230141061347,0.00038051002961414504,-0.07986872730705419
2026-06-17 01:00:00+00:00,9326.928716708524,9326.928716708524,0.0,0,False,65940.0,0.0,9194.695821941936,0.0036529680365295913,-0.07986872730705419
2026-06-17 02:00:00+00:00,9326.928716708524,9326.928716708524,0.0,0,False,65904.0,0.0,9189.675969809849,-0.0005459508644221067,-0.07986872730705419
2026-06-17 03:00:00+00:00,9326.928716708524,9326.928716708524,0.0,0,False,65851.99,0.0,9182.42367788235,-0.0007891781985919222,-0.07986872730705419
2026-06-17 04:00:00+00:00,9326.928716708524,9326.928716708524,0.0,0,False,65892.0,0.0,9188.002685765818,0.0006075746534006665,-0.07986872730705419
2026-06-17 05:00:00+00:00,9326.928716708524,9326.928716708524,0.0,0,False,65836.3,0.0,9180.235858994782,-0.0008453226491834664,-0.07986872730705419
2026-06-17 06:00:00+00:00,9326.928716708524,9326.928716708524,0.0,0,False,65624.0,0.0,9150.63267544916,-0.003224664812572997,-0.07986872730705419
2026-06-17 07:00:00+00:00,9326.928716708524,9326.928716708524,0.0,0,False,65539.5,0.0,9138.849966972453,-0.0012876386687796781,-0.07986872730705419
2026-06-17 08:00:00+00:00,9326.928716708524,9326.928716708524,0.0,0,False,64926.02,0.0,9053.306109028186,-0.009360462011458792,-0.07986872730705419
2026-06-17 09:00:00+00:00,9326.928716708524,9326.928716708524,0.0,0,False,64909.44,0.0,9050.994188240686,-0.0002553675706596925,-0.07986872730705419
2026-06-17 10:00:00+00:00,9326.928716708524,9326.928716708524,0.0,0,False,64798.0,0.0,9035.454957085132,-0.0017168535116001138,-0.07986872730705419
2026-06-17 11:00:00+00:00,9326.928716708524,9326.928716708524,0.0,0,False,64810.01,0.0,9037.12963553253,0.00018534522670443643,-0.07986872730705419
2026-06-17 12:00:00+00:00,9326.928716708524,9326.928716708524,0.0,0,False,65040.88,0.0,9069.322226136288,0.0035622583610155356,-0.07986872730705419
2026-06-17 13:00:00+00:00,9326.928716708524,9326.928716708524,0.0,0,False,65278.0,0.0,9102.386318846311,0.00364570713065393,-0.07986872730705419
2026-06-17 14:00:00+00:00,9326.928716708524,9326.928716708524,0.0,0,False,65101.45,0.0,9077.768127348527,-0.002704586537577769,-0.07986872730705419
2026-06-17 15:00:00+00:00,9326.928716708524,9326.928716708524,0.0,0,False,65752.0,0.0,9168.481038585474,0.009992864982270033,-0.07986872730705419
2026-06-17 16:00:00+00:00,9326.928716708524,9326.928716708524,0.0,0,False,65864.12,0.0,9184.11508917019,0.0017051952792310754,-0.07986872730705419
2026-06-17 17:00:00+00:00,9326.928716708524,9326.928716708524,0.0,0,False,66104.08,0.0,9217.5751924373,0.003643258271726957,-0.07986872730705419
2026-06-17 18:00:00+00:00,9326.928716708524,9326.928716708524,0.0,0,False,65516.0,0.0,9135.573119052895,-0.008896273875984684,-0.07986872730705419
2026-06-17 19:00:00+00:00,9326.928716708524,9326.928716708524,0.0,0,False,64301.85,0.0,8966.271633881363,-0.01853211429269197,-0.07986872730705419
2026-06-17 20:00:00+00:00,9326.928716708524,9326.928716708524,0.0,0,False,64434.36,0.0,8984.74887293756,0.002060749418562935,-0.07986872730705419
2026-06-17 21:00:00+00:00,9326.928716708524,9326.928716708524,0.0,0,False,64257.77,0.0,8960.125103826294,-0.002740618514718185,-0.07986872730705419
2026-06-17 22:00:00+00:00,9326.928716708524,9326.928716708524,0.0,0,False,64300.01,0.0,8966.015063661278,0.0006573524104556139,-0.07986872730705419
2026-06-17 23:00:00+00:00,9326.928716708524,9326.928716708524,0.0,0,False,64509.4,0.0,8995.212475826223,0.0032564536148596,-0.07986872730705419
2026-06-18 00:00:00+00:00,9326.928716708524,9326.928716708524,0.0,0,False,64468.01,0.0,8989.441040277692,-0.0006416119201232418,-0.07986872730705419
2026-06-18 01:00:00+00:00,9326.928716708524,9326.928716708524,0.0,0,False,64548.74,0.0,9000.6980586839,0.0012522489836430672,-0.07986872730705419
2026-06-18 02:00:00+00:00,9326.928716708524,9326.928716708524,0.0,0,False,64689.5,0.0,9020.325680520365,0.002180677732826375,-0.07986872730705419
2026-06-18 03:00:00+00:00,9326.928716708524,9326.928716708524,0.0,0,False,64282.82,0.0,8963.618084268206,-0.006286646209972324,-0.07986872730705419
2026-06-18 04:00:00+00:00,9326.928716708524,9326.928716708524,0.0,0,False,63883.41,0.0,8907.924219266057,-0.0062133241821062946,-0.07986872730705419
2026-06-18 05:00:00+00:00,9326.928716708524,9326.928716708524,0.0,0,False,63994.0,0.0,8923.344926135158,0.0017311223680764876,-0.07986872730705419
2026-06-18 06:00:00+00:00,9326.928716708524,9326.928716708524,0.0,0,False,64083.41,0.0,8935.812286666547,0.0013971622339594703,-0.07986872730705419
2026-06-18 07:00:00+00:00,9326.928716708524,9326.928716708524,0.0,0,False,64510.44,0.0,8995.357493776704,0.00666365912800182,-0.07986872730705419
2026-06-18 08:00:00+00:00,9326.928716708524,9326.928716708524,0.0,0,False,64399.92,0.0,8979.946547731193,-0.0017132110709522363,-0.07986872730705419
2026-06-18 09:00:00+00:00,9326.928716708524,9326.928716708524,0.0,0,False,64199.53,0.0,8952.004098599273,-0.003111649828136276,-0.07986872730705419
2026-06-18 10:00:00+00:00,9326.928716708524,9326.928716708524,0.0,0,False,64078.61,0.0,8935.142973048936,-0.0018835028854572444,-0.07986872730705419
2026-06-18 11:00:00+00:00,9326.928716708524,9326.928716708524,0.0,0,False,63974.4,0.0,8920.61189552991,-0.0016262837162042132,-0.07986872730705419
2026-06-18 12:00:00+00:00,9326.928716708524,9326.928716708524,0.0,0,False,64378.07,0.0,8976.89977636769,0.006309867697078753,-0.07986872730705419
2026-06-18 13:00:00+00:00,9326.928716708524,9326.928716708524,0.0,0,False,63984.0,0.0,8921.950522765133,-0.006121183813059261,-0.07986872730705419
2026-06-18 14:00:00+00:00,9326.928716708524,9326.928716708524,0.0,0,False,63816.61,0.0,8898.609604754292,-0.002616122780695118,-0.07986872730705419
2026-06-18 15:00:00+00:00,9326.928716708524,9326.928716708524,0.0,0,False,62369.44,0.0,8696.815732254447,-0.022677011517847956,-0.07986872730705419
2026-06-18 16:00:00+00:00,9326.928716708524,9326.928716708524,0.0,0,False,62688.0,0.0,8741.23584600995,0.005107629634000244,-0.07986872730705419
2026-06-18 17:00:00+00:00,9326.928716708524,9326.928716708524,0.0,0,False,62606.0,0.0,8729.801738375749,-0.0013080653394588193,-0.07986872730705419
2026-06-18 18:00:00+00:00,9326.928716708524,9326.928716708524,0.0,0,False,62708.92,0.0,8744.15293786004,0.0016439318915120182,-0.07986872730705419
2026-06-18 19:00:00+00:00,9326.928716708524,9326.928716708524,0.0,0,False,62950.79,0.0,8777.879372170826,0.0038570270385778205,-0.07986872730705419
2026-06-18 20:00:00+00:00,9326.928716708524,9326.928716708524,0.0,0,False,63086.0,0.0,8796.733100136928,0.002147868199906533,-0.07986872730705419
2026-06-18 21:00:00+00:00,9326.928716708524,9326.928716708524,0.0,0,False,62971.32,0.0,8780.742082289486,-0.0018178359699457802,-0.07986872730705419
2026-06-18 22:00:00+00:00,9326.928716708524,9326.928716708524,0.0,0,False,62885.85,0.0,8768.824116685884,-0.0013572845543020629,-0.07986872730705419
2026-06-18 23:00:00+00:00,9326.928716708524,9326.928716708524,0.0,0,False,62958.01,0.0,8778.886131403982,0.0011474759425214032,-0.07986872730705419
2026-06-19 00:00:00+00:00,9326.928716708524,9326.928716708524,0.0,0,False,63020.0,0.0,8787.530037894765,0.0009846245140214815,-0.07986872730705419
2026-06-19 01:00:00+00:00,9326.928716708524,9326.928716708524,0.0,0,False,63021.86,0.0,8787.789396921591,2.951443986054514e-05,-0.07986872730705419
2026-06-19 02:00:00+00:00,9326.928716708524,9326.928716708524,0.0,0,False,63006.0,0.0,8785.577873176731,-0.000251658710168301,-0.07986872730705419
2026-06-19 03:00:00+00:00,9326.928716708524,9326.928716708524,0.0,0,False,62773.51,0.0,8753.15938922703,-0.0036899660349808405,-0.07986872730705419
2026-06-19 04:00:00+00:00,9326.928716708524,9326.928716708524,0.0,0,False,62452.01,0.0,8708.32932088074,-0.005121587115329396,-0.07986872730705419
2026-06-19 05:00:00+00:00,9326.928716708524,9326.928716708524,0.0,0,False,62739.2,0.0,8748.375191264475,0.004598570966730886,-0.07986872730705419
2026-06-19 06:00:00+00:00,9326.928716708524,9326.928716708524,0.0,0,False,62894.08,0.0,8769.971710659416,0.0024686320514129,-0.07986872730705419
2026-06-19 07:00:00+00:00,9326.928716708524,9326.928716708524,0.0,0,False,62629.99,0.0,8733.146912060438,-0.004198964354037771,-0.07986872730705419
2026-06-19 08:00:00+00:00,9326.928716708524,9326.928716708524,0.0,0,False,62603.99,0.0,8729.521463298373,-0.0004151365823307218,-0.07986872730705419
2026-06-19 09:00:00+00:00,9326.928716708524,9326.928716708524,0.0,0,False,62390.0,0.0,8699.682625583218,-0.0034181527407437517,-0.07986872730705419
2026-06-19 10:00:00+00:00,9326.928716708524,9326.928716708524,0.0,0,False,62533.25,0.0,8719.65745385882,0.002296041032216589,-0.07986872730705419
2026-06-19 11:00:00+00:00,9326.928716708524,9326.928716708524,0.0,0,False,62626.0,0.0,8732.590545115798,0.0014832109317843845,-0.07986872730705419
2026-06-19 12:00:00+00:00,9326.928716708524,9326.928716708524,0.0,0,False,62830.01,0.0,8761.037768267668,0.00325759269313064,-0.07986872730705419
2026-06-19 13:00:00+00:00,9326.928716708524,9326.928716708524,0.0,0,False,63210.0,0.0,8814.023701925233,0.006047906088189503,-0.07986872730705419
2026-06-19 14:00:00+00:00,9326.928716708524,9326.928716708524,0.0,0,False,63203.53,0.0,8813.121522944826,-0.00010235722195861552,-0.07986872730705419
2026-06-19 15:00:00+00:00,9326.928716708524,9326.928716708524,0.0,0,False,63214.01,0.0,8814.582857676613,0.00016581352339040123,-0.07986872730705419
2026-06-19 16:00:00+00:00,9326.928716708524,9326.928716708524,0.0,0,False,62971.99,0.0,8780.835507315278,-0.0038285816704239917,-0.07986872730705419
2026-06-19 17:00:00+00:00,9326.928716708524,9326.928716708524,0.0,0,False,63198.01,0.0,8812.351812284573,0.0035892148239240473,-0.07986872730705419
2026-06-19 18:00:00+00:00,9326.928716708524,9326.928716708524,0.0,0,False,63110.01,0.0,8800.081062628356,-0.0013924489078057656,-0.07986872730705419
2026-06-19 19:00:00+00:00,9326.928716708524,9326.928716708524,0.0,0,False,63021.6,0.0,8787.753142433969,-0.0014008871175904547,-0.07986872730705419
2026-06-19 20:00:00+00:00,9326.928716708524,9326.928716708524,0.0,0,False,63250.01,0.0,8819.6027098087,0.0036243129339781355,-0.07986872730705419
2026-06-19 21:00:00+00:00,9326.928716708524,9326.928716708524,0.0,0,False,63075.98,0.0,8795.335907960163,-0.002751462015579076,-0.07986872730705419
2026-06-19 22:00:00+00:00,9326.928716708524,9326.928716708524,0.0,0,False,63315.28,0.0,8828.70398060485,0.0037938372102976903,-0.07986872730705419
2026-06-19 23:00:00+00:00,9326.928716708524,9326.928716708524,0.0,0,False,63543.91,0.0,8860.584224853723,0.0036109766868281934,-0.07986872730705419
2026-06-20 00:00:00+00:00,9326.928716708524,9326.928716708524,0.0,0,False,63530.01,0.0,8858.646004169388,-0.00021874637553787046,-0.07986872730705419
2026-06-20 01:00:00+00:00,9326.928716708524,9326.928716708524,0.0,0,False,63586.28,0.0,8866.492311932516,0.0008857231409218347,-0.07986872730705419
2026-06-20 02:00:00+00:00,9326.928716708524,9326.928716708524,0.0,0,False,63340.57,0.0,8832.230426727643,-0.003864198377385719,-0.07986872730705419
2026-06-20 03:00:00+00:00,9326.928716708524,9326.928716708524,0.0,0,False,63476.79,0.0,8851.224989434117,0.0021505963713301934,-0.07986872730705419
2026-06-20 04:00:00+00:00,9326.928716708524,9326.928716708524,0.0,0,False,63583.53,0.0,8866.10885100576,0.0016815595117523063,-0.07986872730705419
2026-06-20 05:00:00+00:00,9326.928716708524,9326.928716708524,0.0,0,False,63678.07,0.0,8879.291540465973,0.001486863028837826,-0.07986872730705419
2026-06-20 06:00:00+00:00,9324.152293841596,38.6120248523639,0.1456678497050846,1,False,63744.61,-0.0002976781480010793,8888.569900490116,0.001044943730235559,-0.08014263028022728
2026-06-20 07:00:00+00:00,9311.129588077962,38.6120248523639,0.1456678497050846,1,False,63655.21,-0.001396663777385565,8876.103934362094,-0.001402471518768711,-0.08142736174887599
2026-06-20 08:00:00+00:00,9276.571347413927,38.6120248523639,0.1456678497050846,1,False,63417.97,-0.003711498195480334,8843.023108811632,-0.003726953378992759,-0.08483664243816269
2026-06-20 09:00:00+00:00,9323.649739760114,38.6120248523639,0.1456678497050846,1,False,63741.16,0.0050749776596406004,8888.088831327457,0.005096189613133406,-0.08019220884361467
2026-06-20 10:00:00+00:00,9313.968654468714,38.6120248523639,0.1456678497050846,1,False,63674.7,-0.001038336441374077,8878.821626530273,-0.0010426543853297998,-0.08114727879223216
2026-06-20 11:00:00+00:00,9315.906036869792,38.6120248523639,0.1456678497050846,1,False,63688.0,0.00020800825866529316,8880.676183012405,0.00020887416823311966,-0.08095614983772392
2026-06-20 12:00:00+00:00,9311.112107935996,38.6120248523639,0.1456678497050846,1,False,63655.09,-0.0005145961020669443,8876.087201521654,-0.0005167378470042339,-0.08142908622064615
2026-06-20 13:00:00+00:00,9273.630313528382,38.6120248523639,0.1456678497050846,1,False,63397.78,-0.00402549061520463,8840.207808407553,-0.00404225333747843,-0.08512678481346492
2026-06-20 14:00:00+00:00,9354.056446707553,38.6120248523639,0.1456678497050846,1,False,63949.9,0.008672561926675648,8917.19560727335,0.008708822296301433,-0.07719249019970276
2026-06-20 15:00:00+00:00,9384.667088644579,38.6120248523639,0.1456678497050846,1,False,64160.04,0.0032724457150139497,8946.497599691045,0.003286009829569503,-0.07417265271847417
2026-06-20 16:00:00+00:00,9366.35226990116,38.6120248523639,0.1456678497050846,1,False,64034.31,-0.001951568294370376,8928.965766119727,-0.001959630947860891,-0.07597946801548983
2026-06-20 17:00:00+00:00,9337.275510421527,38.6120248523639,0.1456678497050846,1,False,63834.7,-0.003104384571683383,8901.132080450665,-0.0031172351197352732,-0.07884798309890118
2026-06-20 18:00:00+00:00,9333.078819671524,38.6120248523639,0.1456678497050846,1,False,63805.89,-0.00044945559819009606,8897.114804341625,-0.0004513219299220328,-0.07926200002968153
2026-06-20 19:00:00+00:00,9352.031663596652,38.6120248523639,0.1456678497050846,1,False,63936.0,0.0020307172254006023,8915.257386589015,0.002039153438655905,-0.0773922415130609
2026-06-20 20:00:00+00:00,9350.573528421104,38.6120248523639,0.1456678497050846,1,False,63925.99,-0.00015591640704382126,8913.86158881562,-0.0001565628128128438,-0.07753609119987492
2026-06-20 21:00:00+00:00,9363.16068731412,38.6120248523639,0.1456678497050846,1,False,64012.4,0.0013461376304628736,8925.910628336003,0.0013517193867471633,-0.0762943278194953
2026-06-20 22:00:00+00:00,9400.977517776058,38.6120248523639,0.1456678497050846,1,False,64272.01,0.004038895809315157,8962.11073422521,0.004055620473533139,-0.07256357685108483
2026-06-20 23:00:00+00:00,9404.76488186839,38.6120248523639,0.1456678497050846,1,False,64298.01,0.00040286917878162853,8965.736182987273,0.00040453068139600923,-0.0721899413009186
2026-06-21 00:00:00+00:00,9404.180753791072,38.6120248523639,0.1456678497050846,1,False,64294.0,-6.21098012183463e-05,8965.177027235894,-6.236584926966326e-05,-0.07224756739923277
2026-06-21 01:00:00+00:00,9397.480032704638,38.6120248523639,0.1456678497050846,1,False,64248.0,-0.0007125257650680838,8958.762771733782,-0.0007154633402804977,-0.07290861491106548
2026-06-21 02:00:00+00:00,9396.49677471913,38.6120248523639,0.1456678497050846,1,False,64241.25,-0.00010462996272264657,8957.821549459015,-0.00010506163615986441,-0.07300561644812775
2026-06-21 03:00:00+00:00,9423.408909952144,38.6120248523639,0.1456678497050846,1,False,64426.0,0.002864060498101839,8983.583151720219,0.002875878037865043,-0.0703506484522346
2026-06-21 04:00:00+00:00,9401.576212638345,38.6120248523639,0.1456678497050846,1,False,64276.12,-0.002316857680954687,8962.683834010291,-0.002326389966783471,-0.07250451369296251
2026-06-21 05:00:00+00:00,9398.725492819618,38.6120248523639,0.1456678497050846,1,False,64256.55,-0.0003032172216925755,8959.954986615152,-0.0003044676623294995,-0.07278574629745294
2026-06-21 06:00:00+00:00,9405.558771649283,38.6120248523639,0.1456678497050846,1,False,64303.46,0.0007270431331232174,8966.496132823937,0.000730042306970935,-0.07211162154136452
2026-06-21 07:00:00+00:00,9389.187162020928,38.6120248523639,0.1456678497050846,1,False,64191.07,-0.0017406312613454933,8950.82443334823,-0.0017478064166376317,-0.07372673305994881
2026-06-21 08:00:00+00:00,9363.393755873649,38.6120248523639,0.1456678497050846,1,False,64014.0,-0.002747139417095923,8926.133732875207,-0.0027584833840593737,-0.07627133486256199
2026-06-21 09:00:00+00:00,9391.822293422094,38.6120248523639,0.1456678497050846,1,False,64209.16,0.003036136073057083,8953.346909044607,0.003048708095104269,-0.07346676894062143
2026-06-21 10:00:00+00:00,9414.667382291342,38.6120248523639,0.1456678497050846,1,False,64365.99,0.0024324447541184124,8975.2153370967,0.0024424863991365786,-0.07121302804321461
2026-06-21 11:00:00+00:00,9386.991947525872,38.6120248523639,0.1456678497050846,1,False,64176.0,-0.002939608341079203,8948.723067469604,-0.002951714096217639,-0.07394329797306443
2026-06-21 12:00:00+00:00,9390.487975918795,38.6120248523639,0.1456678497050846,1,False,64200.0,0.0003724333005148406,8952.069635557664,0.00037397157816010385,-0.07359840361906467
2026-06-21 13:00:00+00:00,9382.62191203472,38.6120248523639,0.1456678497050846,1,False,64146.0,-0.0008376629525800317,8944.53985735953,-0.0008411214953272239,-0.07437441591556393
2026-06-21 14:00:00+00:00,9382.617541999229,38.6120248523639,0.1456678497050846,1,False,64145.97,-4.657584555811667e-07,8944.53567414942,-4.6768309802658337e-07,-0.0743748470335065
2026-06-21 15:00:00+00:00,9393.984004311716,38.6120248523639,0.1456678497050846,1,False,64224.0,0.0012114383072323598,8955.416203645722,0.0012164443066338126,-0.07325350926506502
2026-06-21 16:00:00+00:00,9382.521401218422,38.6120248523639,0.1456678497050846,1,False,64145.31,-0.001220206792776457,8944.443643527,-0.0012252428998503762,-0.07438433162824154
2026-06-21 17:00:00+00:00,9383.41725849411,38.6120248523639,0.1456678497050846,1,False,64151.46,9.54815062368386e-05,8945.301201599563,9.587606638716828e-05,-0.07429595245002896
2026-06-21 18:00:00+00:00,9392.499648923222,38.6120248523639,0.1456678497050846,1,False,64213.81,0.0009679192749199039,8953.995306611667,0.0009719186437846528,-0.07339994565953412
2026-06-21 19:00:00+00:00,9379.950315363898,9379.950315363898,0.0,0,False,64207.12,-0.0013361015734253412,8953.062450757121,-0.00010418319672977905,-0.07463797745007439
2026-06-21 20:00:00+00:00,9379.950315363898,9379.950315363898,0.0,0,False,63848.0,0.0,8902.9866369328,-0.005593149170995404,-0.07463797745007439
2026-06-21 21:00:00+00:00,9379.950315363898,9379.950315363898,0.0,0,False,63808.01,0.0,8897.41041785607,-0.0006263312868062254,-0.07463797745007439
2026-06-21 22:00:00+00:00,9379.950315363898,9379.950315363898,0.0,0,False,63801.59,0.0,8896.515210892514,-0.00010061432726082842,-0.07463797745007439
2026-06-21 23:00:00+00:00,9379.950315363898,9379.950315363898,0.0,0,False,63311.99,0.0,8828.245221896112,-0.007673789947868048,-0.07463797745007439
2026-06-22 00:00:00+00:00,9379.950315363898,9379.950315363898,0.0,0,False,63896.01,0.0,8909.681167512286,0.009224477069825099,-0.07463797745007439
2026-06-22 01:00:00+00:00,9379.950315363898,9379.950315363898,0.0,0,False,64606.0,0.0,9008.68241238066,0.011111648442523991,-0.07463797745007439
2026-06-22 02:00:00+00:00,9379.950315363898,9379.950315363898,0.0,0,False,64257.99,0.0,8960.155780700436,-0.005386651394607256,-0.07463797745007439
2026-06-22 03:00:00+00:00,9379.950315363898,9379.950315363898,0.0,0,False,63974.01,0.0,8920.557513798478,-0.004419372594754445,-0.07463797745007439
2026-06-22 04:00:00+00:00,9379.950315363898,9379.950315363898,0.0,0,False,64100.02,0.0,8938.128390664158,0.001969706135350968,-0.07463797745007439
2026-06-22 05:00:00+00:00,9379.950315363898,9379.950315363898,0.0,0,False,64247.74,0.0,8958.72651724616,0.0023045234619269994,-0.07463797745007439
2026-06-22 06:00:00+00:00,9379.950315363898,9379.950315363898,0.0,0,False,63989.95,0.0,8922.780192770297,-0.0040124368577011404,-0.07463797745007439
2026-06-22 07:00:00+00:00,9379.950315363898,9379.950315363898,0.0,0,False,64211.19,0.0,8953.62997292872,0.0034574179226583013,-0.07463797745007439
2026-06-22 08:00:00+00:00,9379.950315363898,9379.950315363898,0.0,0,False,64165.99,0.0,8947.32726969621,-0.0007039271503922473,-0.07463797745007439
2026-06-22 09:00:00+00:00,9379.950315363898,9379.950315363898,0.0,0,False,64145.39,0.0,8944.454798753959,-0.00032104234657648334,-0.07463797745007439
2026-06-22 10:00:00+00:00,9379.950315363898,9379.950315363898,0.0,0,False,64139.21,0.0,8943.593057471284,-9.634363435939708e-05,-0.07463797745007439
2026-06-22 11:00:00+00:00,9379.950315363898,9379.950315363898,0.0,0,False,64657.22,0.0,9015.824546441925,0.0080763389508538,-0.07463797745007439
2026-06-22 12:00:00+00:00,9379.950315363898,9379.950315363898,0.0,0,False,65149.57,0.0,9084.477996365085,0.007614772178575091,-0.07463797745007439
2026-06-22 13:00:00+00:00,9379.950315363898,9379.950315363898,0.0,0,False,65578.0,0.0,9144.218419947047,0.006576098660359353,-0.07463797745007439
2026-06-22 14:00:00+00:00,9300.918877449094,1800.9868549944194,0.11541839041678074,1,False,64980.39,-0.008425571059300196,9060.887480151008,-0.009112964713776095,-0.08243468092664663
2026-06-22 15:00:00+00:00,9268.605067647199,9268.605067647199,0.0,0,False,64836.95,-0.0034742599336333724,9040.886158211377,-0.0022074351969878503,-0.08562254135119463
2026-06-22 16:00:00+00:00,9268.605067647199,9268.605067647199,0.0,0,False,64719.77,0.0,9024.54653952143,-0.0018073027802817387,-0.08562254135119463
2026-06-22 17:00:00+00:00,9268.605067647199,9268.605067647199,0.0,0,False,64602.0,0.0,9008.124651032651,-0.001819691262808898,-0.08562254135119463
2026-06-22 18:00:00+00:00,9268.605067647199,9268.605067647199,0.0,0,False,64334.01,0.0,8970.756035119362,-0.00414832358131334,-0.08562254135119463
2026-06-22 19:00:00+00:00,9268.605067647199,9268.605067647199,0.0,0,False,64472.0,0.0,8989.99740722233,0.002144899719448423,-0.08562254135119463
2026-06-22 20:00:00+00:00,9268.605067647199,9268.605067647199,0.0,0,False,64433.8,0.0,8984.670786348837,-0.0005925052736071024,-0.08562254135119463
2026-06-22 21:00:00+00:00,9268.605067647199,9268.605067647199,0.0,0,False,64320.57,0.0,8968.88195699005,-0.0017573075001008354,-0.08562254135119463
2026-06-22 22:00:00+00:00,9268.605067647199,9268.605067647199,0.0,0,False,63971.12,0.0,8920.154531224542,-0.005432943147114511,-0.08562254135119463
2026-06-22 23:00:00+00:00,9268.605067647199,9268.605067647199,0.0,0,False,64020.01,0.0,8926.971769300591,0.0007642511183170164,-0.08562254135119463
2026-06-23 00:00:00+00:00,9268.605067647199,9268.605067647199,0.0,0,False,64154.99,0.0,8945.793425989183,0.002108403294532435,-0.08562254135119463
2026-06-23 01:00:00+00:00,9268.605067647199,9268.605067647199,0.0,0,False,64156.0,0.0,8945.934260729555,1.5743124579969958e-05,-0.08562254135119463
2026-06-23 02:00:00+00:00,9268.605067647199,9268.605067647199,0.0,0,False,64204.01,0.0,8952.628791309044,0.0007483321902863604,-0.08562254135119463
2026-06-23 03:00:00+00:00,9268.605067647199,9268.605067647199,0.0,0,False,64065.35,0.0,8933.293994180282,-0.002159678188325187,-0.08562254135119463
2026-06-23 04:00:00+00:00,9268.605067647199,9268.605067647199,0.0,0,False,63623.02,0.0,8871.615349913985,-0.006904356254980204,-0.08562254135119463
2026-06-23 05:00:00+00:00,9268.605067647199,9268.605067647199,0.0,0,False,63400.0,0.0,8840.517365955699,-0.0035053350186771137,-0.08562254135119463
2026-06-23 06:00:00+00:00,9268.605067647199,9268.605067647199,0.0,0,False,62936.01,0.0,8775.818443989929,-0.007318454258675167,-0.08562254135119463
2026-06-23 07:00:00+00:00,9268.605067647199,9268.605067647199,0.0,0,False,62886.03,0.0,8768.849215946546,-0.0007941399526281145,-0.08562254135119463
2026-06-23 08:00:00+00:00,9268.605067647199,9268.605067647199,0.0,0,False,62385.99,0.0,8699.123469831839,-0.007951527549123316,-0.08562254135119463
2026-06-23 09:00:00+00:00,9268.605067647199,9268.605067647199,0.0,0,False,62386.0,0.0,8699.124864235207,1.6029239890968938e-07,-0.08562254135119463
2026-06-23 10:00:00+00:00,9268.605067647199,9268.605067647199,0.0,0,False,62328.01,0.0,8691.038719092436,-0.0009295354727021365,-0.08562254135119463
2026-06-23 11:00:00+00:00,9268.605067647199,9268.605067647199,0.0,0,False,62507.06,0.0,8716.005511432726,0.002872705225146932,-0.08562254135119463
2026-06-23 12:00:00+00:00,9268.605067647199,9268.605067647199,0.0,0,False,62256.6,0.0,8681.08128462709,-0.00400690737974263,-0.08562254135119463
2026-06-23 13:00:00+00:00,9268.605067647199,9268.605067647199,0.0,0,False,62475.99,0.0,8711.67310016206,0.003523963724328061,-0.08562254135119463
2026-06-23 14:00:00+00:00,9268.605067647199,9268.605067647199,0.0,0,False,62493.63,0.0,8714.132827706782,0.000282348466987159,-0.08562254135119463
2026-06-23 15:00:00+00:00,9268.605067647199,9268.605067647199,0.0,0,False,62487.79,0.0,8713.318496138689,-9.344952437539966e-05,-0.08562254135119463
2026-06-23 16:00:00+00:00,9268.605067647199,9268.605067647199,0.0,0,False,62558.0,0.0,8723.10860219963,0.001123579502491534,-0.08562254135119463
2026-06-23 17:00:00+00:00,9268.605067647199,9268.605067647199,0.0,0,False,62358.02,0.0,8695.22332360588,-0.0031967134499184535,-0.08562254135119463
2026-06-23 18:00:00+00:00,9268.605067647199,9268.605067647199,0.0,0,False,62241.99,0.0,8679.044061303484,-0.0018607069307204904,-0.08562254135119463
2026-06-23 19:00:00+00:00,9268.605067647199,9268.605067647199,0.0,0,False,62388.49,0.0,8699.472070674345,0.002353716518382676,-0.08562254135119463
2026-06-23 20:00:00+00:00,9268.605067647199,9268.605067647199,0.0,0,False,62470.7,0.0,8710.935460779316,0.0013177110072706277,-0.08562254135119463
2026-06-23 21:00:00+00:00,9268.605067647199,9268.605067647199,0.0,0,False,62599.77,0.0,8728.933025076223,0.0020660885823273745,-0.08562254135119463
2026-06-23 22:00:00+00:00,9268.605067647199,9268.605067647199,0.0,0,False,62590.0,0.0,8727.570692983709,-0.0001560708609632533,-0.08562254135119463
2026-06-23 23:00:00+00:00,9268.605067647199,9268.605067647199,0.0,0,False,62734.57,0.0,8747.729582504155,0.0023097938967886478,-0.08562254135119463
2026-06-24 00:00:00+00:00,9268.605067647199,9268.605067647199,0.0,0,False,63014.0,0.0,8786.693395872751,0.004454162991792243,-0.08562254135119463
2026-06-24 01:00:00+00:00,9268.605067647199,9268.605067647199,0.0,0,False,62932.19,0.0,8775.28578190258,-0.0012982829212556668,-0.08562254135119463
2026-06-24 02:00:00+00:00,9268.605067647199,9268.605067647199,0.0,0,False,62630.0,0.0,8733.148306463807,-0.004801835118085074,-0.08562254135119463
2026-06-24 03:00:00+00:00,9268.605067647199,9268.605067647199,0.0,0,False,62729.78,0.0,8747.061663289913,0.0015931662142742997,-0.08562254135119463
2026-06-24 04:00:00+00:00,9268.605067647199,9268.605067647199,0.0,0,False,62744.42,0.0,8749.103069823628,0.00023338197583333553,-0.08562254135119463
2026-06-24 05:00:00+00:00,9268.605067647199,9268.605067647199,0.0,0,False,62890.0,0.0,8769.402794084446,0.0023202063227296676,-0.08562254135119463
2026-06-24 06:00:00+00:00,9268.605067647199,9268.605067647199,0.0,0,False,62780.0,0.0,8754.064357014176,-0.0017490857051994935,-0.08562254135119463
2026-06-24 07:00:00+00:00,9268.605067647199,9268.605067647199,0.0,0,False,62657.99,0.0,8737.051241496507,-0.0019434533290857425,-0.08562254135119463
2026-06-24 08:00:00+00:00,9268.605067647199,9268.605067647199,0.0,0,False,62800.0,0.0,8756.853163754226,0.0022664308255020416,-0.08562254135119463
2026-06-24 09:00:00+00:00,9268.605067647199,9268.605067647199,0.0,0,False,62681.7,0.0,8740.357371886834,-0.0018837579617835276,-0.08562254135119463
2026-06-24 10:00:00+00:00,9268.605067647199,9268.605067647199,0.0,0,False,62445.99,0.0,8707.489890051986,-0.003760427684635137,-0.08562254135119463
2026-06-24 11:00:00+00:00,9268.605067647199,9268.605067647199,0.0,0,False,62921.19,0.0,8773.751938195552,0.007609776064083418,-0.08562254135119463
2026-06-24 12:00:00+00:00,9268.605067647199,9268.605067647199,0.0,0,False,62618.31,0.0,8731.518248924249,-0.004813640682892251,-0.08562254135119463
2026-06-24 13:00:00+00:00,9268.605067647199,9268.605067647199,0.0,0,False,61338.01,0.0,8552.992785460005,-0.020446096357439214,-0.08562254135119463
2026-06-24 14:00:00+00:00,9268.605067647199,9268.605067647199,0.0,0,False,61113.1,0.0,8521.631259264781,-0.0036667312813051245,-0.08562254135119463
2026-06-24 15:00:00+00:00,9268.605067647199,9268.605067647199,0.0,0,False,60250.0,0.0,8401.280304397962,-0.014122994906165753,-0.08562254135119463
2026-06-24 16:00:00+00:00,9268.605067647199,9268.605067647199,0.0,0,False,59850.0,0.0,8345.50416959698,-0.006639004149377681,-0.08562254135119463
2026-06-24 17:00:00+00:00,9268.605067647199,9268.605067647199,0.0,0,False,59404.0,0.0,8283.313779293885,-0.007451963241436821,-0.08562254135119463
2026-06-24 18:00:00+00:00,9268.605067647199,9268.605067647199,0.0,0,False,59599.99,0.0,8310.642690942996,0.0032992727762439777,-0.08562254135119463
2026-06-24 19:00:00+00:00,9268.605067647199,9268.605067647199,0.0,0,False,59958.3,0.0,8360.605558094347,0.006011913760388454,-0.08562254135119463
2026-06-24 20:00:00+00:00,9268.605067647199,9268.605067647199,0.0,0,False,60956.0,0.0,8499.725182321696,0.01663989806248667,-0.08562254135119463
2026-06-24 21:00:00+00:00,9268.605067647199,9268.605067647199,0.0,0,False,61110.0,0.0,8521.198994220074,0.0025264124942581123,-0.08562254135119463
2026-06-24 22:00:00+00:00,9268.605067647199,9268.605067647199,0.0,0,False,60873.99,0.0,8488.289680284124,-0.0038620520373098266,-0.08562254135119463
2026-06-24 23:00:00+00:00,9268.605067647199,9268.605067647199,0.0,0,False,61077.99,0.0,8516.735509032625,0.003351184964218712,-0.08562254135119463
2026-06-25 00:00:00+00:00,9268.605067647199,9268.605067647199,0.0,0,False,60832.0,0.0,8482.434580533392,-0.00402747372662382,-0.08562254135119463
2026-06-25 01:00:00+00:00,9268.605067647199,9268.605067647199,0.0,0,False,60928.0,0.0,8495.820852885628,0.0015781167806419027,-0.08562254135119463
2026-06-25 02:00:00+00:00,9268.605067647199,9268.605067647199,0.0,0,False,60799.08,0.0,8477.844204639272,-0.0021159401260504307,-0.08562254135119463
2026-06-25 03:00:00+00:00,9268.605067647199,9268.605067647199,0.0,0,False,60883.65,0.0,8489.636673939569,0.0013909749950162809,-0.08562254135119463
2026-06-25 04:00:00+00:00,9268.605067647199,9268.605067647199,0.0,0,False,61357.63,0.0,8555.728604871993,0.00778501288933886,-0.08562254135119463
2026-06-25 05:00:00+00:00,9268.605067647199,9268.605067647199,0.0,0,False,61600.01,0.0,8589.526153754648,0.003950282955844431,-0.08562254135119463
2026-06-25 06:00:00+00:00,9268.605067647199,9268.605067647199,0.0,0,False,61732.06,0.0,8607.939250255822,0.002143668483170602,-0.08562254135119463
2026-06-25 07:00:00+00:00,9268.605067647199,9268.605067647199,0.0,0,False,61911.04,0.0,8632.896281772522,0.002899303862531122,-0.08562254135119463
2026-06-25 08:00:00+00:00,9268.605067647199,9268.605067647199,0.0,0,False,61712.35,0.0,8605.190881213503,-0.0032092822217170136,-0.08562254135119463
2026-06-25 09:00:00+00:00,9268.605067647199,9268.605067647199,0.0,0,False,61739.29,0.0,8608.94740389235,0.0004365414702245385,-0.08562254135119463
2026-06-25 10:00:00+00:00,9268.605067647199,9268.605067647199,0.0,0,False,61269.94,0.0,8543.501081720247,-0.007602128239570072,-0.08562254135119463
2026-06-25 11:00:00+00:00,9268.605067647199,9268.605067647199,0.0,0,False,61282.01,0.0,8545.184126587867,0.00019699709188536474,-0.08562254135119463
2026-06-25 12:00:00+00:00,9268.605067647199,9268.605067647199,0.0,0,False,61244.01,0.0,8539.885393781773,-0.0006200840997219181,-0.08562254135119463
2026-06-25 13:00:00+00:00,9161.373010222776,9161.373010222776,0.0,0,False,58290.17,-0.011569384674585459,8128.000948730439,-0.04823067594692121,-0.09620132590807251
2026-06-25 14:00:00+00:00,9161.373010222776,9161.373010222776,0.0,0,False,59471.5,0.0,8292.72600204155,0.02026636738235643,-0.09620132590807251
2026-06-25 15:00:00+00:00,9161.373010222776,9161.373010222776,0.0,0,False,59557.99,0.0,8304.786196788893,0.0014543100476698267,-0.09620132590807251
2026-06-25 16:00:00+00:00,9161.373010222776,9161.373010222776,0.0,0,False,59312.64,0.0,8270.57451010534,-0.004119514442982419,-0.09620132590807251
2026-06-25 17:00:00+00:00,9161.373010222776,9161.373010222776,0.0,0,False,59676.01,0.0,8321.242945361922,0.006126350133799585,-0.09620132590807251
2026-06-25 18:00:00+00:00,9161.373010222776,9161.373010222776,0.0,0,False,59512.71,0.0,8298.472338329422,-0.0027364430028079534,-0.09620132590807251
2026-06-25 19:00:00+00:00,9161.373010222776,9161.373010222776,0.0,0,False,59320.0,0.0,8271.600790985678,-0.003238131820917034,-0.09620132590807251
2026-06-25 20:00:00+00:00,9161.373010222776,9161.373010222776,0.0,0,False,59456.62,0.0,8290.651129826954,0.0023031018206338683,-0.09620132590807251
2026-06-25 21:00:00+00:00,9161.373010222776,9161.373010222776,0.0,0,False,60211.87,0.0,8395.963444348059,0.012702538422130205,-0.09620132590807251
2026-06-25 22:00:00+00:00,9161.373010222776,9161.373010222776,0.0,0,False,59851.27,0.0,8345.681258824974,-0.005988852364160024,-0.09620132590807251
2026-06-25 23:00:00+00:00,9161.373010222776,9161.373010222776,0.0,0,False,59794.0,0.0,8337.695510724843,-0.0009568719260260039,-0.09620132590807251
2026-06-26 00:00:00+00:00,9161.373010222776,9161.373010222776,0.0,0,False,59667.09,0.0,8319.99913755586,-0.0021224537579023206,-0.09620132590807251
2026-06-26 01:00:00+00:00,9161.373010222776,9161.373010222776,0.0,0,False,59431.5,0.0,8287.148388561453,-0.003948407740347215,-0.09620132590807251
2026-06-26 02:00:00+00:00,9161.373010222776,9161.373010222776,0.0,0,False,58561.99,0.0,8165.903621134447,-0.014630456912580025,-0.09620132590807251
2026-06-26 03:00:00+00:00,9161.373010222776,9161.373010222776,0.0,0,False,60036.01,0.0,8371.441466682807,0.02517025121584826,-0.09620132590807251
2026-06-26 04:00:00+00:00,9161.373010222776,9161.373010222776,0.0,0,False,59920.47,0.0,8355.330530145544,-0.0019245116389312589,-0.09620132590807251
2026-06-26 05:00:00+00:00,9161.373010222776,9161.373010222776,0.0,0,False,59953.3,0.0,8359.908356409334,0.0005478928987039389,-0.09620132590807251
2026-06-26 06:00:00+00:00,9161.373010222776,9161.373010222776,0.0,0,False,60324.0,0.0,8411.598889336145,0.0061831458818779605,-0.09620132590807251
2026-06-26 07:00:00+00:00,9161.373010222776,9161.373010222776,0.0,0,False,60532.0,0.0,8440.602479432655,0.003448047211723315,-0.09620132590807251
2026-06-26 08:00:00+00:00,9161.373010222776,9161.373010222776,0.0,0,False,60245.67,0.0,8400.676527738742,-0.004730225335359717,-0.09620132590807251
2026-06-26 09:00:00+00:00,9161.373010222776,9161.373010222776,0.0,0,False,59736.01,0.0,8329.60936558207,-0.00845969511169864,-0.09620132590807251
2026-06-26 10:00:00+00:00,9126.64269965462,5034.943846036298,0.06898455511665218,1,False,59313.26,-0.0037909503880479978,8270.660963114282,-0.007076970825470208,-0.09962758184233855
2026-06-26 11:00:00+00:00,9121.140240552118,9121.140240552118,0.0,0,False,59413.24,-0.000602900681398344,8284.602208007787,0.0016856264518254616,-0.1001704169867581
2026-06-26 12:00:00+00:00,9121.140240552118,9121.140240552118,0.0,0,False,59185.02,0.0,8252.779134297087,-0.0038412313484335048,-0.1001704169867581
2026-06-26 13:00:00+00:00,9121.140240552118,9121.140240552118,0.0,0,False,60175.43,0.0,8390.88223846769,0.01673413306272442,-0.1001704169867581
2026-06-26 14:00:00+00:00,9121.140240552118,9121.140240552118,0.0,0,False,59590.73,0.0,8309.351473422354,-0.009716590309367112,-0.1001704169867581
2026-06-26 15:00:00+00:00,9121.140240552118,9121.140240552118,0.0,0,False,60328.32,0.0,8412.201271591995,0.012377596314057548,-0.1001704169867581
2026-06-26 16:00:00+00:00,9121.140240552118,9121.140240552118,0.0,0,False,60041.75,0.0,8372.241854217202,-0.00475017371609221,-0.1001704169867581
2026-06-26 17:00:00+00:00,9121.140240552118,9121.140240552118,0.0,0,False,60023.97,0.0,8369.762605025297,-0.00029612727810246486,-0.1001704169867581
2026-06-26 18:00:00+00:00,9121.140240552118,9121.140240552118,0.0,0,False,59668.01,0.0,8320.127422665904,-0.0059302975128100455,-0.1001704169867581
2026-06-26 19:00:00+00:00,9121.140240552118,9121.140240552118,0.0,0,False,59751.97,0.0,8331.83483336063,0.0014071191581552789,-0.1001704169867581
2026-06-26 20:00:00+00:00,9121.140240552118,9121.140240552118,0.0,0,False,59718.0,0.0,8327.098045112656,-0.0005685168204496716,-0.1001704169867581
2026-06-26 21:00:00+00:00,9121.140240552118,9121.140240552118,0.0,0,False,59918.7,0.0,8355.08372074905,0.00336079573997794,-0.1001704169867581
2026-06-26 22:00:00+00:00,9121.140240552118,9121.140240552118,0.0,0,False,60048.0,0.0,8373.113356323467,0.0021579239870024303,-0.1001704169867581
2026-06-26 23:00:00+00:00,9118.729905828317,4788.228385197389,0.07205820698063205,1,False,60097.27,-0.00026425804890983784,8379.983581727578,0.0008205102584599722,-0.10040820419671659
2026-06-27 00:00:00+00:00,9115.977282321659,4788.228385197389,0.07205820698063205,1,False,60059.07,-0.00030186479203631045,8374.656960854085,-0.0006356361944559463,-0.10067975928707429
2026-06-27 01:00:00+00:00,9107.795793501076,4788.228385197389,0.07205820698063205,1,False,59945.53,-0.0008974889435550137,8358.824904990825,-0.001890472163488588,-0.1014868892598294
2026-06-27 02:00:00+00:00,9101.842760320276,9101.842760320276,0.0,0,False,60290.01,-0.0006536195272458523,8406.85931228143,0.005746550243195925,-0.10207417497449556
2026-06-27 03:00:00+00:00,9101.842760320276,9101.842760320276,0.0,0,False,60305.73,0.0,8409.051314379109,0.0002607397145895085,-0.10207417497449556
2026-06-27 04:00:00+00:00,9101.842760320276,9101.842760320276,0.0,0,False,60239.99,0.0,8399.884506624569,-0.0010901120009655374,-0.10207417497449556
2026-06-27 05:00:00+00:00,9101.842760320276,9101.842760320276,0.0,0,False,60236.76,0.0,8399.43411433605,-5.361886680255168e-05,-0.10207417497449556
2026-06-27 06:00:00+00:00,9101.842760320276,9101.842760320276,0.0,0,False,60370.62,0.0,8418.0995978472,0.0022222310761734754,-0.10207417497449556
2026-06-27 07:00:00+00:00,9101.842760320276,9101.842760320276,0.0,0,False,60548.07,0.0,8442.843285648285,0.002939343674124739,-0.10207417497449556
2026-06-27 08:00:00+00:00,9101.842760320276,9101.842760320276,0.0,0,False,60456.0,0.0,8430.005013820468,-0.0015206099880641366,-0.10207417497449556
2026-06-27 09:00:00+00:00,9089.103392344037,2844.8829747469654,0.1033561150860019,1,False,60414.62,-0.0013996471167110336,8424.234972675307,-0.0006844647346829769,-0.10333095426651284
2026-06-27 10:00:00+00:00,9089.688387955424,2844.8829747469654,0.1033561150860019,1,False,60420.28,6.436230133322063e-05,8425.024204982741,9.368593231240396e-05,-0.10327324258319515
2026-06-27 11:00:00+00:00,9083.835331158105,2844.8829747469654,0.1033561150860019,1,False,60363.65,-0.0006439227119243718,8417.127698698292,-0.0009372680828357849,-0.10385066530868614
2026-06-27 12:00:00+00:00,9090.693009394061,2844.8829747469654,0.1033561150860019,1,False,60430.0,0.00075493202881316,8426.379565058405,0.001099171438440294,-0.10317413347332804
2026-06-27 13:00:00+00:00,9107.059450217928,2844.8829747469654,0.1033561150860019,1,False,60588.35,0.0018003512831150648,8448.459942422742,0.002620387224887999,-0.10155953187379596
2026-06-27 14:00:00+00:00,9109.45214428217,2844.8829747469654,0.1033561150860019,1,False,60611.5,0.00026272959755235803,8451.68798622435,0.0003820866552728397,-0.10132348497118038
2026-06-27 15:00:00+00:00,9133.075217946225,2844.8829747469654,0.1033561150860019,1,False,60840.06,0.002593248560933903,8483.558469649632,0.003770901561584994,-0.09899299339183687
2026-06-27 16:00:00+00:00,9129.760587335419,2844.8829747469654,0.1033561150860019,1,False,60807.99,-0.00036292601689003057,8479.086618041963,-0.0005271197957398277,-0.09931999227593524
2026-06-27 17:00:00+00:00,9100.499437593418,2844.8829747469654,0.1033561150860019,1,False,60524.88,-0.003205029251543645,8439.609664233198,-0.004655802633831585,-0.10220669804697136
2026-06-27 18:00:00+00:00,9105.251751765074,2844.8829747469654,0.1033561150860019,1,False,60570.86,0.0005222036663201646,8446.021130928571,0.0007596875863282726,-0.10173786709309385
2026-06-27 19:00:00+00:00,9064.435388356462,2844.8829747469654,0.1033561150860019,1,False,60175.95,-0.004482727608349779,8390.954747442931,-0.006519801766063815,-0.10576453155581078
2026-06-27 20:00:00+00:00,9077.256714432879,2844.8829747469654,0.1033561150860019,1,False,60300.0,0.0014144649420619881,8408.252321248085,0.0020614547838462283,-0.10449966683574807
2026-06-27 21:00:00+00:00,9067.315923283908,2844.8829747469654,0.1033561150860019,1,False,60203.82,-0.0010951316528444721,8394.84094963519,-0.0015950248756216867,-0.10548035759572905
2026-06-27 22:00:00+00:00,9069.913262456019,2844.8829747469654,0.1033561150860019,1,False,60228.95,0.00028645071971533653,8398.345085304061,0.0004174153733100816,-0.10522412180036278
2026-06-27 23:00:00+00:00,9061.535045944376,9061.535045944376,0.0,0,False,60029.0,-0.0009237372253959597,8370.46398992042,-0.0033198320741106846,-0.10605065958744209
2026-06-28 00:00:00+00:00,9061.535045944376,9061.535045944376,0.0,0,False,60146.0,0.0,8386.778509349708,0.0019490579553216314,-0.10605065958744209
2026-06-28 01:00:00+00:00,9061.535045944376,9061.535045944376,0.0,0,False,60222.22,0.0,8397.406651836034,0.0012672496924150956,-0.10605065958744209
2026-06-28 02:00:00+00:00,9061.535045944376,9061.535045944376,0.0,0,False,60150.45,0.0,8387.399018849368,-0.0011917528115037435,-0.10605065958744209
2026-06-28 03:00:00+00:00,9061.535045944376,9061.535045944376,0.0,0,False,60197.04,0.0,8393.895544150313,0.0007745577963258476,-0.10605065958744209
2026-06-28 04:00:00+00:00,9061.535045944376,9061.535045944376,0.0,0,False,60133.0,0.0,8384.965784968676,-0.0010638396838117403,-0.10605065958744209
2026-06-28 05:00:00+00:00,9061.535045944376,9061.535045944376,0.0,0,False,59989.17,0.0,8364.910081297612,-0.002391864699915258,-0.10605065958744209
2026-06-28 06:00:00+00:00,9061.535045944376,9061.535045944376,0.0,0,False,60002.82,0.0,8366.813441897695,0.00022754107116318423,-0.10605065958744209
2026-06-28 07:00:00+00:00,9061.535045944376,9061.535045944376,0.0,0,False,60219.99,0.0,8397.09569988452,0.003619329891495271,-0.10605065958744209
2026-06-28 08:00:00+00:00,9061.535045944376,9061.535045944376,0.0,0,False,60370.0,0.0,8418.013144838258,0.002491033293097633,-0.10605065958744209
2026-06-28 09:00:00+00:00,9061.535045944376,9061.535045944376,0.0,0,False,60258.84,0.0,8402.512956977063,-0.0018413119098892317,-0.10605065958744209
2026-06-28 10:00:00+00:00,9061.535045944376,9061.535045944376,0.0,0,False,60166.71,0.0,8389.666318729027,-0.0015289043068204,-0.10605065958744209
2026-06-28 11:00:00+00:00,9061.535045944376,9061.535045944376,0.0,0,False,60342.0,0.0,8414.108815402189,0.00291340510391902,-0.10605065958744209
2026-06-28 12:00:00+00:00,9061.535045944376,9061.535045944376,0.0,0,False,60293.51,0.0,8407.34735346094,-0.0008035862251830617,-0.10605065958744209
2026-06-28 13:00:00+00:00,9061.535045944376,9061.535045944376,0.0,0,False,60071.88,0.0,8376.443191571085,-0.0036758516795589724,-0.10605065958744209
2026-06-28 14:00:00+00:00,9061.535045944376,9061.535045944376,0.0,0,False,60033.0,0.0,8371.02175126843,-0.0006472246248993008,-0.10605065958744209
2026-06-28 15:00:00+00:00,9061.535045944376,9061.535045944376,0.0,0,False,59890.0,0.0,8351.08178307708,-0.002382023220562024,-0.10605065958744209
2026-06-28 16:00:00+00:00,9061.535045944376,9061.535045944376,0.0,0,False,59690.62,0.0,8323.28016868553,-0.003329103356152996,-0.10605065958744209
2026-06-28 17:00:00+00:00,9061.535045944376,9061.535045944376,0.0,0,False,59586.01,0.0,8308.693315031702,-0.00175253666321451,-0.10605065958744209
2026-06-28 18:00:00+00:00,9061.535045944376,9061.535045944376,0.0,0,False,59614.46,0.0,8312.660392619422,0.00047746106846235925,-0.10605065958744209
2026-06-28 19:00:00+00:00,9061.535045944376,9061.535045944376,0.0,0,False,59481.79,0.0,8294.160843109306,-0.0022254667743363266,-0.10605065958744209
2026-06-28 20:00:00+00:00,9061.535045944376,9061.535045944376,0.0,0,False,59660.0,0.0,8319.010505566514,0.0029960429906361608,-0.10605065958744209
2026-06-28 21:00:00+00:00,9061.535045944376,9061.535045944376,0.0,0,False,59445.95,0.0,8289.163301431137,-0.003587831042574652,-0.10605065958744209
2026-06-28 22:00:00+00:00,9061.535045944376,9061.535045944376,0.0,0,False,59067.01,0.0,8236.323780127428,-0.006374530140404677,-0.10605065958744209
2026-06-28 23:00:00+00:00,9061.535045944376,9061.535045944376,0.0,0,False,59577.01,0.0,8307.43835199868,0.008634261324553139,-0.10605065958744209
2026-06-29 00:00:00+00:00,9061.535045944376,9061.535045944376,0.0,0,False,59667.01,0.0,8319.987982328901,0.001510649829523203,-0.10605065958744209
2026-06-29 01:00:00+00:00,9061.535045944376,9061.535045944376,0.0,0,False,59440.95,0.0,8288.466099746125,-0.0037886932829381825,-0.10605065958744209
2026-06-29 02:00:00+00:00,9061.535045944376,9061.535045944376,0.0,0,False,59757.46,0.0,8332.600360810773,0.005324780307178978,-0.10605065958744209
2026-06-29 03:00:00+00:00,9061.535045944376,9061.535045944376,0.0,0,False,60049.46,0.0,8373.31693921549,0.004886419201887149,-0.10605065958744209
2026-06-29 04:00:00+00:00,9061.535045944376,9061.535045944376,0.0,0,False,59830.0,0.0,8342.71536285693,-0.0036546540135415917,-0.10605065958744209
2026-06-29 05:00:00+00:00,9061.535045944376,9061.535045944376,0.0,0,False,60102.8,0.0,8380.7546867912,0.004559585492228013,-0.10605065958744209
2026-06-29 06:00:00+00:00,9061.535045944376,9061.535045944376,0.0,0,False,60075.49,0.0,8376.946571187664,-0.00045438814830589536,-0.10605065958744209
2026-06-29 07:00:00+00:00,9061.535045944376,9061.535045944376,0.0,0,False,60026.0,0.0,8370.045668909412,-0.000823796859584558,-0.10605065958744209
2026-06-29 08:00:00+00:00,9061.535045944376,9061.535045944376,0.0,0,False,59840.0,0.0,8344.109766226955,-0.003098657248525649,-0.10605065958744209
2026-06-29 09:00:00+00:00,9061.535045944376,9061.535045944376,0.0,0,False,60057.0,0.0,8374.368319356488,0.0036263368983957545,-0.10605065958744209
2026-06-29 10:00:00+00:00,9061.535045944376,9061.535045944376,0.0,0,False,60088.0,0.0,8378.690969803565,0.0005161762991825469,-0.10605065958744209
2026-06-29 11:00:00+00:00,9061.535045944376,9061.535045944376,0.0,0,False,59956.05,0.0,8360.29181733609,-0.002195945945946076,-0.10605065958744209
2026-06-29 12:00:00+00:00,9061.535045944376,9061.535045944376,0.0,0,False,59948.78,0.0,8359.278086086084,-0.00012125548631025662,-0.10605065958744209
2026-06-29 13:00:00+00:00,9061.535045944376,9061.535045944376,0.0,0,False,59580.0,0.0,8307.855278606317,-0.006151584736169835,-0.10605065958744209
2026-06-29 14:00:00+00:00,9061.535045944376,9061.535045944376,0.0,0,False,59469.67,0.0,8292.470826224835,-0.0018517959046661092,-0.10605065958744209
2026-06-29 15:00:00+00:00,9061.535045944376,9061.535045944376,0.0,0,False,59824.01,0.0,8341.880115238286,0.005958331364542602,-0.10605065958744209
2026-06-29 16:00:00+00:00,9061.535045944376,9061.535045944376,0.0,0,False,59892.86,0.0,8351.480582440907,0.0011508757102711709,-0.10605065958744209
2026-06-29 17:00:00+00:00,9061.535045944376,9061.535045944376,0.0,0,False,60413.99,0.0,8424.147125262994,0.00870103715200754,-0.10605065958744209
2026-06-29 18:00:00+00:00,9061.535045944376,9061.535045944376,0.0,0,False,60295.0,0.0,8407.555119563072,-0.0019695769142213937,-0.10605065958744209
2026-06-29 19:00:00+00:00,9066.282595787849,4003.5052178473225,0.0837743671255876,1,False,60433.49,0.0005239233550828892,8426.866211834544,0.0022968737042874388,-0.105582298649739
2026-06-29 20:00:00+00:00,9054.764458051752,4003.5052178473225,0.0837743671255876,1,False,60296.0,-0.0012704366552006574,8407.694559900076,-0.0022750630486507717,-0.10671859968259478
2026-06-29 21:00:00+00:00,9070.155484780065,4003.5052178473225,0.0837743671255876,1,False,60479.72,0.0016997710762787221,8433.312538614167,0.0030469682897704686,-0.10520022579535737
2026-06-29 22:00:00+00:00,9059.481792664594,4003.5052178473225,0.0837743671255876,1,False,60352.31,-0.00117679262868009,8415.546445276685,-0.002106656578436561,-0.10625321957378608
2026-06-29 23:00:00+00:00,9051.766173452328,4003.5052178473225,0.0837743671255876,1,False,60260.21,-0.0008516623123535627,8402.703990238757,-0.0015260393512693815,-0.10701439002346236
2026-06-30 00:00:00+00:00,9016.396635651905,4003.5052178473225,0.0837743671255876,1,False,59838.01,-0.003907473649082727,8343.832279956321,-0.00700628159111949,-0.11050370776345575
2026-06-30 01:00:00+00:00,9024.935756893015,4003.5052178473225,0.0837743671255876,1,False,59939.94,0.0009470658386239172,8358.04543350698,0.0017034323166829068,-0.10966129621149578
2026-06-30 02:00:00+00:00,9018.114762718487,9018.114762718487,0.0,0,False,59948.24,-0.0007557942082101476,8359.202788304101,0.00013847194374894123,-0.1103342090471644
2026-06-30 03:00:00+00:00,9018.114762718487,9018.114762718487,0.0,0,False,59627.48,0.0,8314.475905807194,-0.005350615797894864,-0.1103342090471644
2026-06-30 04:00:00+00:00,9018.114762718487,9018.114762718487,0.0,0,False,59492.01,0.0,8295.585923353472,-0.0022719390455541166,-0.1103342090471644
2026-06-30 05:00:00+00:00,9018.114762718487,9018.114762718487,0.0,0,False,59652.13,0.0,8317.913110114303,0.0026914538607787364,-0.1103342090471644
2026-06-30 06:00:00+00:00,9018.114762718487,9018.114762718487,0.0,0,False,59592.0,0.0,8309.528562650346,-0.0010080109461303444,-0.1103342090471644
2026-06-30 07:00:00+00:00,9018.114762718487,9018.114762718487,0.0,0,False,59524.01,0.0,8300.04801413755,-0.0011409249563698598,-0.1103342090471644
2026-06-30 08:00:00+00:00,9018.114762718487,9018.114762718487,0.0,0,False,59311.92,0.0,8270.474113062699,-0.0035630999994792356,-0.1103342090471644
2026-06-30 09:00:00+00:00,9018.114762718487,9018.114762718487,0.0,0,False,59374.96,0.0,8279.264431907333,0.001062855493465742,-0.1103342090471644
2026-06-30 10:00:00+00:00,9018.114762718487,9018.114762718487,0.0,0,False,59334.01,0.0,8273.554350107082,-0.0006896846751560659,-0.1103342090471644
2026-06-30 11:00:00+00:00,9018.114762718487,9018.114762718487,0.0,0,False,59192.7,0.0,8253.850036085265,-0.0023816020525159187,-0.1103342090471644
2026-06-30 12:00:00+00:00,9018.114762718487,9018.114762718487,0.0,0,False,58412.0,0.0,8144.9889649874485,-0.013189126361865422,-0.1103342090471644
2026-06-30 13:00:00+00:00,9018.114762718487,9018.114762718487,0.0,0,False,58737.18,0.0,8190.332173773907,0.005567006779428896,-0.1103342090471644
2026-06-30 14:00:00+00:00,9018.114762718487,9018.114762718487,0.0,0,False,58482.81,0.0,8154.862735250593,-0.004330647130148191,-0.1103342090471644
2026-06-30 15:00:00+00:00,9018.114762718487,9018.114762718487,0.0,0,False,58381.99,0.0,8140.804360474005,-0.001723925372258961,-0.1103342090471644
2026-06-30 16:00:00+00:00,9018.114762718487,9018.114762718487,0.0,0,False,58497.65,0.0,8156.9320298517105,0.0019810904013379815,-0.1103342090471644
2026-06-30 17:00:00+00:00,9018.114762718487,9018.114762718487,0.0,0,False,58417.99,0.0,8145.824212606093,-0.001361764105053953,-0.1103342090471644
2026-06-30 18:00:00+00:00,9018.114762718487,9018.114762718487,0.0,0,False,58680.87,0.0,8182.4802883973,0.004499983652296313,-0.1103342090471644
2026-06-30 19:00:00+00:00,9018.114762718487,9018.114762718487,0.0,0,False,58818.05,0.0,8201.608713827296,0.002337729484924056,-0.1103342090471644
2026-06-30 20:00:00+00:00,9018.114762718487,9018.114762718487,0.0,0,False,58732.01,0.0,8189.611267231605,-0.0014628162613347095,-0.1103342090471644
2026-06-30 21:00:00+00:00,9018.114762718487,9018.114762718487,0.0,0,False,58639.99,0.0,8176.779967420639,-0.0015667776396550703,-0.1103342090471644
2026-06-30 22:00:00+00:00,9018.114762718487,9018.114762718487,0.0,0,False,58607.99,0.0,8172.31787663656,-0.000545702685147198,-0.1103342090471644
2026-06-30 23:00:00+00:00,9018.114762718487,9018.114762718487,0.0,0,False,58624.71,0.0,8174.649319071241,0.0002852853339621042,-0.1103342090471644
2026-07-01 00:00:00+00:00,9018.114762718487,9018.114762718487,0.0,0,False,58576.0,0.0,8167.857180255852,-0.0008308783105280826,-0.1103342090471644
2026-07-01 01:00:00+00:00,9018.114762718487,9018.114762718487,0.0,0,False,58770.57,0.0,8194.98808662642,0.0033216675771647886,-0.1103342090471644
2026-07-01 02:00:00+00:00,9018.114762718487,9018.114762718487,0.0,0,False,59085.0,0.0,8238.832311790102,0.0053501267726348,-0.1103342090471644
2026-07-01 03:00:00+00:00,9018.114762718487,9018.114762718487,0.0,0,False,59197.13,0.0,8254.467756778186,0.0018977743928236812,-0.1103342090471644
2026-07-01 04:00:00+00:00,9018.114762718487,9018.114762718487,0.0,0,False,59339.99,0.0,8274.388203322358,0.002413292671452405,-0.1103342090471644
2026-07-01 05:00:00+00:00,9018.114762718487,9018.114762718487,0.0,0,False,59154.33,0.0,8248.499710354483,-0.0031287501059571454,-0.1103342090471644
2026-07-01 06:00:00+00:00,9018.114762718487,9018.114762718487,0.0,0,False,58755.8,0.0,8192.928552848893,-0.006737123047459215,-0.1103342090471644
2026-07-01 07:00:00+00:00,9018.114762718487,9018.114762718487,0.0,0,False,58768.65,0.0,8194.720361179376,0.00021870181326799631,-0.1103342090471644
2026-07-01 08:00:00+00:00,9018.114762718487,9018.114762718487,0.0,0,False,58973.99,0.0,8223.353039979458,0.0034940397643978827,-0.1103342090471644
2026-07-01 09:00:00+00:00,9018.114762718487,9018.114762718487,0.0,0,False,58944.55,0.0,8219.247916458107,-0.0004992031232750049,-0.1103342090471644
2026-07-01 10:00:00+00:00,9018.114762718487,9018.114762718487,0.0,0,False,58659.98,0.0,8179.567379757318,-0.004827757612875239,-0.1103342090471644
2026-07-01 11:00:00+00:00,9018.114762718487,9018.114762718487,0.0,0,False,58622.03,0.0,8174.275618968075,-0.000646948737452635,-0.1103342090471644
2026-07-01 12:00:00+00:00,9018.114762718487,9018.114762718487,0.0,0,False,58538.01,0.0,8162.559841853128,-0.0014332495821111069,-0.1103342090471644
2026-07-01 13:00:00+00:00,9018.114762718487,9018.114762718487,0.0,0,False,59498.03,0.0,8296.425354182225,0.016399942533065204,-0.1103342090471644
2026-07-01 14:00:00+00:00,9018.114762718487,9018.114762718487,0.0,0,False,59542.0,0.0,8302.556545800224,0.0007390160649016764,-0.1103342090471644
2026-07-01 15:00:00+00:00,9018.114762718487,9018.114762718487,0.0,0,False,60147.15,0.0,8386.93886573726,0.010163414060663012,-0.1103342090471644
2026-07-01 16:00:00+00:00,8990.290739262355,3558.113385546614,0.0906571654491946,1,False,59920.0,-0.0030853481229978774,8355.264993187153,-0.0037765712922390726,-0.11307913772537614
2026-07-01 17:00:00+00:00,9014.822568232907,3558.113385546614,0.0906571654491946,1,False,60190.6,0.0027287025171962576,8392.997548380015,0.004516021361815614,-0.11065899453593342
2026-07-01 18:00:00+00:00,9013.060192936575,3558.113385546614,0.0906571654491946,1,False,60171.16,-0.0001954975023625849,8390.28682822869,-0.0003229740191986741,-0.11083285848125035
2026-07-01 19:00:00+00:00,9000.14245343172,3558.113385546614,0.0906571654491946,1,False,60028.67,-0.0014332245905757102,8370.417974609209,-0.002368077996169893,-0.11210723469360695
2026-07-01 20:00:00+00:00,9008.966115344889,3558.113385546614,0.0906571654491946,1,False,60126.0,0.000980391361450561,8383.989702609659,0.0016213919115650732,-0.11123675229660601
2026-07-01 21:00:00+00:00,9071.518652933177,3558.113385546614,0.0906571654491946,1,False,60815.99,0.006943364731025303,8480.202140737982,0.011475734291321427,-0.10506574490827081
2026-07-01 22:00:00+00:00,9040.878344154658,3558.113385546614,0.0906571654491946,1,False,60478.01,-0.0033776382930780224,8433.074095637892,-0.005557420014045578,-0.10808850911805579
2026-07-01 23:00:00+00:00,8999.71908446907,3558.113385546614,0.0906571654491946,1,False,60024.0,-0.004552573115000458,8369.766788235407,-0.007507026107505865,-0.11214900139240491
2026-07-02 00:00:00+00:00,8975.942429686711,3558.113385546614,0.0906571654491946,1,False,59761.73,-0.0026419329935966074,8333.195771049774,-0.004369418899106914,-0.114494644239024
2026-07-02 01:00:00+00:00,9013.491721044113,3558.113385546614,0.0906571654491946,1,False,60175.92,0.004183325779052671,8390.95056423282,0.006930689590143979,-0.11079028685677983
2026-07-02 02:00:00+00:00,9035.900359199844,3558.113385546614,0.0906571654491946,1,False,60423.1,0.002486121788231488,8425.417426733087,0.00410762311569135,-0.10857960321462734
2026-07-02 03:00:00+00:00,9093.458593543539,3558.113385546614,0.0906571654491946,1,False,61058.0,0.006369950094136767,8513.948096695947,0.010507570780049491,-0.10290129977420903
2026-07-02 04:00:00+00:00,9068.979345728947,3558.113385546614,0.0906571654491946,1,False,60787.98,-0.002691962311454521,8476.296416898544,-0.004422352517278738,-0.1053162556648718
2026-07-02 05:00:00+00:00,9043.283478754027,3558.113385546614,0.0906571654491946,1,False,60504.54,-0.00283338025100055,8436.773447778569,-0.0046627639214198435,-0.10785123491696214
2026-07-02 06:00:00+00:00,9022.384282403023,3558.113385546614,0.0906571654491946,1,False,60274.01,-0.002311018602933701,8404.628266889391,-0.003810127306149491,-0.10991300730965337
2026-07-02 07:00:00+00:00,9011.140980744014,3558.113385546614,0.0906571654491946,1,False,60149.99,-0.0012461563714303292,8387.334876294346,-0.0020576032688053303,-0.11102219488672171
2026-07-02 08:00:00+00:00,9043.958874636623,3558.113385546614,0.0906571654491946,1,False,60511.99,0.0036419243648209143,8437.812278289235,0.006018288614844325,-0.10778460495849451
2026-07-02 09:00:00+00:00,9104.881396390138,3558.113385546614,0.0906571654491946,1,False,61184.0,0.006736267004084917,8531.517579158257,0.011105402416942578,-0.10177440383233993
2026-07-02 10:00:00+00:00,9112.104959333128,3558.113385546614,0.0906571654491946,1,False,61263.68,0.0007933725469344566,8542.628185210611,0.0013023012552300095,-0.10106177630338664
2026-07-02 11:00:00+00:00,9120.656649749952,3558.113385546614,0.0906571654491946,1,False,61358.01,0.000938497795513582,8555.781592200054,0.0015397377369430476,-0.10021812476214442
2026-07-02 12:00:00+00:00,9137.384709918635,3558.113385546614,0.0906571654491946,1,False,61542.53,0.0018340850676734632,8581.511123183747,0.003007268325684098,-0.09856784826060738
2026-07-02 13:00:00+00:00,9173.331182590897,3558.113385546614,0.0906571654491946,1,False,61939.04,0.003934000133894111,8636.800611208591,0.006442861546316125,-0.09502161405496812
2026-07-02 14:00:00+00:00,9185.565390022663,9185.565390022663,0.0,0,False,61696.61,0.001333671180975493,8602.996090309085,-0.003914009645612948,-0.09381467046222747
2026-07-02 15:00:00+00:00,9170.660988288073,3628.4794691083407,0.08995159813337446,1,False,61612.93,-0.0016225894761773274,8591.32772290872,-0.0013563143906933917,-0.0952850372414018
2026-07-02 16:00:00+00:00,9176.904528714509,3628.4794691083407,0.08995159813337446,1,False,61682.34,0.0006808168390926017,8601.00627670006,0.0011265492486722817,-0.09466909206017671
2026-07-02 17:00:00+00:00,9175.559752322415,3628.4794691083407,0.08995159813337446,1,False,61667.39,-0.00014653921568941186,8598.921643661874,-0.00024237083093792133,-0.09480175854136552
2026-07-02 18:00:00+00:00,9184.012503999009,3628.4794691083407,0.08995159813337446,1,False,61761.36,0.0009212246342196195,8612.024852129995,0.001523819963841433,-0.09396786762248155
2026-07-02 19:00:00+00:00,9158.667741708949,3628.4794691083407,0.08995159813337446,1,False,61479.6,-0.002759661126226054,8572.73614277618,-0.0045620757055869765,-0.09646820927731548
2026-07-02 20:00:00+00:00,9168.128850800618,3628.4794691083407,0.08995159813337446,1,False,61584.78,0.0010330224175054692,8587.402477422102,0.0017108113910959677,-0.09553484068257012
2026-07-02 21:00:00+00:00,9168.801688754655,3628.4794691083407,0.08995159813337446,1,False,61592.26,7.338879775642404e-05,8588.445491142878,0.00012145858116219266,-0.09546846307191514
2026-07-02 22:00:00+00:00,9157.377835791716,3628.4794691083407,0.08995159813337446,1,False,61465.26,-0.0012459483093575363,8570.736568343567,-0.0020619473940393096,-0.0965954626111113
2026-07-02 23:00:00+00:00,9165.899850198872,3628.4794691083407,0.08995159813337446,1,False,61560.0,0.0009306173186223177,8583.94714587118,0.0015413584844512496,-0.0957547387028953
2026-07-03 00:00:00+00:00,9143.299511167861,3628.4794691083407,0.08995159813337446,1,False,61308.75,-0.0024656977929472523,8548.912761199314,-0.004081384015594436,-0.0979843342479585
2026-07-03 01:00:00+00:00,9168.418494946607,3628.4794691083407,0.08995159813337446,1,False,61588.0,0.0027472559274761554,8587.851475307249,0.004554814769506699,-0.09550626636354487
2026-07-03 02:00:00+00:00,9155.106557938849,3628.4794691083407,0.08995159813337446,1,False,61440.01,-0.0014519338329828102,8567.215699834254,-0.0024029031629538844,-0.09681953141713262
2026-07-03 03:00:00+00:00,9154.565948834068,3628.4794691083407,0.08995159813337446,1,False,61434.0,-5.905000683059658e-05,8566.37766340887,-9.781899449556875e-05,-0.09687286422997166
2026-07-03 04:00:00+00:00,9155.825271207934,3628.4794691083407,0.08995159813337446,1,False,61448.0,0.0001375622155004308,8568.329828126905,0.00022788683790753161,-0.0967486280602966
2026-07-03 05:00:00+00:00,9178.537150220629,3628.4794691083407,0.08995159813337446,1,False,61700.49,0.0024805933206388797,8603.537118816655,0.0041090027340189295,-0.09450802874020503
2026-07-03 06:00:00+00:00,9179.39348943486,3628.4794691083407,0.08995159813337446,1,False,61710.01,9.32980060128763e-05,8604.864590824918,0.00015429375034137216,-0.09442354814482579
2026-07-03 07:00:00+00:00,9183.032931095337,3628.4794691083407,0.08995159813337446,1,False,61750.47,0.00039647953480415055,8610.506346860037,0.0006556472766734434,-0.09406450561446456
2026-07-03 08:00:00+00:00,9168.058688554072,3628.4794691083407,0.08995159813337446,1,False,61584.0,-0.0016306423655041424,8587.29371395924,-0.002695849926324212,-0.09554176241202361
2026-07-03 09:00:00+00:00,9180.173369790677,3628.4794691083407,0.08995159813337446,1,False,61718.68,0.0013214009255557713,8606.073538546729,0.0021869316705636077,-0.09434661045974835
2026-07-03 10:00:00+00:00,9172.702319066795,9172.702319066795,0.0,0,False,61916.46,-0.000813824578571265,8633.652048399075,0.003204540343377582,-0.09508365344782266
2026-07-03 11:00:00+00:00,9172.702319066795,9172.702319066795,0.0,0,False,62024.02,0.0,8648.65025104706,0.0017371794188492107,-0.09508365344782266
2026-07-03 12:00:00+00:00,9172.702319066795,9172.702319066795,0.0,0,False,61983.99,0.0,8643.068454356851,-0.0006453951227283206,-0.09508365344782266
2026-07-03 13:00:00+00:00,9172.702319066795,9172.702319066795,0.0,0,False,62116.01,0.0,8661.477367647914,0.0021299048351033356,-0.09508365344782266
2026-07-03 14:00:00+00:00,9172.702319066795,9172.702319066795,0.0,0,False,62167.48,0.0,8668.654361793431,0.0008286108524999669,-0.09508365344782266
2026-07-03 15:00:00+00:00,9172.702319066795,9172.702319066795,0.0,0,False,61922.72,0.0,8634.52494490871,-0.003937106667344481,-0.09508365344782266
2026-07-03 16:00:00+00:00,9172.702319066795,9172.702319066795,0.0,0,False,62104.81,0.0,8659.915635873487,0.002940600800481752,-0.09508365344782266
2026-07-03 17:00:00+00:00,9172.702319066795,9172.702319066795,0.0,0,False,62194.0,0.0,8672.352319530737,0.0014361206483042288,-0.09508365344782266
2026-07-03 18:00:00+00:00,9172.702319066795,9172.702319066795,0.0,0,False,62204.01,0.0,8673.74811730413,0.00016094800141486232,-0.09508365344782266
2026-07-03 19:00:00+00:00,9172.702319066795,9172.702319066795,0.0,0,False,62210.0,0.0,8674.583364922775,9.629604265071201e-05,-0.09508365344782266
2026-07-03 20:00:00+00:00,9172.702319066795,9172.702319066795,0.0,0,False,62776.92,0.0,8753.634880776208,0.009113004340138398,-0.09508365344782266
2026-07-03 21:00:00+00:00,9156.0400736493,1019.0420277646999,0.12971048341969965,1,False,62732.0,-0.001816503450990714,8747.371220838058,-0.0007155496000758044,-0.09672743711419263
2026-07-03 22:00:00+00:00,9136.064659202664,1019.0420277646999,0.12971048341969965,1,False,62578.0,-0.0021816652489456967,8725.89740893968,-0.0024548874577569046,-0.09869807547496678
2026-07-03 23:00:00+00:00,9136.746936345453,1019.0420277646999,0.12971048341969965,1,False,62583.26,7.467954400919297e-05,8726.630865112313,8.405509923625765e-05,-0.09863076665822856
2026-07-04 00:00:00+00:00,9159.190741291564,1019.0420277646999,0.12971048341969965,1,False,62756.29,0.0024564328094534016,8750.758226623848,0.0027647968482307217,-0.09641661370001597
2026-07-04 01:00:00+00:00,9121.853578639202,1019.0420277646999,0.12971048341969965,1,False,62468.44,-0.004076469603808808,8710.62032561769,-0.004586791220449804,-0.10010004390877447
2026-07-04 02:00:00+00:00,9131.00076192996,1019.0420277646999,0.12971048341969965,1,False,62538.96,0.0010027768163454187,8720.453658183103,0.0011288900443167105,-0.09919764509577589
2026-07-04 03:00:00+00:00,9142.458088930422,1019.0420277646999,0.12971048341969965,1,False,62627.29,0.0012547723189588744,8732.77042315053,0.001412399566606215,-0.09806734323598909
2026-07-04 04:00:00+00:00,9151.889338179868,1019.0420277646999,0.12971048341969965,1,False,62700.0,0.0010315879118840687,8742.909130053979,0.0011609954701854441,-0.09713692040993793
2026-07-04 05:00:00+00:00,9122.253086928135,1019.0420277646999,0.12971048341969965,1,False,62471.52,-0.0032382659095425703,8711.04980185566,-0.003644019138755783,-0.10006063114155905
2026-07-04 06:00:00+00:00,9125.948538600762,1019.0420277646999,0.12971048341969965,1,False,62500.01,0.00040510295399753815,8715.022457056859,0.000456047811866922,-0.09969606304481582
2026-07-04 07:00:00+00:00,9135.805238235826,1019.0420277646999,0.12971048341969965,1,False,62576.0,0.0010800739882952382,8725.618528265675,0.0012158398054655795,-0.0987236681809508
2026-07-04 08:00:00+00:00,9132.92307129424,1019.0420277646999,0.12971048341969965,1,False,62553.78,-0.0003154803398743855,8722.52016397748,-0.00035508821273333435,-0.0990080031444337
2026-07-04 09:00:00+00:00,9125.16897859541,1019.0420277646999,0.12971048341969965,1,False,62494.0,-0.0008490263892841909,8714.184420631473,-0.0009556576756833968,-0.09977296912629796
2026-07-04 10:00:00+00:00,9127.633477780384,1019.0420277646999,0.12971048341969965,1,False,62513.0,0.0002700771011205916,8716.83378703452,0.00030402918680194624,-0.09952983841944918
2026-07-04 11:00:00+00:00,9123.613749899208,1019.0420277646999,0.12971048341969965,1,False,62482.01,-0.00044039102697990273,8712.512530990814,-0.0004957368867275491,-0.09992639739867248
2026-07-04 12:00:00+00:00,9147.221057881594,1019.0420277646999,0.12971048341969965,1,False,62664.01,0.0025874953312929883,8737.89067232526,0.0029128384314138778,-0.09759746115412138
2026-07-04 13:00:00+00:00,9137.470720842934,1019.0420277646999,0.12971048341969965,1,False,62588.84,-0.0010659343397259047,8727.408942192786,-0.001199572130797244,-0.09855936300853307
2026-07-04 14:00:00+00:00,9151.109778174516,1019.0420277646999,0.12971048341969965,1,False,62693.99,0.001492651276076895,8742.071093628594,0.0016800119637943034,-0.09721382649142007
2026-07-04 15:00:00+00:00,9183.446601691048,1019.0420277646999,0.12971048341969965,1,False,62943.29,0.0035336504861580575,8776.833569643308,0.003976457711496906,-0.09402369569050473
2026-07-04 16:00:00+00:00,9181.371233956332,1019.0420277646999,0.12971048341969965,1,False,62927.29,-0.00022599006938572863,8774.602524251268,-0.00025419707168161665,-0.09422843733837749
2026-07-04 17:00:00+00:00,9227.170708546993,1019.0420277646999,0.12971048341969965,1,False,63280.38,0.004988304407219424,8823.837512843464,0.005611079072370462,-0.08971017306041851
2026-07-04 18:00:00+00:00,9213.213860531032,1019.0420277646999,0.12971048341969965,1,False,63172.78,-0.001512581533040569,8808.833732582001,-0.0017003690559378448,-0.09108706064236205
2026-07-04 19:00:00+00:00,9229.03075687923,1019.0420277646999,0.12971048341969965,1,False,63294.72,0.0017167620970959252,8825.837087276079,0.0019302617361462993,-0.08952667335851283
2026-07-04 20:00:00+00:00,9221.126200019637,1019.0420277646999,0.12971048341969965,1,False,63233.78,-0.0008564882995651946,8817.33959313915,-0.0009627975287669344,-0.09030648310984735
2026-07-04 21:00:00+00:00,9229.435453587499,1019.0420277646999,0.12971048341969965,1,False,63297.84,0.0009011104921050617,8826.272141127527,0.0010130661175087319,-0.08948674873717777
2026-07-04 22:00:00+00:00,9214.797625533589,1019.0420277646999,0.12971048341969965,1,False,63184.99,-0.001585993870103941,8810.5362990968,-0.0017828412470314303,-0.09093081717232898
2026-07-04 23:00:00+00:00,9209.482089923049,1019.0420277646999,0.12971048341969965,1,False,63144.01,-0.0005768477861967103,8804.822034086439,-0.000648571757311478,-0.0914552117179428
2026-07-05 00:00:00+00:00,9189.672704895193,1019.0420277646999,0.12971048341969965,1,False,62991.29,-0.0021509770945242757,8783.526705819426,-0.0024185983753642892,-0.09340947074688699
2026-07-05 01:00:00+00:00,9176.267126433766,1019.0420277646999,0.12971048341969965,1,False,62887.94,-0.0014587656048169473,8769.11554699022,-0.001640703024180179,-0.0947319738286142
2026-07-05 02:00:00+00:00,9151.054002666646,1019.0420277646999,0.12971048341969965,1,False,62693.56,-0.0027476449213743592,8742.011134283684,-0.003090894693004609,-0.09721932892320662
2026-07-05 03:00:00+00:00,9160.844549955164,1019.0420277646999,0.12971048341969965,1,False,62769.04,0.001069881926788474,8752.536090920628,0.0012039514106392257,-0.09625346019936765
2026-07-05 04:00:00+00:00,9166.934457151718,1019.0420277646999,0.12971048341969965,1,False,62815.99,0.0006647757380169317,8759.082814742895,0.0007479802144498837,-0.09565267142639156
2026-07-05 05:00:00+00:00,9157.142612758365,1019.0420277646999,0.12971048341969965,1,False,62740.5,-0.0010681700015552353,8748.556463702578,-0.0012017640731286638,-0.09661866811376041
2026-07-05 06:00:00+00:00,9162.548945707298,1019.0420277646999,0.12971048341969965,1,False,62782.18,0.000590395189586701,8754.36833694884,0.0006643236824699361,-0.09608531612105231
2026-07-05 07:00:00+00:00,9193.42393207569,1019.0420277646999,0.12971048341969965,1,False,63020.21,0.003369694017608227,8787.559320365535,0.0037913624534859913,-0.09303940021835722
2026-07-05 08:00:00+00:00,9179.777092115102,1019.0420277646999,0.12971048341969965,1,False,62915.0,-0.0014844132133375876,8772.888802509508,-0.0016694644464052555,-0.09438570451664974
2026-07-05 09:00:00+00:00,9141.795268360147,1019.0420277646999,0.12971048341969965,1,False,62622.18,-0.004137554035770541,8732.057883028448,-0.004654216005722023,-0.0981327325997784
2026-07-05 10:00:00+00:00,9159.168690509381,1019.0420277646999,0.12971048341969965,1,False,62756.12,0.0019004387693262181,8750.734521766559,0.002138858787733122,-0.09641878908002477
2026-07-05 11:00:00+00:00,9146.560831520987,1019.0420277646999,0.12971048341969965,1,False,62658.92,-0.0013765287456118935,8737.180921009918,-0.0015488529246233673,-0.09766259459085092
2026-07-05 12:00:00+00:00,9135.629301488549,9135.629301488549,0.0,0,False,62745.01,-0.001195151952061102,8749.18533962246,0.0013739464389108669,-0.09874102490234338
2026-07-05 13:00:00+00:00,9135.629301488549,9135.629301488549,0.0,0,False,62792.0,0.0,8755.737641058206,0.0007489041758061976,-0.09874102490234338
2026-07-05 14:00:00+00:00,9135.629301488549,9135.629301488549,0.0,0,False,62812.25,0.0,8758.561307882504,0.000322493311249783,-0.09874102490234338
2026-07-05 15:00:00+00:00,9135.629301488549,9135.629301488549,0.0,0,False,62740.01,0.0,8748.488137937447,-0.0011500941297278855,-0.09874102490234338
2026-07-05 16:00:00+00:00,9135.629301488549,9135.629301488549,0.0,0,False,62637.48,0.0,8734.191320184585,-0.0016342043936556916,-0.09874102490234338
2026-07-05 17:00:00+00:00,9135.629301488549,9135.629301488549,0.0,0,False,62624.93,0.0,8732.441343955205,-0.000200359273712869,-0.09874102490234338
2026-07-05 18:00:00+00:00,9135.629301488549,9135.629301488549,0.0,0,False,62820.33,0.0,8759.687985805485,0.0031201631682464814,-0.09874102490234338
2026-07-05 19:00:00+00:00,9135.629301488549,9135.629301488549,0.0,0,False,62768.88,0.0,8752.513780466708,-0.0008190023834641069,-0.09874102490234338
2026-07-05 20:00:00+00:00,9135.629301488549,9135.629301488549,0.0,0,False,62730.61,0.0,8747.177398769625,-0.0006096970345813579,-0.09874102490234338
2026-07-05 21:00:00+00:00,9135.629301488549,9135.629301488549,0.0,0,False,63092.01,0.0,8797.571136562312,0.0057611427658681436,-0.09874102490234338
2026-07-05 22:00:00+00:00,9135.629301488549,9135.629301488549,0.0,0,False,63736.0,0.0,8887.369319188523,0.010207156183485111,-0.09874102490234338
2026-07-05 23:00:00+00:00,9135.629301488549,9135.629301488549,0.0,0,False,63650.0,0.0,8875.377450206312,-0.0013493159282038647,-0.09874102490234338
2026-07-06 00:00:00+00:00,9135.629301488549,9135.629301488549,0.0,0,False,63761.99,0.0,8890.993373547217,0.0017594658287509723,-0.09874102490234338
2026-07-06 01:00:00+00:00,9135.629301488549,9135.629301488549,0.0,0,False,63576.0,0.0,8865.05886526813,-0.002916941582281174,-0.09874102490234338
2026-07-06 02:00:00+00:00,9135.629301488549,9135.629301488549,0.0,0,False,63460.01,0.0,8848.885180579216,-0.0018244306027430657,-0.09874102490234338
2026-07-06 03:00:00+00:00,9135.629301488549,9135.629301488549,0.0,0,False,63294.0,0.0,8825.736690233438,-0.002615978156952803,-0.09874102490234338
2026-07-06 04:00:00+00:00,9135.629301488549,9135.629301488549,0.0,0,False,63267.99,0.0,8822.109847068004,-0.0004109394255379373,-0.09874102490234338
2026-07-06 05:00:00+00:00,9135.629301488549,9135.629301488549,0.0,0,False,63114.0,0.0,8800.637429572997,-0.002433932230184621,-0.09874102490234338
2026-07-06 06:00:00+00:00,9135.629301488549,9135.629301488549,0.0,0,False,62976.0,0.0,8781.394663066658,-0.0021865196311435797,-0.09874102490234338
2026-07-06 07:00:00+00:00,9135.629301488549,9135.629301488549,0.0,0,False,63089.42,0.0,8797.209986089476,0.0018010035569104854,-0.09874102490234338
2026-07-06 08:00:00+00:00,9135.629301488549,9135.629301488549,0.0,0,False,62904.01,0.0,8771.35635320585,-0.002938844579645883,-0.09874102490234338
2026-07-06 09:00:00+00:00,9135.629301488549,9135.629301488549,0.0,0,False,62664.77,0.0,8737.996646981383,-0.0038032551501884226,-0.09874102490234338
2026-07-06 10:00:00+00:00,9135.629301488549,9135.629301488549,0.0,0,False,62822.06,0.0,8759.9292175885,0.0025100227767533845,-0.09874102490234338
2026-07-06 11:00:00+00:00,9135.629301488549,9135.629301488549,0.0,0,False,62483.84,0.0,8712.767706807528,-0.005383777609330398,-0.09874102490234338
2026-07-06 12:00:00+00:00,9135.629301488549,9135.629301488549,0.0,0,False,61754.01,0.0,8610.999965653025,-0.011680300058383164,-0.09874102490234338
2026-07-06 13:00:00+00:00,9135.629301488549,9135.629301488549,0.0,0,False,61768.21,0.0,8612.98001843846,0.00022994458173641874,-0.09874102490234338
2026-07-06 14:00:00+00:00,9135.629301488549,9135.629301488549,0.0,0,False,62052.0,0.0,8652.551791676387,0.004594434580506679,-0.09874102490234338
2026-07-06 15:00:00+00:00,9135.629301488549,9135.629301488549,0.0,0,False,63545.98,0.0,8860.872866351317,0.024076258621801294,-0.09874102490234338
2026-07-06 16:00:00+00:00,9135.629301488549,9135.629301488549,0.0,0,False,63732.0,0.0,8886.811557840514,0.002927329155990588,-0.09874102490234338
2026-07-06 17:00:00+00:00,9135.629301488549,9135.629301488549,0.0,0,False,63587.38,0.0,8866.645696303218,-0.002269189732002852,-0.09874102490234338
2026-07-06 18:00:00+00:00,9135.629301488549,9135.629301488549,0.0,0,False,63696.4,0.0,8881.847481843228,0.0017144911458848444,-0.09874102490234338
2026-07-06 19:00:00+00:00,9135.629301488549,9135.629301488549,0.0,0,False,63738.52,0.0,8887.720708837769,0.0006612618609527221,-0.09874102490234338
2026-07-06 20:00:00+00:00,9135.629301488549,9135.629301488549,0.0,0,False,63828.0,0.0,8900.19783019275,0.0014038606481607818,-0.09874102490234338
2026-07-06 21:00:00+00:00,9135.629301488549,9135.629301488549,0.0,0,False,64489.98,0.0,8992.504544481635,0.010371310396690925,-0.09874102490234338
2026-07-06 22:00:00+00:00,9135.629301488549,9135.629301488549,0.0,0,False,64244.0,0.0,8958.205010385771,-0.0038142359479720334,-0.09874102490234338
2026-07-06 23:00:00+00:00,9135.629301488549,9135.629301488549,0.0,0,False,64042.02,0.0,8930.040851118016,-0.003143951186102889,-0.09874102490234338
2026-07-07 00:00:00+00:00,9135.629301488549,9135.629301488549,0.0,0,False,64203.99,0.0,8952.626002502302,0.0025291207241744385,-0.09874102490234338
2026-07-07 01:00:00+00:00,9135.629301488549,9135.629301488549,0.0,0,False,63840.0,0.0,8901.87111423678,-0.005669273825505083,-0.09874102490234338
2026-07-07 02:00:00+00:00,9135.629301488549,9135.629301488549,0.0,0,False,63322.01,0.0,8829.642414072878,-0.00811387844611522,-0.09874102490234338
2026-07-07 03:00:00+00:00,9135.629301488549,9135.629301488549,0.0,0,False,63191.01,0.0,8811.375729925556,-0.0020687909306732477,-0.09874102490234338
2026-07-07 04:00:00+00:00,9135.629301488549,9135.629301488549,0.0,0,False,63100.01,0.0,8798.686659258332,-0.001440078264297484,-0.09874102490234338
2026-07-07 05:00:00+00:00,9135.629301488549,9135.629301488549,0.0,0,False,63128.01,0.0,8802.590988694401,0.0004437400247638834,-0.09874102490234338
2026-07-07 06:00:00+00:00,9135.629301488549,9135.629301488549,0.0,0,False,63340.0,0.0,8832.150945735551,0.0033580973010236548,-0.09874102490234338
2026-07-07 07:00:00+00:00,9135.629301488549,9135.629301488549,0.0,0,False,63083.18,0.0,8796.33987838658,-0.004054625828860292,-0.09874102490234338
2026-07-07 08:00:00+00:00,9135.629301488549,9135.629301488549,0.0,0,False,63104.0,0.0,8799.243026202972,0.00033004043233098024,-0.09874102490234338
2026-07-07 09:00:00+00:00,9143.04730187334,2107.2977117477176,0.1112265965303785,1,False,63256.0,0.0008119857034458722,8820.437957427344,0.0024087221095334677,-0.09800921549946184
2026-07-07 10:00:00+00:00,9146.16164657619,2107.2977117477176,0.1112265965303785,1,False,63284.0,0.00034062436735005086,8824.342286863413,0.00044264575692420927,-0.09770197545913573
2026-07-07 11:00:00+00:00,9159.731291352897,2107.2977117477176,0.1112265965303785,1,False,63406.0,0.0014836436639829031,8841.354007977714,0.0019278174578094553,-0.09636328671200145
2026-07-07 12:00:00+00:00,9150.206019085635,9150.206019085635,0.0,0,False,63481.39,-0.0010399073907608747,8851.866414984328,0.0011890041951865271,-0.0973029852087125
2026-07-07 13:00:00+00:00,9150.206019085635,9150.206019085635,0.0,0,False,63056.0,0.0,8792.549890026854,-0.006701018991550067,-0.0973029852087125
2026-07-07 14:00:00+00:00,9150.206019085635,9150.206019085635,0.0,0,False,63562.05,0.0,8863.113672566948,0.008025405988328016,-0.0973029852087125
2026-07-07 15:00:00+00:00,9150.206019085635,9150.206019085635,0.0,0,False,63930.51,0.0,8914.49185913887,0.00579685519897466,-0.0973029852087125
2026-07-07 16:00:00+00:00,9150.206019085635,9150.206019085635,0.0,0,False,63983.27,0.0,8921.848731319122,0.0008252710638474436,-0.0973029852087125
2026-07-07 17:00:00+00:00,9150.206019085635,9150.206019085635,0.0,0,False,64186.0,0.0,8950.117470839628,0.0031684845116541904,-0.0973029852087125
2026-07-07 18:00:00+00:00,9150.206019085635,9150.206019085635,0.0,0,False,63679.99,0.0,8879.559265913016,-0.007883494843112127,-0.0973029852087125
2026-07-07 19:00:00+00:00,9150.206019085635,9150.206019085635,0.0,0,False,63817.99,0.0,8898.802032419355,0.002167085767444288,-0.0973029852087125
2026-07-07 20:00:00+00:00,9150.206019085635,9150.206019085635,0.0,0,False,63697.99,0.0,8882.06919197906,-0.0018803475320986474,-0.0973029852087125
2026-07-07 21:00:00+00:00,9150.206019085635,9150.206019085635,0.0,0,False,63423.94,0.0,8843.855567623537,-0.004302333558719895,-0.0973029852087125
2026-07-07 22:00:00+00:00,9150.206019085635,9150.206019085635,0.0,0,False,63551.02,0.0,8861.57564564981,0.0020036598167820774,-0.0973029852087125
2026-07-07 23:00:00+00:00,9150.206019085635,9150.206019085635,0.0,0,False,63363.99,0.0,8835.49611942024,-0.0029429897427294405,-0.0973029852087125
2026-07-08 00:00:00+00:00,9150.206019085635,9150.206019085635,0.0,0,False,63612.77,0.0,8870.186086459711,0.0039262047734052175,-0.0973029852087125
2026-07-08 01:00:00+00:00,9150.206019085635,9150.206019085635,0.0,0,False,63038.01,0.0,8790.04135836418,-0.009035292756470081,-0.0973029852087125
2026-07-08 02:00:00+00:00,9150.206019085635,9150.206019085635,0.0,0,False,62979.99,0.0,8781.951030011296,-0.0009203970747174717,-0.0973029852087125
2026-07-08 03:00:00+00:00,9150.206019085635,9150.206019085635,0.0,0,False,62766.0,0.0,8752.112192296141,-0.0033977458554692586,-0.0973029852087125
2026-07-08 04:00:00+00:00,9150.206019085635,9150.206019085635,0.0,0,False,62800.0,0.0,8756.853163754226,0.0005416945480039015,-0.0973029852087125
2026-07-08 05:00:00+00:00,9150.206019085635,9150.206019085635,0.0,0,False,62637.88,0.0,8734.247096319386,-0.0025815286624204514,-0.0973029852087125
2026-07-08 06:00:00+00:00,9150.206019085635,9150.206019085635,0.0,0,False,62657.81,0.0,8737.026142235845,0.0003181780737151474,-0.0973029852087125
2026-07-08 07:00:00+00:00,9150.206019085635,9150.206019085635,0.0,0,False,62888.35,0.0,8769.17271752839,0.003679349788956676,-0.0973029852087125
2026-07-08 08:00:00+00:00,9150.206019085635,9150.206019085635,0.0,0,False,62018.36,0.0,8647.861018739626,-0.013833881792096325,-0.0973029852087125
2026-07-08 09:00:00+00:00,9150.206019085635,9150.206019085635,0.0,0,False,62057.67,0.0,8653.342418387192,0.0006338445582887431,-0.0973029852087125
2026-07-08 10:00:00+00:00,9150.206019085635,9150.206019085635,0.0,0,False,62183.12,0.0,8670.835208664152,0.00202150676942936,-0.0973029852087125
2026-07-08 11:00:00+00:00,9150.206019085635,9150.206019085635,0.0,0,False,62299.99,0.0,8687.131600849627,0.0018794489565654438,-0.0973029852087125
2026-07-08 12:00:00+00:00,9150.206019085635,9150.206019085635,0.0,0,False,61957.73,0.0,8639.406751107166,-0.005493740849717654,-0.0973029852087125
2026-07-08 13:00:00+00:00,9150.206019085635,9150.206019085635,0.0,0,False,61945.49,0.0,8637.700001382256,-0.00019755404208643412,-0.0973029852087125
2026-07-08 14:00:00+00:00,9150.206019085635,9150.206019085635,0.0,0,False,61889.83,0.0,8629.9387522247,-0.0008985319189499519,-0.0973029852087125
2026-07-08 15:00:00+00:00,9150.206019085635,9150.206019085635,0.0,0,False,61704.01,0.0,8604.027948802903,-0.003002431901978131,-0.0973029852087125
2026-07-08 16:00:00+00:00,9150.206019085635,9150.206019085635,0.0,0,False,62113.03,0.0,8661.061835443648,0.006628742605221394,-0.0973029852087125
2026-07-08 17:00:00+00:00,9150.206019085635,9150.206019085635,0.0,0,False,62104.62,0.0,8659.889142209458,-0.000135398321414959,-0.0973029852087125
2026-07-08 18:00:00+00:00,9150.206019085635,9150.206019085635,0.0,0,False,62185.32,0.0,8671.141977405556,0.0012994202363687535,-0.0973029852087125
2026-07-08 19:00:00+00:00,9150.206019085635,9150.206019085635,0.0,0,False,62277.98,0.0,8684.062519032203,0.0014900622847964229,-0.0973029852087125
2026-07-08 20:00:00+00:00,9150.206019085635,9150.206019085635,0.0,0,False,62099.61,0.0,8659.190546121075,-0.0028640941790339935,-0.0973029852087125
2026-07-08 21:00:00+00:00,9150.206019085635,9150.206019085635,0.0,0,False,62187.17,0.0,8671.39994202901,0.0014099927519672928,-0.0973029852087125
2026-07-08 22:00:00+00:00,9150.206019085635,9150.206019085635,0.0,0,False,62330.4,0.0,8691.371981497872,0.0023032082019491806,-0.0973029852087125
2026-07-08 23:00:00+00:00,9150.206019085635,9150.206019085635,0.0,0,False,62290.0,0.0,8685.738591882973,-0.0006481588438386199,-0.0973029852087125
2026-07-09 00:00:00+00:00,9150.206019085635,9150.206019085635,0.0,0,False,62129.99,0.0,8663.42674355921,-0.002568791138224502,-0.0973029852087125
2026-07-09 01:00:00+00:00,9150.206019085635,9150.206019085635,0.0,0,False,61916.0,0.0,8633.587905844053,-0.003444230395015513,-0.0973029852087125
2026-07-09 02:00:00+00:00,9150.206019085635,9150.206019085635,0.0,0,False,61788.8,0.0,8615.851094977343,-0.002054396278829196,-0.0973029852087125
2026-07-09 03:00:00+00:00,9150.206019085635,9150.206019085635,0.0,0,False,61974.34,0.0,8641.722855104776,0.0030028095706662317,-0.0973029852087125
2026-07-09 04:00:00+00:00,9150.206019085635,9150.206019085635,0.0,0,False,62453.74,0.0,8708.570552663754,0.007735459546644785,-0.0973029852087125
2026-07-09 05:00:00+00:00,9150.206019085635,9150.206019085635,0.0,0,False,62589.61,0.0,8727.516311252279,0.0021755302404629084,-0.0973029852087125
2026-07-09 06:00:00+00:00,9150.206019085635,9150.206019085635,0.0,0,False,62959.96,0.0,8779.158040061138,0.005917116275369061,-0.0973029852087125
2026-07-09 07:00:00+00:00,9150.206019085635,9150.206019085635,0.0,0,False,63000.0,0.0,8784.741231154716,0.0006359597433034381,-0.0973029852087125
2026-07-09 08:00:00+00:00,9150.206019085635,9150.206019085635,0.0,0,False,62903.65,0.0,8771.306154684531,-0.0015293650793648528,-0.0973029852087125
2026-07-09 09:00:00+00:00,9150.206019085635,9150.206019085635,0.0,0,False,62953.4,0.0,8778.243311450402,0.0007908921024453175,-0.0973029852087125
2026-07-09 10:00:00+00:00,9150.206019085635,9150.206019085635,0.0,0,False,62786.04,0.0,8754.906576649671,-0.0026584743635768016,-0.0973029852087125
2026-07-09 11:00:00+00:00,9150.206019085635,9150.206019085635,0.0,0,False,62786.34,0.0,8754.94840875077,4.778132208782537e-06,-0.0973029852087125
2026-07-09 12:00:00+00:00,9150.206019085635,9150.206019085635,0.0,0,False,62614.02,0.0,8730.920049878509,-0.0027445460270496547,-0.0973029852087125
2026-07-09 13:00:00+00:00,9150.206019085635,9150.206019085635,0.0,0,False,63028.35,0.0,8788.694364708736,0.006617208094928273,-0.0973029852087125
2026-07-09 14:00:00+00:00,9150.206019085635,9150.206019085635,0.0,0,False,63016.0,0.0,8786.972276546756,-0.00019594357142449503,-0.0973029852087125
2026-07-09 15:00:00+00:00,9150.206019085635,9150.206019085635,0.0,0,False,62868.05,0.0,8766.342078687243,-0.0023478164275738678,-0.0973029852087125
2026-07-09 16:00:00+00:00,9150.206019085635,9150.206019085635,0.0,0,False,62700.01,0.0,8742.91052445735,-0.002672899827495967,-0.0973029852087125
2026-07-09 17:00:00+00:00,9150.206019085635,9150.206019085635,0.0,0,False,63142.79,0.0,8804.651916875297,0.007061880851374713,-0.0973029852087125
2026-07-09 18:00:00+00:00,9150.206019085635,9150.206019085635,0.0,0,False,63219.03,0.0,8815.282848168365,0.0012074220983901984,-0.0973029852087125
2026-07-09 19:00:00+00:00,9150.206019085635,9150.206019085635,0.0,0,False,63248.1,0.0,8819.336378765025,0.0004598298961562275,-0.0973029852087125
2026-07-09 20:00:00+00:00,9150.206019085635,9150.206019085635,0.0,0,False,63313.38,0.0,8828.439043964545,0.0010321258662315813,-0.0973029852087125
2026-07-09 21:00:00+00:00,9150.206019085635,9150.206019085635,0.0,0,False,63274.59,0.0,8823.030153292219,-0.0006126667064687563,-0.0973029852087125
2026-07-09 22:00:00+00:00,9132.878458331772,1426.86086070486,0.12189443702689155,1,False,63218.78,-0.0018936798491445694,8815.247988084113,-0.0008820286310822212,-0.09901240435550562
2026-07-09 23:00:00+00:00,9134.246113915213,1426.86086070486,0.12189443702689155,1,False,63230.0,0.00014975077021772698,8816.812508665282,0.00017747890737540573,-0.09887748076910119
2026-07-10 00:00:00+00:00,9120.0978266095,1426.86086070486,0.12189443702689155,1,False,63113.93,-0.0015489277526864464,8800.627668749405,-0.0018356792661713417,-0.10027325444770874
2026-07-10 01:00:00+00:00,9197.614155948013,1426.86086070486,0.12189443702689155,1,False,63749.86,0.008499506344366692,8889.301962259378,0.010075905588512901,-0.09262602126569064
2026-07-10 02:00:00+00:00,9223.471622874527,1426.86086070486,0.12189443702689155,1,False,63961.99,0.002811323294073187,8918.881440947709,0.003327536719296198,-0.090075099662839
2026-07-10 03:00:00+00:00,9221.668804150899,1426.86086070486,0.12189443702689155,1,False,63947.2,-0.00019545988726821228,8916.819118363443,-0.00023123107958333833,-0.09025295348128137
2026-07-10 04:00:00+00:00,9233.941136070767,1426.86086070486,0.12189443702689155,1,False,64047.88,0.0013308146475987659,8930.85797149285,0.0015744238997172921,-0.08904224878616462
2026-07-10 05:00:00+00:00,9242.243366176668,1426.86086070486,0.12189443702689155,1,False,64115.99,0.0008990993102035993,8940.355252846086,0.0010634231765360713,-0.08822320730042377
2026-07-10 06:00:00+00:00,9210.394787670282,1426.86086070486,0.12189443702689155,1,False,63854.71,-0.003445979211382899,8903.922281594085,-0.004075114491720377,-0.09136517117348775
2026-07-10 07:00:00+00:00,9223.594736255924,1426.86086070486,0.12189443702689155,1,False,63963.0,0.0014331577407855622,8919.022275688081,0.0016958811652265648,-0.09006295413500764
2026-07-10 08:00:00+00:00,9258.092080878905,1426.86086070486,0.12189443702689155,1,False,64246.01,0.0037401192929020777,8958.485285463146,0.004424589215640262,-0.08665968103444155
2026-07-10 09:00:00+00:00,9275.045159180605,1426.86086070486,0.12189443702689155,1,False,64385.09,0.0018311632843568404,8977.878647533447,0.002164803697537021,-0.08498720577622909
2026-07-10 10:00:00+00:00,9277.813381845486,1426.86086070486,0.12189443702689155,1,False,64407.8,0.00029845921150495336,8981.045337586773,0.00035272141422804104,-0.08471411177914823
2026-07-10 11:00:00+00:00,9279.931907161013,1426.86086070486,0.12189443702689155,1,False,64425.18,0.0002283431697034377,8983.468810643875,0.0002698430935383911,-0.0845051124982471
2026-07-10 12:00:00+00:00,9263.044651855307,1426.86086070486,0.12189443702689155,1,False,64286.64,-0.0018197606916355857,8964.150746355555,-0.0021504014424174045,-0.08617109410791612
2026-07-10 13:00:00+00:00,9287.101737946934,1426.86086070486,0.12189443702689155,1,False,64484.0,0.002597103543790835,8991.670691266361,0.003070000236441217,-0.08379778581800523
2026-07-10 14:00:00+00:00,9217.72795700182,1426.86086070486,0.12189443702689155,1,False,63914.87,-0.007469906425344064,8912.311012268154,-0.00882591030333102,-0.09064173062463776
2026-07-10 15:00:00+00:00,9232.980607906995,1426.86086070486,0.12189443702689155,1,False,64040.0,0.0016547082943132452,8929.75918163727,0.001957760377201634,-0.08913700795379986
2026-07-10 16:00:00+00:00,9245.171270554056,1426.86086070486,0.12189443702689155,1,False,64140.01,0.0013203388119997772,8943.704609740886,0.0015616801998750152,-0.08793436019298706
2026-07-10 17:00:00+00:00,9206.650190564815,1426.86086070486,0.12189443702689155,1,False,63823.99,-0.004166616156904612,8899.63867444137,-0.004927033843617923,-0.09173458762396458
2026-07-10 18:00:00+00:00,9204.94488739081,1426.86086070486,0.12189443702689155,1,False,63810.0,-0.00018522515124475003,8897.687904126706,-0.00021919657483027155,-0.09190282122234228
2026-07-10 19:00:00+00:00,9218.094859257271,1426.86086070486,0.12189443702689155,1,False,63917.88,0.0014285769254822611,8912.730727682529,0.0016906440996706795,-0.0906055345466451
2026-07-10 20:00:00+00:00,9208.7540885479,1426.86086070486,0.12189443702689155,1,False,63841.25,-0.0010133081566189306,8902.045414658032,-0.0011988820655501886,-0.09152703137607299
2026-07-10 21:00:00+00:00,9229.56634472587,1426.86086070486,0.12189443702689155,1,False,64011.99,0.002260051248827777,8925.853457797832,0.002674446380670714,-0.0894738359088082
2026-07-10 22:00:00+00:00,9241.79235675967,1426.86086070486,0.12189443702689155,1,False,64112.29,0.0013246572565985826,8939.839323599177,0.0015668939522111014,-0.08826770081822188
2026-07-10 23:00:00+00:00,9247.817598781909,1426.86086070486,0.12189443702689155,1,False,64161.72,0.0006519560048146023,8946.731859457208,0.0007709910221580518,-0.0876732914709869
2026-07-11 00:00:00+00:00,9243.219740617253,1426.86086070486,0.12189443702689155,1,False,64124.0,-0.000497183050546024,8941.472169945477,-0.0005878894767782361,-0.08812688484702802
2026-07-11 01:00:00+00:00,9229.683363385418,1426.86086070486,0.12189443702689155,1,False,64012.95,-0.001464465587932673,8925.987320521353,-0.0017318008857838407,-0.08946229164473052
2026-07-11 02:00:00+00:00,9219.202781164602,9219.202781164602,0.0,0,False,64158.04,-0.0011355299860440482,8946.21871901704,0.0022665726231958505,-0.09049623451599187
2026-07-11 03:00:00+00:00,9219.202781164602,9219.202781164602,0.0,0,False,64150.42,0.0,8945.15618364908,-0.00011876921427167453,-0.09049623451599187
2026-07-11 04:00:00+00:00,9219.202781164602,9219.202781164602,0.0,0,False,64152.0,0.0,8945.376499381546,2.4629612713544802e-05,-0.09049623451599187
2026-07-11 05:00:00+00:00,9219.202781164602,9219.202781164602,0.0,0,False,64176.01,0.0,8948.724461872975,0.0003742673650080075,-0.09049623451599187
2026-07-11 06:00:00+00:00,9219.202781164602,9219.202781164602,0.0,0,False,64219.1,0.0,8954.732945994409,0.0006714346996641307,-0.09049623451599187
2026-07-11 07:00:00+00:00,9219.202781164602,9219.202781164602,0.0,0,False,64162.18,0.0,8946.79600201223,-0.000886340668118879,-0.09049623451599187
2026-07-11 08:00:00+00:00,9219.202781164602,9219.202781164602,0.0,0,False,64265.98,0.0,8961.269908993085,0.0016177754558837076,-0.09049623451599187
2026-07-11 09:00:00+00:00,9219.202781164602,9219.202781164602,0.0,0,False,64167.34,0.0,8947.515514151162,-0.0015348711713414342,-0.09049623451599187
2026-07-11 10:00:00+00:00,9219.202781164602,9219.202781164602,0.0,0,False,64196.0,0.0,8951.511874209653,0.00044664466378074863,-0.09049623451599187
2026-07-11 11:00:00+00:00,9219.202781164602,9219.202781164602,0.0,0,False,64198.0,0.0,8951.790754883657,3.115458907099189e-05,-0.09049623451599187
2026-07-11 12:00:00+00:00,9219.202781164602,9219.202781164602,0.0,0,False,64195.49,0.0,8951.440759637782,-3.909779120836454e-05,-0.09049623451599187
2026-07-11 13:00:00+00:00,9219.202781164602,9219.202781164602,0.0,0,False,64235.66,0.0,8957.042077975171,0.0006257448926707543,-0.09049623451599187
2026-07-11 14:00:00+00:00,9219.202781164602,9219.202781164602,0.0,0,False,64350.07,0.0,8972.995446931622,0.0017810979135264304,-0.09049623451599187
2026-07-11 15:00:00+00:00,9219.202781164602,9219.202781164602,0.0,0,False,64175.75,0.0,8948.688207385354,-0.0027089325621556526,-0.09049623451599187
2026-07-11 16:00:00+00:00,9219.202781164602,9219.202781164602,0.0,0,False,64180.01,0.0,8949.282223220984,6.638021370997116e-05,-0.09049623451599187
2026-07-11 17:00:00+00:00,9219.202781164602,9219.202781164602,0.0,0,False,64315.53,0.0,8968.179177691556,0.002111560905023291,-0.09049623451599187
2026-07-11 18:00:00+00:00,9219.202781164602,9219.202781164602,0.0,0,False,64327.99,0.0,8969.916604290607,0.00019373236914943526,-0.09049623451599187
2026-07-11 19:00:00+00:00,9219.202781164602,9219.202781164602,0.0,0,False,64286.0,0.0,8964.061504539874,-0.0006527485158482893,-0.09049623451599187
2026-07-11 20:00:00+00:00,9219.202781164602,9219.202781164602,0.0,0,False,64382.45,0.0,8977.510525043761,0.001500326665214935,-0.09049623451599187
2026-07-11 21:00:00+00:00,9219.202781164602,9219.202781164602,0.0,0,False,64355.99,0.0,8973.820933726676,-0.00041098156407526343,-0.09049623451599187
2026-07-11 22:00:00+00:00,9219.202781164602,9219.202781164602,0.0,0,False,64203.08,0.0,8952.49911179563,-0.002376002606750416,-0.09049623451599187
2026-07-11 23:00:00+00:00,9219.202781164602,9219.202781164602,0.0,0,False,63819.0,0.0,8898.942867159727,-0.005982267517383955,-0.09049623451599187
2026-07-12 00:00:00+00:00,9219.202781164602,9219.202781164602,0.0,0,False,63828.47,0.0,8900.263367151141,0.00014838841097497557,-0.09049623451599187
2026-07-12 01:00:00+00:00,9219.202781164602,9219.202781164602,0.0,0,False,64133.61,0.0,8942.812191584071,0.004780625322837961,-0.09049623451599187
2026-07-12 02:00:00+00:00,9219.202781164602,9219.202781164602,0.0,0,False,64070.39,0.0,8933.996773478773,-0.000985754583283538,-0.09049623451599187
2026-07-12 03:00:00+00:00,9219.202781164602,9219.202781164602,0.0,0,False,64223.73,0.0,8955.37855475473,0.002393305238191923,-0.09049623451599187
2026-07-12 04:00:00+00:00,9219.202781164602,9219.202781164602,0.0,0,False,63999.93,0.0,8924.171807333581,-0.0034846932745886683,-0.09049623451599187
2026-07-12 05:00:00+00:00,9219.202781164602,9219.202781164602,0.0,0,False,63959.93,0.0,8918.594193853483,-0.000625000683594501,-0.09049623451599187
2026-07-12 06:00:00+00:00,9219.202781164602,9219.202781164602,0.0,0,False,63762.46,0.0,8891.058910505608,-0.00308740175294131,-0.09049623451599187
2026-07-12 07:00:00+00:00,9219.202781164602,9219.202781164602,0.0,0,False,63885.27,0.0,8908.183578292881,0.0019260549232260615,-0.09049623451599187
2026-07-12 08:00:00+00:00,9219.202781164602,9219.202781164602,0.0,0,False,63983.18,0.0,8921.83618168879,0.001532591159119967,-0.09049623451599187
2026-07-12 09:00:00+00:00,9219.202781164602,9219.202781164602,0.0,0,False,63961.61,0.0,8918.828453619648,-0.0003371198493102856,-0.09049623451599187
2026-07-12 10:00:00+00:00,9219.202781164602,9219.202781164602,0.0,0,False,63865.76,0.0,8905.463097317963,-0.0014985551489400395,-0.09049623451599187
2026-07-12 11:00:00+00:00,9219.202781164602,9219.202781164602,0.0,0,False,64018.01,0.0,8926.692888626587,0.00238390649387088,-0.09049623451599187
2026-07-12 12:00:00+00:00,9219.202781164602,9219.202781164602,0.0,0,False,64026.0,0.0,8927.807016919236,0.00012480862807184856,-0.09049623451599187
2026-07-12 13:00:00+00:00,9219.202781164602,9219.202781164602,0.0,0,False,64023.14,0.0,8927.408217555409,-4.466935307534392e-05,-0.09049623451599187
2026-07-12 14:00:00+00:00,9219.202781164602,9219.202781164602,0.0,0,False,64203.08,0.0,8952.49911179563,0.0028105463118490714,-0.09049623451599187
2026-07-12 15:00:00+00:00,9219.202781164602,9219.202781164602,0.0,0,False,64176.0,0.0,8948.723067469604,-0.00042178661833669473,-0.09049623451599187
2026-07-12 16:00:00+00:00,9219.202781164602,9219.202781164602,0.0,0,False,64177.7,0.0,8948.960116042508,2.6489653452976825e-05,-0.09049623451599187
2026-07-12 17:00:00+00:00,9219.202781164602,9219.202781164602,0.0,0,False,64078.0,0.0,8935.057914443363,-0.0015534991126201492,-0.09049623451599187
2026-07-12 18:00:00+00:00,9219.202781164602,9219.202781164602,0.0,0,False,64147.99,0.0,8944.817343630166,0.0010922625550111587,-0.09049623451599187
2026-07-12 19:00:00+00:00,9219.202781164602,9219.202781164602,0.0,0,False,64228.59,0.0,8956.056234792562,0.001256469610349198,-0.09049623451599187
2026-07-12 20:00:00+00:00,9219.202781164602,9219.202781164602,0.0,0,False,64198.89,0.0,8951.91485678359,-0.000462410898324328,-0.09049623451599187
2026-07-12 21:00:00+00:00,9219.202781164602,9219.202781164602,0.0,0,False,63920.4,0.0,8913.082117331778,-0.0043379254688045155,-0.09049623451599187
2026-07-12 22:00:00+00:00,9219.202781164602,9219.202781164602,0.0,0,False,63886.87,0.0,8908.406682832085,-0.0005245586698457982,-0.09049623451599187
2026-07-12 23:00:00+00:00,9219.202781164602,9219.202781164602,0.0,0,False,63780.0,0.0,8893.504694016632,-0.0016728006865887046,-0.09049623451599187
2026-07-13 00:00:00+00:00,9219.202781164602,9219.202781164602,0.0,0,False,64072.01,0.0,8934.222666824719,0.0045783944810284805,-0.09049623451599187
2026-07-13 01:00:00+00:00,9219.202781164602,9219.202781164602,0.0,0,False,63412.01,0.0,8842.192044403098,-0.01030090986688248,-0.09049623451599187
2026-07-13 02:00:00+00:00,9219.202781164602,9219.202781164602,0.0,0,False,63375.99,0.0,8837.16940346427,-0.0005680311978756292,-0.09049623451599187
2026-07-13 03:00:00+00:00,9219.202781164602,9219.202781164602,0.0,0,False,62806.41,0.0,8757.74697631441,-0.008987315227738435,-0.09049623451599187
2026-07-13 04:00:00+00:00,9219.202781164602,9219.202781164602,0.0,0,False,62672.0,0.0,8739.004800617911,-0.002140068187307609,-0.09049623451599187
2026-07-13 05:00:00+00:00,9219.202781164602,9219.202781164602,0.0,0,False,62799.0,0.0,8756.713723417222,0.0020264232831246343,-0.09049623451599187
2026-07-13 06:00:00+00:00,9219.202781164602,9219.202781164602,0.0,0,False,62797.55,0.0,8756.51153492857,-2.3089539642251466e-05,-0.09049623451599187
2026-07-13 07:00:00+00:00,9219.202781164602,9219.202781164602,0.0,0,False,62985.52,0.0,8782.72213507492,0.0029932696418888405,-0.09049623451599187
2026-07-13 08:00:00+00:00,9219.202781164602,9219.202781164602,0.0,0,False,63206.97,0.0,8813.601197704114,0.0035158874611180835,-0.09049623451599187
2026-07-13 09:00:00+00:00,9219.202781164602,9219.202781164602,0.0,0,False,63100.02,0.0,8798.688053661703,-0.001692060226902048,-0.09049623451599187
2026-07-13 10:00:00+00:00,9219.202781164602,9219.202781164602,0.0,0,False,62867.89,0.0,8766.319768233321,-0.003678762700867755,-0.09049623451599187
2026-07-13 11:00:00+00:00,9219.202781164602,9219.202781164602,0.0,0,False,62901.99,0.0,8771.074683725104,0.0005424072606858843,-0.09049623451599187
2026-07-13 12:00:00+00:00,9219.202781164602,9219.202781164602,0.0,0,False,62625.15,0.0,8732.472020829346,-0.004401132619174519,-0.09049623451599187
2026-07-13 13:00:00+00:00,9219.202781164602,9219.202781164602,0.0,0,False,62318.0,0.0,8689.64292131904,-0.004904579070868609,-0.09049623451599187
2026-07-13 14:00:00+00:00,9219.202781164602,9219.202781164602,0.0,0,False,62791.85,0.0,8755.716725007655,0.007603742096986554,-0.09049623451599187
2026-07-13 15:00:00+00:00,9219.202781164602,9219.202781164602,0.0,0,False,62618.01,0.0,8731.476416823149,-0.002768512155637892,-0.09049623451599187
2026-07-13 16:00:00+00:00,9219.202781164602,9219.202781164602,0.0,0,False,62276.0,0.0,8683.786427164938,-0.005461847158669042,-0.09049623451599187
2026-07-13 17:00:00+00:00,9219.202781164602,9219.202781164602,0.0,0,False,61904.99,0.0,8632.052667733657,-0.005957511722011755,-0.09049623451599187
2026-07-13 18:00:00+00:00,9219.202781164602,9219.202781164602,0.0,0,False,62020.0,0.0,8648.08970089231,0.0018578470007022396,-0.09049623451599187
2026-07-13 19:00:00+00:00,9219.202781164602,9219.202781164602,0.0,0,False,62288.23,0.0,8685.491782486479,0.004324895195098488,-0.09049623451599187
2026-07-13 20:00:00+00:00,9219.202781164602,9219.202781164602,0.0,0,False,62210.99,0.0,8674.721410856408,-0.0012400416579506635,-0.09049623451599187
2026-07-13 21:00:00+00:00,9219.202781164602,9219.202781164602,0.0,0,False,62065.06,0.0,8654.37288247764,-0.0023457270170429423,-0.09049623451599187
2026-07-13 22:00:00+00:00,9219.202781164602,9219.202781164602,0.0,0,False,61924.0,0.0,8634.703428540073,-0.002272776341471494,-0.09049623451599187
2026-07-13 23:00:00+00:00,9219.202781164602,9219.202781164602,0.0,0,False,62334.52,0.0,8691.946475686322,0.006629416704347246,-0.09049623451599187
2026-07-14 00:00:00+00:00,9219.202781164602,9219.202781164602,0.0,0,False,62549.54,0.0,8721.92893694859,0.0034494530478457186,-0.09049623451599187
2026-07-14 01:00:00+00:00,9219.202781164602,9219.202781164602,0.0,0,False,62540.42,0.0,8720.657241075127,-0.00014580442957712325,-0.09049623451599187
2026-07-14 02:00:00+00:00,9219.202781164602,9219.202781164602,0.0,0,False,62544.0,0.0,8721.156437481597,5.724297982023785e-05,-0.09049623451599187
2026-07-14 03:00:00+00:00,9219.202781164602,9219.202781164602,0.0,0,False,62572.89,0.0,8725.184868817596,0.0004619148119722194,-0.09049623451599187
2026-07-14 04:00:00+00:00,9219.202781164602,9219.202781164602,0.0,0,False,62745.23,0.0,8749.2160164966,0.0027542279092434008,-0.09049623451599187
2026-07-14 05:00:00+00:00,9219.202781164602,9219.202781164602,0.0,0,False,62737.0,0.0,8748.06842252307,-0.00013116534914281441,-0.09049623451599187
2026-07-14 06:00:00+00:00,9219.202781164602,9219.202781164602,0.0,0,False,62624.05,0.0,8732.318636458644,-0.0018003729856383988,-0.09049623451599187
2026-07-14 07:00:00+00:00,9219.202781164602,9219.202781164602,0.0,0,False,62560.92,0.0,8723.515767983678,-0.0010080791644744291,-0.09049623451599187
2026-07-14 08:00:00+00:00,9219.202781164602,9219.202781164602,0.0,0,False,62713.85,0.0,8744.840378721463,0.0024444972995920633,-0.09049623451599187
2026-07-14 09:00:00+00:00,9219.202781164602,9219.202781164602,0.0,0,False,62629.55,0.0,8733.085558312157,-0.001344200682943053,-0.09049623451599187
2026-07-14 10:00:00+00:00,9219.202781164602,9219.202781164602,0.0,0,False,62800.0,0.0,8756.853163754226,0.0027215587530167173,-0.09049623451599187
2026-07-14 11:00:00+00:00,9219.202781164602,9219.202781164602,0.0,0,False,62844.99,0.0,8763.126584515965,0.0007164012738851699,-0.09049623451599187
2026-07-14 12:00:00+00:00,9219.202781164602,9219.202781164602,0.0,0,False,63960.0,0.0,8918.603954677073,0.01774222575260187,-0.09049623451599187
2026-07-14 13:00:00+00:00,9192.563093945022,867.8574436872168,0.13039950417078264,1,False,63840.01,-0.002889586860374327,8901.872508640148,-0.0018760162601626496,-0.09312432464619547
2026-07-14 14:00:00+00:00,9253.200167379477,867.8574436872168,0.13039950417078264,1,False,64305.02,0.006596318438585991,8966.713659749661,0.007283990087094461,-0.08714228390735401
2026-07-14 15:00:00+00:00,9310.441637725326,867.8574436872168,0.13039950417078264,1,False,64743.99,0.006186126886960075,9027.92378448363,0.00682637218680604,-0.08149523024586436
2026-07-14 16:00:00+00:00,9308.617348661977,867.8574436872168,0.13039950417078264,1,False,64730.0,-0.00019594012124579674,9025.973014168965,-0.00021608183246046853,-0.0816752021818149
2026-07-14 17:00:00+00:00,9294.459874494156,867.8574436872168,0.13039950417078264,1,False,64621.43,-0.0015208997896831722,9010.833976780608,-0.001677274833925546,-0.08307188217367745
2026-07-14 18:00:00+00:00,9288.01161901291,867.8574436872168,0.13039950417078264,1,False,64571.98,-0.00069377409427962,9003.938652115836,-0.0007652260248652842,-0.08370802314814196
2026-07-14 19:00:00+00:00,9287.699964197942,867.8574436872168,0.13039950417078264,1,False,64569.59,-3.3554524666024044e-05,9003.6053897104,-3.701295825220274e-05,-0.08373876888988052
2026-07-14 20:00:00+00:00,9288.016834993075,867.8574436872168,0.13039950417078264,1,False,64572.02,3.411725145685551e-05,9003.944229729317,3.763381492771778e-05,-0.0837075085750586
2026-07-14 21:00:00+00:00,9301.693134990508,867.8574436872168,0.13039950417078264,1,False,64676.9,0.0014724671843731052,9018.568732274136,0.0016242329107871711,-0.08235829795014793
2026-07-14 22:00:00+00:00,9325.685339762891,867.8574436872168,0.13039950417078264,1,False,64860.89,0.00257933737699112,9044.224359879216,0.002844756010260019,-0.07999139040936487
2026-07-14 23:00:00+00:00,9349.56018498152,867.8574436872168,0.13039950417078264,1,False,65043.98,0.0025601169617883723,9069.754491180996,0.0028228104794738584,-0.07763606076296059
2026-07-15 00:00:00+00:00,9320.95053376645,867.8574436872168,0.13039950417078264,1,False,64824.58,-0.0030599996843728716,9039.161281242657,-0.0033731023224593537,-0.08045849412590289
2026-07-15 01:00:00+00:00,9301.360616254873,867.8574436872168,0.13039950417078264,1,False,64674.35,-0.0021017081295099382,9018.213159414778,-0.002317485126783758,-0.08239110198422028
2026-07-15 02:00:00+00:00,9277.434915229618,867.8574436872168,0.13039950417078264,1,False,64490.87,-0.002572279692440116,8992.628646381569,-0.0028369825131600024,-0.08475144871818874
2026-07-15 03:00:00+00:00,9316.703421915607,867.8574436872168,0.13039950417078264,1,False,64792.01,0.004232690074874812,9034.619709466488,0.004669498178579312,-0.08087748525913474
2026-07-15 04:00:00+00:00,9310.70504472375,867.8574436872168,0.13039950417078264,1,False,64746.01,-0.0006438304323121979,9028.205453964374,-0.000709964083534409,-0.08146924430514813
2026-07-15 05:00:00+00:00,9336.530666524774,867.8574436872168,0.13039950417078264,1,False,64944.06,0.0027737557657523393,9055.82161270771,0.003058875751571488,-0.07892146432551861
2026-07-15 06:00:00+00:00,9319.570907012323,867.8574436872168,0.13039950417078264,1,False,64814.0,-0.0018164948114247625,9037.68600247717,-0.0020026465853845155,-0.080594598706486
2026-07-15 07:00:00+00:00,9285.059374238483,867.8574436872168,0.13039950417078264,1,False,64549.34,-0.0037031246522168937,9000.7817228861,-0.004083377048168635,-0.08399927151339737
2026-07-15 08:00:00+00:00,9313.573833815508,867.8574436872168,0.13039950417078264,1,False,64768.01,0.003071004549108025,9031.273141378428,0.0033876411439683896,-0.08118622910922868
2026-07-15 09:00:00+00:00,9301.032009504363,867.8574436872168,0.13039950417078264,1,False,64671.83,-0.001346617800527694,9017.861769765532,-0.001484992359654047,-0.0824235200884802
2026-07-15 10:00:00+00:00,9299.880581882535,867.8574436872168,0.13039950417078264,1,False,64663.0,-0.00012379568424780718,9016.6305115898,-0.0001365354900272342,-0.08253711209666059
2026-07-15 11:00:00+00:00,9308.897707595945,867.8574436872168,0.13039950417078264,1,False,64732.15,0.0009695958602926602,9026.27281089352,0.0010693905324530295,-0.08164754387857731
2026-07-15 12:00:00+00:00,9297.590312643373,9297.590312643373,0.0,0,False,65164.0,-0.0012146867768613179,9086.49012042803,0.006671337194886773,-0.08276305446352616
2026-07-15 13:00:00+00:00,9297.590312643373,9297.590312643373,0.0,0,False,65117.99,0.0,9080.074470522548,-0.0007060646982995911,-0.08276305446352616
2026-07-15 14:00:00+00:00,9297.590312643373,9297.590312643373,0.0,0,False,65399.81,0.0,9119.37154629658,0.00432783628610145,-0.08276305446352616
2026-07-15 15:00:00+00:00,9297.590312643373,9297.590312643373,0.0,0,False,65427.61,0.0,9123.247987665249,0.0004250776875347473,-0.08276305446352616
2026-07-15 16:00:00+00:00,9297.590312643373,9297.590312643373,0.0,0,False,65120.79,0.0,9080.464903466154,-0.004689457554692966,-0.08276305446352616
2026-07-15 17:00:00+00:00,9297.590312643373,9297.590312643373,0.0,0,False,65056.1,0.0,9071.444508065464,-0.0009933847546997887,-0.08276305446352616
2026-07-15 18:00:00+00:00,9297.590312643373,9297.590312643373,0.0,0,False,64860.0,0.0,9044.100257979284,-0.003014321485609983,-0.08276305446352616
2026-07-15 19:00:00+00:00,9297.590312643373,9297.590312643373,0.0,0,False,64977.34,0.0,9060.46218712315,0.001809127351217743,-0.08276305446352616
2026-07-15 20:00:00+00:00,9297.590312643373,9297.590312643373,0.0,0,False,64968.01,0.0,9059.16120877892,-0.00014358851870488465,-0.08276305446352616
2026-07-15 21:00:00+00:00,9297.590312643373,9297.590312643373,0.0,0,False,64834.31,0.0,9040.51803572169,-0.002057935897990526,-0.08276305446352616
2026-07-15 22:00:00+00:00,9297.590312643373,9297.590312643373,0.0,0,False,64866.93,0.0,9045.06657951471,0.0005031286675218904,-0.08276305446352616
2026-07-15 23:00:00+00:00,9297.590312643373,9297.590312643373,0.0,0,False,64756.28,0.0,9029.63750622539,-0.0017057998582635792,-0.08276305446352616
2026-07-16 00:00:00+00:00,9297.590312643373,9297.590312643373,0.0,0,False,64584.07,0.0,9005.624485790197,-0.0026593559728879113,-0.08276305446352616
2026-07-16 01:00:00+00:00,9297.590312643373,9297.590312643373,0.0,0,False,64730.01,0.0,9025.974408572334,0.0022596903539835456,-0.08276305446352616
2026-07-16 02:00:00+00:00,9297.590312643373,9297.590312643373,0.0,0,False,64642.01,0.0,9013.703658916118,-0.00135949306975236,-0.08276305446352616
2026-07-16 03:00:00+00:00,9297.590312643373,9297.590312643373,0.0,0,False,64619.95,0.0,9010.627605081843,-0.00034126414076551814,-0.08276305446352616
2026-07-16 04:00:00+00:00,9297.590312643373,9297.590312643373,0.0,0,False,64650.05,0.0,9014.82475922562,0.0004658004223156986,-0.08276305446352616
2026-07-16 05:00:00+00:00,9297.590312643373,9297.590312643373,0.0,0,False,64917.99,0.0,9052.186403122056,0.004144467018973419,-0.08276305446352616
2026-07-16 06:00:00+00:00,9297.590312643373,9297.590312643373,0.0,0,False,64777.32,0.0,9032.571330915922,-0.0021668877918121776,-0.08276305446352616
2026-07-16 07:00:00+00:00,9297.590312643373,9297.590312643373,0.0,0,False,64238.0,0.0,8957.368368363756,-0.008325753519905055,-0.08276305446352616
2026-07-16 08:00:00+00:00,9297.590312643373,9297.590312643373,0.0,0,False,64126.85,0.0,8941.869574905932,-0.0017302842554252074,-0.08276305446352616
2026-07-16 09:00:00+00:00,9297.590312643373,9297.590312643373,0.0,0,False,64090.0,0.0,8936.731198487392,-0.0005746422910214433,-0.08276305446352616
2026-07-16 10:00:00+00:00,9297.590312643373,9297.590312643373,0.0,0,False,64221.34,0.0,8955.045292349294,0.0020493056639099283,-0.08276305446352616
2026-07-16 11:00:00+00:00,9297.590312643373,9297.590312643373,0.0,0,False,64256.53,0.0,8959.952197808412,0.0005479487036554875,-0.08276305446352616
2026-07-16 12:00:00+00:00,9297.590312643373,9297.590312643373,0.0,0,False,63966.01,0.0,8919.441991102458,-0.0045212525481846955,-0.08276305446352616
2026-07-16 13:00:00+00:00,9297.590312643373,9297.590312643373,0.0,0,False,64376.0,0.0,8976.611134870096,0.006409497794219288,-0.08276305446352616
2026-07-16 14:00:00+00:00,9297.590312643373,9297.590312643373,0.0,0,False,64543.51,0.0,8999.968785721378,0.002602056667081021,-0.08276305446352616
2026-07-16 15:00:00+00:00,9297.590312643373,9297.590312643373,0.0,0,False,64704.73,0.0,9022.449356852912,0.002497849900013005,-0.08276305446352616
2026-07-16 16:00:00+00:00,9297.590312643373,9297.590312643373,0.0,0,False,64484.0,0.0,8991.670691266361,-0.003411342571091658,-0.08276305446352616
2026-07-16 17:00:00+00:00,9297.590312643373,9297.590312643373,0.0,0,False,64069.03,0.0,8933.807134620452,-0.006435239749395194,-0.08276305446352616
2026-07-16 18:00:00+00:00,9297.590312643373,9297.590312643373,0.0,0,False,64246.01,0.0,8958.485285463146,0.0027623330648207656,-0.08276305446352616
2026-07-16 19:00:00+00:00,9297.590312643373,9297.590312643373,0.0,0,False,64271.84,0.0,8962.087029367918,0.0004020483139728359,-0.08276305446352616
2026-07-16 20:00:00+00:00,9297.590312643373,9297.590312643373,0.0,0,False,64114.27,0.0,8940.115415466442,-0.0024516180025341283,-0.08276305446352616
2026-07-16 21:00:00+00:00,9297.590312643373,9297.590312643373,0.0,0,False,64161.99,0.0,8946.7695083482,0.0007442960826038458,-0.08276305446352616
2026-07-16 22:00:00+00:00,9297.590312643373,9297.590312643373,0.0,0,False,63968.0,0.0,8919.719477373093,-0.003023441137034566,-0.08276305446352616
2026-07-16 23:00:00+00:00,9297.590312643373,9297.590312643373,0.0,0,False,63830.2,0.0,8900.504598934154,-0.002154202101050662,-0.08276305446352616
2026-07-17 00:00:00+00:00,9297.590312643373,9297.590312643373,0.0,0,False,63886.0,0.0,8908.285369738893,0.0008741943468766333,-0.08276305446352616
2026-07-17 01:00:00+00:00,9297.590312643373,9297.590312643373,0.0,0,False,63546.24,0.0,8860.909120838938,-0.005318223084869955,-0.08276305446352616
2026-07-17 02:00:00+00:00,9297.590312643373,9297.590312643373,0.0,0,False,63482.0,0.0,8851.9514735899,-0.0010109174043972935,-0.08276305446352616
2026-07-17 03:00:00+00:00,9297.590312643373,9297.590312643373,0.0,0,False,63570.0,0.0,8864.222223246115,0.0013862197158249767,-0.08276305446352616
2026-07-17 04:00:00+00:00,9297.590312643373,9297.590312643373,0.0,0,False,63486.01,0.0,8852.51062934128,-0.001321220701588799,-0.08276305446352616
2026-07-17 05:00:00+00:00,9297.590312643373,9297.590312643373,0.0,0,False,62839.76,0.0,8762.397311553443,-0.010179408030210002,-0.08276305446352616
2026-07-17 06:00:00+00:00,9297.590312643373,9297.590312643373,0.0,0,False,62948.0,0.0,8777.490333630589,0.0017224763430032652,-0.08276305446352616
2026-07-17 07:00:00+00:00,9297.590312643373,9297.590312643373,0.0,0,False,62828.11,0.0,8760.772831627364,-0.001904587913833633,-0.08276305446352616
2026-07-17 08:00:00+00:00,9297.590312643373,9297.590312643373,0.0,0,False,62888.0,0.0,8769.123913410442,0.0009532357411357051,-0.08276305446352616
2026-07-17 09:00:00+00:00,9297.590312643373,9297.590312643373,0.0,0,False,62989.46,0.0,8783.27153000271,0.0016133443582240226,-0.08276305446352616
2026-07-17 10:00:00+00:00,9297.590312643373,9297.590312643373,0.0,0,False,63179.92,0.0,8809.829336588198,0.003023680469716794,-0.08276305446352616
2026-07-17 11:00:00+00:00,9297.590312643373,9297.590312643373,0.0,0,False,63298.01,0.0,8826.295845984818,0.0018691065135885143,-0.08276305446352616
2026-07-17 12:00:00+00:00,9297.590312643373,9297.590312643373,0.0,0,False,63099.75,0.0,8798.650404770711,-0.0031321679781085576,-0.08276305446352616
2026-07-17 13:00:00+00:00,9297.590312643373,9297.590312643373,0.0,0,False,63153.99,0.0,8806.213648649724,0.0008595913612969852,-0.08276305446352616
2026-07-17 14:00:00+00:00,9297.590312643373,9297.590312643373,0.0,0,False,63174.0,0.0,8809.003849793144,0.000316844588916787,-0.08276305446352616
2026-07-17 15:00:00+00:00,9297.590312643373,9297.590312643373,0.0,0,False,63452.0,0.0,8847.768263479826,0.0044005445278119115,-0.08276305446352616
2026-07-17 16:00:00+00:00,9297.590312643373,9297.590312643373,0.0,0,False,63594.0,0.0,8867.568791334175,0.0022379121225495346,-0.08276305446352616
2026-07-17 17:00:00+00:00,9297.590312643373,9297.590312643373,0.0,0,False,64049.86,0.0,8931.134063360116,0.007168286316319161,-0.08276305446352616
2026-07-17 18:00:00+00:00,9297.590312643373,9297.590312643373,0.0,0,False,64259.73,0.0,8960.39840688682,0.0032766660223766397,-0.08276305446352616
2026-07-17 19:00:00+00:00,9297.590312643373,9297.590312643373,0.0,0,False,64160.8,0.0,8946.603574347168,-0.001539533390507386,-0.08276305446352616
2026-07-17 20:00:00+00:00,9297.590312643373,9297.590312643373,0.0,0,False,64120.0,0.0,8940.914408597466,-0.0006359022954827154,-0.08276305446352616
2026-07-17 21:00:00+00:00,9297.590312643373,9297.590312643373,0.0,0,False,64110.0,0.0,8939.520005227441,-0.0001559575795383461,-0.08276305446352616
2026-07-17 22:00:00+00:00,9297.590312643373,9297.590312643373,0.0,0,False,63986.0,0.0,8922.229403439138,-0.0019341756356261453,-0.08276305446352616
2026-07-17 23:00:00+00:00,9297.590312643373,9297.590312643373,0.0,0,False,63931.67,0.0,8914.653609929794,-0.0008490919888726189,-0.08276305446352616
2026-07-18 00:00:00+00:00,9297.590312643373,9297.590312643373,0.0,0,False,63910.04,0.0,8911.63751544043,-0.00033832997010718735,-0.08276305446352616
2026-07-18 01:00:00+00:00,9297.590312643373,9297.590312643373,0.0,0,False,63952.98,0.0,8917.625083511317,0.0006718819140154597,-0.08276305446352616
2026-07-18 02:00:00+00:00,9297.590312643373,9297.590312643373,0.0,0,False,63967.61,0.0,8919.665095641663,0.0002287618184484419,-0.08276305446352616
2026-07-18 03:00:00+00:00,9297.590312643373,9297.590312643373,0.0,0,False,64017.84,0.0,8926.669183769294,0.0007852411556408256,-0.08276305446352616
2026-07-18 04:00:00+00:00,9297.590312643373,9297.590312643373,0.0,0,False,63967.99,0.0,8919.718082969723,-0.0007786891903880377,-0.08276305446352616
2026-07-18 05:00:00+00:00,9297.590312643373,9297.590312643373,0.0,0,False,63967.95,0.0,8919.712505356243,-6.253127540212233e-07,-0.08276305446352616
2026-07-18 06:00:00+00:00,9297.590312643373,9297.590312643373,0.0,0,False,63979.67,0.0,8921.346746105912,0.00018321675151389272,-0.08276305446352616
2026-07-18 07:00:00+00:00,9297.590312643373,9297.590312643373,0.0,0,False,64002.75,0.0,8924.56502908393,0.0003607395911857658,-0.08276305446352616
2026-07-18 08:00:00+00:00,9297.590312643373,9297.590312643373,0.0,0,False,64006.01,0.0,8925.019604582556,5.093531137312368e-05,-0.08276305446352616
2026-07-18 09:00:00+00:00,9297.590312643373,9297.590312643373,0.0,0,False,63987.76,0.0,8922.474818432262,-0.00028512947456027504,-0.08276305446352616
2026-07-18 10:00:00+00:00,9297.590312643373,9297.590312643373,0.0,0,False,64016.43,0.0,8926.472572894121,0.00044805444041173814,-0.08276305446352616
2026-07-18 11:00:00+00:00,9297.590312643373,9297.590312643373,0.0,0,False,64069.89,0.0,8933.927053310274,0.0008350981146560965,-0.08276305446352616
2026-07-18 12:00:00+00:00,9297.590312643373,9297.590312643373,0.0,0,False,64218.0,0.0,8954.579561623706,0.002311694307575607,-0.08276305446352616
2026-07-18 13:00:00+00:00,9297.590312643373,9297.590312643373,0.0,0,False,64106.0,0.0,8938.962243879432,-0.0017440592980160208,-0.08276305446352616
2026-07-18 14:00:00+00:00,9297.590312643373,9297.590312643373,0.0,0,False,64126.0,0.0,8941.751050619481,0.00031198327769632606,-0.08276305446352616
2026-07-18 15:00:00+00:00,9297.590312643373,9297.590312643373,0.0,0,False,64123.12,0.0,8941.349462448916,-4.491158032604581e-05,-0.08276305446352616
2026-07-18 16:00:00+00:00,9297.590312643373,9297.590312643373,0.0,0,False,64303.47,0.0,8966.497527227308,0.0028125580913715975,-0.08276305446352616
2026-07-18 17:00:00+00:00,9297.590312643373,9297.590312643373,0.0,0,False,64480.29,0.0,8991.153367616082,0.00274977384579711,-0.08276305446352616
2026-07-18 18:00:00+00:00,9297.590312643373,9297.590312643373,0.0,0,False,64512.41,0.0,8995.632191240602,0.0004981367174374807,-0.08276305446352616
2026-07-18 19:00:00+00:00,9297.590312643373,9297.590312643373,0.0,0,False,64552.79,0.0,9001.26279204876,0.0006259260815086876,-0.08276305446352616
2026-07-18 20:00:00+00:00,9297.590312643373,9297.590312643373,0.0,0,False,64693.01,0.0,9020.815116103244,0.0021721756720352037,-0.08276305446352616
2026-07-18 21:00:00+00:00,9297.590312643373,9297.590312643373,0.0,0,False,64731.72,0.0,9026.21285154861,0.0005983644910014796,-0.08276305446352616
2026-07-18 22:00:00+00:00,9297.590312643373,9297.590312643373,0.0,0,False,64805.05,0.0,9036.438011461,0.0011328294690764462,-0.08276305446352616
2026-07-18 23:00:00+00:00,9297.590312643373,9297.590312643373,0.0,0,False,64834.22,0.0,9040.50548609136,0.0004501192422503575,-0.08276305446352616
2026-07-19 00:00:00+00:00,9297.590312643373,9297.590312643373,0.0,0,False,64792.08,0.0,9034.629470290078,-0.0006499654040720282,-0.08276305446352616
2026-07-19 01:00:00+00:00,9297.590312643373,9297.590312643373,0.0,0,False,64765.99,0.0,9030.991471897683,-0.0004026726723389551,-0.08276305446352616
2026-07-19 02:00:00+00:00,9297.590312643373,9297.590312643373,0.0,0,False,64826.01,0.0,9039.36068092457,0.0009267209533891929,-0.08276305446352616
2026-07-19 03:00:00+00:00,9297.590312643373,9297.590312643373,0.0,0,False,64706.18,0.0,9022.651545341565,-0.0018484864331462791,-0.08276305446352616
2026-07-19 04:00:00+00:00,9297.590312643373,9297.590312643373,0.0,0,False,64720.17,0.0,9024.60231565623,0.00021620809635192195,-0.08276305446352616
2026-07-19 05:00:00+00:00,9297.590312643373,9297.590312643373,0.0,0,False,64724.01,0.0,9025.13776655032,5.933235342259202e-05,-0.08276305446352616
2026-07-19 06:00:00+00:00,9297.590312643373,9297.590312643373,0.0,0,False,64711.69,0.0,9023.41986159845,-0.00019034667351425227,-0.08276305446352616
2026-07-19 07:00:00+00:00,9297.590312643373,9297.590312643373,0.0,0,False,64711.05,0.0,9023.330619782768,-9.890021416603112e-06,-0.08276305446352616
2026-07-19 08:00:00+00:00,9297.590312643373,9297.590312643373,0.0,0,False,64707.49,0.0,9022.83421218304,-5.501378821703984e-05,-0.08276305446352616
2026-07-19 09:00:00+00:00,9297.590312643373,9297.590312643373,0.0,0,False,64509.99,0.0,8995.294745625055,-0.0030521968940534494,-0.08276305446352616
2026-07-19 10:00:00+00:00,9297.590312643373,9297.590312643373,0.0,0,False,64595.0,0.0,9007.148568673632,0.001317780393393253,-0.08276305446352616
2026-07-19 11:00:00+00:00,9297.590312643373,9297.590312643373,0.0,0,False,64467.64,0.0,8989.389447353,-0.0019716696338725193,-0.08276305446352616
2026-07-19 12:00:00+00:00,9297.590312643373,9297.590312643373,0.0,0,False,64441.15,0.0,8985.695672825806,-0.00041090382709818574,-0.08276305446352616
2026-07-19 13:00:00+00:00,9297.590312643373,9297.590312643373,0.0,0,False,64483.31,0.0,8991.574477433829,0.0006542403417690856,-0.08276305446352616
2026-07-19 14:00:00+00:00,9297.590312643373,9297.590312643373,0.0,0,False,64593.07,0.0,9006.87944882322,0.001702145873095029,-0.08276305446352616
2026-07-19 15:00:00+00:00,9297.590312643373,9297.590312643373,0.0,0,False,64585.32,0.0,9005.79878621145,-0.00011998191137230219,-0.08276305446352616
2026-07-19 16:00:00+00:00,9297.590312643373,9297.590312643373,0.0,0,False,64538.72,0.0,8999.300866507134,-0.0007215261920202609,-0.08276305446352616
2026-07-19 17:00:00+00:00,9297.590312643373,9297.590312643373,0.0,0,False,64547.86,0.0,9000.575351187337,0.00014162041019716298,-0.08276305446352616
2026-07-19 18:00:00+00:00,9297.590312643373,9297.590312643373,0.0,0,False,64419.99,0.0,8982.745115294832,-0.001981010679517614,-0.08276305446352616
2026-07-19 19:00:00+00:00,9297.590312643373,9297.590312643373,0.0,0,False,64462.58,0.0,8988.683879247768,0.000661130186453196,-0.08276305446352616
2026-07-19 20:00:00+00:00,9297.590312643373,9297.590312643373,0.0,0,False,64535.99,0.0,8998.920194387118,0.001138800215566782,-0.08276305446352616
2026-07-19 21:00:00+00:00,9297.590312643373,9297.590312643373,0.0,0,False,64415.75,0.0,8982.153888265942,-0.0018631464396842157,-0.08276305446352616
2026-07-19 22:00:00+00:00,9297.590312643373,9297.590312643373,0.0,0,False,64674.67,0.0,9018.257780322618,0.004019513861128532,-0.08276305446352616
2026-07-19 23:00:00+00:00,9297.590312643373,9297.590312643373,0.0,0,False,64722.54,0.0,9024.932789254926,0.0007401661268624515,-0.08276305446352616
2026-07-20 00:00:00+00:00,9297.590312643373,9297.590312643373,0.0,0,False,64553.84,0.0,9001.409204402611,-0.0026065108075178367,-0.08276305446352616
2026-07-20 01:00:00+00:00,9297.590312643373,9297.590312643373,0.0,0,False,64628.01,0.0,9011.751494198084,0.0011489634079089317,-0.08276305446352616
2026-07-20 02:00:00+00:00,9297.590312643373,9297.590312643373,0.0,0,False,64827.2,0.0,9039.526614925602,0.0030821001605958465,-0.08276305446352616
2026-07-20 03:00:00+00:00,9297.590312643373,9297.590312643373,0.0,0,False,64869.8,0.0,9045.466773281909,0.0006571315744010597,-0.08276305446352616
2026-07-20 04:00:00+00:00,9297.590312643373,9297.590312643373,0.0,0,False,64540.01,0.0,8999.480744541868,-0.0050838757017904745,-0.08276305446352616
2026-07-20 05:00:00+00:00,9297.590312643373,9297.590312643373,0.0,0,False,64128.0,0.0,8942.029931293486,-0.006383792007469524,-0.08276305446352616
2026-07-20 06:00:00+00:00,9297.590312643373,9297.590312643373,0.0,0,False,63917.98,0.0,8912.744671716231,-0.003275012475049799,-0.08276305446352616
2026-07-20 07:00:00+00:00,9297.590312643373,9297.590312643373,0.0,0,False,64280.01,0.0,8963.226256921229,0.005663977491153327,-0.08276305446352616
2026-07-20 08:00:00+00:00,9297.590312643373,9297.590312643373,0.0,0,False,64049.99,0.0,8931.152190603925,-0.003578406412817814,-0.08276305446352616
2026-07-20 09:00:00+00:00,9297.590312643373,9297.590312643373,0.0,0,False,64199.5,0.0,8951.999915389162,0.0023342704659281566,-0.08276305446352616
2026-07-20 10:00:00+00:00,9297.590312643373,9297.590312643373,0.0,0,False,64301.18,0.0,8966.178208855572,0.0015838129580447724,-0.08276305446352616
2026-07-20 11:00:00+00:00,9297.590312643373,9297.590312643373,0.0,0,False,65002.01,0.0,9063.902180237003,0.010899177900001167,-0.08276305446352616
2026-07-20 12:00:00+00:00,9297.590312643373,9297.590312643373,0.0,0,False,64640.0,0.0,9013.423383838744,-0.005569212398201073,-0.08276305446352616
2026-07-20 13:00:00+00:00,9297.590312643373,9297.590312643373,0.0,0,False,64344.01,0.0,8972.150438489387,-0.004579053217821816,-0.08276305446352616
2026-07-20 14:00:00+00:00,9297.590312643373,9297.590312643373,0.0,0,False,64416.01,0.0,8982.190142753563,0.0011189852792823363,-0.08276305446352616
2026-07-20 15:00:00+00:00,9297.590312643373,9297.590312643373,0.0,0,False,65598.75,0.0,9147.111806939849,0.0183609633691999,-0.08276305446352616
2026-07-20 16:00:00+00:00,9297.590312643373,9297.590312643373,0.0,0,False,65508.5,0.0,9134.527316525377,-0.0013757884106023743,-0.08276305446352616
2026-07-20 17:00:00+00:00,9297.590312643373,9297.590312643373,0.0,0,False,65587.98,0.0,9145.610034510331,0.0012132776662570066,-0.08276305446352616
2026-07-20 18:00:00+00:00,9297.590312643373,9297.590312643373,0.0,0,False,65240.01,0.0,9097.088980443586,-0.005305392847896884,-0.08276305446352616
2026-07-20 19:00:00+00:00,9297.590312643373,9297.590312643373,0.0,0,False,65142.0,0.0,9083.422433013977,-0.0015022989726701796,-0.08276305446352616
2026-07-20 20:00:00+00:00,9297.590312643373,9297.590312643373,0.0,0,False,65367.58,0.0,9114.877384234991,0.0034628964416199004,-0.08276305446352616
2026-07-20 21:00:00+00:00,9297.590312643373,9297.590312643373,0.0,0,False,65286.02,0.0,9103.50463034907,-0.001247713315989385,-0.08276305446352616
2026-07-20 22:00:00+00:00,9297.590312643373,9297.590312643373,0.0,0,False,65141.99,0.0,9083.421038610606,-0.0022061384657849903,-0.08276305446352616
2026-07-20 23:00:00+00:00,9297.590312643373,9297.590312643373,0.0,0,False,65255.51,0.0,9099.250305667125,0.0017426547761283384,-0.08276305446352616
2026-07-21 00:00:00+00:00,9297.590312643373,9297.590312643373,0.0,0,False,65568.01,0.0,9142.825410980393,0.004788867637384175,-0.08276305446352616
2026-07-21 01:00:00+00:00,9297.590312643373,9297.590312643373,0.0,0,False,65235.55,0.0,9096.467076540557,-0.0050704604272723275,-0.08276305446352616
2026-07-21 02:00:00+00:00,9297.590312643373,9297.590312643373,0.0,0,False,65414.01,0.0,9121.351599082014,0.0027356249774852515,-0.08276305446352616
2026-07-21 03:00:00+00:00,9305.32673620505,1414.2282629372858,0.12035208185101913,1,False,65566.78,0.0008320891006734499,9142.65389936588,0.0023354324249500458,-0.08199983159841029
2026-07-21 04:00:00+00:00,9299.93857350058,1414.2282629372858,0.12035208185101913,1,False,65522.01,-0.0005790406782285595,9136.41115547828,-0.0006828152915241414,-0.08253139103853546
2026-07-21 05:00:00+00:00,9327.565393889481,1414.2282629372858,0.12035208185101913,1,False,65751.56,0.0029706454693820827,9168.419684837194,0.003503402902322428,-0.07980591707202378
2026-07-21 06:00:00+00:00,9346.995033983509,1414.2282629372858,0.12035208185101913,1,False,65913.0,0.002083034454709365,9190.93093284287,0.002455302961632988,-0.07788912109226498
2026-07-21 07:00:00+00:00,9379.954655119229,1414.2282629372858,0.12035208185101913,1,False,66186.86,0.0035262264520186104,9229.118063534363,0.0041548708145586755,-0.07463754931936639
2026-07-21 08:00:00+00:00,9384.718190518894,1414.2282629372858,0.12035208185101913,1,False,66226.44,0.0005078420498616509,9234.63711207292,0.0005980038938242505,-0.07416761135554772
2026-07-21 09:00:00+00:00,9392.607269484228,1414.2282629372858,0.12035208185101913,1,False,66291.99,0.0008406303530035242,9243.777426163431,0.0009897859525591635,-0.07338932854785951
2026-07-21 10:00:00+00:00,9379.129039837731,1414.2282629372858,0.12035208185101913,1,False,66180.0,-0.0014349827752605515,9228.161502822526,-0.0016893443687541199,-0.07471899890076583
2026-07-21 11:00:00+00:00,9399.05814107144,1414.2282629372858,0.12035208185101913,1,False,66345.59,0.002124834955256505,9251.25142822676,0.0025021154427316006,-0.07275292948619538
2026-07-21 12:00:00+00:00,9424.720815484536,1414.2282629372858,0.12035208185101913,1,False,66558.82,0.002730345320554717,9280.984291285797,0.003213928763012186,-0.07022122478622006
2026-07-21 13:00:00+00:00,9452.062401439449,1414.2282629372858,0.12035208185101913,1,False,66786.0,0.0029010499610759855,9312.662347046014,0.0034132215685314105,-0.06752389010657689
2026-07-21 14:00:00+00:00,9458.838223647661,1414.2282629372858,0.12035208185101913,1,False,66842.3,0.0007168617726414084,9320.512838019253,0.0008429910460276968,-0.06685543362949298
2026-07-21 15:00:00+00:00,9438.888662560035,1414.2282629372858,0.12035208185101913,1,False,66676.54,-0.0021090921121529327,9297.399207757724,-0.002479866790939478,-0.06882352147392334
2026-07-21 16:00:00+00:00,9422.697696988618,1414.2282629372858,0.12035208185101913,1,False,66542.01,-0.0017153465996097017,9278.640299220784,-0.0020176511858592816,-0.0704208118799996
2026-07-21 17:00:00+00:00,9382.492880525468,1414.2282629372858,0.12035208185101913,1,False,66207.95,-0.004266805298868914,9232.058860241745,-0.005020287183990835,-0.07438714528558832
2026-07-21 18:00:00+00:00,9395.972313692782,1414.2282629372858,0.12035208185101913,1,False,66319.95,0.0014366579691516002,9247.676177986019,0.001691639750211138,-0.07305735620151366
2026-07-21 19:00:00+00:00,9410.993457028606,1414.2282629372858,0.12035208185101913,1,False,66444.76,0.001598678969491285,9265.079726447297,0.0018819374863825455,-0.07157547249094831
2026-07-21 20:00:00+00:00,9406.397211022719,1414.2282629372858,0.12035208185101913,1,False,66406.57,-0.0004883911594322221,9259.754499977173,-0.0005747631566432876,-0.07202890682238383
2026-07-21 21:00:00+00:00,9403.80121661719,1414.2282629372858,0.12035208185101913,1,False,66385.0,-0.00027598179699306336,9256.746771908029,-0.00032481725829247576,-0.07228500995223663
2026-07-21 22:00:00+00:00,9394.055105028896,1414.2282629372858,0.12035208185101913,1,False,66304.02,-0.0010364012768657727,9245.454893417571,-0.0012198538826541094,-0.07324649495248958
2026-07-21 23:00:00+00:00,9424.400678946811,1414.2282629372858,0.12035208185101913,1,False,66556.16,0.0032302954984446686,9280.61337998937,0.0038027860150862125,-0.07025280727696692
2026-07-22 00:00:00+00:00,9432.200697371576,1414.2282629372858,0.12035208185101913,1,False,66620.97,0.000827640790165951,9289.650508230498,0.0009737641113907181,-0.06948331057572699
2026-07-22 01:00:00+00:00,9409.614222170596,1414.2282629372858,0.12035208185101913,1,False,66433.3,-0.0023946135080941122,9263.481740185249,-0.0028169808995573975,-0.07171153840972933
2026-07-22 02:00:00+00:00,9395.27066105559,1414.2282629372858,0.12035208185101913,1,False,66314.12,-0.0015243516658960399,9246.863240821294,-0.001793979826382408,-0.07312657647258658
2026-07-22 03:00:00+00:00,9382.739602293263,1414.2282629372858,0.12035208185101913,1,False,66210.0,-0.0013337624017869532,9232.3447129326,-0.0015701030187837972,-0.07436280539610296
2026-07-22 04:00:00+00:00,9403.32582589388,1414.2282629372858,0.12035208185101913,1,False,66381.05,0.0021940525340367056,9256.19598257687,0.0025834466092735653,-0.07233190876368367
2026-07-22 05:00:00+00:00,9354.444827850086,1414.2282629372858,0.12035208185101913,1,False,65974.9,-0.00519826696945791,9199.56228970332,-0.006118463025215903,-0.07715417516097745
2026-07-22 06:00:00+00:00,9343.896325764614,9343.896325764614,0.0,0,False,65934.33,-0.0011276459778849501,9193.905195231133,-0.0006149308297547229,-0.07819481854356514
2026-07-22 07:00:00+00:00,9343.896325764614,9343.896325764614,0.0,0,False,65843.48,0.0,9181.237040614458,-0.0013778861482328653,-0.07819481854356514
2026-07-22 08:00:00+00:00,9343.896325764614,9343.896325764614,0.0,0,False,65987.96,0.0,9201.383380504576,0.0021942947122481904,-0.07819481854356514
2026-07-22 09:00:00+00:00,9343.896325764614,9343.896325764614,0.0,0,False,65928.0,0.0,9193.022537897907,-0.0009086506083839652,-0.07819481854356514
2026-07-22 10:00:00+00:00,9343.896325764614,9343.896325764614,0.0,0,False,66046.02,0.0,9209.479286470936,0.0017901346923916428,-0.07819481854356514
2026-07-22 11:00:00+00:00,9343.896325764614,9343.896325764614,0.0,0,False,66013.36,0.0,9204.925165064436,-0.0004945036809181902,-0.07819481854356514
2026-07-22 12:00:00+00:00,9343.896325764614,9343.896325764614,0.0,0,False,65636.01,0.0,9152.30735389656,-0.005716267131380626,-0.07819481854356514
2026-07-22 13:00:00+00:00,9343.896325764614,9343.896325764614,0.0,0,False,65951.39,0.0,9196.284047380394,0.004804984337103857,-0.07819481854356514
2026-07-22 14:00:00+00:00,9343.896325764614,9343.896325764614,0.0,0,False,65793.98,0.0,9174.334743932837,-0.0023867578833440817,-0.07819481854356514
2026-07-22 15:00:00+00:00,9343.896325764614,9343.896325764614,0.0,0,False,66047.39,0.0,9209.67031973263,0.0038515681829858206,-0.07819481854356514
2026-07-22 16:00:00+00:00,9343.896325764614,9343.896325764614,0.0,0,False,66229.01,0.0,9234.995473739016,0.002749843710705413,-0.07819481854356514
2026-07-22 17:00:00+00:00,9343.896325764614,9343.896325764614,0.0,0,False,66024.03,0.0,9206.412993460253,-0.0030950183310908264,-0.07819481854356514
2026-07-22 18:00:00+00:00,9343.896325764614,9343.896325764614,0.0,0,False,65895.46,0.0,9188.485149331847,-0.0019473213010475776,-0.07819481854356514
2026-07-22 19:00:00+00:00,9343.896325764614,9343.896325764614,0.0,0,False,65923.19,0.0,9192.351829876925,0.00042081806546301337,-0.07819481854356514
2026-07-22 20:00:00+00:00,9343.896325764614,9343.896325764614,0.0,0,False,65919.68,0.0,9191.862394294047,-5.324378265070262e-05,-0.07819481854356514
2026-07-22 21:00:00+00:00,9343.896325764614,9343.896325764614,0.0,0,False,66072.47,0.0,9213.167483384652,0.0023178207175762466,-0.07819481854356514
2026-07-22 22:00:00+00:00,9343.896325764614,9343.896325764614,0.0,0,False,66044.17,0.0,9209.22132184748,-0.000428317573113457,-0.07819481854356514
2026-07-22 23:00:00+00:00,9343.896325764614,9343.896325764614,0.0,0,False,66114.49,0.0,9219.026766345494,0.0010647419749540976,-0.07819481854356514
2026-07-23 00:00:00+00:00,9343.896325764614,9343.896325764614,0.0,0,False,66058.19,0.0,9211.176275372256,-0.0008515531164197121,-0.07819481854356514
2026-07-23 01:00:00+00:00,9343.896325764614,9343.896325764614,0.0,0,False,65830.0,0.0,9179.357384871666,-0.0034543786319304326,-0.07819481854356514
2026-07-23 02:00:00+00:00,9343.896325764614,9343.896325764614,0.0,0,False,65805.34,0.0,9175.918786161184,-0.0003746012456328218,-0.07819481854356514
2026-07-23 03:00:00+00:00,9343.896325764614,9343.896325764614,0.0,0,False,65662.53,0.0,9156.005311633866,-0.0021701886199506637,-0.07819481854356514
2026-07-23 04:00:00+00:00,9343.896325764614,9343.896325764614,0.0,0,False,65616.48,0.0,9149.584084114902,-0.0007013132147056789,-0.07819481854356514
2026-07-23 05:00:00+00:00,9343.896325764614,9343.896325764614,0.0,0,False,65691.01,0.0,9159.976572431695,0.0011358427029306561,-0.07819481854356514
2026-07-23 06:00:00+00:00,9343.896325764614,9343.896325764614,0.0,0,False,65790.0,0.0,9173.779771391568,0.0015069033038157542,-0.07819481854356514
2026-07-23 07:00:00+00:00,9343.896325764614,9343.896325764614,0.0,0,False,65442.13,0.0,9125.272661358522,-0.005287581699346622,-0.07819481854356514
2026-07-23 08:00:00+00:00,9343.896325764614,9343.896325764614,0.0,0,False,65633.0,0.0,9151.887638482182,0.002916622671053082,-0.07819481854356514
2026-07-23 09:00:00+00:00,9343.896325764614,9343.896325764614,0.0,0,False,65638.92,0.0,9152.713125277236,9.01985281793749e-05,-0.07819481854356514
2026-07-23 10:00:00+00:00,9343.896325764614,9343.896325764614,0.0,0,False,65740.0,0.0,9166.807754541445,0.0015399400233886418,-0.07819481854356514
2026-07-23 11:00:00+00:00,9343.896325764614,9343.896325764614,0.0,0,False,65555.21,0.0,9141.040574666762,-0.0028109218132035263,-0.07819481854356514
2026-07-23 12:00:00+00:00,9343.896325764614,9343.896325764614,0.0,0,False,65167.04,0.0,9086.914019052518,-0.005921268500245991,-0.07819481854356514
2026-07-23 13:00:00+00:00,9343.896325764614,9343.896325764614,0.0,0,False,64880.0,0.0,9046.889064719333,-0.004404680648376846,-0.07819481854356514
2026-07-23 14:00:00+00:00,9343.896325764614,9343.896325764614,0.0,0,False,64909.99,0.0,9051.070880426036,0.0004622379778049801,-0.07819481854356514
2026-07-23 15:00:00+00:00,9343.896325764614,9343.896325764614,0.0,0,False,64958.36,0.0,9057.815609526846,0.0007451857564606534,-0.07819481854356514
2026-07-23 16:00:00+00:00,9343.896325764614,9343.896325764614,0.0,0,False,64756.84,0.0,9029.71559281411,-0.003102295070257499,-0.07819481854356514
2026-07-23 17:00:00+00:00,9343.896325764614,9343.896325764614,0.0,0,False,64681.27,0.0,9019.178086546835,-0.0011669809706587042,-0.07819481854356514
2026-07-23 18:00:00+00:00,9343.896325764614,9343.896325764614,0.0,0,False,64869.12,0.0,9045.371953852748,0.0029042410577282407,-0.07819481854356514
2026-07-23 19:00:00+00:00,9343.896325764614,9343.896325764614,0.0,0,False,64846.94,0.0,9042.27916717803,-0.00034191923676496483,-0.07819481854356514
2026-07-23 20:00:00+00:00,9343.896325764614,9343.896325764614,0.0,0,False,65147.5,0.0,9084.18935486749,0.004634914153235581,-0.07819481854356514
2026-07-23 21:00:00+00:00,9343.896325764614,9343.896325764614,0.0,0,False,65169.81,0.0,9087.300268786015,0.00034245366284202383,-0.07819481854356514
2026-07-23 22:00:00+00:00,9343.896325764614,9343.896325764614,0.0,0,False,65195.43,0.0,9090.872730220017,0.00039312681746328515,-0.07819481854356514
2026-07-23 23:00:00+00:00,9343.896325764614,9343.896325764614,0.0,0,False,65098.97,0.0,9077.42231531276,-0.001479551557524772,-0.07819481854356514
2026-07-24 00:00:00+00:00,9343.896325764614,9343.896325764614,0.0,0,False,64973.99,0.0,9059.995061994194,-0.0019198460436470333,-0.07819481854356514
2026-07-24 01:00:00+00:00,9343.896325764614,9343.896325764614,0.0,0,False,65086.0,0.0,9075.613774141839,0.001723920602690443,-0.07819481854356514
2026-07-24 02:00:00+00:00,9343.896325764614,9343.896325764614,0.0,0,False,65116.99,0.0,9079.935030185545,0.0004761392618997107,-0.07819481854356514
2026-07-24 03:00:00+00:00,9343.896325764614,9343.896325764614,0.0,0,False,65456.7,0.0,9127.304307068649,0.005216918042434182,-0.07819481854356514
2026-07-24 04:00:00+00:00,9343.896325764614,9343.896325764614,0.0,0,False,65318.0,0.0,9107.96393232641,-0.0021189580287426235,-0.07819481854356514
2026-07-24 05:00:00+00:00,9343.896325764614,9343.896325764614,0.0,0,False,65325.0,0.0,9108.940014685426,0.00010716800881827027,-0.07819481854356514
2026-07-24 06:00:00+00:00,9343.896325764614,9343.896325764614,0.0,0,False,65472.0,0.0,9129.437744224786,0.0022502870264062835,-0.07819481854356514
2026-07-24 07:00:00+00:00,9343.896325764614,9343.896325764614,0.0,0,False,65499.95,0.0,9133.335101644005,0.00042690004887591115,-0.07819481854356514
2026-07-24 08:00:00+00:00,9343.896325764614,9343.896325764614,0.0,0,False,65302.18,0.0,9105.757986195029,-0.0030193916178562485,-0.07819481854356514
2026-07-24 09:00:00+00:00,9343.896325764614,9343.896325764614,0.0,0,False,65113.13,0.0,9079.396790484714,-0.0028950028927059446,-0.07819481854356514
2026-07-24 10:00:00+00:00,9343.896325764614,9343.896325764614,0.0,0,False,64950.0,0.0,9056.649888309505,-0.0025053318739245434,-0.07819481854356514
2026-07-24 11:00:00+00:00,9343.896325764614,9343.896325764614,0.0,0,False,65083.43,0.0,9075.255412475743,0.002054349499615027,-0.07819481854356514
2026-07-24 12:00:00+00:00,9343.896325764614,9343.896325764614,0.0,0,False,64780.01,0.0,9032.946425422457,-0.004662016122997881,-0.07819481854356514
2026-07-24 13:00:00+00:00,9343.896325764614,9343.896325764614,0.0,0,False,64155.46,0.0,8945.858962947574,-0.009641091441634497,-0.07819481854356514
2026-07-24 14:00:00+00:00,9343.896325764614,9343.896325764614,0.0,0,False,64055.12,0.0,8931.867519532749,-0.0015640134136671868,-0.07819481854356514
2026-07-24 15:00:00+00:00,9343.896325764614,9343.896325764614,0.0,0,False,64093.85,0.0,8937.268043784852,0.0006046355076687604,-0.07819481854356514
2026-07-24 16:00:00+00:00,9343.896325764614,9343.896325764614,0.0,0,False,63958.0,0.0,8918.325074003069,-0.002119548131372939,-0.07819481854356514
2026-07-24 17:00:00+00:00,9343.896325764614,9343.896325764614,0.0,0,False,64180.0,0.0,8949.280828817615,0.0034710278620344592,-0.07819481854356514
2026-07-24 18:00:00+00:00,9343.896325764614,9343.896325764614,0.0,0,False,64272.0,0.0,8962.10933982184,0.0014334683702086348,-0.07819481854356514
2026-07-24 19:00:00+00:00,9343.896325764614,9343.896325764614,0.0,0,False,64225.32,0.0,8955.600264890565,-0.0007262882748320099,-0.07819481854356514
2026-07-24 20:00:00+00:00,9343.896325764614,9343.896325764614,0.0,0,False,64170.23,0.0,8947.9184967251,-0.0008577613937928996,-0.07819481854356514
2026-07-24 21:00:00+00:00,9343.896325764614,9343.896325764614,0.0,0,False,64155.0,0.0,8945.794820392553,-0.00023733746941523304,-0.07819481854356514
2026-07-24 22:00:00+00:00,9343.896325764614,9343.896325764614,0.0,0,False,64169.01,0.0,8947.748379513958,0.00021837736731344926,-0.07819481854356514
2026-07-24 23:00:00+00:00,9343.896325764614,9343.896325764614,0.0,0,False,64139.99,0.0,8943.701820934146,-0.0004522432245721575,-0.07819481854356514
2026-07-25 00:00:00+00:00,9343.896325764614,9343.896325764614,0.0,0,False,64073.61,0.0,8934.445771363924,-0.0010349237659686983,-0.07819481854356514
2026-07-25 01:00:00+00:00,9343.896325764614,9343.896325764614,0.0,0,False,64068.01,0.0,8933.66490547671,-8.739947694547112e-05,-0.07819481854356514
2026-07-25 02:00:00+00:00,9343.896325764614,9343.896325764614,0.0,0,False,64052.0,0.0,8931.432465681299,-0.00024989070208381037,-0.07819481854356514
2026-07-25 03:00:00+00:00,9343.896325764614,9343.896325764614,0.0,0,False,64085.36,0.0,8936.084195323701,0.0005208268282022033,-0.07819481854356514
2026-07-25 04:00:00+00:00,9343.896325764614,9343.896325764614,0.0,0,False,64181.46,0.0,8949.484411709638,0.0014995624585709688,-0.07819481854356514
2026-07-25 05:00:00+00:00,9343.896325764614,9343.896325764614,0.0,0,False,64024.0,0.0,8927.528136245232,-0.002453356467740031,-0.07819481854356514
2026-07-25 06:00:00+00:00,9343.896325764614,9343.896325764614,0.0,0,False,64010.0,0.0,8925.575971527196,-0.00021866799950032156,-0.07819481854356514
2026-07-25 07:00:00+00:00,9343.896325764614,9343.896325764614,0.0,0,False,64003.2,0.0,8924.627777235579,-0.00010623340103110834,-0.07819481854356514
2026-07-25 08:00:00+00:00,9343.896325764614,9343.896325764614,0.0,0,False,63876.06,0.0,8906.899332789088,-0.0019864631768410357,-0.07819481854356514
2026-07-25 09:00:00+00:00,9343.896325764614,9343.896325764614,0.0,0,False,63999.99,0.0,8924.180173753803,0.001940163497873959,-0.07819481854356514
2026-07-25 10:00:00+00:00,9343.896325764614,9343.896325764614,0.0,0,False,64070.0,0.0,8933.942391747343,0.0010939064209227745,-0.07819481854356514
2026-07-25 11:00:00+00:00,9343.896325764614,9343.896325764614,0.0,0,False,64064.01,0.0,8933.107144128699,-9.349149367876564e-05,-0.07819481854356514
2026-07-25 12:00:00+00:00,9343.896325764614,9343.896325764614,0.0,0,False,64123.8,0.0,8941.444281878077,0.0009332853188555035,-0.07819481854356514
2026-07-25 13:00:00+00:00,9343.896325764614,9343.896325764614,0.0,0,False,64172.0,0.0,8948.165306121595,0.0007516709864354709,-0.07819481854356514
2026-07-25 14:00:00+00:00,9343.896325764614,9343.896325764614,0.0,0,False,64214.04,0.0,8954.027377889177,0.0006551143801034609,-0.07819481854356514
2026-07-25 15:00:00+00:00,9343.896325764614,9343.896325764614,0.0,0,False,64182.0,0.0,8949.55970949162,-0.0004989563030139976,-0.07819481854356514
2026-07-25 16:00:00+00:00,9343.896325764614,9343.896325764614,0.0,0,False,64206.6,0.0,8952.989941781878,0.0003832850331866311,-0.07819481854356514
2026-07-25 17:00:00+00:00,9343.896325764614,9343.896325764614,0.0,0,False,64267.4,0.0,8961.46791427163,0.000946943149147117,-0.07819481854356514
2026-07-25 18:00:00+00:00,9343.896325764614,9343.896325764614,0.0,0,False,64415.99,0.0,8982.187353946823,0.0023120586798281995,-0.07819481854356514
2026-07-25 19:00:00+00:00,9343.896325764614,9343.896325764614,0.0,0,False,64388.38,0.0,8978.337406242184,-0.0004286202851188081,-0.07819481854356514
2026-07-25 20:00:00+00:00,9343.896325764614,9343.896325764614,0.0,0,False,64339.75,0.0,8971.556422653755,-0.000755260498866317,-0.07819481854356514
2026-07-25 21:00:00+00:00,9343.896325764614,9343.896325764614,0.0,0,False,64344.02,0.0,8972.151832892758,6.636643754465155e-05,-0.07819481854356514
2026-07-25 22:00:00+00:00,9343.896325764614,9343.896325764614,0.0,0,False,64412.0,0.0,8981.630987002183,0.0010565084369920097,-0.07819481854356514
2026-07-25 23:00:00+00:00,9343.896325764614,9343.896325764614,0.0,0,False,64375.0,0.0,8976.471694533093,-0.0005744271253803612,-0.07819481854356514
2026-07-26 00:00:00+00:00,9343.896325764614,9343.896325764614,0.0,0,False,64506.99,0.0,8994.876424614047,0.0020503300970873273,-0.07819481854356514
2026-07-26 01:00:00+00:00,9343.896325764614,9343.896325764614,0.0,0,False,64462.0,0.0,8988.603003852306,-0.0006974437964011315,-0.07819481854356514
2026-07-26 02:00:00+00:00,9343.896325764614,9343.896325764614,0.0,0,False,64527.56,0.0,8997.744712346188,0.0010170332909311686,-0.07819481854356514
2026-07-26 03:00:00+00:00,9343.896325764614,9343.896325764614,0.0,0,False,64557.0,0.0,9001.84983586754,0.0004562391635449803,-0.07819481854356514
2026-07-26 04:00:00+00:00,9343.896325764614,9343.896325764614,0.0,0,False,64530.06,0.0,8998.093313188694,-0.00041730563687902844,-0.07819481854356514
2026-07-26 05:00:00+00:00,9343.896325764614,9343.896325764614,0.0,0,False,64417.69,0.0,8982.424402519728,-0.0017413589883537028,-0.07819481854356514
2026-07-26 06:00:00+00:00,9343.896325764614,9343.896325764614,0.0,0,False,64438.0,0.0,8985.256435764248,0.00031528606505459855,-0.07819481854356514
2026-07-26 07:00:00+00:00,9343.896325764614,9343.896325764614,0.0,0,False,64370.0,0.0,8975.77449284808,-0.0010552779415873292,-0.07819481854356514
2026-07-26 08:00:00+00:00,9343.896325764614,9343.896325764614,0.0,0,False,64480.01,0.0,8991.114324321721,0.0017090259437626543,-0.07819481854356514
2026-07-26 09:00:00+00:00,9343.896325764614,9343.896325764614,0.0,0,False,64538.0,0.0,8999.200469464493,0.0008993484957584563,-0.07819481854356514
2026-07-26 10:00:00+00:00,9343.896325764614,9343.896325764614,0.0,0,False,64515.4,0.0,8996.049117848239,-0.00035018128854302777,-0.07819481854356514
2026-07-26 11:00:00+00:00,9343.896325764614,9343.896325764614,0.0,0,False,64507.35,0.0,8994.926623135367,-0.00012477640997365924,-0.07819481854356514
2026-07-26 12:00:00+00:00,9343.896325764614,9343.896325764614,0.0,0,False,64466.67,0.0,8989.254190226107,-0.0006306258124073594,-0.07819481854356514
2026-07-26 13:00:00+00:00,9343.896325764614,9343.896325764614,0.0,0,False,64518.0,0.0,8996.411662724444,0.0007962253983337941,-0.07819481854356514
2026-07-26 14:00:00+00:00,9343.896325764614,9343.896325764614,0.0,0,False,64712.99,0.0,9023.601134036553,0.0030222573545366505,-0.07819481854356514
2026-07-26 15:00:00+00:00,9343.896325764614,9343.896325764614,0.0,0,False,64768.0,0.0,9031.271746975059,0.0008500611700990035,-0.07819481854356514
2026-07-26 16:00:00+00:00,9343.896325764614,9343.896325764614,0.0,0,False,64734.17,0.0,9026.554480374265,-0.0005223258399210673,-0.07819481854356514
2026-07-26 17:00:00+00:00,9343.896325764614,9343.896325764614,0.0,0,False,64697.2,0.0,9021.399371115283,-0.0005711048739792668,-0.07819481854356514
2026-07-26 18:00:00+00:00,9343.896325764614,9343.896325764614,0.0,0,False,64734.38,0.0,9026.583762845035,0.0005746771112196125,-0.07819481854356514
2026-07-26 19:00:00+00:00,9343.896325764614,9343.896325764614,0.0,0,False,64695.52,0.0,9021.16511134912,-0.0006002992536576768,-0.07819481854356514
2026-07-26 20:00:00+00:00,9343.896325764614,9343.896325764614,0.0,0,False,64649.04,0.0,9014.683924485245,-0.000718442328000557,-0.07819481854356514
2026-07-26 21:00:00+00:00,9343.896325764614,9343.896325764614,0.0,0,False,64858.02,0.0,9043.82416611202,0.0032325305990623665,-0.07819481854356514
2026-07-26 22:00:00+00:00,9343.896325764614,9343.896325764614,0.0,0,False,65412.68,0.0,9121.1661434338,0.00855191077371753,-0.07819481854356514
2026-07-26 23:00:00+00:00,9343.896325764614,9343.896325764614,0.0,0,False,65399.99,0.0,9119.39664555724,-0.00019399908396944276,-0.07819481854356514
2026-07-27 00:00:00+00:00,9343.896325764614,9343.896325764614,0.0,0,False,65131.95,0.0,9082.021057627102,-0.004098471574689899,-0.07819481854356514
2026-07-27 01:00:00+00:00,9343.896325764614,9343.896325764614,0.0,0,False,65206.21,0.0,9092.375897052903,0.0011401470399703406,-0.07819481854356514
2026-07-27 02:00:00+00:00,9343.896325764614,9343.896325764614,0.0,0,False,65172.0,0.0,9087.60564312405,-0.000524643281675008,-0.07819481854356514
2026-07-27 03:00:00+00:00,9343.896325764614,9343.896325764614,0.0,0,False,65284.0,0.0,9103.222960868325,0.0017185294298163178,-0.07819481854356514
2026-07-27 04:00:00+00:00,9343.896325764614,9343.896325764614,0.0,0,False,65282.8,0.0,9103.055632463922,-1.8381226640551418e-05,-0.07819481854356514
2026-07-27 05:00:00+00:00,9343.896325764614,9343.896325764614,0.0,0,False,65468.38,0.0,9128.932970204838,0.0028427089524347693,-0.07819481854356514
2026-07-27 06:00:00+00:00,9343.896325764614,9343.896325764614,0.0,0,False,65416.76,0.0,9121.735060008772,-0.0007884722365207875,-0.07819481854356514
2026-07-27 07:00:00+00:00,9343.896325764614,9343.896325764614,0.0,0,False,65221.99,0.0,9094.576265570802,-0.0029773715482088736,-0.07819481854356514
2026-07-27 08:00:00+00:00,9343.896325764614,9343.896325764614,0.0,0,False,65162.98,0.0,9086.347891284287,-0.0009047562026243128,-0.07819481854356514
2026-07-27 09:00:00+00:00,9343.896325764614,9343.896325764614,0.0,0,False,65262.17,0.0,9100.178978311562,0.0015221833010092833,-0.07819481854356514
2026-07-27 10:00:00+00:00,9343.896325764614,9343.896325764614,0.0,0,False,65333.35,0.0,9110.104341499395,0.001090677800017703,-0.07819481854356514
2026-07-27 11:00:00+00:00,9343.896325764614,9343.896325764614,0.0,0,False,65100.79,0.0,9077.676096726105,-0.0035595909286756378,-0.07819481854356514
2026-07-27 12:00:00+00:00,9343.896325764614,9343.896325764614,0.0,0,False,65086.0,0.0,9075.613774141839,-0.00022718618314776506,-0.07819481854356514
2026-07-27 13:00:00+00:00,9343.896325764614,9343.896325764614,0.0,0,False,65217.37,0.0,9093.932051213853,0.0020184064161266058,-0.07819481854356514
2026-07-27 14:00:00+00:00,9343.896325764614,9343.896325764614,0.0,0,False,64687.45,0.0,9020.03982782951,-0.008125442654311366,-0.07819481854356514
2026-07-27 15:00:00+00:00,9343.896325764614,9343.896325764614,0.0,0,False,64554.01,0.0,9001.432909259902,-0.002062842174177626,-0.07819481854356514
2026-07-27 16:00:00+00:00,9343.896325764614,9343.896325764614,0.0,0,False,64898.52,0.0,9049.471499760619,0.0053367714879370975,-0.07819481854356514
2026-07-27 17:00:00+00:00,9343.896325764614,9343.896325764614,0.0,0,False,65019.81,0.0,9066.384218235647,0.0018689178119932759,-0.07819481854356514
2026-07-27 18:00:00+00:00,9343.896325764614,9343.896325764614,0.0,0,False,64878.0,0.0,9046.610184045328,-0.0021810275975892024,-0.07819481854356514
2026-07-27 19:00:00+00:00,9343.896325764614,9343.896325764614,0.0,0,False,64984.0,0.0,9061.390859767589,0.001633835814914164,-0.07819481854356514
2026-07-27 20:00:00+00:00,9343.896325764614,9343.896325764614,0.0,0,False,64960.65,0.0,9058.134927898582,-0.0003593192170380233,-0.07819481854356514
2026-07-27 21:00:00+00:00,9343.896325764614,9343.896325764614,0.0,0,False,64821.25,0.0,9038.696944920439,-0.0021459144882325365,-0.07819481854356514
2026-07-27 22:00:00+00:00,9343.896325764614,9343.896325764614,0.0,0,False,63792.0,0.0,8895.177978060661,-0.015878280656420496,-0.07819481854356514
2026-07-27 23:00:00+00:00,9343.896325764614,9343.896325764614,0.0,0,False,63755.86,0.0,8890.138604281394,-0.0005665287183344025,-0.07819481854356514
2026-07-28 00:00:00+00:00,9343.896325764614,9343.896325764614,0.0,0,False,63487.88,0.0,8852.771382771474,-0.0042032214764260445,-0.07819481854356514
2026-07-28 01:00:00+00:00,9343.896325764614,9343.896325764614,0.0,0,False,63230.83,0.0,8816.928244144994,-0.0040488042757136355,-0.07819481854356514
2026-07-28 02:00:00+00:00,9343.896325764614,9343.896325764614,0.0,0,False,63185.59,0.0,8810.619963299001,-0.0007154737649341936,-0.07819481854356514
2026-07-28 03:00:00+00:00,9343.896325764614,9343.896325764614,0.0,0,False,63343.83,0.0,8832.685002226272,0.0025043684802186217,-0.07819481854356514
2026-07-28 04:00:00+00:00,9343.896325764614,9343.896325764614,0.0,0,False,63350.95,0.0,8833.677817425727,0.00011240242340870843,-0.07819481854356514
2026-07-28 05:00:00+00:00,9343.896325764614,9343.896325764614,0.0,0,False,63451.61,0.0,8847.713881748396,0.0015889264486168564,-0.07819481854356514
2026-07-28 06:00:00+00:00,9343.896325764614,9343.896325764614,0.0,0,False,63640.63,0.0,8874.070894248598,0.002978963023948289,-0.07819481854356514
2026-07-28 07:00:00+00:00,9343.896325764614,9343.896325764614,0.0,0,False,63505.99,0.0,8855.296647274588,-0.0021156295907188705,-0.07819481854356514
2026-07-28 08:00:00+00:00,9343.896325764614,9343.896325764614,0.0,0,False,63428.08,0.0,8844.432850618728,-0.0012268134076799386,-0.07819481854356514
2026-07-28 09:00:00+00:00,9343.896325764614,9343.896325764614,0.0,0,False,63393.99,0.0,8839.679329530314,-0.0005374591190526745,-0.07819481854356514
2026-07-28 10:00:00+00:00,9343.896325764614,9343.896325764614,0.0,0,False,63473.47,0.0,8850.762047515269,0.0012537466091027127,-0.07819481854356514
2026-07-28 11:00:00+00:00,9343.896325764614,9343.896325764614,0.0,0,False,63450.0,0.0,8847.489382805821,-0.0003697607835210226,-0.07819481854356514
2026-07-28 12:00:00+00:00,9343.896325764614,9343.896325764614,0.0,0,False,63546.65,0.0,8860.96629137711,0.001523246650906307,-0.07819481854356514
2026-07-28 13:00:00+00:00,9343.896325764614,9343.896325764614,0.0,0,False,63104.0,0.0,8799.243026202972,-0.006965748784554471,-0.07819481854356514
2026-07-28 14:00:00+00:00,9343.896325764614,9343.896325764614,0.0,0,False,63412.45,0.0,8842.253398151379,0.004887962728194584,-0.07819481854356514
2026-07-28 15:00:00+00:00,9343.896325764614,9343.896325764614,0.0,0,False,63928.47,0.0,8914.207400851386,0.008137518736462734,-0.07819481854356514
2026-07-28 16:00:00+00:00,9343.896325764614,9343.896325764614,0.0,0,False,64043.26,0.0,8930.213757135898,0.0017956006142489933,-0.07819481854356514
2026-07-28 17:00:00+00:00,9343.896325764614,9343.896325764614,0.0,0,False,63685.88,0.0,8880.38056949796,-0.005580290572341329,-0.07819481854356514
2026-07-28 18:00:00+00:00,9343.896325764614,9343.896325764614,0.0,0,False,63734.49,0.0,8887.15876427965,0.0007632775114359003,-0.07819481854356514
2026-07-28 19:00:00+00:00,9343.896325764614,9343.896325764614,0.0,0,False,63904.0,0.0,8910.795295804935,0.002659627463873937,-0.07819481854356514
2026-07-28 20:00:00+00:00,9343.896325764614,9343.896325764614,0.0,0,False,63917.55,0.0,8912.68471237132,0.00021203680520787138,-0.07819481854356514
2026-07-28 21:00:00+00:00,9343.896325764614,9343.896325764614,0.0,0,False,63972.44,0.0,8920.338592469383,0.0008587625777269903,-0.07819481854356514
2026-07-28 22:00:00+00:00,9343.896325764614,9343.896325764614,0.0,0,False,63783.71,0.0,8894.02201766691,-0.0029501766698284415,-0.07819481854356514
2026-07-28 23:00:00+00:00,9343.896325764614,9343.896325764614,0.0,0,False,63915.0,0.0,8912.329139511963,0.002058362550563464,-0.07819481854356514
2026-07-29 00:00:00+00:00,9343.896325764614,9343.896325764614,0.0,0,False,63953.99,0.0,8917.765918251689,0.000610028944692198,-0.07819481854356514
2026-07-29 01:00:00+00:00,9343.896325764614,9343.896325764614,0.0,0,False,63705.06,0.0,8883.055035161668,-0.00389232946998308,-0.07819481854356514
2026-07-29 02:00:00+00:00,9343.896325764614,9343.896325764614,0.0,0,False,63979.96,0.0,8921.387183803643,0.004315198824080824,-0.07819481854356514
2026-07-29 03:00:00+00:00,9343.896325764614,9343.896325764614,0.0,0,False,63753.03,0.0,8889.743988127675,-0.003546891870517044,-0.07819481854356514
2026-07-29 04:00:00+00:00,9343.896325764614,9343.896325764614,0.0,0,False,63968.34,0.0,8919.766887087673,0.0033772512459406823,-0.07819481854356514
2026-07-29 05:00:00+00:00,9343.896325764614,9343.896325764614,0.0,0,False,64067.32,0.0,8933.568691644177,0.0015473279437923093,-0.07819481854356514
2026-07-29 06:00:00+00:00,9343.896325764614,9343.896325764614,0.0,0,False,64435.62,0.0,8984.924567762182,0.005748640648617798,-0.07819481854356514
2026-07-29 07:00:00+00:00,9343.896325764614,9343.896325764614,0.0,0,False,64561.0,0.0,9002.40759721555,0.0019458181670324315,-0.07819481854356514
2026-07-29 08:00:00+00:00,9343.896325764614,9343.896325764614,0.0,0,False,64417.31,0.0,8982.371415191667,-0.0022256470624680835,-0.07819481854356514
2026-07-29 09:00:00+00:00,9343.896325764614,9343.896325764614,0.0,0,False,64698.0,0.0,9021.510923384885,0.00435736916055629,-0.07819481854356514
2026-07-29 10:00:00+00:00,9298.6816039937,34.620467942888354,0.14369606893721934,1,False,64469.83,-0.004838957988675396,8989.694821691037,-0.0035266932517231675,-0.08265539509037612
2026-07-29 11:00:00+00:00,9304.100382753322,34.620467942888354,0.14369606893721934,1,False,64507.54,0.0005827469947239372,8994.9531167994,0.0005849247624818421,-0.08212081527873882
2026-07-29 12:00:00+00:00,9270.945388767437,34.620467942888354,0.14369606893721934,1,False,64276.81,-0.0035634819726734213,8962.780047842822,-0.0035767911782096373,-0.08539166120658526
2026-07-29 13:00:00+00:00,9326.683656947496,34.620467942888354,0.14369606893721934,1,False,64664.7,0.006012145023267079,9016.867560162704,0.006034680314719987,-0.07989290323426979
2026-07-29 14:00:00+00:00,9228.879342913237,9228.879342913237,0.0,0,False,64108.01,-0.010486504917683659,8939.242518956808,-0.008608870063574026,-0.08954161082929923
2026-07-29 15:00:00+00:00,9228.879342913237,9228.879342913237,0.0,0,False,63964.01,0.0,8919.163110428453,-0.0022462091710536702,-0.08954161082929923
2026-07-29 16:00:00+00:00,9228.879342913237,9228.879342913237,0.0,0,False,63808.33,0.0,8897.455038763912,-0.002433868670835282,-0.08954161082929923
2026-07-29 17:00:00+00:00,9228.879342913237,9228.879342913237,0.0,0,False,64269.83,0.0,8961.806754290545,0.007232598000919133,-0.08954161082929923
2026-07-29 18:00:00+00:00,9228.879342913237,9228.879342913237,0.0,0,False,64501.52,0.0,8994.113685970644,0.00360495741158795,-0.08954161082929923
2026-07-29 19:00:00+00:00,9228.879342913237,9228.879342913237,0.0,0,False,63589.46,0.0,8866.935732204183,-0.014140131891465568,-0.08954161082929923
2026-07-29 20:00:00+00:00,9228.879342913237,9228.879342913237,0.0,0,False,63522.01,0.0,8857.530481473368,-0.0010607103755873037,-0.08954161082929923
2026-07-29 21:00:00+00:00,9228.879342913237,9228.879342913237,0.0,0,False,63860.0,0.0,8904.659920976828,0.005320832889261551,-0.08954161082929923
2026-07-29 22:00:00+00:00,9228.879342913237,9228.879342913237,0.0,0,False,63942.5,0.0,8916.16374877953,0.001291888506107064,-0.08954161082929923
2026-07-29 23:00:00+00:00,9228.879342913237,9228.879342913237,0.0,0,False,63984.28,0.0,8921.989566059494,0.0006533995386481806,-0.08954161082929923
2026-07-30 00:00:00+00:00,9228.879342913237,9228.879342913237,0.0,0,False,63696.72,0.0,8881.892102751068,-0.0044942288949723075,-0.08954161082929923
2026-07-30 01:00:00+00:00,9228.879342913237,9228.879342913237,0.0,0,False,64266.0,0.0,8961.272697799825,0.008937351876203259,-0.08954161082929923
2026-07-30 02:00:00+00:00,9228.879342913237,9228.879342913237,0.0,0,False,64189.99,0.0,8950.673837784268,-0.001182740484859779,-0.08954161082929923
2026-07-30 03:00:00+00:00,9228.879342913237,9228.879342913237,0.0,0,False,64161.98,0.0,8946.768113944829,-0.00043636087184317773,-0.08954161082929923
2026-07-30 04:00:00+00:00,9228.879342913237,9228.879342913237,0.0,0,False,64023.99,0.0,8927.52674184186,-0.002150650587777858,-0.08954161082929923
2026-07-30 05:00:00+00:00,9228.879342913237,9228.879342913237,0.0,0,False,64033.89,0.0,8928.907201178185,0.00015462953808409452,-0.08954161082929923
2026-07-30 06:00:00+00:00,9228.879342913237,9228.879342913237,0.0,0,False,64002.0,0.0,8924.460448831176,-0.0004980175341526838,-0.08954161082929923
2026-07-30 07:00:00+00:00,9228.879342913237,9228.879342913237,0.0,0,False,64026.0,0.0,8927.807016919236,0.0003749882816164174,-0.08954161082929923
2026-07-30 08:00:00+00:00,9228.879342913237,9228.879342913237,0.0,0,False,64308.01,0.0,8967.130586357298,0.004404616874394751,-0.08954161082929923
2026-07-30 09:00:00+00:00,9228.879342913237,9228.879342913237,0.0,0,False,64567.56,0.0,9003.322325826286,0.004036044654468496,-0.08954161082929923
2026-07-30 10:00:00+00:00,9228.879342913237,9228.879342913237,0.0,0,False,64570.72,0.0,9003.762957291214,4.894098522534307e-05,-0.08954161082929923
2026-07-30 11:00:00+00:00,9228.879342913237,9228.879342913237,0.0,0,False,64788.0,0.0,9034.060553715108,0.003364992677795886,-0.08954161082929923
2026-07-30 12:00:00+00:00,9228.879342913237,9228.879342913237,0.0,0,False,64925.0,0.0,9053.163879884443,0.002114589121442245,-0.08954161082929923
2026-07-30 13:00:00+00:00,9228.879342913237,9228.879342913237,0.0,0,False,65022.01,0.0,9066.690986977052,0.0014941855987677943,-0.08954161082929923
2026-07-30 14:00:00+00:00,9228.879342913237,9228.879342913237,0.0,0,False,64683.97,0.0,9019.554575456741,-0.005198854972339406,-0.08954161082929923
2026-07-30 15:00:00+00:00,9228.879342913237,9228.879342913237,0.0,0,False,64730.3,0.0,9026.014846270065,0.0007162516462735358,-0.08954161082929923
2026-07-30 16:00:00+00:00,9228.879342913237,9228.879342913237,0.0,0,False,64818.01,0.0,9038.24515822855,0.0013550068515053582,-0.08954161082929923
2026-07-30 17:00:00+00:00,9224.408846021164,386.8223525427875,0.13623113968242656,1,False,64872.0,-0.00048440300560492755,9045.773542023313,0.0008329475094961403,-0.08998263960949182
2026-07-30 18:00:00+00:00,9201.358537186898,386.8223525427875,0.13623113968242656,1,False,64702.8,-0.0024988385943245373,9022.180237002498,-0.002608213096559342,-0.09225662611114094
2026-07-30 19:00:00+00:00,9214.600203964028,386.8223525427875,0.13623113968242656,1,False,64800.0,0.0014390990986401508,9035.733837759137,0.001502253380070151,-0.09095029343998096
2026-07-30 20:00:00+00:00,9211.517293273017,386.8223525427875,0.13623113968242656,1,False,64777.37,-0.0003345680358096681,9032.578302932772,-0.00034922839506157377,-0.09125443241475806
2026-07-30 21:00:00+00:00,9205.817382388703,386.8223525427875,0.13623113968242656,1,False,64735.53,-0.0006187808916644499,9026.744119232588,-0.0006459045805659036,-0.09181674680736451
2026-07-30 22:00:00+00:00,9221.569789070181,386.8223525427875,0.13623113968242656,1,False,64851.16,0.0017111361248174362,9042.867605400183,0.0017861906745801903,-0.09026272163487237
2026-07-30 23:00:00+00:00,9211.878305793174,386.8223525427875,0.13623113968242656,1,False,64780.02,-0.0010509580796638218,9032.947819825828,-0.0010969734388714958,-0.09121881737794157
2026-07-31 00:00:00+00:00,9204.370607685276,386.8223525427875,0.13623113968242656,1,False,64724.91,-0.000815001876780852,9025.263262853623,-0.0008507252699211376,-0.09195947574736163
2026-07-31 01:00:00+00:00,9182.451017310374,386.8223525427875,0.13623113968242656,1,False,64564.01,-0.0023814328332890655,9002.827312629926,-0.0024859053492698457,-0.0941219132657739
2026-07-31 02:00:00+00:00,9146.183563304117,386.8223525427875,0.13623113968242656,1,False,64297.79,-0.0039496485130045,8965.705506113134,-0.004123349835302825,-0.09769981330400701
2026-07-31 03:00:00+00:00,9156.020813900584,386.8223525427875,0.13623113968242656,1,False,64370.0,0.0010755579667058868,8975.77449284808,0.0011230557068913072,-0.09672933714984588
2026-07-31 04:00:00+00:00,9146.484634122815,386.8223525427875,0.13623113968242656,1,False,64300.0,-0.001041520106997984,8966.013669257909,-0.001087463103930375,-0.0976701117072657
2026-07-31 05:00:00+00:00,9134.682278565715,9134.682278565715,0.0,0,False,64363.06,-0.0012903706756439703,8974.806776909283,0.0009807153965784021,-0.0988344517348757
2026-07-31 06:00:00+00:00,9134.682278565715,9134.682278565715,0.0,0,False,64231.97,0.0,8956.527543131631,-0.002036727278038053,-0.0988344517348757
2026-07-31 07:00:00+00:00,9134.682278565715,9134.682278565715,0.0,0,False,63950.01,0.0,8917.21094571042,-0.00438971434318447,-0.0988344517348757
2026-07-31 08:00:00+00:00,9134.682278565715,9134.682278565715,0.0,0,False,63834.01,0.0,8901.035866618135,-0.0018139168391060334,-0.0988344517348757
2026-07-31 09:00:00+00:00,9134.682278565715,9134.682278565715,0.0,0,False,63715.9,0.0,8884.566568414775,-0.0018502675924635392,-0.0988344517348757
2026-07-31 10:00:00+00:00,9134.682278565715,9134.682278565715,0.0,0,False,63918.67,0.0,8912.840885548761,0.003182408158716843,-0.0988344517348757
2026-07-31 11:00:00+00:00,9134.682278565715,9134.682278565715,0.0,0,False,63805.51,0.0,8897.061817013564,-0.0017703747590491759,-0.0988344517348757
2026-07-31 12:00:00+00:00,9134.682278565715,9134.682278565715,0.0,0,False,63754.01,0.0,8889.880639657938,-0.0008071403237744912,-0.0988344517348757
2026-07-31 13:00:00+00:00,9134.682278565715,9134.682278565715,0.0,0,False,63270.73,0.0,8822.491913591391,-0.007580385923959931,-0.0988344517348757
2026-07-31 14:00:00+00:00,9134.682278565715,9134.682278565715,0.0,0,False,62682.06,0.0,8740.407570408155,-0.00930398621922024,-0.0988344517348757
2026-07-31 15:00:00+00:00,9134.682278565715,9134.682278565715,0.0,0,False,62716.57,0.0,8745.21965643811,0.0005505562516612272,-0.0988344517348757
2026-07-31 16:00:00+00:00,9134.682278565715,9134.682278565715,0.0,0,False,62870.88,0.0,8766.736694840958,0.0024604342998986173,-0.0988344517348757
2026-07-31 17:00:00+00:00,9134.682278565715,9134.682278565715,0.0,0,False,63245.44,0.0,8818.965467468599,0.005957607082961225,-0.0988344517348757
2026-07-31 18:00:00+00:00,9134.682278565715,9134.682278565715,0.0,0,False,63097.57,0.0,8798.346424836047,-0.002338034172898351,-0.0988344517348757
2026-07-31 19:00:00+00:00,9134.682278565715,9134.682278565715,0.0,0,False,62972.0,0.0,8780.836901718647,-0.001990092486921613,-0.0988344517348757
2026-07-31 20:00:00+00:00,9134.682278565715,9134.682278565715,0.0,0,False,62953.7,0.0,8778.285143551502,-0.00029060534840874563,-0.0988344517348757
2026-07-31 21:00:00+00:00,9134.682278565715,9134.682278565715,0.0,0,False,62947.78,0.0,8777.459656756448,-9.403736396751405e-05,-0.0988344517348757
2026-07-31 22:00:00+00:00,9134.682278565715,9134.682278565715,0.0,0,False,62950.0,0.0,8777.769214304593,3.5267327934462855e-05,-0.0988344517348757
2026-07-31 23:00:00+00:00,9134.682278565715,9134.682278565715,0.0,0,False,62887.88,0.0,8769.10718057,-0.0009868149324862019,-0.0988344517348757
2026-08-01 00:00:00+00:00,9134.682278565715,9134.682278565715,0.0,0,False,62938.01,0.0,8776.097324663933,0.0007971329292704166,-0.0988344517348757
2026-08-01 01:00:00+00:00,9134.682278565715,9134.682278565715,0.0,0,False,62975.01,0.0,8781.256617133025,0.0005878800426009079,-0.0988344517348757
2026-08-01 02:00:00+00:00,9134.682278565715,9134.682278565715,0.0,0,False,63075.07,0.0,8795.209017253492,0.0015888842256635005,-0.0988344517348757
2026-08-01 03:00:00+00:00,9134.682278565715,9134.682278565715,0.0,0,False,63004.48,0.0,8785.365923864487,-0.0011191426343246658,-0.0988344517348757
2026-08-01 04:00:00+00:00,9134.682278565715,9134.682278565715,0.0,0,False,63115.01,0.0,8800.778264313369,0.0017543196928218041,-0.0988344517348757
2026-08-01 05:00:00+00:00,9134.682278565715,9134.682278565715,0.0,0,False,63020.0,0.0,8787.530037894765,-0.0015053471432548982,-0.0988344517348757
2026-08-01 06:00:00+00:00,9134.682278565715,9134.682278565715,0.0,0,False,63080.64,0.0,8795.985699930594,0.0009622342113615456,-0.0988344517348757
2026-08-01 07:00:00+00:00,9134.682278565715,9134.682278565715,0.0,0,False,63050.46,0.0,8791.77739055986,-0.0004784352219634469,-0.0988344517348757
2026-08-01 08:00:00+00:00,9134.682278565715,9134.682278565715,0.0,0,False,63126.25,0.0,8802.345573701275,0.0012020530857346223,-0.0988344517348757
2026-08-01 09:00:00+00:00,9134.682278565715,9134.682278565715,0.0,0,False,63053.17,0.0,8792.155273873135,-0.0011576800459397463,-0.0988344517348757
2026-08-01 10:00:00+00:00,9134.682278565715,9134.682278565715,0.0,0,False,63056.0,0.0,8792.549890026854,4.488275530012409e-05,-0.0988344517348757
2026-08-01 11:00:00+00:00,9134.682278565715,9134.682278565715,0.0,0,False,63076.0,0.0,8795.338696766903,0.0003171783811215523,-0.0988344517348757
2026-08-01 12:00:00+00:00,9134.682278565715,9134.682278565715,0.0,0,False,63103.68,0.0,8799.19840529513,0.00043883569027824976,-0.0988344517348757
2026-08-01 13:00:00+00:00,9134.682278565715,9134.682278565715,0.0,0,False,63069.32,0.0,8794.407235315726,-0.0005445007327622431,-0.0988344517348757
2026-08-01 14:00:00+00:00,9134.682278565715,9134.682278565715,0.0,0,False,63126.52,0.0,8802.383222592267,0.0009069385875732916,-0.0988344517348757
2026-08-01 15:00:00+00:00,9134.682278565715,9134.682278565715,0.0,0,False,63007.06,0.0,8785.725679933954,-0.0018923900763102575,-0.0988344517348757
2026-08-01 16:00:00+00:00,9134.682278565715,9134.682278565715,0.0,0,False,62932.32,0.0,8775.30390914639,-0.0011862162748110805,-0.0988344517348757
2026-08-01 17:00:00+00:00,9134.682278565715,9134.682278565715,0.0,0,False,62708.07,0.0,8744.03441357359,-0.0035633518675299847,-0.0988344517348757
2026-08-01 18:00:00+00:00,9134.682278565715,9134.682278565715,0.0,0,False,62580.56,0.0,8726.254376202407,-0.0020333905986901213,-0.0988344517348757
2026-08-01 19:00:00+00:00,9134.682278565715,9134.682278565715,0.0,0,False,62529.82,0.0,8719.179173502902,-0.0008107949177827978,-0.0988344517348757
2026-08-01 20:00:00+00:00,9134.682278565715,9134.682278565715,0.0,0,False,62662.13,0.0,8737.628524491696,0.0021159504377270544,-0.0988344517348757
2026-08-01 21:00:00+00:00,9134.682278565715,9134.682278565715,0.0,0,False,62812.75,0.0,8758.631028051006,0.0024036846497237363,-0.0988344517348757
2026-08-01 22:00:00+00:00,9134.682278565715,9134.682278565715,0.0,0,False,62831.28,0.0,8761.214857495663,0.00029500380098013146,-0.0988344517348757
2026-08-01 23:00:00+00:00,9134.682278565715,9134.682278565715,0.0,0,False,62823.64,0.0,8760.149533320962,-0.00012159548556089916,-0.0988344517348757
2026-08-02 00:00:00+00:00,9134.682278565715,9134.682278565715,0.0,0,False,62833.99,0.0,8761.59274080894,0.00016474690100753975,-0.0988344517348757
2026-08-02 01:00:00+00:00,9134.682278565715,9134.682278565715,0.0,0,False,62981.87,0.0,8782.213177844862,0.0023535032551649238,-0.0988344517348757
2026-08-02 02:00:00+00:00,9134.682278565715,9134.682278565715,0.0,0,False,63451.58,0.0,8847.709698538285,0.007457860492233737,-0.0988344517348757
2026-08-02 03:00:00+00:00,9134.682278565715,9134.682278565715,0.0,0,False,63461.95,0.0,8849.155694833,0.00016343170650756633,-0.0988344517348757
2026-08-02 04:00:00+00:00,9134.682278565715,9134.682278565715,0.0,0,False,63590.0,0.0,8867.011029986164,0.0020177444909903475,-0.0988344517348757
2026-08-02 05:00:00+00:00,9134.682278565715,9134.682278565715,0.0,0,False,63453.27,0.0,8847.945352707819,-0.0021501808460450134,-0.0988344517348757
2026-08-02 06:00:00+00:00,9134.682278565715,9134.682278565715,0.0,0,False,63482.49,0.0,8852.01979935503,0.0004604963621259728,-0.0988344517348757
2026-08-02 07:00:00+00:00,9134.682278565715,9134.682278565715,0.0,0,False,63506.24,0.0,8855.33150735884,0.0003741189105848086,-0.0988344517348757
2026-08-02 08:00:00+00:00,9134.682278565715,9134.682278565715,0.0,0,False,63193.99,0.0,8811.791262129822,-0.004916839668039019,-0.0988344517348757
2026-08-02 09:00:00+00:00,9134.682278565715,9134.682278565715,0.0,0,False,63273.94,0.0,8822.939517073168,0.001265151955114563,-0.0988344517348757
2026-08-02 10:00:00+00:00,9134.682278565715,9134.682278565715,0.0,0,False,63205.03,0.0,8813.33068345033,-0.00108907395366864,-0.0988344517348757
2026-08-02 11:00:00+00:00,9134.682278565715,9134.682278565715,0.0,0,False,63031.99,0.0,8789.201927535425,-0.002737756789293444,-0.0988344517348757
2026-08-02 12:00:00+00:00,9134.682278565715,9134.682278565715,0.0,0,False,63125.49,0.0,8802.239599045155,0.001483373759895601,-0.0988344517348757
2026-08-02 13:00:00+00:00,9134.682278565715,9134.682278565715,0.0,0,False,63126.92,0.0,8802.438998727068,2.2653289503127283e-05,-0.0988344517348757
2026-08-02 14:00:00+00:00,9134.682278565715,9134.682278565715,0.0,0,False,63069.37,0.0,8794.414207332577,-0.0009116554395494081,-0.0988344517348757
2026-08-02 15:00:00+00:00,9134.682278565715,9134.682278565715,0.0,0,False,63109.14,0.0,8799.959749535163,0.000630575507571951,-0.0988344517348757
2026-08-02 16:00:00+00:00,9134.682278565715,9134.682278565715,0.0,0,False,63180.36,0.0,8809.89069033648,0.0011285211619112001,-0.0988344517348757
2026-08-02 17:00:00+00:00,9134.682278565715,9134.682278565715,0.0,0,False,63300.28,0.0,8826.612375549814,0.0018980581940335473,-0.0988344517348757
2026-08-02 18:00:00+00:00,9134.682278565715,9134.682278565715,0.0,0,False,63382.01,0.0,8838.008834293025,0.001291147527309633,-0.0988344517348757
2026-08-02 19:00:00+00:00,9134.682278565715,9134.682278565715,0.0,0,False,63456.01,0.0,8848.327419231206,0.001167523718480945,-0.0988344517348757
2026-08-02 20:00:00+00:00,9134.682278565715,9134.682278565715,0.0,0,False,63494.52,0.0,8853.697266609171,0.0006068771106158,-0.0988344517348757
2026-08-02 21:00:00+00:00,9134.682278565715,9134.682278565715,0.0,0,False,63578.0,0.0,8865.337745942135,0.001314759131969101,-0.0988344517348757
2026-08-02 22:00:00+00:00,9134.682278565715,9134.682278565715,0.0,0,False,63424.58,0.0,8843.94480943922,-0.0024130988706784207,-0.0988344517348757
2026-08-02 23:00:00+00:00,9134.682278565715,9134.682278565715,0.0,0,False,63570.0,0.0,8864.222223246115,0.002292801938932776,-0.0988344517348757
2026-08-03 00:00:00+00:00,9134.682278565715,9134.682278565715,0.0,0,False,63317.6,0.0,8829.027482186695,-0.003970426301714736,-0.0988344517348757
2026-08-03 01:00:00+00:00,9134.682278565715,9134.682278565715,0.0,0,False,63212.16,0.0,8814.324893053159,-0.0016652557898590992,-0.0988344517348757
2026-08-03 02:00:00+00:00,9134.682278565715,9134.682278565715,0.0,0,False,63141.4,0.0,8804.458094806865,-0.0011194048739989748,-0.0988344517348757
2026-08-03 03:00:00+00:00,9134.682278565715,9134.682278565715,0.0,0,False,62870.49,0.0,8766.682313109528,-0.0042905288764584215,-0.0988344517348757
2026-08-03 04:00:00+00:00,9134.682278565715,9134.682278565715,0.0,0,False,62790.0,0.0,8755.458760384201,-0.00128025087763739,-0.0988344517348757
2026-08-03 05:00:00+00:00,9134.682278565715,9134.682278565715,0.0,0,False,62827.17,0.0,8760.64175771058,0.0005919732441468373,-0.0988344517348757
2026-08-03 06:00:00+00:00,9134.682278565715,9134.682278565715,0.0,0,False,62623.6,0.0,8732.25588830699,-0.0032401586765725687,-0.0988344517348757
2026-08-03 07:00:00+00:00,9134.682278565715,9134.682278565715,0.0,0,False,62621.1,0.0,8731.907287464484,-3.9921052127356305e-05,-0.0988344517348757
2026-08-03 08:00:00+00:00,9134.682278565715,9134.682278565715,0.0,0,False,62541.5,0.0,8720.807836639091,-0.0012711370448615922,-0.0988344517348757
2026-08-03 09:00:00+00:00,9134.682278565715,9134.682278565715,0.0,0,False,62837.4,0.0,8762.068232358119,0.004731258444393038,-0.0988344517348757
2026-08-03 10:00:00+00:00,9134.682278565715,9134.682278565715,0.0,0,False,62742.01,0.0,8748.767018611452,-0.0015180449859480971,-0.0988344517348757
2026-08-03 11:00:00+00:00,9134.682278565715,9134.682278565715,0.0,0,False,62560.01,0.0,8723.388877277006,-0.002900767763098333,-0.0988344517348757
2026-08-03 12:00:00+00:00,9134.682278565715,9134.682278565715,0.0,0,False,62700.0,0.0,8742.909130053979,0.002237691458169433,-0.0988344517348757
2026-08-03 13:00:00+00:00,9134.682278565715,9134.682278565715,0.0,0,False,63351.09,0.0,8833.697339072907,0.010384210526315663,-0.0988344517348757
2026-08-03 14:00:00+00:00,9134.682278565715,9134.682278565715,0.0,0,False,63967.19,0.0,8919.60653070012,0.009725168106815563,-0.0988344517348757
2026-08-03 15:00:00+00:00,9134.682278565715,9134.682278565715,0.0,0,False,63694.91,0.0,8881.639715741094,-0.004256557150626561,-0.0988344517348757
2026-08-03 16:00:00+00:00,9134.682278565715,9134.682278565715,0.0,0,False,63776.46,0.0,8893.011075223643,0.0012803220853909725,-0.0988344517348757
2026-08-03 17:00:00+00:00,9134.682278565715,9134.682278565715,0.0,0,False,63906.0,0.0,8911.074176478942,0.002031156950385915,-0.0988344517348757
2026-08-03 18:00:00+00:00,9134.682278565715,9134.682278565715,0.0,0,False,63870.87,0.0,8906.175637440045,-0.0005497136419116977,-0.0988344517348757
2026-08-03 19:00:00+00:00,9134.682278565715,9134.682278565715,0.0,0,False,63869.38,0.0,8905.96787133791,-2.3328318527693348e-05,-0.0988344517348757
2026-08-03 20:00:00+00:00,9134.682278565715,9134.682278565715,0.0,0,False,63775.43,0.0,8892.86745167653,-0.0014709709096910606,-0.0988344517348757
2026-08-03 21:00:00+00:00,9134.682278565715,9134.682278565715,0.0,0,False,63590.15,0.0,8867.031946036717,-0.0029051940535717025,-0.0988344517348757
2026-08-03 22:00:00+00:00,9134.682278565715,9134.682278565715,0.0,0,False,63618.0,0.0,8870.915359422233,0.0004379609106124338,-0.0988344517348757
2026-08-03 23:00:00+00:00,9134.682278565715,9134.682278565715,0.0,0,False,63520.0,0.0,8857.250206395993,-0.0015404445282781731,-0.0988344517348757
2026-08-04 00:00:00+00:00,9134.682278565715,9134.682278565715,0.0,0,False,63361.99,0.0,8835.217238746234,-0.0024875629722922454,-0.0988344517348757
2026-08-04 01:00:00+00:00,9134.682278565715,9134.682278565715,0.0,0,False,63847.93,0.0,8902.976876109207,0.007669266700745858,-0.0988344517348757
2026-08-04 02:00:00+00:00,9134.682278565715,9134.682278565715,0.0,0,False,63822.44,0.0,8899.422541919015,-0.0003992298575693498,-0.0988344517348757
2026-08-04 03:00:00+00:00,9134.682278565715,9134.682278565715,0.0,0,False,63800.01,0.0,8896.29489516005,-0.00035144378685614264,-0.0988344517348757
2026-08-04 04:00:00+00:00,9134.682278565715,9134.682278565715,0.0,0,False,64029.0,0.0,8928.225337930244,0.003589184390410116,-0.0988344517348757
2026-08-04 05:00:00+00:00,9092.523681311572,-1.8189894035458565e-12,0.1424747766056411,1,False,63818.48,-0.004615223164692539,8898.870358184486,-0.0032878851770292705,-0.10299353184845184
2026-08-04 06:00:00+00:00,9071.369026481167,-1.8189894035458565e-12,0.1424747766056411,1,False,63670.0,-0.0023265988158914785,8878.16625694636,-0.0023265988158915896,-0.10508050603510022
2026-08-04 07:00:00+00:00,9073.61157946494,-1.8189894035458565e-12,0.1424747766056411,1,False,63685.74,0.0002472121878436262,8880.36104785078,0.0002472121878436262,-0.10485927102905324
2026-08-04 08:00:00+00:00,9059.820021089514,-1.8189894035458565e-12,0.1424747766056411,1,False,63588.94,-0.0015199634957526742,8866.863223228942,-0.0015199634957527852,-0.10621985226065056
2026-08-04 09:00:00+00:00,9061.92722303551,-1.8189894035458565e-12,0.1424747766056411,1,False,63603.73,0.00023258761665156946,8868.925545813208,0.00023258761665156946,-0.10601197006627738
2026-08-04 10:00:00+00:00,9084.761655482096,-1.8189894035458565e-12,0.1424747766056411,1,False,63764.0,0.002519820771517578,8891.273648624592,0.002519820771517578,-0.10375928045896243
2026-08-04 11:00:00+00:00,9072.642217553335,9072.642217553335,0.0,0,False,63926.0,-0.0013340402740722457,8913.86298321899,0.002540618530832539,-0.10495490167409371
2026-08-04 12:00:00+00:00,9072.642217553335,9072.642217553335,0.0,0,False,63906.41,0.0,8911.131347017114,-0.00030644808059310247,-0.10495490167409371
2026-08-04 13:00:00+00:00,9072.642217553335,9072.642217553335,0.0,0,False,63683.94,0.0,8880.110055244175,-0.0034811844383062507,-0.10495490167409371
2026-08-04 14:00:00+00:00,9072.642217553335,9072.642217553335,0.0,0,False,64128.72,0.0,8942.130328336129,0.006984178428658838,-0.10495490167409371
2026-08-04 15:00:00+00:00,9072.642217553335,9072.642217553335,0.0,0,False,64125.14,0.0,8941.631131929658,-5.5825221523364554e-05,-0.10495490167409371
2026-08-04 16:00:00+00:00,9072.642217553335,9072.642217553335,0.0,0,False,63950.93,0.0,8917.33923082046,-0.002716719214959973,-0.10495490167409371
2026-08-04 17:00:00+00:00,9072.642217553335,9072.642217553335,0.0,0,False,63972.09,0.0,8920.289788351432,0.00033087869089620803,-0.10495490167409371
2026-08-04 18:00:00+00:00,9072.642217553335,9072.642217553335,0.0,0,False,64305.99,0.0,8966.848916876554,0.0052194636754874235,-0.10495490167409371
2026-08-04 19:00:00+00:00,9072.642217553335,9072.642217553335,0.0,0,False,64233.36,0.0,8956.721365200066,-0.0011294437734337137,-0.10495490167409371
2026-08-04 20:00:00+00:00,9072.642217553335,9072.642217553335,0.0,0,False,64341.0,0.0,8971.730723075008,0.001675764742806285,-0.10495490167409371
2026-08-04 21:00:00+00:00,9072.642217553335,9072.642217553335,0.0,0,False,64194.0,0.0,8951.232993535648,-0.0022847018230987004,-0.10495490167409371
2026-08-04 22:00:00+00:00,9072.642217553335,9072.642217553335,0.0,0,False,64270.61,0.0,8961.915517753407,0.0011934137146774049,-0.10495490167409371
2026-08-04 23:00:00+00:00,9072.642217553335,9072.642217553335,0.0,0,False,64106.56,0.0,8939.040330468153,-0.0025524886102684663,-0.10495490167409371
2026-08-05 00:00:00+00:00,9072.642217553335,9072.642217553335,0.0,0,False,63988.0,0.0,8922.508284113143,-0.0018494207145103303,-0.10495490167409371
2026-08-05 01:00:00+00:00,9072.642217553335,9072.642217553335,0.0,0,False,64333.84,0.0,8970.73233026207,0.005404763393136003,-0.10495490167409371
2026-08-05 02:00:00+00:00,9072.642217553335,9072.642217553335,0.0,0,False,64368.26,0.0,8975.531866661697,0.0005350216930937179,-0.10495490167409371
2026-08-05 03:00:00+00:00,9072.642217553335,9072.642217553335,0.0,0,False,64183.27,0.0,8949.736798719612,-0.0028739319658478424,-0.10495490167409371
2026-08-05 04:00:00+00:00,9072.642217553335,9072.642217553335,0.0,0,False,64176.7,0.0,8948.820675705505,-0.00010236312359912514,-0.10495490167409371
2026-08-05 05:00:00+00:00,9072.642217553335,9072.642217553335,0.0,0,False,64330.87,0.0,8970.318192461174,0.0024022737223947654,-0.10495490167409371
2026-08-05 06:00:00+00:00,9072.642217553335,9072.642217553335,0.0,0,False,64253.58,0.0,8959.540848814255,-0.0012014449672450578,-0.10495490167409371
2026-08-05 07:00:00+00:00,9072.642217553335,9072.642217553335,0.0,0,False,64163.99,0.0,8947.048389022204,-0.0013943191959110424,-0.10495490167409371
2026-08-05 08:00:00+00:00,9072.642217553335,9072.642217553335,0.0,0,False,64120.81,0.0,8941.027355270438,-0.0006729631371116263,-0.10495490167409371
2026-08-05 09:00:00+00:00,9072.642217553335,9072.642217553335,0.0,0,False,64155.05,0.0,8945.801792409404,0.0005339920066513848,-0.10495490167409371
2026-08-05 10:00:00+00:00,9072.642217553335,9072.642217553335,0.0,0,False,64062.23,0.0,8932.858940328835,-0.0014468073830510297,-0.10495490167409371
2026-08-05 11:00:00+00:00,9072.642217553335,9072.642217553335,0.0,0,False,64075.28,0.0,8934.678636726718,0.00020370817562875843,-0.10495490167409371
2026-08-05 12:00:00+00:00,9072.642217553335,9072.642217553335,0.0,0,False,64332.43,0.0,8970.535719386899,0.004013248166843564,-0.10495490167409371
2026-08-05 13:00:00+00:00,9072.642217553335,9072.642217553335,0.0,0,False,64407.99,0.0,8981.071831250803,0.0011745242640452958,-0.10495490167409371
2026-08-05 14:00:00+00:00,9072.642217553335,9072.642217553335,0.0,0,False,64476.39,0.0,8990.609550301771,0.0010619800431592719,-0.10495490167409371
2026-08-05 15:00:00+00:00,9072.642217553335,9072.642217553335,0.0,0,False,64388.01,0.0,8978.285813317494,-0.0013707343106523773,-0.10495490167409371
2026-08-05 16:00:00+00:00,9072.642217553335,9072.642217553335,0.0,0,False,64661.99,0.0,9016.489676849427,0.004255140048589734,-0.10495490167409371
2026-08-05 17:00:00+00:00,9072.642217553335,9072.642217553335,0.0,0,False,64770.0,0.0,9031.550627649063,0.0016703785330456355,-0.10495490167409371
2026-08-05 18:00:00+00:00,9072.642217553335,9072.642217553335,0.0,0,False,64799.1,0.0,9035.608341455832,0.00044928207503458495,-0.10495490167409371
2026-08-05 19:00:00+00:00,9072.642217553335,9072.642217553335,0.0,0,False,64840.28,0.0,9041.350494533595,0.0006355026535864727,-0.10495490167409371
2026-08-05 20:00:00+00:00,9072.642217553335,9072.642217553335,0.0,0,False,64822.89,0.0,9038.925627073122,-0.00026819748465001236,-0.10495490167409371
2026-08-05 21:00:00+00:00,9072.642217553335,9072.642217553335,0.0,0,False,64733.13,0.0,9026.409462423782,-0.0013846960541252784,-0.10495490167409371
2026-08-05 22:00:00+00:00,9072.642217553335,9072.642217553335,0.0,0,False,64636.0,0.0,9012.865622490734,-0.0015004681528608677,-0.10495490167409371
2026-08-05 23:00:00+00:00,9072.642217553335,9072.642217553335,0.0,0,False,64665.23,0.0,9016.941463541316,0.0004522247663840684,-0.10495490167409371
2026-08-06 00:00:00+00:00,9072.642217553335,9072.642217553335,0.0,0,False,64644.99,0.0,9014.119191120386,-0.00031299664440997965,-0.10495490167409371
2026-08-06 01:00:00+00:00,9072.642217553335,9072.642217553335,0.0,0,False,64580.07,0.0,9005.066724442187,-0.001004254157978779,-0.10495490167409371
2026-08-06 02:00:00+00:00,9072.642217553335,9072.642217553335,0.0,0,False,64579.36,0.0,9004.967721802916,-1.0994103908590347e-05,-0.10495490167409371
2026-08-06 03:00:00+00:00,9072.642217553335,9072.642217553335,0.0,0,False,64531.03,0.0,8998.228570315587,-0.0007483815262337989,-0.10495490167409371
2026-08-06 04:00:00+00:00,9072.642217553335,9072.642217553335,0.0,0,False,64734.65,0.0,9026.621411736027,0.00315538121737724,-0.10495490167409371
2026-08-06 05:00:00+00:00,9072.642217553335,9072.642217553335,0.0,0,False,64908.09,0.0,9050.80594378573,0.0026792451955788277,-0.10495490167409371
2026-08-06 06:00:00+00:00,9072.642217553335,9072.642217553335,0.0,0,False,64860.0,0.0,9044.100257979284,-0.0007408937776475222,-0.10495490167409371
2026-08-06 07:00:00+00:00,9072.642217553335,9072.642217553335,0.0,0,False,64809.7,0.0,9037.08640902806,-0.0007755164970707495,-0.10495490167409371
2026-08-06 08:00:00+00:00,9072.642217553335,9072.642217553335,0.0,0,False,64941.99,0.0,9055.532971210116,0.0020412067946620205,-0.10495490167409371
2026-08-06 09:00:00+00:00,9072.642217553335,9072.642217553335,0.0,0,False,64683.62,0.0,9019.505771338792,-0.003978473711692465,-0.10495490167409371
2026-08-06 10:00:00+00:00,9072.642217553335,9072.642217553335,0.0,0,False,64615.95,0.0,9010.069843733834,-0.0010461690301194482,-0.10495490167409371
2026-08-06 11:00:00+00:00,9072.642217553335,9072.642217553335,0.0,0,False,64622.09,0.0,9010.926007403028,9.502297807251203e-05,-0.10495490167409371
2026-08-06 12:00:00+00:00,9072.642217553335,9072.642217553335,0.0,0,False,64424.0,0.0,8983.304271046212,-0.0030653604672952195,-0.10495490167409371
2026-08-06 13:00:00+00:00,9072.642217553335,9072.642217553335,0.0,0,False,64434.01,0.0,8984.700068819608,0.00015537687818212298,-0.10495490167409371
2026-08-06 14:00:00+00:00,9072.642217553335,9072.642217553335,0.0,0,False,64778.0,0.0,9032.666150345083,0.005338640261563832,-0.10495490167409371
2026-08-06 15:00:00+00:00,9072.642217553335,9072.642217553335,0.0,0,False,64631.87,0.0,9012.289733898915,-0.002255858470468275,-0.10495490167409371
2026-08-06 16:00:00+00:00,9072.642217553335,9072.642217553335,0.0,0,False,64757.99,0.0,9029.875949201663,0.001951359290702781,-0.10495490167409371
2026-08-06 17:00:00+00:00,9072.642217553335,9072.642217553335,0.0,0,False,64621.69,0.0,9010.870231268229,-0.002104759582562621,-0.10495490167409371
2026-08-06 18:00:00+00:00,9072.642217553335,9072.642217553335,0.0,0,False,64418.47,0.0,8982.53316598259,-0.0031447645519638856,-0.10495490167409371
2026-08-06 19:00:00+00:00,9072.642217553335,9072.642217553335,0.0,0,False,64446.0,0.0,8986.371958460268,0.00042736190412484554,-0.10495490167409371
2026-08-06 20:00:00+00:00,9072.642217553335,9072.642217553335,0.0,0,False,64439.7,0.0,8985.493484337152,-9.775626105579249e-05,-0.10495490167409371
2026-08-06 21:00:00+00:00,9072.642217553335,9072.642217553335,0.0,0,False,64440.74,0.0,8985.638502287635,1.6139119207503327e-05,-0.10495490167409371
2026-08-06 22:00:00+00:00,9072.642217553335,9072.642217553335,0.0,0,False,64351.49,0.0,8973.193452210166,-0.0013849934063451252,-0.10495490167409371
2026-08-06 23:00:00+00:00,9072.642217553335,9072.642217553335,0.0,0,False,64323.61,0.0,8969.305855614537,-0.0004332456016170605,-0.10495490167409371
2026-08-07 00:00:00+00:00,9072.642217553335,9072.642217553335,0.0,0,False,64317.99,0.0,8968.522200920583,-8.73707181546779e-05,-0.10495490167409371
2026-08-07 01:00:00+00:00,9072.642217553335,9072.642217553335,0.0,0,False,64422.55,0.0,8983.10208255756,0.0016256726928189913,-0.10495490167409371
2026-08-07 02:00:00+00:00,9072.642217553335,9072.642217553335,0.0,0,False,64399.87,0.0,8979.939575714345,-0.00035205064065291225,-0.10495490167409371
2026-08-07 03:00:00+00:00,9072.642217553335,9072.642217553335,0.0,0,False,64289.99,0.0,8964.617871484514,-0.0017062146243463916,-0.10495490167409371
2026-08-07 04:00:00+00:00,9072.642217553335,9072.642217553335,0.0,0,False,64255.13,0.0,8959.756981336608,-0.0005422306023068479,-0.10495490167409371
2026-08-07 05:00:00+00:00,9072.642217553335,9072.642217553335,0.0,0,False,64336.43,0.0,8971.093480734908,0.0012652686252443424,-0.10495490167409371
2026-08-07 06:00:00+00:00,9072.642217553335,9072.642217553335,0.0,0,False,64304.12,0.0,8966.58816344636,-0.0005022038058373202,-0.10495490167409371
2026-08-07 07:00:00+00:00,9072.642217553335,9072.642217553335,0.0,0,False,64319.84,0.0,8968.780165544036,0.00024446334076233533,-0.10495490167409371
2026-08-07 08:00:00+00:00,9072.642217553335,9072.642217553335,0.0,0,False,64600.0,0.0,9007.845770358645,0.004355732228189746,-0.10495490167409371
2026-08-07 09:00:00+00:00,9072.642217553335,9072.642217553335,0.0,0,False,64839.32,0.0,9041.216631810074,0.0037046439628485306,-0.10495490167409371
2026-08-07 10:00:00+00:00,9072.642217553335,9072.642217553335,0.0,0,False,64893.98,0.0,9048.838440630627,0.0008430069902027881,-0.10495490167409371
2026-08-07 11:00:00+00:00,9072.642217553335,9072.642217553335,0.0,0,False,65029.98,0.0,9067.802326462961,0.002095725982595109,-0.10495490167409371
2026-08-07 12:00:00+00:00,9072.642217553335,9072.642217553335,0.0,0,False,65292.32,0.0,9104.383104472186,0.004034139330813424,-0.10495490167409371
2026-08-07 13:00:00+00:00,9072.642217553335,9072.642217553335,0.0,0,False,65009.24,0.0,9064.91033387353,-0.004335578824584796,-0.10495490167409371
2026-08-07 14:00:00+00:00,9072.642217553335,9072.642217553335,0.0,0,False,64957.98,0.0,9057.762622198785,-0.0007885032958390159,-0.10495490167409371
2026-08-07 15:00:00+00:00,9072.642217553335,9072.642217553335,0.0,0,False,64912.72,0.0,9051.451552546054,-0.0006967581196336559,-0.10495490167409371
2026-08-07 16:00:00+00:00,9072.642217553335,9072.642217553335,0.0,0,False,64814.0,0.0,9037.68600247717,-0.0015208113294282732,-0.10495490167409371
2026-08-07 17:00:00+00:00,9072.642217553335,9072.642217553335,0.0,0,False,64764.33,0.0,9030.760000938259,-0.0007663467769308818,-0.10495490167409371
2026-08-07 18:00:00+00:00,9072.642217553335,9072.642217553335,0.0,0,False,64735.51,0.0,9026.741330425848,-0.0004449980413601118,-0.10495490167409371
2026-08-07 19:00:00+00:00,9072.642217553335,9072.642217553335,0.0,0,False,64960.47,0.0,9058.10982863792,0.0034750633771170047,-0.10495490167409371
2026-08-07 20:00:00+00:00,9072.642217553335,9072.642217553335,0.0,0,False,64972.0,0.0,9059.717575723558,0.00017749255816656984,-0.10495490167409371
2026-08-07 21:00:00+00:00,9072.642217553335,9072.642217553335,0.0,0,False,64928.01,0.0,9053.583595298822,-0.0006770608877668671,-0.10495490167409371
2026-08-07 22:00:00+00:00,9072.642217553335,9072.642217553335,0.0,0,False,64888.0,0.0,9048.004587415353,-0.000616220949941404,-0.10495490167409371
2026-08-07 23:00:00+00:00,9072.642217553335,9072.642217553335,0.0,0,False,64923.19,0.0,9052.91149287447,0.0005423190728639504,-0.10495490167409371
2026-08-08 00:00:00+00:00,9072.642217553335,9072.642217553335,0.0,0,False,64929.01,0.0,9053.723035635823,8.964439362868504e-05,-0.10495490167409371
2026-08-08 01:00:00+00:00,9072.642217553335,9072.642217553335,0.0,0,False,64911.79,0.0,9051.32187303264,-0.0002652127300262208,-0.10495490167409371
2026-08-08 02:00:00+00:00,9072.642217553335,9072.642217553335,0.0,0,False,64923.97,0.0,9053.020256337331,0.00018763925628917377,-0.10495490167409371
2026-08-08 03:00:00+00:00,9072.642217553335,9072.642217553335,0.0,0,False,65033.0,0.0,9068.223436280708,0.0016793489369180126,-0.10495490167409371
2026-08-08 04:00:00+00:00,9072.642217553335,9072.642217553335,0.0,0,False,65013.58,0.0,9065.515504936122,-0.00029861762489802324,-0.10495490167409371
2026-08-08 05:00:00+00:00,9072.642217553335,9072.642217553335,0.0,0,False,64995.39,0.0,9062.979085206045,-0.00027978769973924233,-0.10495490167409371
2026-08-08 06:00:00+00:00,9072.642217553335,9072.642217553335,0.0,0,False,65006.61,0.0,9064.543605787214,0.00017262762789815866,-0.10495490167409371
2026-08-08 07:00:00+00:00,9072.642217553335,9072.642217553335,0.0,0,False,64960.0,0.0,9058.04429167953,-0.0007170040092846497,-0.10495490167409371
2026-08-08 08:00:00+00:00,9072.642217553335,9072.642217553335,0.0,0,False,64993.87,0.0,9062.767135893804,0.0005213977832514427,-0.10495490167409371
2026-08-08 09:00:00+00:00,9072.642217553335,9072.642217553335,0.0,0,False,64994.31,0.0,9062.828489642085,6.76986921988032e-06,-0.10495490167409371
2026-08-08 10:00:00+00:00,9072.642217553335,9072.642217553335,0.0,0,False,65005.87,0.0,9064.440419937833,0.0001778617235879132,-0.10495490167409371
2026-08-08 11:00:00+00:00,9072.642217553335,9072.642217553335,0.0,0,False,64967.35,0.0,9059.069178156496,-0.0005925618717204095,-0.10495490167409371
2026-08-08 12:00:00+00:00,9072.642217553335,9072.642217553335,0.0,0,False,65008.34,0.0,9064.784837570227,0.000630932306766363,-0.10495490167409371
2026-08-08 13:00:00+00:00,9072.642217553335,9072.642217553335,0.0,0,False,65015.27,0.0,9065.751159105655,0.00010660170679654968,-0.10495490167409371
2026-08-08 14:00:00+00:00,9072.642217553335,9072.642217553335,0.0,0,False,65129.02,0.0,9081.612497439684,0.0017495889811731669,-0.10495490167409371
2026-08-08 15:00:00+00:00,9072.642217553335,9072.642217553335,0.0,0,False,65080.82,0.0,9074.891473196167,-0.0007400694805479446,-0.10495490167409371
2026-08-08 16:00:00+00:00,9072.642217553335,9072.642217553335,0.0,0,False,65086.45,0.0,9075.67652229349,8.650782212016317e-05,-0.10495490167409371
2026-08-08 17:00:00+00:00,9072.642217553335,9072.642217553335,0.0,0,False,65119.75,0.0,9080.319885515672,0.0005116272280942802,-0.10495490167409371
2026-08-08 18:00:00+00:00,9072.642217553335,9072.642217553335,0.0,0,False,65044.07,0.0,9069.767040811326,-0.0011621666237968675,-0.10495490167409371
2026-08-08 19:00:00+00:00,9072.642217553335,9072.642217553335,0.0,0,False,65075.41,0.0,9074.137100972985,0.00048182716733458086,-0.10495490167409371
2026-08-08 20:00:00+00:00,9072.642217553335,9072.642217553335,0.0,0,False,65082.41,0.0,9075.113183332001,0.00010756751282858801,-0.10495490167409371
2026-08-08 21:00:00+00:00,9072.642217553335,9072.642217553335,0.0,0,False,65012.96,0.0,9065.42905192718,-0.001067108608916123,-0.10495490167409371
2026-08-08 22:00:00+00:00,9072.642217553335,9072.642217553335,0.0,0,False,64950.61,0.0,9056.734946915078,-0.0009590395514985639,-0.10495490167409371
2026-08-08 23:00:00+00:00,9072.642217553335,9072.642217553335,0.0,0,False,64962.6,0.0,9058.406836555734,0.0001846018074345146,-0.10495490167409371
2026-08-09 00:00:00+00:00,9072.642217553335,9072.642217553335,0.0,0,False,64973.65,0.0,9059.947652279614,0.0001700978716987489,-0.10495490167409371
2026-08-09 01:00:00+00:00,9072.642217553335,9072.642217553335,0.0,0,False,64861.46,0.0,9044.303840871307,-0.0017266999776064385,-0.10495490167409371
2026-08-09 02:00:00+00:00,9072.642217553335,9072.642217553335,0.0,0,False,64820.01,0.0,9038.524038902557,-0.0006390543783626468,-0.10495490167409371
2026-08-09 03:00:00+00:00,9072.642217553335,9072.642217553335,0.0,0,False,64788.8,0.0,9034.17210598471,-0.0004814871210294669,-0.10495490167409371
2026-08-09 04:00:00+00:00,9072.642217553335,9072.642217553335,0.0,0,False,64785.0,0.0,9033.6422327041,-5.865211271083304e-05,-0.10495490167409371
2026-08-09 05:00:00+00:00,9072.642217553335,9072.642217553335,0.0,0,False,64801.58,0.0,9035.9541534916,0.00025592343906777337,-0.10495490167409371
2026-08-09 06:00:00+00:00,9072.642217553335,9072.642217553335,0.0,0,False,64849.99,0.0,9042.704460205889,0.0007470496861341491,-0.10495490167409371
2026-08-09 07:00:00+00:00,9072.642217553335,9072.642217553335,0.0,0,False,64826.14,0.0,9039.37880816838,-0.0003677718377443906,-0.10495490167409371
2026-08-09 08:00:00+00:00,9072.642217553335,9072.642217553335,0.0,0,False,64824.16,0.0,9039.102716301117,-3.054323456530561e-05,-0.10495490167409371
2026-08-09 09:00:00+00:00,9072.642217553335,9072.642217553335,0.0,0,False,64877.85,0.0,9046.589267994777,0.0008282405819064476,-0.10495490167409371
2026-08-09 10:00:00+00:00,9072.642217553335,9072.642217553335,0.0,0,False,64959.86,0.0,9058.02477003235,0.0012640677827642222,-0.10495490167409371
2026-08-09 11:00:00+00:00,9072.642217553335,9072.642217553335,0.0,0,False,64950.0,0.0,9056.649888309505,-0.00015178604141097285,-0.10495490167409371
2026-08-09 12:00:00+00:00,9072.642217553335,9072.642217553335,0.0,0,False,64960.11,0.0,9058.0596301166,0.00015565819861440566,-0.10495490167409371
2026-08-09 13:00:00+00:00,9072.642217553335,9072.642217553335,0.0,0,False,65219.78,0.0,9094.268102426027,0.003997376235969963,-0.10495490167409371
2026-08-09 14:00:00+00:00,9072.642217553335,9072.642217553335,0.0,0,False,65260.01,0.0,9099.877787183636,0.0006168374073018956,-0.10495490167409371
2026-08-09 15:00:00+00:00,9072.642217553335,9072.642217553335,0.0,0,False,65228.68,0.0,9095.509121425348,-0.0004800796077107927,-0.10495490167409371
2026-08-09 16:00:00+00:00,9072.642217553335,9072.642217553335,0.0,0,False,65232.14,0.0,9095.991584991378,5.3044151744341406e-05,-0.10495490167409371
2026-08-09 17:00:00+00:00,9072.642217553335,9072.642217553335,0.0,0,False,65198.68,0.0,9091.325911315274,-0.0005129373342651622,-0.10495490167409371
2026-08-09 18:00:00+00:00,9072.642217553335,9072.642217553335,0.0,0,False,65199.68,0.0,9091.465351652278,1.533773383144421e-05,-0.10495490167409371
2026-08-09 19:00:00+00:00,9072.642217553335,9072.642217553335,0.0,0,False,65180.66,0.0,9088.813196442492,-0.00029171922316173493,-0.10495490167409371
2026-08-09 20:00:00+00:00,9072.642217553335,9072.642217553335,0.0,0,False,65137.96,0.0,9082.859094052486,-0.0006551022956809982,-0.10495490167409371
2026-08-09 21:00:00+00:00,9072.642217553335,9072.642217553335,0.0,0,False,65192.99,0.0,9090.532495797732,0.0008448222818153717,-0.10495490167409371
2026-08-09 22:00:00+00:00,9072.642217553335,9072.642217553335,0.0,0,False,65077.13,0.0,9074.376938352627,-0.001777184939669163,-0.10495490167409371
2026-08-09 23:00:00+00:00,9072.642217553335,9072.642217553335,0.0,0,False,64901.59,0.0,9049.899581595215,-0.0026974145909631764,-0.10495490167409371
2026-08-10 00:00:00+00:00,9072.642217553335,9072.642217553335,0.0,0,False,64968.01,0.0,9059.16120877892,0.0010233955747465107,-0.10495490167409371
2026-08-10 01:00:00+00:00,9072.642217553335,9072.642217553335,0.0,0,False,65189.99,0.0,9090.114174786724,0.0034167584939108764,-0.10495490167409371
2026-08-10 02:00:00+00:00,9072.642217553335,9072.642217553335,0.0,0,False,65099.99,0.0,9077.564544456503,-0.0013805800553121639,-0.10495490167409371
2026-08-10 03:00:00+00:00,9072.642217553335,9072.642217553335,0.0,0,False,64982.01,0.0,9061.113373496953,-0.0018122890648677448,-0.10495490167409371
2026-08-10 04:00:00+00:00,9072.642217553335,9072.642217553335,0.0,0,False,65006.73,0.0,9064.560338627654,0.0003804129789153343,-0.10495490167409371
2026-08-10 05:00:00+00:00,9072.642217553335,9072.642217553335,0.0,0,False,65134.0,0.0,9082.306910317957,0.0019577972926803078,-0.10495490167409371
2026-08-10 06:00:00+00:00,9072.642217553335,9072.642217553335,0.0,0,False,65299.4,0.0,9105.370342058164,0.002539380354346532,-0.10495490167409371
2026-08-10 07:00:00+00:00,9072.642217553335,9072.642217553335,0.0,0,False,65202.73,0.0,9091.890644680136,-0.0014804117648861137,-0.10495490167409371
2026-08-10 08:00:00+00:00,9072.642217553335,9072.642217553335,0.0,0,False,65245.58,0.0,9097.86566312069,0.0006571810720195082,-0.10495490167409371
2026-08-10 09:00:00+00:00,9072.642217553335,9072.642217553335,0.0,0,False,64967.24,0.0,9059.053839719427,-0.004266036105434301,-0.10495490167409371
2026-08-10 10:00:00+00:00,9072.642217553335,9072.642217553335,0.0,0,False,65013.06,0.0,9065.44299596088,0.0007052785373060644,-0.10495490167409371
2026-08-10 11:00:00+00:00,9072.642217553335,9072.642217553335,0.0,0,False,65125.98,0.0,9081.188598815197,0.0017368817895972999,-0.10495490167409371
2026-08-10 12:00:00+00:00,9072.642217553335,9072.642217553335,0.0,0,False,64870.75,0.0,9045.59924160206,-0.00391901972146913,-0.10495490167409371
2026-08-10 13:00:00+00:00,9072.642217553335,9072.642217553335,0.0,0,False,64561.98,0.0,9002.544248745811,-0.00475977231649094,-0.10495490167409371
2026-08-10 14:00:00+00:00,9072.642217553335,9072.642217553335,0.0,0,False,64625.77,0.0,9011.439147843199,0.0009880428078570258,-0.10495490167409371
2026-08-10 15:00:00+00:00,9072.642217553335,9072.642217553335,0.0,0,False,64299.99,0.0,8966.012274854538,-0.0050410231088929836,-0.10495490167409371
2026-08-10 16:00:00+00:00,9072.642217553335,9072.642217553335,0.0,0,False,63904.65,0.0,8910.885932023988,-0.006148367985749248,-0.10495490167409371
2026-08-10 17:00:00+00:00,9072.642217553335,9072.642217553335,0.0,0,False,63953.04,0.0,8917.633449931536,0.000757221892303539,-0.10495490167409371
2026-08-10 18:00:00+00:00,9072.642217553335,9072.642217553335,0.0,0,False,63889.39,0.0,8908.758072481329,-0.0009952615231427764,-0.10495490167409371
2026-08-10 19:00:00+00:00,9072.642217553335,9072.642217553335,0.0,0,False,64045.7,0.0,8930.553991558183,0.002446572114712664,-0.10495490167409371
2026-08-10 20:00:00+00:00,9072.642217553335,9072.642217553335,0.0,0,False,64158.5,0.0,8946.282861572061,0.0017612423628754481,-0.10495490167409371
2026-08-10 21:00:00+00:00,9072.642217553335,9072.642217553335,0.0,0,False,63987.0,0.0,8922.36884377614,-0.002673067481315905,-0.10495490167409371
2026-08-10 22:00:00+00:00,9072.642217553335,9072.642217553335,0.0,0,False,64016.0,0.0,8926.412613549212,0.00045321705971534954,-0.10495490167409371
2026-08-10 23:00:00+00:00,9072.642217553335,9072.642217553335,0.0,0,False,63970.01,0.0,8919.999752450469,-0.000718414146463342,-0.10495490167409371
2026-08-11 00:00:00+00:00,9072.642217553335,9072.642217553335,0.0,0,False,64040.0,0.0,8929.75918163727,0.0010941064414402568,-0.10495490167409371
2026-08-11 01:00:00+00:00,9072.642217553335,9072.642217553335,0.0,0,False,64060.8,0.0,8932.659540646922,0.00032479700187404426,-0.10495490167409371
2026-08-11 02:00:00+00:00,9072.642217553335,9072.642217553335,0.0,0,False,64044.59,0.0,8930.39921278411,-0.0002530408611821633,-0.10495490167409371
2026-08-11 03:00:00+00:00,9072.642217553335,9072.642217553335,0.0,0,False,64155.01,0.0,8945.796214795922,0.0017241112793446867,-0.10495490167409371
2026-08-11 04:00:00+00:00,9072.642217553335,9072.642217553335,0.0,0,False,64023.51,0.0,8927.459810480099,-0.0020497230068237116,-0.10495490167409371
2026-08-11 05:00:00+00:00,9072.642217553335,9072.642217553335,0.0,0,False,64000.0,0.0,8924.181568157172,-0.00036720885812102644,-0.10495490167409371
2026-08-11 06:00:00+00:00,9072.642217553335,9072.642217553335,0.0,0,False,63969.28,0.0,8919.897961004457,-0.00047999999999992493,-0.10495490167409371
2026-08-11 07:00:00+00:00,9072.642217553335,9072.642217553335,0.0,0,False,64065.99,0.0,8933.383235995963,0.0015118194233230131,-0.10495490167409371
2026-08-11 08:00:00+00:00,9072.642217553335,9072.642217553335,0.0,0,False,64136.41,0.0,8943.202624527677,0.0010991791432553022,-0.10495490167409371
2026-08-11 09:00:00+00:00,9072.642217553335,9072.642217553335,0.0,0,False,64300.0,0.0,8966.013669257909,0.0025506572631677216,-0.10495490167409371
2026-08-11 10:00:00+00:00,9072.642217553335,9072.642217553335,0.0,0,False,64233.23,0.0,8956.703237956255,-0.0010384136858475612,-0.10495490167409371
2026-08-11 11:00:00+00:00,9072.642217553335,9072.642217553335,0.0,0,False,64389.57,0.0,8978.503340243218,0.0024339426804473874,-0.10495490167409371
2026-08-11 12:00:00+00:00,9072.642217553335,9072.642217553335,0.0,0,False,64330.01,0.0,8970.198273771352,-0.0009249945293935413,-0.10495490167409371
2026-08-11 13:00:00+00:00,9072.642217553335,9072.642217553335,0.0,0,False,64200.28,0.0,8952.108678852024,-0.0020166326726824835,-0.10495490167409371
2026-08-11 14:00:00+00:00,9072.642217553335,9072.642217553335,0.0,0,False,63770.03,0.0,8892.114473856718,-0.0067016841671094785,-0.10495490167409371
2026-08-11 15:00:00+00:00,9072.642217553335,9072.642217553335,0.0,0,False,63609.87,0.0,8869.781709482404,-0.0025115246143055936,-0.10495490167409371
2026-08-11 16:00:00+00:00,9072.642217553335,9072.642217553335,0.0,0,False,63512.59,0.0,8856.216953498804,-0.0015293224149021123,-0.10495490167409371
2026-08-11 17:00:00+00:00,9072.642217553335,9072.642217553335,0.0,0,False,63607.88,0.0,8869.504223211768,0.0015003324537701257,-0.10495490167409371
2026-08-11 18:00:00+00:00,9072.642217553335,9072.642217553335,0.0,0,False,63373.07,0.0,8836.762237680223,-0.0036915237546039092,-0.10495490167409371
2026-08-11 19:00:00+00:00,9072.642217553335,9072.642217553335,0.0,0,False,63536.0,0.0,8859.481251788033,0.0025709658692565363,-0.10495490167409371
2026-08-11 20:00:00+00:00,9072.642217553335,9072.642217553335,0.0,0,False,63740.0,0.0,8887.927080536534,0.0032107781415260384,-0.10495490167409371
2026-08-11 21:00:00+00:00,9072.642217553335,9072.642217553335,0.0,0,False,63672.73,0.0,8878.546929066379,-0.001055381236272357,-0.10495490167409371
2026-08-11 22:00:00+00:00,9072.642217553335,9072.642217553335,0.0,0,False,63668.49,0.0,8877.955702037487,-6.659051685098394e-05,-0.10495490167409371
2026-08-11 23:00:00+00:00,9072.642217553335,9072.642217553335,0.0,0,False,63600.0,0.0,8868.405433356189,-0.0010757283547953023,-0.10495490167409371
2026-08-12 00:00:00+00:00,9072.642217553335,9072.642217553335,0.0,0,False,63742.07,0.0,8888.215722034129,0.002233805031446545,-0.10495490167409371
2026-08-12 01:00:00+00:00,9072.642217553335,9072.642217553335,0.0,0,False,63813.8,0.0,8898.217777407315,0.0011253164511286773,-0.10495490167409371
2026-08-12 02:00:00+00:00,9072.642217553335,9072.642217553335,0.0,0,False,63749.76,0.0,8889.288018225678,-0.0010035446878261522,-0.10495490167409371
2026-08-12 03:00:00+00:00,9072.642217553335,9072.642217553335,0.0,0,False,63835.59,0.0,8901.256182350597,0.0013463580098180827,-0.10495490167409371
2026-08-12 04:00:00+00:00,9072.642217553335,9072.642217553335,0.0,0,False,63769.58,0.0,8892.051725705067,-0.0010340626600299219,-0.10495490167409371
2026-08-12 05:00:00+00:00,9072.642217553335,9072.642217553335,0.0,0,False,63849.94,0.0,8903.257151186583,0.0012601619769172512,-0.10495490167409371
2026-08-12 06:00:00+00:00,9072.642217553335,9072.642217553335,0.0,0,False,63711.97,0.0,8884.018567890354,-0.002160847762738616,-0.10495490167409371
2026-08-12 07:00:00+00:00,9072.642217553335,9072.642217553335,0.0,0,False,63837.99,0.0,8901.590839159404,0.001977964266369314,-0.10495490167409371
2026-08-12 08:00:00+00:00,9072.642217553335,9072.642217553335,0.0,0,False,63794.94,0.0,8895.587932651448,-0.0006743633375675406,-0.10495490167409371
2026-08-12 09:00:00+00:00,9072.642217553335,9072.642217553335,0.0,0,False,64108.81,0.0,8939.35407122641,0.004919982682012103,-0.10495490167409371
2026-08-12 10:00:00+00:00,9072.642217553335,9072.642217553335,0.0,0,False,64143.36,0.0,8944.171734869844,0.0005389274890610363,-0.10495490167409371
2026-08-12 11:00:00+00:00,9072.642217553335,9072.642217553335,0.0,0,False,64240.04,0.0,8957.652826651241,0.0015072487627714182,-0.10495490167409371
2026-08-12 12:00:00+00:00,9072.642217553335,9072.642217553335,0.0,0,False,64119.71,0.0,8940.873970899736,-0.0018731308386482626,-0.10495490167409371
2026-08-12 13:00:00+00:00,9072.642217553335,9072.642217553335,0.0,0,False,63840.0,0.0,8901.87111423678,-0.004362309186987878,-0.10495490167409371
2026-08-12 14:00:00+00:00,9072.642217553335,9072.642217553335,0.0,0,False,63363.39,0.0,8835.412455218038,-0.007465695488721891,-0.10495490167409371
2026-08-12 15:00:00+00:00,9072.642217553335,9072.642217553335,0.0,0,False,63441.47,0.0,8846.29995673119,0.0012322573018901384,-0.10495490167409371
2026-08-12 16:00:00+00:00,9072.642217553335,9072.642217553335,0.0,0,False,63492.12,0.0,8853.362609800366,0.000798373682072695,-0.10495490167409371
2026-08-12 17:00:00+00:00,9072.642217553335,9072.642217553335,0.0,0,False,63471.0,0.0,8850.417629882873,-0.00033263970395081,-0.10495490167409371
2026-08-12 18:00:00+00:00,9072.642217553335,9072.642217553335,0.0,0,False,63386.59,0.0,8838.647471036495,-0.0013298986938918844,-0.10495490167409371
2026-08-12 19:00:00+00:00,9072.642217553335,9072.642217553335,0.0,0,False,63421.11,0.0,8843.46095146982,0.0005445946847748573,-0.10495490167409371
2026-08-12 20:00:00+00:00,9072.642217553335,9072.642217553335,0.0,0,False,63599.99,0.0,8868.40403895282,0.0028205119714870275,-0.10495490167409371
2026-08-12 21:00:00+00:00,9072.642217553335,9072.642217553335,0.0,0,False,63469.83,0.0,8850.254484688581,-0.0020465412022862006,-0.10495490167409371
2026-08-12 22:00:00+00:00,9072.642217553335,9072.642217553335,0.0,0,False,63432.28,0.0,8845.018500034137,-0.0005916196718979139,-0.10495490167409371
2026-08-12 23:00:00+00:00,9072.642217553335,9072.642217553335,0.0,0,False,63479.99,0.0,8851.671198512524,0.0007521407081694242,-0.10495490167409371
2026-08-13 00:00:00+00:00,9072.642217553335,9072.642217553335,0.0,0,False,63556.92,0.0,8862.398343638124,0.0012118779476810726,-0.10495490167409371
2026-08-13 01:00:00+00:00,9072.642217553335,9072.642217553335,0.0,0,False,63456.11,0.0,8848.341363264906,-0.0015861372766333703,-0.10495490167409371
2026-08-13 02:00:00+00:00,9072.642217553335,9072.642217553335,0.0,0,False,63550.01,0.0,8861.434810909437,0.0014797629416616331,-0.10495490167409371
2026-08-13 03:00:00+00:00,9072.642217553335,9072.642217553335,0.0,0,False,63646.99,0.0,8874.957734791935,0.0015260422460987577,-0.10495490167409371
2026-08-13 04:00:00+00:00,9072.642217553335,9072.642217553335,0.0,0,False,63693.74,0.0,8881.4765705468,0.0007345202027622122,-0.10495490167409371
2026-08-13 05:00:00+00:00,9072.642217553335,9072.642217553335,0.0,0,False,63878.0,0.0,8907.169847042873,0.0028929059590472317,-0.10495490167409371
2026-08-13 06:00:00+00:00,9072.642217553335,9072.642217553335,0.0,0,False,63942.35,0.0,8916.14283272898,0.001007389085444066,-0.10495490167409371
2026-08-13 07:00:00+00:00,9072.642217553335,9072.642217553335,0.0,0,False,63865.84,0.0,8905.474252544922,-0.0011965465767210803,-0.10495490167409371
2026-08-13 08:00:00+00:00,9072.642217553335,9072.642217553335,0.0,0,False,63766.8,0.0,8891.6640815682,-0.0015507507612831928,-0.10495490167409371
2026-08-13 09:00:00+00:00,9072.642217553335,9072.642217553335,0.0,0,False,63782.64,0.0,8893.872816506317,0.0002484051261781861,-0.10495490167409371
2026-08-13 10:00:00+00:00,9072.642217553335,9072.642217553335,0.0,0,False,63651.19,0.0,8875.543384207345,-0.002060905600645979,-0.10495490167409371
2026-08-13 11:00:00+00:00,9072.642217553335,9072.642217553335,0.0,0,False,63484.3,0.0,8852.272186365006,-0.0026219462668333193,-0.10495490167409371
2026-08-13 12:00:00+00:00,9072.642217553335,9072.642217553335,0.0,0,False,63697.76,0.0,8882.03712070155,0.003362406138210705,-0.10495490167409371
2026-08-13 13:00:00+00:00,9072.642217553335,9072.642217553335,0.0,0,False,63724.0,0.0,8885.696035144494,0.00041194541220912484,-0.10495490167409371
2026-08-13 14:00:00+00:00,9072.642217553335,9072.642217553335,0.0,0,False,63859.45,0.0,8904.583228791476,0.0021255727826250403,-0.10495490167409371
2026-08-13 15:00:00+00:00,9072.642217553335,9072.642217553335,0.0,0,False,63420.01,0.0,8843.307567099118,-0.006881362116335055,-0.10495490167409371
2026-08-13 16:00:00+00:00,9072.642217553335,9072.642217553335,0.0,0,False,63160.13,0.0,8807.069812318918,-0.004097760312557819,-0.10495490167409371
2026-08-13 17:00:00+00:00,9072.642217553335,9072.642217553335,0.0,0,False,63144.38,0.0,8804.87362701113,-0.00024936617451543075,-0.10495490167409371
2026-08-13 18:00:00+00:00,9072.642217553335,9072.642217553335,0.0,0,False,63310.0,0.0,8827.967735625478,0.0026228779188268714,-0.10495490167409371
2026-08-13 19:00:00+00:00,9072.642217553335,9072.642217553335,0.0,0,False,63407.99,0.0,8841.631494248348,0.0015477807613331063,-0.10495490167409371
2026-08-13 20:00:00+00:00,9072.642217553335,9072.642217553335,0.0,0,False,63415.55,0.0,8842.685663196087,0.00011922787648699362,-0.10495490167409371
2026-08-13 21:00:00+00:00,9072.642217553335,9072.642217553335,0.0,0,False,63474.0,0.0,8850.83595089388,0.0009216982270119356,-0.10495490167409371
2026-08-13 22:00:00+00:00,9072.642217553335,9072.642217553335,0.0,0,False,63530.01,0.0,8858.646004169388,0.0008824085452312502,-0.10495490167409371
2026-08-13 23:00:00+00:00,9072.642217553335,9072.642217553335,0.0,0,False,63490.86,0.0,8853.186914975742,-0.0006162441970337662,-0.10495490167409371
2026-08-14 00:00:00+00:00,9072.642217553335,9072.642217553335,0.0,0,False,63541.45,0.0,8860.241201624696,0.0007968076034881033,-0.10495490167409371
2026-08-14 01:00:00+00:00,9072.642217553335,9072.642217553335,0.0,0,False,63575.86,0.0,8865.03934362095,0.0005415362727794193,-0.10495490167409371
2026-08-14 02:00:00+00:00,9072.642217553335,9072.642217553335,0.0,0,False,63465.39,0.0,8849.635369592288,-0.0017376092120501285,-0.10495490167409371
2026-08-14 03:00:00+00:00,9072.642217553335,9072.642217553335,0.0,0,False,63310.0,0.0,8827.967735625478,-0.002448421100067155,-0.10495490167409371
2026-08-14 04:00:00+00:00,9072.642217553335,9072.642217553335,0.0,0,False,63372.56,0.0,8836.691123108352,0.0009881535302480593,-0.10495490167409371
2026-08-14 05:00:00+00:00,9072.642217553335,9072.642217553335,0.0,0,False,63379.83,0.0,8837.704854358359,0.00011471842071686389,-0.10495490167409371
2026-08-14 06:00:00+00:00,9072.642217553335,9072.642217553335,0.0,0,False,62974.14,0.0,8781.135304039832,-0.006400932283977534,-0.10495490167409371
2026-08-14 07:00:00+00:00,9072.642217553335,9072.642217553335,0.0,0,False,62920.78,0.0,8773.694767657382,-0.0008473319365693843,-0.10495490167409371
2026-08-14 08:00:00+00:00,9072.642217553335,9072.642217553335,0.0,0,False,62940.01,0.0,8776.37620533794,0.00030562240328246837,-0.10495490167409371
2026-08-14 09:00:00+00:00,9072.642217553335,9072.642217553335,0.0,0,False,62792.75,0.0,8755.842221310957,-0.002339688220577174,-0.10495490167409371
2026-08-14 10:00:00+00:00,9072.642217553335,9072.642217553335,0.0,0,False,62814.14,0.0,8758.82485011944,0.00034064442152947905,-0.10495490167409371
2026-08-14 11:00:00+00:00,9072.642217553335,9072.642217553335,0.0,0,False,62868.83,0.0,8766.450842150105,0.0008706638346080986,-0.10495490167409371
2026-08-14 12:00:00+00:00,9072.642217553335,9072.642217553335,0.0,0,False,62741.69,0.0,8748.722397703612,-0.00202230580718632,-0.10495490167409371
2026-08-14 13:00:00+00:00,9072.642217553335,9072.642217553335,0.0,0,False,62668.0,0.0,8738.4470392699,-0.001174498168602156,-0.10495490167409371
2026-08-14 14:00:00+00:00,9072.642217553335,9072.642217553335,0.0,0,False,62620.01,0.0,8731.755297497153,-0.0007657815791152212,-0.10495490167409371
2026-08-14 15:00:00+00:00,9072.642217553335,9072.642217553335,0.0,0,False,62990.95,0.0,8783.479296104844,0.005923665614234297,-0.10495490167409371
2026-08-14 16:00:00+00:00,9072.642217553335,9072.642217553335,0.0,0,False,63133.48,0.0,8803.353727337804,0.0022627059918924886,-0.10495490167409371
2026-08-14 17:00:00+00:00,9072.642217553335,9072.642217553335,0.0,0,False,63013.69,0.0,8786.650169368279,-0.001897408474869633,-0.10495490167409371
2026-08-14 18:00:00+00:00,9072.642217553335,9072.642217553335,0.0,0,False,62930.01,0.0,8774.981801967915,-0.0013279653992646079,-0.10495490167409371
2026-08-14 19:00:00+00:00,9072.642217553335,9072.642217553335,0.0,0,False,62968.05,0.0,8780.286112387488,0.0006044810734973094,-0.10495490167409371
2026-08-14 20:00:00+00:00,9072.642217553335,9072.642217553335,0.0,0,False,62907.59,0.0,8771.855549612317,-0.0009601694827776619,-0.10495490167409371
2026-08-14 21:00:00+00:00,9072.642217553335,9072.642217553335,0.0,0,False,62928.49,0.0,8774.76985265567,0.00033223336007659476,-0.10495490167409371
2026-08-14 22:00:00+00:00,9072.642217553335,9072.642217553335,0.0,0,False,62886.88,0.0,8768.967740232998,-0.0006612267352991141,-0.10495490167409371
2026-08-14 23:00:00+00:00,9072.642217553335,9072.642217553335,0.0,0,False,63043.56,0.0,8790.815252234543,0.0024914576776586816,-0.10495490167409371
2026-08-15 00:00:00+00:00,9072.642217553335,9072.642217553335,0.0,0,False,63019.88,0.0,8787.513305054325,-0.00037561330610136334,-0.10495490167409371
2026-08-15 01:00:00+00:00,9072.642217553335,9072.642217553335,0.0,0,False,63045.13,0.0,8791.034173563636,0.00040066721802700656,-0.10495490167409371
2026-08-15 02:00:00+00:00,9072.642217553335,9072.642217553335,0.0,0,False,63134.41,0.0,8803.483406851217,0.001416128414677198,-0.10495490167409371
2026-08-15 03:00:00+00:00,9072.642217553335,9072.642217553335,0.0,0,False,63051.25,0.0,8791.887548426092,-0.0013171897860455584,-0.10495490167409371
2026-08-15 04:00:00+00:00,9072.642217553335,9072.642217553335,0.0,0,False,63122.0,0.0,8801.752952269017,0.001122103051089507,-0.10495490167409371
2026-08-15 05:00:00+00:00,9072.642217553335,9072.642217553335,0.0,0,False,63089.0,0.0,8797.151421147935,-0.0005227971230316042,-0.10495490167409371
2026-08-15 06:00:00+00:00,9072.642217553335,9072.642217553335,0.0,0,False,63114.68,0.0,8800.732249002158,0.0004070440171819456,-0.10495490167409371
2026-08-15 07:00:00+00:00,9072.642217553335,9072.642217553335,0.0,0,False,63075.43,0.0,8795.259215774811,-0.0006218838469909116,-0.10495490167409371
2026-08-15 08:00:00+00:00,9072.642217553335,9072.642217553335,0.0,0,False,62935.72,0.0,8775.778006292197,-0.002214967064037565,-0.10495490167409371
2026-08-15 09:00:00+00:00,9072.642217553335,9072.642217553335,0.0,0,False,63030.38,0.0,8788.97742859285,0.0015040743158258874,-0.10495490167409371
2026-08-15 10:00:00+00:00,9072.642217553335,9072.642217553335,0.0,0,False,63046.1,0.0,8791.169430690528,0.0002494035415936402,-0.10495490167409371
2026-08-15 11:00:00+00:00,9072.642217553335,9072.642217553335,0.0,0,False,63022.01,0.0,8787.81031297214,-0.00038210135123328826,-0.10495490167409371
2026-08-15 12:00:00+00:00,9072.642217553335,9072.642217553335,0.0,0,False,63050.13,0.0,8791.731375248648,0.0004461933219837011,-0.10495490167409371
2026-08-15 13:00:00+00:00,9072.642217553335,9072.642217553335,0.0,0,False,63060.35,0.0,8793.156455492814,0.00016209324231386546,-0.10495490167409371
2026-08-15 14:00:00+00:00,9072.642217553335,9072.642217553335,0.0,0,False,63040.0,0.0,8790.318844634814,-0.0003227067404477646,-0.10495490167409371
2026-08-15 15:00:00+00:00,9072.642217553335,9072.642217553335,0.0,0,False,63100.55,0.0,8798.761957040313,0.0009605012690354631,-0.10495490167409371
2026-08-15 16:00:00+00:00,9072.642217553335,9072.642217553335,0.0,0,False,63096.63,0.0,8798.215350919263,-6.212307182751342e-05,-0.10495490167409371
2026-08-15 17:00:00+00:00,9072.642217553335,9072.642217553335,0.0,0,False,63070.5,0.0,8794.57177491339,-0.00041412671326501727,-0.10495490167409371
2026-08-15 18:00:00+00:00,9072.642217553335,9072.642217553335,0.0,0,False,63057.58,0.0,8792.770205759318,-0.00020485012803128644,-0.10495490167409371
2026-08-15 19:00:00+00:00,9072.642217553335,9072.642217553335,0.0,0,False,63126.08,0.0,8802.321868843987,0.0010863087356032253,-0.10495490167409371
2026-08-15 20:00:00+00:00,9072.642217553335,9072.642217553335,0.0,0,False,63103.29,0.0,8799.1440235637,-0.0003610235262510031,-0.10495490167409371
2026-08-15 21:00:00+00:00,9072.642217553335,9072.642217553335,0.0,0,False,63159.04,0.0,8806.917822351586,0.0008834721612771546,-0.10495490167409371
2026-08-15 22:00:00+00:00,9072.642217553335,9072.642217553335,0.0,0,False,63135.52,0.0,8803.638185625288,-0.0003723932472691205,-0.10495490167409371
2026-08-15 23:00:00+00:00,9072.642217553335,9072.642217553335,0.0,0,False,63086.01,0.0,8796.734494540297,-0.0007841861443447229,-0.10495490167409371
2026-08-16 00:00:00+00:00,9072.642217553335,9072.642217553335,0.0,0,False,63085.82,0.0,8796.708000876268,-3.0117612445090813e-06,-0.10495490167409371
2026-08-16 01:00:00+00:00,9072.642217553335,9072.642217553335,0.0,0,False,63084.78,0.0,8796.562982925785,-1.648547962129765e-05,-0.10495490167409371
2026-08-16 02:00:00+00:00,9072.642217553335,9072.642217553335,0.0,0,False,63121.91,0.0,8801.740402638687,0.0005885730282328971,-0.10495490167409371
2026-08-16 03:00:00+00:00,9072.642217553335,9072.642217553335,0.0,0,False,63130.0,0.0,8802.868474965035,0.00012816468956633464,-0.10495490167409371
2026-08-16 04:00:00+00:00,9072.642217553335,9072.642217553335,0.0,0,False,63090.01,0.0,8797.292255888307,-0.000633454775859188,-0.10495490167409371
2026-08-16 05:00:00+00:00,9072.642217553335,9072.642217553335,0.0,0,False,63069.43,0.0,8794.422573752796,-0.0003262006140117846,-0.10495490167409371
2026-08-16 06:00:00+00:00,9072.642217553335,9072.642217553335,0.0,0,False,63069.31,0.0,8794.405840912357,-1.9026650468489947e-06,-0.10495490167409371
2026-08-16 07:00:00+00:00,9072.642217553335,9072.642217553335,0.0,0,False,63061.02,0.0,8793.249880518606,-0.0001314426937603086,-0.10495490167409371
2026-08-16 08:00:00+00:00,9072.642217553335,9072.642217553335,0.0,0,False,63072.42,0.0,8794.839500360433,0.0001807772852389089,-0.10495490167409371
2026-08-16 09:00:00+00:00,9072.642217553335,9072.642217553335,0.0,0,False,62992.69,0.0,8783.721922291228,-0.0012641024397033185,-0.10495490167409371
2026-08-16 10:00:00+00:00,9072.642217553335,9072.642217553335,0.0,0,False,63008.57,0.0,8785.936234842828,0.0002520927428246722,-0.10495490167409371
2026-08-16 11:00:00+00:00,9072.642217553335,9072.642217553335,0.0,0,False,63013.66,0.0,8786.645986158172,8.078266178723759e-05,-0.10495490167409371
2026-08-16 12:00:00+00:00,9072.642217553335,9072.642217553335,0.0,0,False,63021.98,0.0,8787.80612976203,0.0001320348635516222,-0.10495490167409371
2026-08-16 13:00:00+00:00,9072.642217553335,9072.642217553335,0.0,0,False,63060.01,0.0,8793.109045778234,0.000603440260048993,-0.10495490167409371
2026-08-16 14:00:00+00:00,9072.642217553335,9072.642217553335,0.0,0,False,63102.85,0.0,8799.082669815418,0.0006793528894142309,-0.10495490167409371
2026-08-16 15:00:00+00:00,9072.642217553335,9072.642217553335,0.0,0,False,63146.39,0.0,8805.153902088505,0.0006899846837344903,-0.10495490167409371
2026-08-16 16:00:00+00:00,9072.642217553335,9072.642217553335,0.0,0,False,63260.01,0.0,8820.997113178724,0.0017993110928431477,-0.10495490167409371
2026-08-16 17:00:00+00:00,9072.642217553335,9072.642217553335,0.0,0,False,63159.3,0.0,8806.954076839207,-0.0015920010129621964,-0.10495490167409371
2026-08-16 18:00:00+00:00,9072.642217553335,9072.642217553335,0.0,0,False,63140.06,0.0,8804.27124475528,-0.0003046265553924288,-0.10495490167409371
2026-08-16 19:00:00+00:00,9072.642217553335,9072.642217553335,0.0,0,False,63108.81,0.0,8799.913734223954,-0.0004949314270528138,-0.10495490167409371
2026-08-16 20:00:00+00:00,9072.642217553335,9072.642217553335,0.0,0,False,63067.79,0.0,8794.193891600113,-0.000649988488136688,-0.10495490167409371
2026-08-16 21:00:00+00:00,9072.642217553335,9072.642217553335,0.0,0,False,62929.61,0.0,8774.926025833114,-0.002190975773845749,-0.10495490167409371
2026-08-16 22:00:00+00:00,9072.642217553335,9072.642217553335,0.0,0,False,62913.7,0.0,8772.707530071404,-0.0002528221611417525,-0.10495490167409371
2026-08-16 23:00:00+00:00,9072.642217553335,9072.642217553335,0.0,0,False,62900.0,0.0,8770.79719745447,-0.00021775861219408554,-0.10495490167409371
2026-08-17 00:00:00+00:00,9072.642217553335,9072.642217553335,0.0,0,False,62917.54,0.0,8773.242980965493,0.0002788553259140958,-0.10495490167409371
2026-08-17 01:00:00+00:00,9072.642217553335,9072.642217553335,0.0,0,False,63116.12,0.0,8800.933043087442,0.003156194600106854,-0.10495490167409371
2026-08-17 02:00:00+00:00,9072.642217553335,9072.642217553335,0.0,0,False,63403.34,0.0,8840.983096681286,0.004550659958184822,-0.10495490167409371
2026-08-17 03:00:00+00:00,9072.642217553335,9072.642217553335,0.0,0,False,63429.21,0.0,8844.59041819954,0.0004080226688372157,-0.10495490167409371
2026-08-17 04:00:00+00:00,9072.642217553335,9072.642217553335,0.0,0,False,63532.44,0.0,8858.984844188304,0.0016274836151988215,-0.10495490167409371
2026-08-17 05:00:00+00:00,9072.642217553335,9072.642217553335,0.0,0,False,63520.18,0.0,8857.275305656653,-0.00019297228313619463,-0.10495490167409371
2026-08-17 06:00:00+00:00,9072.642217553335,9072.642217553335,0.0,0,False,63667.99,0.0,8877.885981868987,0.0023269770331257877,-0.10495490167409371
2026-08-17 07:00:00+00:00,9072.642217553335,9072.642217553335,0.0,0,False,63514.45,0.0,8856.476312525629,-0.0024115729112856865,-0.10495490167409371
2026-08-17 08:00:00+00:00,9072.642217553335,9072.642217553335,0.0,0,False,63380.84,0.0,8837.84568909873,-0.002103615791367086,-0.10495490167409371
2026-08-17 09:00:00+00:00,9072.642217553335,9072.642217553335,0.0,0,False,63323.96,0.0,8829.914322730032,-0.0008974320946203429,-0.10495490167409371
2026-08-17 10:00:00+00:00,9072.642217553335,9072.642217553335,0.0,0,False,63692.21,0.0,8881.263226831186,0.0058153343536948565,-0.10495490167409371
2026-08-17 11:00:00+00:00,9072.642217553335,9072.642217553335,0.0,0,False,63631.1,0.0,8872.742027836965,-0.0009594579933717151,-0.10495490167409371
2026-08-17 12:00:00+00:00,9072.642217553335,9072.642217553335,0.0,0,False,63554.69,0.0,8862.087391686608,-0.0012008278970502273,-0.10495490167409371
2026-08-17 13:00:00+00:00,9072.642217553335,9072.642217553335,0.0,0,False,63672.36,0.0,8878.495336141688,0.0018514762639862958,-0.10495490167409371
2026-08-17 14:00:00+00:00,9072.642217553335,9072.642217553335,0.0,0,False,63902.63,0.0,8910.604262543242,0.003616482882054184,-0.10495490167409371
2026-08-17 15:00:00+00:00,9072.642217553335,9072.642217553335,0.0,0,False,64200.0,0.0,8952.069635557664,0.004653486092826009,-0.10495490167409371
2026-08-17 16:00:00+00:00,9072.642217553335,9072.642217553335,0.0,0,False,64115.76,0.0,8940.323181568576,-0.001312149532710416,-0.10495490167409371
2026-08-17 17:00:00+00:00,9072.642217553335,9072.642217553335,0.0,0,False,64325.99,0.0,8969.637723616603,0.0032789130160821855,-0.10495490167409371
2026-08-17 18:00:00+00:00,9075.190451054847,0.0,0.14085596179251392,1,False,64428.87,0.0002808700531120589,8983.983345487415,0.0015993535427902827,-0.1047035103097892
2026-08-17 19:00:00+00:00,9058.441268638098,0.0,0.14085596179251392,1,False,64309.96,-0.0018456012033115643,8967.402495014452,-0.0018456012033115643,-0.10635587058848195
2026-08-17 20:00:00+00:00,9070.099916595665,0.0,0.14085596179251392,1,False,64392.73,0.001287047916061601,8978.943971708146,0.001287047916061601,-0.10520570777402216
2026-08-17 21:00:00+00:00,9068.591349244867,0.0,0.14085596179251392,1,False,64382.02,-0.00016632312374398328,8977.45056569885,-0.00016632312374398328,-0.10535453275581352
2026-08-17 22:00:00+00:00,9055.805853592961,0.0,0.14085596179251392,1,False,64291.25,-0.0014098656736771797,8964.793566309138,-0.0014098656736770687,-0.10661586269019196
2026-08-17 23:00:00+00:00,9089.731011990687,0.0,0.14085596179251392,1,False,64532.1,0.003746232963272478,8998.377771476178,0.003746232963272478,-0.10326903758613726
2026-08-18 00:00:00+00:00,9068.829395820296,0.0,0.14085596179251392,1,False,64383.71,-0.0022994757647744057,8977.686219868385,-0.0022994757647742947,-0.10533104870173071
2026-08-18 01:00:00+00:00,9042.9611984371,0.0,0.14085596179251392,1,False,64200.06,-0.002852429597486661,8952.078001977883,-0.002852429597486772,-0.10788302889836632
2026-08-18 02:00:00+00:00,9029.320707097115,0.0,0.14085596179251392,1,False,64103.22,-0.0015084098052243755,8938.574599742566,-0.0015084098052244865,-0.1092287068849831
2026-08-18 03:00:00+00:00,9040.841316212123,0.0,0.14085596179251392,1,False,64185.01,0.0012759109448789996,8949.979424905996,0.0012759109448792216,-0.10809216204271355
2026-08-18 04:00:00+00:00,9044.406380605093,0.0,0.14085596179251392,1,False,64210.32,0.0003943288316072824,8953.508659835528,0.0003943288316072824,-0.10774045706707036
2026-08-18 05:00:00+00:00,9048.975748005641,0.0,0.14085596179251392,1,False,64242.76,0.0005052147380670835,8958.032104367889,0.0005052147380670835,-0.10728967439579973
2026-08-18 06:00:00+00:00,9059.577976249764,0.0,0.14085596179251392,1,False,64318.03,0.0011716495368505608,8968.527778534062,0.0011716495368503388,-0.10624373075626392
2026-08-18 07:00:00+00:00,9042.807665438748,0.0,0.14085596179251392,1,False,64198.97,-0.001851113910049773,8951.92601201055,-0.001851113910049773,-0.10789817541845514
2026-08-18 08:00:00+00:00,9056.47773653071,0.0,0.14085596179251392,1,False,64296.02,0.0015117064962257842,8965.45869671664,0.0015117064962257842,-0.10654957929494047
2026-08-18 09:00:00+00:00,9039.001737351113,0.0,0.14085596179251392,1,False,64171.95,-0.0019296684304876965,8948.158334104744,-0.0019296684304876965,-0.10827364236598103
2026-08-18 10:00:00+00:00,9043.347143772413,0.0,0.14085596179251392,1,False,64202.8,0.00048073963780126405,8952.46006850127,0.00048073963780126405,-0.107844954159794
2026-08-18 11:00:00+00:00,9064.248759942804,0.0,0.14085596179251392,1,False,64351.19,0.0023112699134617554,8973.151620109064,0.0023112699134615333,-0.10578294304420055
2026-08-18 12:00:00+00:00,9047.181243052404,0.0,0.14085596179251392,1,False,64230.02,-0.0018829488623288704,8956.255634474477,-0.0018829488623286483,-0.1074667080342705
2026-08-18 13:00:00+00:00,9045.768457755625,0.0,0.14085596179251392,1,False,64219.99,-0.00015615751014874668,8954.857047894342,-0.00015615751014874668,-0.10760608381086867
2026-08-18 14:00:00+00:00,9033.858313191504,9033.858313191504,0.0,0,False,64714.16,-0.001316653706066262,9023.764279230847,0.007694956040946277,-0.10878105756789014
2026-08-18 15:00:00+00:00,9033.858313191504,9033.858313191504,0.0,0,False,64855.06,0.0,9043.411422714493,0.0021772669227260177,-0.10878105756789014
2026-08-18 16:00:00+00:00,9033.858313191504,9033.858313191504,0.0,0,False,64840.0,0.0,9041.311451239235,-0.00023221010049190305,-0.10878105756789014
2026-08-18 17:00:00+00:00,9033.858313191504,9033.858313191504,0.0,0,False,64670.02,0.0,9017.609382755558,-0.0026215299198025788,-0.10878105756789014
2026-08-18 18:00:00+00:00,9033.858313191504,9033.858313191504,0.0,0,False,64772.0,0.0,9031.829508323068,0.0015769285365923036,-0.10878105756789014
2026-08-18 19:00:00+00:00,9033.858313191504,9033.858313191504,0.0,0,False,64643.26,0.0,9013.877959337371,-0.001987587229049681,-0.10878105756789014
2026-08-18 20:00:00+00:00,9033.858313191504,9033.858313191504,0.0,0,False,64582.39,0.0,9005.390226024032,-0.000941629490839313,-0.10878105756789014
2026-08-18 21:00:00+00:00,9033.858313191504,9033.858313191504,0.0,0,False,64604.58,0.0,9008.484407102118,0.00034359211543599777,-0.10878105756789014
2026-08-18 22:00:00+00:00,9033.858313191504,9033.858313191504,0.0,0,False,64634.0,0.0,9012.586741816729,0.0004553856707991688,-0.10878105756789014
2026-08-18 23:00:00+00:00,9033.858313191504,9033.858313191504,0.0,0,False,64725.42,0.0,9025.334377425494,0.0014144258439829915,-0.10878105756789014
2026-08-19 00:00:00+00:00,9033.858313191504,9033.858313191504,0.0,0,False,64488.0,0.0,8992.22845261437,-0.0036681106124919483,-0.10878105756789014
2026-08-19 01:00:00+00:00,9033.858313191504,9033.858313191504,0.0,0,False,64400.48,0.0,8980.024634319916,-0.0013571517181490966,-0.10878105756789014
2026-08-19 02:00:00+00:00,9033.858313191504,9033.858313191504,0.0,0,False,64351.9,0.0,8973.250622748337,-0.0007543422036605518,-0.10878105756789014
2026-08-19 03:00:00+00:00,9033.858313191504,9033.858313191504,0.0,0,False,64330.71,0.0,8970.295882007254,-0.0003292832068673146,-0.10878105756789014
2026-08-19 04:00:00+00:00,9033.858313191504,9033.858313191504,0.0,0,False,64316.22,0.0,8968.275391524088,-0.00022524234537446564,-0.10878105756789014
2026-08-19 05:00:00+00:00,9033.858313191504,9033.858313191504,0.0,0,False,64236.01,0.0,8957.090882093122,-0.0012471193114271806,-0.10878105756789014
2026-08-19 06:00:00+00:00,9033.858313191504,9033.858313191504,0.0,0,False,64339.8,0.0,8971.563394670608,0.001615760381132203,-0.10878105756789014
2026-08-19 07:00:00+00:00,9033.858313191504,9033.858313191504,0.0,0,False,64296.0,0.0,8965.455907909898,-0.0006807605867599209,-0.10878105756789014
2026-08-19 08:00:00+00:00,9033.858313191504,9033.858313191504,0.0,0,False,64413.95,0.0,8981.902895659337,0.0018344842602961986,-0.10878105756789014
2026-08-19 09:00:00+00:00,9033.858313191504,9033.858313191504,0.0,0,False,64427.06,0.0,8983.730958477441,0.0002035273415155192,-0.10878105756789014
2026-08-19 10:00:00+00:00,9033.858313191504,9033.858313191504,0.0,0,False,64456.71,0.0,8987.865364469562,0.00046021035260634946,-0.10878105756789014
2026-08-19 11:00:00+00:00,9033.858313191504,9033.858313191504,0.0,0,False,64515.63,0.0,8996.081189125747,0.000914101883263907,-0.10878105756789014
2026-08-19 12:00:00+00:00,9033.858313191504,9033.858313191504,0.0,0,False,64882.15,0.0,9047.188861443889,0.005681103943339094,-0.10878105756789014
2026-08-19 13:00:00+00:00,9033.858313191504,9033.858313191504,0.0,0,False,65012.12,0.0,9065.311922044099,0.0020031703634975084,-0.10878105756789014
2026-08-19 14:00:00+00:00,9033.858313191504,9033.858313191504,0.0,0,False,65923.21,0.0,9192.354618683667,0.014014156129657174,-0.10878105756789014
2026-08-19 15:00:00+00:00,9033.858313191504,9033.858313191504,0.0,0,False,68554.0,0.0,9559.192862866355,0.03990688560220268,-0.10878105756789014
2026-08-19 16:00:00+00:00,9017.619136499336,2794.162985362911,0.09089946115945245,1,False,68465.27,-0.001797590368276536,9546.820321764128,-0.0012943081366514342,-0.11038310415483166
2026-08-19 17:00:00+00:00,8993.259898897824,2794.162985362911,0.09089946115945245,1,False,68197.29,-0.002701293682155659,9509.453100254208,-0.003914101266233372,-0.11278622065511712
2026-08-19 18:00:00+00:00,9011.32162183021,2794.162985362911,0.09089946115945245,1,False,68395.99,0.0020083621662705387,9537.159895216597,0.0029136055113041515,-0.11100437406728692
2026-08-19 19:00:00+00:00,9014.362208805993,2794.162985362911,0.09089946115945245,1,False,68429.44,0.000337418538965073,9541.82417448933,0.0004890637594396896,-0.11070441046203827
2026-08-19 20:00:00+00:00,9070.594433468454,2794.162985362911,0.09089946115945245,1,False,69048.06,0.006238070243896887,9628.084755765789,0.009040261033847363,-0.10515692210691274
2026-08-19 21:00:00+00:00,9130.715337079317,2794.162985362911,0.09089946115945245,1,False,69709.46,0.0066281106549126445,9720.310594659215,0.009578835379299822,-0.09922580316785479
2026-08-19 22:00:00+00:00,9089.759675859312,2794.162985362911,0.09089946115945245,1,False,69258.9,-0.004485482211200487,9657.484356419385,-0.006463398224574202,-0.10326620980405388
2026-08-19 23:00:00+00:00,9096.658035966702,2794.162985362911,0.09089946115945245,1,False,69334.79,0.0007589155657998781,9668.066483594503,0.0010957436517184949,-0.10258566457229534
2026-08-20 00:00:00+00:00,9104.403579052101,2794.162985362911,0.09089946115945245,1,False,69420.0,0.0008514712826155346,9679.948194710483,0.0012289645645426894,-0.10182154203707117
2026-08-20 01:00:00+00:00,9131.847944365363,2794.162985362911,0.09089946115945245,1,False,69721.92,0.0030144056197605185,9722.048021258262,0.0043491789109764145,-0.09911406784583998
2026-08-20 02:00:00+00:00,9093.611086028639,2794.162985362911,0.09089946115945245,1,False,69301.27,-0.0041871983162310444,9663.392443498182,-0.006033253243742931,-0.10288625590407208
2026-08-20 03:00:00+00:00,9084.009375946365,2794.162985362911,0.09089946115945245,1,False,69195.64,-0.0010558742826626277,9648.663360700612,-0.0015242144913073519,-0.10383349523508612
2026-08-20 04:00:00+00:00,9110.949249250192,2794.162985362911,0.09089946115945245,1,False,69492.01,0.0029656368888346663,9689.98929337803,0.004283073326585507,-0.10117579079001726
2026-08-20 05:00:00+00:00,9103.180072304895,2794.162985362911,0.09089946115945245,1,False,69406.54,-0.0008527296917977267,9678.071327774427,-0.0012299255698607903,-0.10194224488091719
2026-08-20 06:00:00+00:00,9143.671237278373,2794.162985362911,0.09089946115945245,1,False,69851.99,0.004448024168682174,9740.185025892173,0.00641798308920194,-0.09794766228127505
2026-08-20 07:00:00+00:00,9140.440670428765,2794.162985362911,0.09089946115945245,1,False,69816.45,-0.0003533117897368543,9735.229316315106,-0.0005087900860090144,-0.09826636800715072
2026-08-20 08:00:00+00:00,9199.802624478201,9199.802624478201,0.0,0,False,71592.1,0.006494430212920177,9982.826550713517,0.025433117839706698,-0.09241012186353015
2026-08-20 09:00:00+00:00,9207.137007591064,4116.425508200996,0.07091118020233282,1,False,71789.97,0.0007972326594645196,10010.417610196193,0.002763852436232561,-0.0916865615712803
2026-08-20 10:00:00+00:00,9221.74612893635,4116.425508200996,0.07091118020233282,1,False,71995.99,0.0015867170579997314,10039.145108425439,0.002869760218593198,-0.090245325144515
2026-08-20 11:00:00+00:00,9216.858930396804,4116.425508200996,0.07091118020233282,1,False,71927.07,-0.0005299645502286898,10029.53488039923,-0.0009572755371514141,-0.09072746287159328
2026-08-20 12:00:00+00:00,9218.629582566455,4116.425508200996,0.07091118020233282,1,False,71952.04,0.00019211015195330639,10033.01670561418,0.00034715719686606583,-0.09055278238631859
2026-08-20 13:00:00+00:00,9200.189130154838,4116.425508200996,0.07091118020233282,1,False,71691.99,-0.0020003463905838847,9996.755245976692,-0.003614213023008017,-0.0923719918454986
2026-08-20 14:00:00+00:00,9209.752211916926,4116.425508200996,0.07091118020233282,1,False,71826.85,0.0010394440404213334,10015.560169824845,0.0018811027563889748,-0.09142856332150306
2026-08-20 15:00:00+00:00,9255.417593743623,4116.425508200996,0.07091118020233282,1,False,72470.83,0.004958372470391659,10105.356958047685,0.00896572799725992,-0.08692352772249223
2026-08-20 16:00:00+00:00,9281.393777275342,4116.425508200996,0.07091118020233282,1,False,72837.15,0.002806592276212161,10156.436742298423,0.005054723396985983,-0.08436089434780714
2026-08-20 17:00:00+00:00,9274.32747816818,4116.425508200996,0.07091118020233282,1,False,72737.5,-0.0007613402983142059,10142.541512716129,-0.0013681205264072238,-0.08505800729765256
2026-08-20 18:00:00+00:00,9252.618729461037,4116.425508200996,0.07091118020233282,1,False,72431.36,-0.0023407356229596665,10099.8532479462,-0.004208833132840484,-0.08719964461291263
2026-08-20 19:00:00+00:00,9271.013089605522,4116.425508200996,0.07091118020233282,1,False,72690.76,0.001988016655859237,10136.024071364634,0.003581321681658256,-0.08538498230292879
2026-08-20 20:00:00+00:00,9269.665068069877,4116.425508200996,0.07091118020233282,1,False,72671.75,-0.00014540175087840446,10133.373310558218,-0.0002615187955112841,-0.08551796892788166
2026-08-20 21:00:00+00:00,9274.633105354851,4116.425508200996,0.07091118020233282,1,False,72741.81,0.0005359457163223169,10143.14250056861,0.0009640610003200933,-0.08502785620067488
2026-08-20 22:00:00+00:00,9269.98204104538,4116.425508200996,0.07091118020233282,1,False,72676.22,-0.0005014822965651033,10133.99660886462,-0.0009016822649862144,-0.08548669853264035
2026-08-20 23:00:00+00:00,9294.72507915338,4116.425508200996,0.07091118020233282,1,False,73025.15,0.0026691570704715506,10182.651525654885,0.004801157792741373,-0.0830457188879884
2026-08-21 00:00:00+00:00,9343.148196778147,4116.425508200996,0.07091118020233282,1,False,73708.02,0.005209741784979904,10277.871148583754,0.009351161894224358,-0.07826862385476285
2026-08-21 01:00:00+00:00,9371.745940117866,9371.745940117866,0.0,0,False,75129.23,0.0030608251884070015,10476.045149935013,0.019281619557817375,-0.07544736524171247
2026-08-21 02:00:00+00:00,9321.099598894725,4541.70342922614,0.06420490143663297,1,False,74439.74,-0.005404152176846533,10379.90243197519,-0.009177386750802596,-0.08044378837545063
2026-08-21 03:00:00+00:00,9325.66007304377,4541.70342922614,0.06420490143663297,1,False,74510.77,0.0004892635359872166,10389.806879112475,0.0009541946277620283,-0.07999388305181221
2026-08-21 04:00:00+00:00,9358.740364410965,4541.70342922614,0.06420490143663297,1,False,75026.0,0.003547233236906866,10461.65072394625,0.006914839291017882,-0.07673040677561604
2026-08-21 05:00:00+00:00,9387.422620029753,4541.70342922614,0.06420490143663297,1,False,75472.73,0.0030647559930030432,10523.942905695356,0.005954335830245405,-0.07390081075662414
2026-08-21 06:00:00+00:00,9398.560886330979,4541.70342922614,0.06420490143663297,1,False,75646.21,0.0011865095193925868,10548.133015358544,0.002298578572684562,-0.07280198525268522
2026-08-21 07:00:00+00:00,9441.092781238662,4541.70342922614,0.06420490143663297,1,False,76308.65,0.00452536249135127,10640.50387220245,0.00875708115449525,-0.06860607813469233
2026-08-21 08:00:00+00:00,9547.740000766713,9547.740000766713,0.0,0,False,79258.03,0.011296067309070512,11051.766413350753,0.03865066411212892,-0.05808498970204279
2026-08-21 09:00:00+00:00,9442.888664736018,9442.888664736018,0.0,0,False,77910.71,-0.010981796322718784,10863.895658500605,-0.01699916084212527,-0.06842890849844652
2026-08-21 10:00:00+00:00,9433.358363727171,5792.756755915032,0.0467883391857776,1,False,77810.02,-0.001009256949564219,10849.855410967826,-0.0012923768760420007,-0.06936910309655764
2026-08-21 11:00:00+00:00,9382.466687194801,5792.756755915032,0.0467883391857776,1,False,76722.32,-0.005394863056200294,10698.186156410256,-0.013978919424516123,-0.07438972934122057
2026-08-21 12:00:00+00:00,9405.923553162198,5792.756755915032,0.0467883391857776,1,False,77223.66,0.002500074527246765,10768.093174963067,0.006534473931445239,-0.07207563468138856
2026-08-21 13:00:00+00:00,9407.945277298415,5792.756755915032,0.0467883391857776,1,False,77266.87,0.00021494158705315236,10774.118391924942,0.0005595435388583425,-0.07187618514564176
2026-08-21 14:00:00+00:00,9413.457411537893,5792.756755915032,0.0467883391857776,1,False,77384.68,0.0005859020303591311,10790.545858027202,0.0015247155734405826,-0.07133239551809378
2026-08-21 15:00:00+00:00,9405.844948752365,5792.756755915032,0.0467883391857776,1,False,77221.98,-0.0008086787301122556,10767.858915196903,-0.0021024833339106097,-0.0720833892571826
2026-08-21 16:00:00+00:00,9418.198473947587,5792.756755915032,0.0467883391857776,1,False,77486.01,0.0013133881392399793,10804.675347375662,0.003419104249852145,-0.0708646745864292
2026-08-21 17:00:00+00:00,9413.831718251378,5792.756755915032,0.0467883391857776,1,False,77392.68,-0.00046365084663346767,10791.66138072322,-0.0012044754917696077,-0.07129546896669436
2026-08-21 18:00:00+00:00,9402.28997074103,5792.756755915032,0.0467883391857776,1,False,77146.0,-0.0012260414096813,10757.264238391455,-0.0031873815456447963,-0.07243409917909982
2026-08-21 19:00:00+00:00,9396.812927755944,5792.756755915032,0.0467883391857776,1,False,77028.94,-0.0005825222368306404,10740.941352541948,-0.0015173826251523304,-0.07297442694245393
2026-08-21 20:00:00+00:00,9419.797699380957,5792.756755915032,0.0467883391857776,1,False,77520.19,0.0024460177936629357,10809.441418094404,0.006377473193841077,-0.07070690589557449
2026-08-21 21:00:00+00:00,9465.88234194538,5792.756755915032,0.0467883391857776,1,False,78505.15,0.004892317652156253,10946.784572428343,0.012705851211149088,-0.06616050888726044
2026-08-21 22:00:00+00:00,9463.776398798629,5792.756755915032,0.0467883391857776,1,False,78460.14,-0.0002224772156124155,10940.508362859862,-0.0005733381822721206,-0.0663682668970722
2026-08-21 23:00:00+00:00,9458.063074700653,5792.756755915032,0.0467883391857776,1,False,78338.03,-0.0006037044681974635,10923.481303308494,-0.001556331660891641,-0.0669319045459974
2026-08-22 00:00:00+00:00,9440.06219696571,5792.756755915032,0.0467883391857776,1,False,77953.3,-0.0019032308827685585,10869.83442245354,-0.00491115234835493,-0.06870774856099149
2026-08-22 01:00:00+00:00,9434.293662627493,5792.756755915032,0.0467883391857776,1,False,77830.01,-0.0006110695266468014,10852.642823304506,-0.0015815879507345976,-0.06927683287624808
2026-08-22 02:00:00+00:00,9464.237731823,5792.756755915032,0.0467883391857776,1,False,78470.0,0.0031739598391054002,10941.883244582708,0.008222920696014269,-0.06632275492247242
2026-08-22 03:00:00+00:00,9461.476284044256,5792.756755915032,0.0467883391857776,1,False,78410.98,-0.0002917770936223807,10933.653475892823,-0.0007521345737224738,-0.06659518055542246
2026-08-22 04:00:00+00:00,9464.237731823,5792.756755915032,0.0467883391857776,1,False,78470.0,0.0002918622523422343,10941.883244582708,0.0007527007059471291,-0.06632275492247242
2026-08-22 05:00:00+00:00,9459.316038868768,9459.316038868768,0.0,0,False,77380.75,-0.0005200305712611542,10789.997857502782,-0.013881101057729217,-0.06680829563360358
2026-08-22 06:00:00+00:00,9459.316038868768,9459.316038868768,0.0,0,False,77486.09,0.0,10804.68650260262,0.0013613204834534987,-0.06680829563360358
2026-08-22 07:00:00+00:00,9459.316038868768,9459.316038868768,0.0,0,False,77289.18,0.0,10777.229305843468,-0.0025412303034001438,-0.06680829563360358
2026-08-22 08:00:00+00:00,9459.316038868768,9459.316038868768,0.0,0,False,77210.55,0.0,10766.265112144965,-0.00101734809451981,-0.06680829563360358
2026-08-22 09:00:00+00:00,9459.316038868768,9459.316038868768,0.0,0,False,77061.99,0.0,10745.54985567988,-0.0019240893893387456,-0.06680829563360358
2026-08-22 10:00:00+00:00,9459.316038868768,9459.316038868768,0.0,0,False,76976.0,0.0,10733.559381101039,-0.0011158549110916738,-0.06680829563360358
2026-08-22 11:00:00+00:00,9459.316038868768,9459.316038868768,0.0,0,False,77130.02,0.0,10755.035981806157,0.0020008833922262603,-0.06680829563360358
2026-08-22 12:00:00+00:00,9459.316038868768,9459.316038868768,0.0,0,False,77300.27,0.0,10778.775699180826,0.002207311757471464,-0.06680829563360358
2026-08-22 13:00:00+00:00,9459.316038868768,9459.316038868768,0.0,0,False,77288.62,0.0,10777.151219254745,-0.00015071098716745723,-0.06680829563360358
2026-08-22 14:00:00+00:00,9459.316038868768,9459.316038868768,0.0,0,False,77003.62,0.0,10737.410723209045,-0.003687476888576957,-0.06680829563360358
2026-08-22 15:00:00+00:00,9459.316038868768,9459.316038868768,0.0,0,False,76978.83,0.0,10733.953997254755,-0.0003219329169198426,-0.06680829563360358
2026-08-22 16:00:00+00:00,9459.316038868768,9459.316038868768,0.0,0,False,77288.01,0.0,10777.066160649174,0.004016428932474003,-0.06680829563360358
2026-08-22 17:00:00+00:00,9459.316038868768,9459.316038868768,0.0,0,False,77278.01,0.0,10775.67175727915,-0.00012938617516478068,-0.06680829563360358
2026-08-22 18:00:00+00:00,9459.316038868768,9459.316038868768,0.0,0,False,77257.86,0.0,10772.862034488551,-0.00026074687999844137,-0.06680829563360358
2026-08-22 19:00:00+00:00,9459.316038868768,9459.316038868768,0.0,0,False,77418.25,0.0,10795.226870140375,0.0020760347231985055,-0.06680829563360358
2026-08-22 20:00:00+00:00,9459.316038868768,9459.316038868768,0.0,0,False,77311.69,0.0,10780.368107829392,-0.0013764196426554465,-0.06680829563360358
2026-08-22 21:00:00+00:00,9459.316038868768,9459.316038868768,0.0,0,False,76856.01,0.0,10716.827935064113,-0.0058940633686832555,-0.06680829563360358
2026-08-22 22:00:00+00:00,9459.316038868768,9459.316038868768,0.0,0,False,76997.76,0.0,10736.593602834211,0.0018443580404448046,-0.06680829563360358
2026-08-22 23:00:00+00:00,9459.316038868768,9459.316038868768,0.0,0,False,77074.93,0.0,10747.35421364069,0.0010022369481916815,-0.06680829563360358
2026-08-23 00:00:00+00:00,9459.316038868768,9459.316038868768,0.0,0,False,77302.65,0.0,10779.10756718289,0.002954527496813686,-0.06680829563360358
2026-08-23 01:00:00+00:00,9459.316038868768,9459.316038868768,0.0,0,False,77190.29,0.0,10763.440050917294,-0.0014535077387385353,-0.06680829563360358
2026-08-23 02:00:00+00:00,9459.316038868768,9459.316038868768,0.0,0,False,77079.46,0.0,10747.985878367313,-0.0014358023528605601,-0.06680829563360358
2026-08-23 03:00:00+00:00,9459.316038868768,9459.316038868768,0.0,0,False,76927.87,0.0,10726.84811768111,-0.001966671795573194,-0.06680829563360358
2026-08-23 04:00:00+00:00,9459.316038868768,9459.316038868768,0.0,0,False,76602.0,0.0,10681.40869506212,-0.004236046051970366,-0.06680829563360358
2026-08-23 05:00:00+00:00,9459.316038868768,9459.316038868768,0.0,0,False,76053.37,0.0,10604.907542972462,-0.007162084540873748,-0.06680829563360358
2026-08-23 06:00:00+00:00,9459.316038868768,9459.316038868768,0.0,0,False,76096.95,0.0,10610.98435285903,0.0005730186578190022,-0.06680829563360358
2026-08-23 07:00:00+00:00,9459.316038868768,9459.316038868768,0.0,0,False,76007.13,0.0,10598.45982178947,-0.0011803363998161842,-0.06680829563360358
2026-08-23 08:00:00+00:00,9459.316038868768,9459.316038868768,0.0,0,False,76486.49,0.0,10665.301941734966,0.006306776745812925,-0.06680829563360358
2026-08-23 09:00:00+00:00,9459.316038868768,9459.316038868768,0.0,0,False,76549.98,0.0,10674.155008731252,0.0008300812339538943,-0.06680829563360358
2026-08-23 10:00:00+00:00,9459.316038868768,9459.316038868768,0.0,0,False,76790.35,0.0,10707.672282536534,0.003140040010461309,-0.06680829563360358
2026-08-23 11:00:00+00:00,9459.316038868768,9459.316038868768,0.0,0,False,77311.02,0.0,10780.274682803602,0.00678040925715262,-0.06680829563360358
2026-08-23 12:00:00+00:00,9459.316038868768,9459.316038868768,0.0,0,False,77206.0,0.0,10765.630658611602,-0.0013584091892722139,-0.06680829563360358
2026-08-23 13:00:00+00:00,9459.316038868768,9459.316038868768,0.0,0,False,77487.62,0.0,10804.899846318234,0.0036476439654948845,-0.06680829563360358
2026-08-23 14:00:00+00:00,9459.316038868768,9459.316038868768,0.0,0,False,77186.0,0.0,10762.841851871553,-0.0038924927620695993,-0.06680829563360358
2026-08-23 15:00:00+00:00,9459.316038868768,9459.316038868768,0.0,0,False,77156.13,0.0,10758.676769005291,-0.0003869872774854288,-0.06680829563360358
2026-08-23 16:00:00+00:00,9459.316038868768,9459.316038868768,0.0,0,False,77429.88,0.0,10796.848561259714,0.0035480006578869627,-0.06680829563360358
2026-08-23 17:00:00+00:00,9459.316038868768,9459.316038868768,0.0,0,False,77176.41,0.0,10761.504619039702,-0.003273542461902257,-0.06680829563360358
2026-08-23 18:00:00+00:00,9459.316038868768,9459.316038868768,0.0,0,False,77341.98,0.0,10784.591755637197,0.00214534467203098,-0.06680829563360358
2026-08-23 19:00:00+00:00,9459.316038868768,9459.316038868768,0.0,0,False,77346.01,0.0,10785.153700195317,5.210624294860189e-05,-0.06680829563360358
2026-08-23 20:00:00+00:00,9459.316038868768,9459.316038868768,0.0,0,False,77401.6,0.0,10792.905188529285,0.0007187183928429874,-0.06680829563360358
2026-08-23 21:00:00+00:00,9459.316038868768,9459.316038868768,0.0,0,False,77833.23,0.0,10853.091821189653,0.005576499710600258,-0.06680829563360358
2026-08-23 22:00:00+00:00,9459.316038868768,9459.316038868768,0.0,0,False,77598.88,0.0,10820.41397821313,-0.0030109247682511553,-0.06680829563360358
2026-08-23 23:00:00+00:00,9459.316038868768,9459.316038868768,0.0,0,False,77734.0,0.0,10839.2551565489,0.0017412622450219128,-0.06680829563360358
2026-08-24 00:00:00+00:00,9459.316038868768,9459.316038868768,0.0,0,False,77679.5,0.0,10831.655658182266,-0.0007011089098720724,-0.06680829563360358
2026-08-24 01:00:00+00:00,9459.316038868768,9459.316038868768,0.0,0,False,76922.1,0.0,10726.043546936608,-0.00975032022605693,-0.06680829563360358
2026-08-24 02:00:00+00:00,9459.316038868768,9459.316038868768,0.0,0,False,77478.69,0.0,10803.654644108803,0.007235761894175852,-0.06680829563360358
2026-08-24 03:00:00+00:00,9459.316038868768,9459.316038868768,0.0,0,False,76933.02,0.0,10727.566235416672,-0.0070428397795574416,-0.06680829563360358
2026-08-24 04:00:00+00:00,9459.316038868768,9459.316038868768,0.0,0,False,76897.44,0.0,10722.604948226126,-0.0004624802198066602,-0.06680829563360358
2026-08-24 05:00:00+00:00,9459.316038868768,9459.316038868768,0.0,0,False,77149.4,0.0,10757.738335537264,0.003276572015921353,-0.06680829563360358
2026-08-24 06:00:00+00:00,9459.316038868768,9459.316038868768,0.0,0,False,77464.33,0.0,10801.652280869448,0.004082079705091779,-0.06680829563360358
2026-08-24 07:00:00+00:00,9459.316038868768,9459.316038868768,0.0,0,False,77307.15,0.0,10779.735048699402,-0.0020290629248326253,-0.06680829563360358
2026-08-24 08:00:00+00:00,9459.316038868768,9459.316038868768,0.0,0,False,77041.47,0.0,10742.688539964589,-0.003436680824477456,-0.06680829563360358
2026-08-24 09:00:00+00:00,9459.316038868768,9459.316038868768,0.0,0,False,77554.08,0.0,10814.167051115419,0.0066536892403534775,-0.06680829563360358
2026-08-24 10:00:00+00:00,9459.316038868768,9459.316038868768,0.0,0,False,77617.22,0.0,10822.971313993752,0.0008141415641831351,-0.06680829563360358
2026-08-24 11:00:00+00:00,9459.316038868768,9459.316038868768,0.0,0,False,78443.65,0.0,10938.208991702691,0.010647508375074555,-0.06680829563360358
2026-08-24 12:00:00+00:00,9459.316038868768,9459.316038868768,0.0,0,False,79159.99,0.0,11038.095682711031,0.009131905514340621,-0.06680829563360358
2026-08-24 13:00:00+00:00,9350.61361170285,9350.61361170285,0.0,0,False,78597.99,-0.011491573673958477,10959.730213315652,-0.007099546121721256,-0.07753213685625682
2026-08-24 14:00:00+00:00,9350.61361170285,9350.61361170285,0.0,0,False,79510.92,0.0,11087.029480175303,0.01161518252565985,-0.07753213685625682
2026-08-24 15:00:00+00:00,9317.211989685024,4196.191432829181,0.0647410860865358,1,False,79100.01,-0.0035721315632187833,11029.732051297624,-0.005167969380809545,-0.0808273134262476
2026-08-24 16:00:00+00:00,9313.818909363228,4196.191432829181,0.0647410860865358,1,False,79047.6,-0.00036417335202332257,11022.423983235327,-0.0006625789301415441,-0.08116205162460544
2026-08-24 17:00:00+00:00,9295.273177842879,4196.191432829181,0.0647410860865358,1,False,78761.14,-0.0019912059382757308,10982.479904297601,-0.003623892439492349,-0.08299164720372376
2026-08-24 18:00:00+00:00,9306.09853484741,4196.191432829181,0.0647410860865358,1,False,78928.35,0.0011646088068002491,11005.795723047784,0.002123001266868707,-0.08192369120014764
2026-08-24 19:00:00+00:00,9295.069890832568,4196.191432829181,0.0647410860865358,1,False,78758.0,-0.001185098564510545,10982.042061639415,-0.0021582865979081767,-0.08301170211581754
2026-08-24 20:00:00+00:00,9306.356204370033,4196.191432829181,0.0647410860865358,1,False,78932.33,0.0012142257852838512,11006.350695589053,0.0022134894232967994,-0.08189827127972293
2026-08-24 21:00:00+00:00,9309.716266737923,4196.191432829181,0.0647410860865358,1,False,78984.23,0.00036105026436805687,11013.58764907948,0.0006575252497929007,-0.08156679040785186
2026-08-24 22:00:00+00:00,9293.904551283009,4196.191432829181,0.0647410860865358,1,False,78740.0,-0.0016984100268885305,10979.53213557337,-0.0030921362403608654,-0.08312666658005052
2026-08-24 23:00:00+00:00,9310.267860791382,4196.191432829181,0.0647410860865358,1,False,78992.75,0.0017606496191220344,11014.775680750741,0.0032099314198628104,-0.0815123738947815
2026-08-25 00:00:00+00:00,9358.644989958684,4196.191432829181,0.0647410860865358,1,False,79739.99,0.005196104976854077,11118.971078172457,0.009459602305274872,-0.07673981576959732
2026-08-25 01:00:00+00:00,9364.342852945161,4196.191432829181,0.0647410860865358,1,False,79828.0,0.0006088341840715383,11131.243222232042,0.0011037122026225088,-0.0761777034086456
2026-08-25 02:00:00+00:00,9417.536071506442,4196.191432829181,0.0647410860865358,1,False,80649.63,0.005680400578728317,11245.81158632337,0.010292503883349235,-0.07093002270044602
2026-08-25 03:00:00+00:00,9407.072617173135,4196.191432829181,0.0647410860865358,1,False,80488.01,-0.0011110607120439209,11223.275239057033,-0.0020039769556290388,-0.07196227585096304
2026-08-25 04:00:00+00:00,9399.0265949943,4196.191432829181,0.0647410860865358,1,False,80363.73,-0.0008553162611019127,11205.945593974368,-0.0015440809134180666,-0.07275604160734361
2026-08-25 05:00:00+00:00,9422.86232065878,4196.191432829181,0.0647410860865358,1,False,80731.9,0.002535978106198211,11257.283342848561,0.004581295567042343,-0.07040457122975541
2026-08-25 06:00:00+00:00,9412.645529863465,4196.191432829181,0.0647410860865358,1,False,80574.09,-0.001084255552892488,11235.278263266204,-0.0019547415581696592,-0.07141249023534291
2026-08-25 07:00:00+00:00,9356.430844814524,4196.191432829181,0.0647410860865358,1,False,79705.79,-0.00597225135808932,11114.202218646971,-0.010776417083953382,-0.07695824825163977
2026-08-25 08:00:00+00:00,9370.996294362274,4196.191432829181,0.0647410860865358,1,False,79930.77,0.0015567313850048947,11145.573505665785,0.0028226305767751203,-0.07552132018702318
2026-08-25 09:00:00+00:00,9322.856764980908,4196.191432829181,0.0647410860865358,1,False,79187.2,-0.005137076984047861,11041.88985428087,-0.009302675302639951,-0.08027043833533332
2026-08-25 10:00:00+00:00,9330.783016150483,4196.191432829181,0.0647410860865358,1,False,79309.63,0.0008501955322692822,11058.96153474008,0.001546083205366422,-0.07948848837111
2026-08-25 11:00:00+00:00,9323.904311781997,9323.904311781997,0.0,0,False,79117.99,-0.0007372054796023209,11032.239188556929,-0.002416352213470141,-0.08016709450151982
2026-08-25 12:00:00+00:00,9323.904311781997,9323.904311781997,0.0,0,False,78980.0,0.0,11012.99781645396,-0.0017441039642184242,-0.08016709450151982
2026-08-25 13:00:00+00:00,9323.904311781997,9323.904311781997,0.0,0,False,78647.99,0.0,10966.702230165774,-0.004203722461382675,-0.08016709450151982
2026-08-25 14:00:00+00:00,9323.904311781997,9323.904311781997,0.0,0,False,79235.99,0.0,11048.693148323218,0.007476351271024306,-0.08016709450151982
2026-08-25 15:00:00+00:00,9323.904311781997,9323.904311781997,0.0,0,False,79502.01,0.0,11085.787066772611,0.0033573127564885397,-0.08016709450151982
2026-08-25 16:00:00+00:00,9323.904311781997,9323.904311781997,0.0,0,False,79156.02,0.0,11037.542104573133,-0.004351965440873684,-0.08016709450151982
2026-08-25 17:00:00+00:00,9323.904311781997,9323.904311781997,0.0,0,False,79240.01,0.0,11049.253698477969,0.0010610690128178835,-0.08016709450151982
2026-08-25 18:00:00+00:00,9323.904311781997,9323.904311781997,0.0,0,False,79128.0,0.0,11033.634986330324,-0.0014135535823379675,-0.08016709450151982
2026-08-25 19:00:00+00:00,9323.904311781997,9323.904311781997,0.0,0,False,78925.95,0.0,11005.461066238977,-0.002553457688808103,-0.08016709450151982
2026-08-25 20:00:00+00:00,9323.904311781997,9323.904311781997,0.0,0,False,78206.13,0.0,10905.089122857871,-0.009120194308715801,-0.08016709450151982
2026-08-25 21:00:00+00:00,9323.904311781997,9323.904311781997,0.0,0,False,78570.0,0.0,10955.827278282954,0.004652704334046298,-0.08016709450151982
2026-08-25 22:00:00+00:00,9323.904311781997,9323.904311781997,0.0,0,False,78889.51,0.0,11000.379860358607,0.004066564846633591,-0.08016709450151982
2026-08-25 23:00:00+00:00,9323.904311781997,9323.904311781997,0.0,0,False,78539.14,0.0,10951.524149483057,-0.004441274891934244,-0.08016709450151982
2026-08-26 00:00:00+00:00,9323.904311781997,9323.904311781997,0.0,0,False,78631.79,0.0,10964.443296706333,0.0011796665968075715,-0.08016709450151982
2026-08-26 01:00:00+00:00,9323.904311781997,9323.904311781997,0.0,0,False,78815.13,0.0,10990.008288092366,0.002331626941215692,-0.08016709450151982
2026-08-26 02:00:00+00:00,9323.904311781997,9323.904311781997,0.0,0,False,79108.0,0.0,11030.846179590275,0.0037159108917286243,-0.08016709450151982
2026-08-26 03:00:00+00:00,9323.904311781997,9323.904311781997,0.0,0,False,79088.62,0.0,11028.143825859166,-0.000244981544218148,-0.08016709450151982
2026-08-26 04:00:00+00:00,9323.904311781997,9323.904311781997,0.0,0,False,78826.0,0.0,10991.524004555582,-0.003320578864569823,-0.08016709450151982
2026-08-26 05:00:00+00:00,9323.904311781997,9323.904311781997,0.0,0,False,79085.98,0.0,11027.77570336948,0.0032981503564812886,-0.08016709450151982
2026-08-26 06:00:00+00:00,9323.904311781997,9323.904311781997,0.0,0,False,78947.92,0.0,11008.52457044292,-0.001745695001819647,-0.08016709450151982
2026-08-26 07:00:00+00:00,9323.904311781997,9323.904311781997,0.0,0,False,78925.56,0.0,11005.406684507547,-0.00028322468787000954,-0.08016709450151982
2026-08-26 08:00:00+00:00,9323.904311781997,9323.904311781997,0.0,0,False,78707.59,0.0,10975.01287425112,-0.0027617162298246845,-0.08016709450151982
2026-08-26 09:00:00+00:00,9323.904311781997,9323.904311781997,0.0,0,False,78444.49,0.0,10938.326121585775,-0.0033427525858688023,-0.08016709450151982
2026-08-26 10:00:00+00:00,9323.904311781997,9323.904311781997,0.0,0,False,78727.45,0.0,10977.78215934399,0.0036071367154022482,-0.08016709450151982
2026-08-26 11:00:00+00:00,9323.904311781997,9323.904311781997,0.0,0,False,78487.26,0.0,10944.28998479937,-0.0030509053703631217,-0.08016709450151982
2026-08-26 12:00:00+00:00,9323.904311781997,9323.904311781997,0.0,0,False,78319.59,0.0,10920.910023494167,-0.0021362702685762125,-0.08016709450151982
2026-08-26 13:00:00+00:00,9323.904311781997,9323.904311781997,0.0,0,False,78448.66,0.0,10938.907587791076,0.0016479912624671744,-0.08016709450151982
2026-08-26 14:00:00+00:00,9323.904311781997,9323.904311781997,0.0,0,False,77790.48,0.0,10847.1307467828,-0.00838994573011198,-0.08016709450151982
2026-08-26 15:00:00+00:00,9323.904311781997,9323.904311781997,0.0,0,False,78011.65,0.0,10877.97076611763,0.002843149958709379,-0.08016709450151982
2026-08-26 16:00:00+00:00,9323.904311781997,9323.904311781997,0.0,0,False,77991.3,0.0,10875.133155259633,-0.0002608584743430953,-0.08016709450151982
2026-08-26 17:00:00+00:00,9323.904311781997,9323.904311781997,0.0,0,False,78442.83,0.0,10938.094650626352,0.0057894919048662175,-0.08016709450151982
2026-08-26 18:00:00+00:00,9323.904311781997,9323.904311781997,0.0,0,False,78472.41,0.0,10942.219295794885,0.00037708991376272927,-0.08016709450151982
2026-08-26 19:00:00+00:00,9323.904311781997,9323.904311781997,0.0,0,False,78475.49,0.0,10942.648772032851,3.924946360123194e-05,-0.08016709450151982
2026-08-26 20:00:00+00:00,9323.904311781997,9323.904311781997,0.0,0,False,78452.04,0.0,10939.378896130142,-0.0002988194148264567,-0.08016709450151982
2026-08-26 21:00:00+00:00,9323.904311781997,9323.904311781997,0.0,0,False,78724.01,0.0,10977.302484584701,0.003466703988832087,-0.08016709450151982
2026-08-26 22:00:00+00:00,9323.904311781997,9323.904311781997,0.0,0,False,78700.0,0.0,10973.954522093272,-0.00030498954512103715,-0.08016709450151982
2026-08-26 23:00:00+00:00,9323.904311781997,9323.904311781997,0.0,0,False,79023.75,0.0,11019.098331197818,0.004113722998729363,-0.08016709450151982
2026-08-27 00:00:00+00:00,9323.904311781997,9323.904311781997,0.0,0,False,78690.01,0.0,10972.561513126619,-0.004223287302867806,-0.08016709450151982
2026-08-27 01:00:00+00:00,9323.904311781997,9323.904311781997,0.0,0,False,78898.67,0.0,11001.65713384555,0.002651670777523041,-0.08016709450151982
2026-08-27 02:00:00+00:00,9323.904311781997,9323.904311781997,0.0,0,False,78717.76,0.0,10976.430982478436,-0.0022929410597162247,-0.08016709450151982
2026-08-27 03:00:00+00:00,9323.904311781997,9323.904311781997,0.0,0,False,78830.68,0.0,10992.176585332752,0.0014344920383912996,-0.08016709450151982
2026-08-27 04:00:00+00:00,9323.904311781997,9323.904311781997,0.0,0,False,78783.99,0.0,10985.666115998109,-0.0005922820911857807,-0.08016709450151982
2026-08-27 05:00:00+00:00,9323.904311781997,9323.904311781997,0.0,0,False,78912.55,0.0,11003.592565723146,0.0016318036189841845,-0.08016709450151982
2026-08-27 06:00:00+00:00,9323.904311781997,9323.904311781997,0.0,0,False,78817.49,0.0,10990.337367287691,-0.001204624612941796,-0.08016709450151982
2026-08-27 07:00:00+00:00,9323.904311781997,9323.904311781997,0.0,0,False,79082.17,0.0,11027.244435685501,0.003358137895535629,-0.08016709450151982
2026-08-27 08:00:00+00:00,9323.904311781997,9323.904311781997,0.0,0,False,79755.99,0.0,11121.202123564495,0.008520504685189945,-0.08016709450151982
2026-08-27 09:00:00+00:00,9323.904311781997,9323.904311781997,0.0,0,False,79986.0,0.0,11153.27479547843,0.002883921320517624,-0.08016709450151982
2026-08-27 10:00:00+00:00,9323.904311781997,9323.904311781997,0.0,0,False,79626.0,0.0,11103.076274157547,-0.004500787637836456,-0.08016709450151982
2026-08-27 11:00:00+00:00,9300.737969583668,2075.0795799742846,0.09091432083514002,1,False,79477.67,-0.0024846181839355275,11082.393088969971,-0.0018628337477709644,-0.0824525280647036
2026-08-27 12:00:00+00:00,9282.976947865314,2075.0795799742846,0.09091432083514002,1,False,79282.31,-0.0019096357489521987,11055.152024733172,-0.002458048908580257,-0.08420470951847192
2026-08-27 13:00:00+00:00,9305.7818961036,2075.0795799742846,0.09091432083514002,1,False,79533.15,0.0024566416965550175,11090.129238866868,0.003163883595218131,-0.08195492862236631
2026-08-27 14:00:00+00:00,9366.776313951897,2075.0795799742846,0.09091432083514002,1,False,80204.05,0.006554464582265496,11183.679760961817,0.008435476276244636,-0.07593763471709813
2026-08-27 15:00:00+00:00,9375.710464260366,2075.0795799742846,0.09091432083514002,1,False,80302.32,0.0009538127109067762,11197.382562879047,0.0012252498471085893,-0.07505625228742063
2026-08-27 16:00:00+00:00,9382.227202777827,2075.0795799742846,0.09091432083514002,1,False,80374.0,0.0006950661011027037,11207.377646235384,0.000892626763460802,-0.07441335524295878
2026-08-27 17:00:00+00:00,9388.451197182203,2075.0795799742846,0.09091432083514002,1,False,80442.46,0.0006633813347147743,11216.923731706573,0.0008517679846717918,-0.07379933833916574
2026-08-27 18:00:00+00:00,9361.925125792133,2075.0795799742846,0.09091432083514002,1,False,80150.69,-0.0028253937558977427,11176.239224579365,-0.0036270646123950367,-0.07641621990533065
2026-08-27 19:00:00+00:00,9340.060231631283,2075.0795799742846,0.09091432083514002,1,False,79910.19,-0.0023355126074029453,11142.703823530273,-0.0030005979985949782,-0.07857326146773458
2026-08-27 20:00:00+00:00,9356.95302158566,2075.0795799742846,0.09091432083514002,1,False,80096.0,0.0018086382245336985,11168.613232548701,0.0023252353673544057,-0.07690673384731772
2026-08-27 21:00:00+00:00,9364.953481819153,2075.0795799742846,0.09091432083514002,1,False,80184.0,0.0008550283639383593,11180.883982204918,0.0010986815821014684,-0.07611746292219668
2026-08-27 22:00:00+00:00,9375.79137800591,2075.0795799742846,0.09091432083514002,1,False,80303.21,0.0011572824368852874,11197.50666477898,0.0014867055771725646,-0.07504826988829161
2026-08-27 23:00:00+00:00,9370.91564297952,2075.0795799742846,0.09091432083514002,1,False,80249.58,-0.0005200345048020916,11190.028479505538,-0.0006678437885609956,-0.07552927670322607
2026-08-28 00:00:00+00:00,9400.591895586527,2075.0795799742846,0.09091432083514002,1,False,80576.0,0.0031668466281882246,11235.54459430988,0.004067560228975697,-0.07260161971029488
2026-08-28 01:00:00+00:00,9393.716954644973,2075.0795799742846,0.09091432083514002,1,False,80500.38,-0.0007313306457630286,11225.000116025754,-0.000938492851469408,-0.07327985456663177
2026-08-28 02:00:00+00:00,9341.507587618977,2075.0795799742846,0.09091432083514002,1,False,79926.11,-0.005557902934277825,11144.923713695354,-0.007133755145006693,-0.07843047518219026
2026-08-28 03:00:00+00:00,9330.99607384402,2075.0795799742846,0.09091432083514002,1,False,79810.49,-0.0011252481118666502,11128.80162193113,-0.0014465861030894533,-0.07946746954994532
2026-08-28 04:00:00+00:00,9315.842474847217,2075.0795799742846,0.09091432083514002,1,False,79643.81,-0.0016240065773128753,11105.559706559561,-0.0020884472705279267,-0.08096242043402668
2026-08-28 05:00:00+00:00,9306.135415805515,9306.135415805515,0.0,0,False,79686.0,-0.0010419947597773982,11111.442694377694,0.0005297335725149566,-0.08192005277597292
2026-08-28 06:00:00+00:00,9306.135415805515,9306.135415805515,0.0,0,False,79904.21,0.0,11141.869970315001,0.002738373114474335,-0.08192005277597292
2026-08-28 07:00:00+00:00,9306.135415805515,9306.135415805515,0.0,0,False,79660.0,0.0,11107.81724561563,-0.003056284518675678,-0.08192005277597292
2026-08-28 08:00:00+00:00,9306.135415805515,9306.135415805515,0.0,0,False,79516.78,0.0,11087.846600550138,-0.0017978910369068624,-0.08192005277597292
2026-08-28 09:00:00+00:00,9306.135415805515,9306.135415805515,0.0,0,False,79285.19,0.0,11055.55361290374,-0.0029124670289717436,-0.08192005277597292
2026-08-28 10:00:00+00:00,9306.135415805515,9306.135415805515,0.0,0,False,79565.89,0.0,11094.694515500329,0.0035403837715468622,-0.08192005277597292
2026-08-28 11:00:00+00:00,9306.135415805515,9306.135415805515,0.0,0,False,79604.13,0.0,11100.026713987303,0.00048060795901361253,-0.08192005277597292
2026-08-28 12:00:00+00:00,9306.135415805515,9306.135415805515,0.0,0,False,79421.05,0.0,11074.497977088893,-0.002299880672020471,-0.08192005277597292
2026-08-28 13:00:00+00:00,9306.135415805515,9306.135415805515,0.0,0,False,79330.75,0.0,11061.906514657572,-0.001136978168885916,-0.08192005277597292
2026-08-28 14:00:00+00:00,9306.135415805515,9306.135415805515,0.0,0,False,79542.44,0.0,11091.42463959762,0.0026684482372849594,-0.08192005277597292
2026-08-28 15:00:00+00:00,9306.135415805515,9306.135415805515,0.0,0,False,78331.13,0.0,10922.519164983178,-0.015228474258521474,-0.08192005277597292
2026-08-28 16:00:00+00:00,9306.135415805515,9306.135415805515,0.0,0,False,77788.46,0.0,10846.849077302055,-0.006927896993187743,-0.08192005277597292
2026-08-28 17:00:00+00:00,9306.135415805515,9306.135415805515,0.0,0,False,77904.0,0.0,10862.960013839318,0.001485310288955377,-0.08192005277597292
2026-08-28 18:00:00+00:00,9306.135415805515,9306.135415805515,0.0,0,False,77554.0,0.0,10814.155895888458,-0.0044927089751489735,-0.08192005277597292
2026-08-28 19:00:00+00:00,9306.135415805515,9306.135415805515,0.0,0,False,77580.03,0.0,10817.785527860631,0.0003356371044691553,-0.08192005277597292
2026-08-28 20:00:00+00:00,9306.135415805515,9306.135415805515,0.0,0,False,77407.34,0.0,10793.705576063676,-0.002225959438273084,-0.08192005277597292
2026-08-28 21:00:00+00:00,9306.135415805515,9306.135415805515,0.0,0,False,77364.0,0.0,10787.662231857992,-0.0005598952244061373,-0.08192005277597292
2026-08-28 22:00:00+00:00,9306.135415805515,9306.135415805515,0.0,0,False,77758.69,0.0,10842.69793846949,0.0051017269014010935,-0.08192005277597292
2026-08-28 23:00:00+00:00,9306.135415805515,9306.135415805515,0.0,0,False,77845.87,0.0,10854.854347049364,0.001121160863178261,-0.08192005277597292
2026-08-29 00:00:00+00:00,9306.135415805515,9306.135415805515,0.0,0,False,77733.63,0.0,10839.20356362421,-0.0014418234390595197,-0.08192005277597292
2026-08-29 01:00:00+00:00,9306.135415805515,9306.135415805515,0.0,0,False,77794.11,0.0,10847.636915206118,0.0007780416275424695,-0.08192005277597292
2026-08-29 02:00:00+00:00,9306.135415805515,9306.135415805515,0.0,0,False,77671.18,0.0,10830.495514578406,-0.001580196752684726,-0.08192005277597292
2026-08-29 03:00:00+00:00,9306.135415805515,9306.135415805515,0.0,0,False,77507.17,0.0,10807.625904906632,-0.0021115940301152936,-0.08192005277597292
2026-08-29 04:00:00+00:00,9306.135415805515,9306.135415805515,0.0,0,False,77648.91,0.0,10827.390178273363,0.0018287340384124384,-0.08192005277597292
2026-08-29 05:00:00+00:00,9306.135415805515,9306.135415805515,0.0,0,False,77632.53,0.0,10825.106145553262,-0.00021094951622635527,-0.08192005277597292
2026-08-29 06:00:00+00:00,9306.135415805515,9306.135415805515,0.0,0,False,77466.82,0.0,10801.999487308585,-0.002134543341560491,-0.08192005277597292
2026-08-29 07:00:00+00:00,9306.135415805515,9306.135415805515,0.0,0,False,77626.01,0.0,10824.196994556005,0.0020549442974422405,-0.08192005277597292
2026-08-29 08:00:00+00:00,9306.135415805515,9306.135415805515,0.0,0,False,77633.99,0.0,10825.309728445285,0.00010280059480072268,-0.08192005277597292
2026-08-29 09:00:00+00:00,9306.135415805515,9306.135415805515,0.0,0,False,77650.03,0.0,10827.546351450805,0.0002066105323197398,-0.08192005277597292
2026-08-29 10:00:00+00:00,9306.135415805515,9306.135415805515,0.0,0,False,77635.17,0.0,10825.474268042946,-0.0001913714650209064,-0.08192005277597292
2026-08-29 11:00:00+00:00,9306.135415805515,9306.135415805515,0.0,0,False,77584.67,0.0,10818.432531024322,-0.0006504783849896612,-0.08192005277597292
2026-08-29 12:00:00+00:00,9306.135415805515,9306.135415805515,0.0,0,False,77583.74,0.0,10818.30285151091,-1.198690411385872e-05,-0.08192005277597292
2026-08-29 13:00:00+00:00,9306.135415805515,9306.135415805515,0.0,0,False,77704.32,0.0,10835.116567346668,0.001554191638608815,-0.08192005277597292
2026-08-29 14:00:00+00:00,9306.135415805515,9306.135415805515,0.0,0,False,78014.37,0.0,10878.350043834278,0.003990125645523923,-0.08192005277597292
2026-08-29 15:00:00+00:00,9306.135415805515,9306.135415805515,0.0,0,False,77865.36,0.0,10857.572039217543,-0.0019100327285856977,-0.08192005277597292
2026-08-29 16:00:00+00:00,9306.135415805515,9306.135415805515,0.0,0,False,78027.17,0.0,10880.134880147909,0.0020780742553554443,-0.08192005277597292
2026-08-29 17:00:00+00:00,9306.135415805515,9306.135415805515,0.0,0,False,78100.0,0.0,10890.2903198918,0.0009333928168868688,-0.08192005277597292
2026-08-29 18:00:00+00:00,9306.135415805515,9306.135415805515,0.0,0,False,78158.01,0.0,10898.37925384131,0.0007427656850191866,-0.08192005277597292
2026-08-29 19:00:00+00:00,9306.135415805515,9306.135415805515,0.0,0,False,78182.0,0.0,10901.724427526,0.00030694230828043345,-0.08192005277597292
2026-08-29 20:00:00+00:00,9306.135415805515,9306.135415805515,0.0,0,False,78129.92,0.0,10894.462374774912,-0.0006661379857256788,-0.08192005277597292
2026-08-29 21:00:00+00:00,9306.135415805515,9306.135415805515,0.0,0,False,78161.63,0.0,10898.88402786126,0.00040586244040707875,-0.08192005277597292
2026-08-29 22:00:00+00:00,9306.135415805515,9306.135415805515,0.0,0,False,78228.34,0.0,10908.186092742693,0.0008534878302819404,-0.08192005277597292
2026-08-29 23:00:00+00:00,9306.135415805515,9306.135415805515,0.0,0,False,78230.0,0.0,10908.417563702118,2.1219931293448013e-05,-0.08192005277597292
2026-08-30 00:00:00+00:00,9306.135415805515,9306.135415805515,0.0,0,False,78179.86,0.0,10901.426025204815,-0.0006409305892879358,-0.08192005277597292
2026-08-30 01:00:00+00:00,9306.135415805515,9306.135415805515,0.0,0,False,78081.5,0.0,10887.710673657253,-0.0012581245348866066,-0.08192005277597292
2026-08-30 02:00:00+00:00,9306.135415805515,9306.135415805515,0.0,0,False,78106.01,0.0,10891.128356317184,0.0003139027810685757,-0.08192005277597292
2026-08-30 03:00:00+00:00,9306.135415805515,9306.135415805515,0.0,0,False,78144.68,0.0,10896.520514149068,0.0004950963440584211,-0.08192005277597292
2026-08-30 04:00:00+00:00,9306.135415805515,9306.135415805515,0.0,0,False,78109.75,0.0,10891.649863177572,-0.00044699140107806734,-0.08192005277597292
2026-08-30 05:00:00+00:00,9306.135415805515,9306.135415805515,0.0,0,False,78127.71,0.0,10894.154211630139,0.0002299328828989644,-0.08192005277597292
2026-08-30 06:00:00+00:00,9306.135415805515,9306.135415805515,0.0,0,False,78280.34,0.0,10915.43699026682,0.001953596233653654,-0.08192005277597292
2026-08-30 07:00:00+00:00,9306.135415805515,9306.135415805515,0.0,0,False,78118.0,0.0,10892.800245957844,-0.0020738284989562095,-0.08192005277597292
2026-08-30 08:00:00+00:00,9306.135415805515,9306.135415805515,0.0,0,False,78074.01,0.0,10886.666265533106,-0.0005631224557720582,-0.08192005277597292
2026-08-30 09:00:00+00:00,9306.135415805515,9306.135415805515,0.0,0,False,78000.01,0.0,10876.347680594923,-0.00094781861467097,-0.08192005277597292
2026-08-30 10:00:00+00:00,9306.135415805515,9306.135415805515,0.0,0,False,78145.29,0.0,10896.605572754639,0.001862563863773703,-0.08192005277597292
2026-08-30 11:00:00+00:00,9306.135415805515,9306.135415805515,0.0,0,False,78166.0,0.0,10899.49338213396,0.0002650191713409189,-0.08192005277597292
2026-08-30 12:00:00+00:00,9306.135415805515,9306.135415805515,0.0,0,False,78785.06,0.0,10985.815317158702,0.007919811682828959,-0.08192005277597292
2026-08-30 13:00:00+00:00,9306.135415805515,9306.135415805515,0.0,0,False,78860.0,0.0,10996.264976013665,0.0009511955693122243,-0.08192005277597292
2026-08-30 14:00:00+00:00,9306.135415805515,9306.135415805515,0.0,0,False,78783.71,0.0,10985.62707270375,-0.0009674106010649774,-0.08192005277597292
2026-08-30 15:00:00+00:00,9306.135415805515,9306.135415805515,0.0,0,False,78823.63,0.0,10991.193530956887,0.0005067037335508839,-0.08192005277597292
2026-08-30 16:00:00+00:00,9306.135415805515,9306.135415805515,0.0,0,False,79337.93,0.0,11062.907696277249,0.0065246931662497065,-0.08192005277597292
2026-08-30 17:00:00+00:00,9306.135415805515,9306.135415805515,0.0,0,False,79021.02,0.0,11018.7176590778,-0.003994432423432337,-0.08192005277597292
2026-08-30 18:00:00+00:00,9306.135415805515,9306.135415805515,0.0,0,False,79036.69,0.0,11020.902689158629,0.00019830166707546226,-0.08192005277597292
2026-08-30 19:00:00+00:00,9306.135415805515,9306.135415805515,0.0,0,False,78856.39,0.0,10995.761596397086,-0.0022812190135999,-0.08192005277597292
2026-08-30 20:00:00+00:00,9306.135415805515,9306.135415805515,0.0,0,False,78597.33,0.0,10959.63818269323,-0.0032852125236774166,-0.08192005277597292
2026-08-30 21:00:00+00:00,9306.135415805515,9306.135415805515,0.0,0,False,78653.0,0.0,10967.400826254157,0.0007082937804629985,-0.08192005277597292
2026-08-30 22:00:00+00:00,9306.135415805515,9306.135415805515,0.0,0,False,78422.01,0.0,10935.19150280996,-0.0029368237702313005,-0.08192005277597292
2026-08-30 23:00:00+00:00,9306.135415805515,9306.135415805515,0.0,0,False,77682.0,0.0,10832.004259024772,-0.009436253929222094,-0.08192005277597292
2026-08-31 00:00:00+00:00,9306.135415805515,9306.135415805515,0.0,0,False,77937.04,0.0,10867.567122573877,0.003283128652712186,-0.08192005277597292
2026-08-31 01:00:00+00:00,9306.135415805515,9306.135415805515,0.0,0,False,77640.94,0.0,10826.278838787452,-0.003799220499007716,-0.08192005277597292
2026-08-31 02:00:00+00:00,9306.135415805515,9306.135415805515,0.0,0,False,77473.99,0.0,10802.999274524891,-0.0021502830851868326,-0.08192005277597292
2026-08-31 03:00:00+00:00,9306.135415805515,9306.135415805515,0.0,0,False,77756.71,0.0,10842.421846602227,0.00364922472690532,-0.08192005277597292
2026-08-31 04:00:00+00:00,9306.135415805515,9306.135415805515,0.0,0,False,77622.28,0.0,10823.676882098986,-0.0017288540114416273,-0.08192005277597292
2026-08-31 05:00:00+00:00,9306.135415805515,9306.135415805515,0.0,0,False,78016.0,0.0,10878.577331583592,0.005072255027809058,-0.08192005277597292
2026-08-31 06:00:00+00:00,9306.135415805515,9306.135415805515,0.0,0,False,78093.87,0.0,10889.435550625973,0.0009981285890072744,-0.08192005277597292
2026-08-31 07:00:00+00:00,9306.135415805515,9306.135415805515,0.0,0,False,78196.01,0.0,10903.677986647404,0.0013079131563080715,-0.08192005277597292
2026-08-31 08:00:00+00:00,9306.135415805515,9306.135415805515,0.0,0,False,78480.8,0.0,10943.389200222335,0.0036420016826945734,-0.08192005277597292
2026-08-31 09:00:00+00:00,9306.135415805515,9306.135415805515,0.0,0,False,78511.03,0.0,10947.604481609918,0.000385189753417281,-0.08192005277597292
2026-08-31 10:00:00+00:00,9306.135415805515,9306.135415805515,0.0,0,False,78710.01,0.0,10975.350319866668,0.0025344209597046863,-0.08192005277597292
2026-08-31 11:00:00+00:00,9306.135415805515,9306.135415805515,0.0,0,False,78315.43,0.0,10920.329951692238,-0.005013085375036863,-0.08192005277597292
2026-08-31 12:00:00+00:00,9306.135415805515,9306.135415805515,0.0,0,False,77930.39,0.0,10866.63984433281,-0.00491652794347186,-0.08192005277597292
2026-08-31 13:00:00+00:00,9306.135415805515,9306.135415805515,0.0,0,False,77867.39,0.0,10857.855103101658,-0.0008084137651561685,-0.08192005277597292
2026-08-31 14:00:00+00:00,9306.135415805515,9306.135415805515,0.0,0,False,78600.14,0.0,10960.030010040206,0.009410229365591771,-0.08192005277597292
2026-08-31 15:00:00+00:00,9306.135415805515,9306.135415805515,0.0,0,False,78580.42,0.0,10957.280246594519,-0.00025089013836343543,-0.08192005277597292
2026-08-31 16:00:00+00:00,9306.135415805515,9306.135415805515,0.0,0,False,78639.57,0.0,10965.528142528214,0.0007527320419005168,-0.08192005277597292
2026-08-31 17:00:00+00:00,9306.135415805515,9306.135415805515,0.0,0,False,78897.36,0.0,11001.474467004078,0.0032781206713110578,-0.08192005277597292
2026-08-31 18:00:00+00:00,9306.135415805515,9306.135415805515,0.0,0,False,79016.0,0.0,11018.017668586048,0.0015037258534378317,-0.08192005277597292
2026-08-31 19:00:00+00:00,9306.135415805515,9306.135415805515,0.0,0,False,78898.06,0.0,11001.57207523998,-0.0014926090918293555,-0.08192005277597292
2026-08-31 20:00:00+00:00,9306.135415805515,9306.135415805515,0.0,0,False,78864.72,0.0,10996.923134404316,-0.00042257059299055655,-0.08192005277597292
2026-08-31 21:00:00+00:00,9306.135415805515,9306.135415805515,0.0,0,False,78964.32,0.0,11010.811391969763,0.001262922127917454,-0.08192005277597292
2026-08-31 22:00:00+00:00,9306.135415805515,9306.135415805515,0.0,0,False,78593.15,0.0,10959.05532208456,-0.00470047738016377,-0.08192005277597292
2026-08-31 23:00:00+00:00,9306.135415805515,9306.135415805515,0.0,0,False,78581.29,0.0,10957.401559687709,-0.00015090373652171252,-0.08192005277597292
2026-09-01 00:00:00+00:00,9306.135415805515,9306.135415805515,0.0,0,False,78652.0,0.0,10967.261385917154,0.0008998325173843469,-0.08192005277597292
2026-09-01 01:00:00+00:00,9306.135415805515,9306.135415805515,0.0,0,False,78410.62,0.0,10933.603277371501,-0.003068962009866283,-0.08192005277597292
2026-09-01 02:00:00+00:00,9306.135415805515,9306.135415805515,0.0,0,False,78449.99,0.0,10939.093043439289,0.0005021003532430512,-0.08192005277597292
2026-09-01 03:00:00+00:00,9306.135415805515,9306.135415805515,0.0,0,False,78679.01,0.0,10971.02766941959,0.002919312035603916,-0.08192005277597292
2026-09-01 04:00:00+00:00,9306.135415805515,9306.135415805515,0.0,0,False,78727.11,0.0,10977.73474962941,0.0006113447538296235,-0.08192005277597292
2026-09-01 05:00:00+00:00,9306.135415805515,9306.135415805515,0.0,0,False,79179.99,0.0,11040.88448945108,0.005752529211347834,-0.08192005277597292
2026-09-01 06:00:00+00:00,9306.135415805515,9306.135415805515,0.0,0,False,78745.39,0.0,10980.283718989813,-0.005488760481025645,-0.08192005277597292
2026-09-01 07:00:00+00:00,9306.135415805515,9306.135415805515,0.0,0,False,78632.37,0.0,10964.524172101796,-0.0014352586227587283,-0.08192005277597292
2026-09-01 08:00:00+00:00,9306.135415805515,9306.135415805515,0.0,0,False,77883.28,0.0,10860.070810056626,-0.009526483813218412,-0.08192005277597292
2026-09-01 09:00:00+00:00,9306.135415805515,9306.135415805515,0.0,0,False,77915.0,0.0,10864.493857546344,0.00040727611882807047,-0.08192005277597292
2026-09-01 10:00:00+00:00,9306.135415805515,9306.135415805515,0.0,0,False,78029.67,0.0,10880.483480990415,0.0014717320156580893,-0.08192005277597292
2026-09-01 11:00:00+00:00,9306.135415805515,9306.135415805515,0.0,0,False,78098.97,0.0,10890.146696344686,0.0008881237098656847,-0.08192005277597292
2026-09-01 12:00:00+00:00,9306.135415805515,9306.135415805515,0.0,0,False,78004.0,0.0,10876.904047539563,-0.001216021158793712,-0.08192005277597292
2026-09-01 13:00:00+00:00,9306.135415805515,9306.135415805515,0.0,0,False,78071.99,0.0,10886.38459605236,0.000871621968104197,-0.08192005277597292
2026-09-01 14:00:00+00:00,9306.135415805515,9306.135415805515,0.0,0,False,78167.99,0.0,10899.770868404596,0.0012296343413302768,-0.08192005277597292
2026-09-01 15:00:00+00:00,9306.135415805515,9306.135415805515,0.0,0,False,77919.06,0.0,10865.059985314574,-0.003184551630405208,-0.08192005277597292
2026-09-01 16:00:00+00:00,9306.135415805515,9306.135415805515,0.0,0,False,77596.01,0.0,10820.013784445931,-0.004145968906709041,-0.08192005277597292
2026-09-01 17:00:00+00:00,9306.135415805515,9306.135415805515,0.0,0,False,77265.79,0.0,10773.96779636098,-0.004255631185160258,-0.08192005277597292
2026-09-01 18:00:00+00:00,9306.135415805515,9306.135415805515,0.0,0,False,77153.9,0.0,10758.365817053775,-0.0014481182422388938,-0.08192005277597292
2026-09-01 19:00:00+00:00,9306.135415805515,9306.135415805515,0.0,0,False,77312.0,0.0,10780.411334333863,0.0020491511122575634,-0.08192005277597292
2026-09-01 20:00:00+00:00,9306.135415805515,9306.135415805515,0.0,0,False,77448.45,0.0,10799.437968317849,0.0017649265314569895,-0.08192005277597292
2026-09-01 21:00:00+00:00,9306.135415805515,9306.135415805515,0.0,0,False,77211.32,0.0,10766.372481204457,-0.0030617785120296004,-0.08192005277597292
2026-09-01 22:00:00+00:00,9306.135415805515,9306.135415805515,0.0,0,False,77274.02,0.0,10775.115390334511,0.0008120570921466008,-0.08192005277597292
2026-09-01 23:00:00+00:00,9306.135415805515,9306.135415805515,0.0,0,False,77439.0,0.0,10798.120257133176,0.0021349995768304986,-0.08192005277597292
2026-09-02 00:00:00+00:00,9306.135415805515,9306.135415805515,0.0,0,False,77213.25,0.0,10766.641601054871,-0.002915197768566302,-0.08192005277597292
2026-09-02 01:00:00+00:00,9306.135415805515,9306.135415805515,0.0,0,False,77020.68,0.0,10739.789575358307,-0.002494002000951956,-0.08192005277597292
2026-09-02 02:00:00+00:00,9306.135415805515,9306.135415805515,0.0,0,False,77329.2,0.0,10782.809708130306,0.004005677436241806,-0.08192005277597292
2026-09-02 03:00:00+00:00,9306.135415805515,9306.135415805515,0.0,0,False,77563.5,0.0,10815.48057908998,0.0030299033224190364,-0.08192005277597292
2026-09-02 04:00:00+00:00,9306.135415805515,9306.135415805515,0.0,0,False,77561.82,0.0,10815.246319323818,-2.1659672397311702e-05,-0.08192005277597292
2026-09-02 05:00:00+00:00,9306.135415805515,9306.135415805515,0.0,0,False,77651.07,0.0,10827.691369401287,0.0011506950197919252,-0.08192005277597292
2026-09-02 06:00:00+00:00,9306.135415805515,9306.135415805515,0.0,0,False,77611.54,0.0,10822.179292879578,-0.000509072186642312,-0.08192005277597292
2026-09-02 07:00:00+00:00,9306.135415805515,9306.135415805515,0.0,0,False,77473.85,0.0,10802.979752877713,-0.0017740918425273033,-0.08192005277597292
2026-09-02 08:00:00+00:00,9306.135415805515,9306.135415805515,0.0,0,False,76854.11,0.0,10716.56299842381,-0.007999344294881583,-0.08192005277597292
2026-09-02 09:00:00+00:00,9306.135415805515,9306.135415805515,0.0,0,False,76752.26,0.0,10702.361000100109,-0.0013252381687850479,-0.08192005277597292
2026-09-02 10:00:00+00:00,9306.135415805515,9306.135415805515,0.0,0,False,76680.88,0.0,10692.407748844875,-0.0009300051881206972,-0.08192005277597292
2026-09-02 11:00:00+00:00,9306.135415805515,9306.135415805515,0.0,0,False,76828.76,0.0,10713.028185880798,0.0019285120358556451,-0.08192005277597292
2026-09-02 12:00:00+00:00,9306.135415805515,9306.135415805515,0.0,0,False,76613.88,0.0,10683.06524626571,-0.0027968692973827647,-0.08192005277597292
2026-09-02 13:00:00+00:00,9306.135415805515,9306.135415805515,0.0,0,False,77146.0,0.0,10757.264238391455,0.006945477764603192,-0.08192005277597292
2026-09-02 14:00:00+00:00,9306.135415805515,9306.135415805515,0.0,0,False,77066.42,0.0,10746.1675763728,-0.001031550566458428,-0.08192005277597292
2026-09-02 15:00:00+00:00,9306.135415805515,9306.135415805515,0.0,0,False,77288.98,0.0,10777.201417776067,0.002887898516630294,-0.08192005277597292
2026-09-02 16:00:00+00:00,9306.135415805515,9306.135415805515,0.0,0,False,77171.5,0.0,10760.819966985018,-0.0015200097090166675,-0.08192005277597292
2026-09-02 17:00:00+00:00,9306.135415805515,9306.135415805515,0.0,0,False,77381.66,0.0,10790.124748209455,0.0027232851506062694,-0.08192005277597292
2026-09-02 18:00:00+00:00,9306.135415805515,9306.135415805515,0.0,0,False,77377.76,0.0,10789.580930895145,-5.0399539115675296e-05,-0.08192005277597292
2026-09-02 19:00:00+00:00,9306.135415805515,9306.135415805515,0.0,0,False,77341.47,0.0,10784.520641065326,-0.0004689978102234704,-0.08192005277597292
2026-09-02 20:00:00+00:00,9306.135415805515,9306.135415805515,0.0,0,False,77406.01,0.0,10793.520120415465,0.0008344811651499473,-0.08192005277597292
2026-09-02 21:00:00+00:00,9306.135415805515,9306.135415805515,0.0,0,False,77284.0,0.0,10776.507004897794,-0.0015762341968021953,-0.08192005277597292
2026-09-02 22:00:00+00:00,9306.135415805515,9306.135415805515,0.0,0,False,77034.03,0.0,10741.651103857292,-0.0032344340355052736,-0.08192005277597292
2026-09-02 23:00:00+00:00,9306.135415805515,9306.135415805515,0.0,0,False,77340.01,0.0,10784.317058173303,0.003972010811325921,-0.08192005277597292
2026-09-03 00:00:00+00:00,9306.135415805515,9306.135415805515,0.0,0,False,77068.01,0.0,10746.389286508635,-0.0035169377402459734,-0.08192005277597292
2026-09-03 01:00:00+00:00,9306.135415805515,9306.135415805515,0.0,0,False,77356.7,0.0,10786.644317397873,0.0037459122144194446,-0.08192005277597292
2026-09-03 02:00:00+00:00,9306.135415805515,9306.135415805515,0.0,0,False,77816.01,0.0,10850.69065858647,0.005937559383996538,-0.08192005277597292
2026-09-03 03:00:00+00:00,9306.135415805515,9306.135415805515,0.0,0,False,77708.0,0.0,10835.629707786837,-0.0013880177099800939,-0.08192005277597292
2026-09-03 04:00:00+00:00,9306.135415805515,9306.135415805515,0.0,0,False,77776.0,0.0,10845.111650703004,0.0008750707777835931,-0.08192005277597292
2026-09-03 05:00:00+00:00,9306.135415805515,9306.135415805515,0.0,0,False,77809.91,0.0,10849.840072530758,0.0004359956799013798,-0.08192005277597292
2026-09-03 06:00:00+00:00,9306.135415805515,9306.135415805515,0.0,0,False,77835.19,0.0,10853.365124250178,0.0003248943482903055,-0.08192005277597292
2026-09-03 07:00:00+00:00,9306.135415805515,9306.135415805515,0.0,0,False,77663.15,0.0,10829.375808672276,-0.002210311300068768,-0.08192005277597292
2026-09-03 08:00:00+00:00,9306.135415805515,9306.135415805515,0.0,0,False,77843.34,0.0,10854.501562996747,0.0023201479723651275,-0.08192005277597292
2026-09-03 09:00:00+00:00,9306.135415805515,9306.135415805515,0.0,0,False,77615.24,0.0,10822.69522212649,-0.0029302442572477494,-0.08192005277597292
2026-09-03 10:00:00+00:00,9306.135415805515,9306.135415805515,0.0,0,False,77735.88,0.0,10839.517304382465,0.0015543339168957448,-0.08192005277597292
2026-09-03 11:00:00+00:00,9306.135415805515,9306.135415805515,0.0,0,False,77948.39,0.0,10869.149770398855,0.002733744057441534,-0.08192005277597292
2026-09-03 12:00:00+00:00,9306.135415805515,9306.135415805515,0.0,0,False,78652.38,0.0,10967.314373245215,0.009031488655506736,-0.08192005277597292
2026-09-03 13:00:00+00:00,9306.135415805515,9306.135415805515,0.0,0,False,78840.52,0.0,10993.548678248857,0.0023920445891147946,-0.08192005277597292
2026-09-03 14:00:00+00:00,9306.135415805515,9306.135415805515,0.0,0,False,80549.97,0.0,11231.914962337705,0.02168237855356603,-0.08192005277597292
2026-09-03 15:00:00+00:00,9364.740200296772,2472.4222068681865,0.08472633615366801,1,False,81348.0,0.006297435172899268,11343.192534475775,0.009907266259689518,-0.07613850382479082
2026-09-03 16:00:00+00:00,9332.660267638908,2472.4222068681865,0.08472633615366801,1,False,80969.37,-0.0034256083961461403,11290.396239676535,-0.004654447558636976,-0.07930329152296467
2026-09-03 17:00:00+00:00,9338.81394143375,2472.4222068681865,0.08472633615366801,1,False,81042.0,0.0006593697422137001,11300.523791353024,0.0008970058677744142,-0.07869621197163923
2026-09-03 18:00:00+00:00,9356.803037125897,2472.4222068681865,0.08472633615366801,1,False,81254.32,0.0019262719875310363,11330.129763705385,0.0026198761136200233,-0.07692153029275395
2026-09-03 19:00:00+00:00,9399.258556909139,2472.4222068681865,0.08472633615366801,1,False,81755.41,0.004537395904860464,11400.001922173948,0.006166933647343553,-0.07273315782443945
2026-09-03 20:00:00+00:00,9375.33099231598,2472.4222068681865,0.08472633615366801,1,False,81473.0,-0.002545686390930335,11360.622576601083,-0.0034543279765829604,-0.07509368840532671
2026-09-03 21:00:00+00:00,9385.24397364596,2472.4222068681865,0.08472633615366801,1,False,81590.0,0.0010573473446542359,11376.93709603037,0.0014360585715511576,-0.07411574117270803
2026-09-03 22:00:00+00:00,9347.117122376809,2472.4222068681865,0.08472633615366801,1,False,81140.0,-0.0040624251619044704,11314.188944379264,-0.005515381786983742,-0.07787707668277932
2026-09-03 23:00:00+00:00,9358.162894821162,2472.4222068681865,0.08472633615366801,1,False,81270.37,0.0011817303987675665,11332.367781114273,0.0016067291101797831,-0.07678737599289498
2026-09-04 00:00:00+00:00,9332.89326506333,2472.4222068681865,0.08472633615366801,1,False,80972.12,-0.00270027675750506,11290.77970060329,-0.0036698491713523795,-0.07928030558373655
2026-09-04 01:00:00+00:00,9332.54503982174,2472.4222068681865,0.08472633615366801,1,False,80968.01,-3.731160656195165e-05,11290.206600818212,-5.075821159172822e-05,-0.07931465911472846
2026-09-04 02:00:00+00:00,9321.020563578117,2472.4222068681865,0.08472633615366801,1,False,80831.99,-0.0012348696089274913,11271.239926179138,-0.0016799227250366977,-0.08045158546157272
2026-09-04 03:00:00+00:00,9322.546484892246,2472.4222068681865,0.08472633615366801,1,False,80850.0,0.0001637075364999685,11273.751246648553,0.00022280782645589525,-0.08030104845593622
2026-09-04 04:00:00+00:00,9341.232031067575,2472.4222068681865,0.08472633615366801,1,False,81070.54,0.002004339287083212,11304.503418571072,0.0027277674706243094,-0.07845765971506713
2026-09-04 05:00:00+00:00,9334.929238921104,2472.4222068681865,0.08472633615366801,1,False,80996.15,-0.0006747281435156571,11294.130451901461,-0.0009175959602586437,-0.07907945026749863
2026-09-04 06:00:00+00:00,9318.089032347201,2472.4222068681865,0.08472633615366801,1,False,80797.39,-0.0018039993815581745,11266.415290518853,-0.0024539437985632295,-0.0807407903696803
2026-09-04 07:00:00+00:00,9306.183287590888,2472.4222068681865,0.08472633615366801,1,False,80656.87,-0.0012777024038924667,11246.821134363267,-0.0017391650893674448,-0.08191533007162521
2026-09-04 08:00:00+00:00,9347.72376294367,2472.4222068681865,0.08472633615366801,1,False,81147.16,0.004463749968063979,11315.187337192203,0.00607871344375277,-0.07781722965555238
2026-09-04 09:00:00+00:00,9340.053487731679,2472.4222068681865,0.08472633615366801,1,False,81056.63,-0.0008205500511683228,11302.56380348337,-0.0011156274600367944,-0.07857392677494501
2026-09-04 10:00:00+00:00,9350.474827078579,2472.4222068681865,0.08472633615366801,1,False,81179.63,0.0011157687009595296,11319.714964934672,0.0015174576095748904,-0.07754582840219237
2026-09-04 11:00:00+00:00,9354.306999262808,2472.4222068681865,0.08472633615366801,1,False,81224.86,0.00040983717459264213,11326.021851377294,0.0005571594746121011,-0.07716777239081352
2026-09-04 12:00:00+00:00,9345.10707207054,9345.10707207054,0.0,0,False,79453.96,-0.0009834963929442608,11079.086958579644,-0.021802438317529926,-0.07807537455795988
2026-09-04 13:00:00+00:00,9345.10707207054,9345.10707207054,0.0,0,False,79378.67,0.0,11068.58849560673,-0.000947592794619645,-0.07807537455795988
2026-09-04 14:00:00+00:00,9345.10707207054,9345.10707207054,0.0,0,False,78915.71,0.0,11004.033197188073,-0.005832297265751518,-0.07807537455795988
2026-09-04 15:00:00+00:00,9345.10707207054,9345.10707207054,0.0,0,False,79429.33,0.0,11075.652543079274,0.006508463270494369,-0.07807537455795988
2026-09-04 16:00:00+00:00,9345.10707207054,9345.10707207054,0.0,0,False,79745.73,0.0,11119.77146570685,0.003983415194362072,-0.07807537455795988
2026-09-04 17:00:00+00:00,9345.10707207054,9345.10707207054,0.0,0,False,79472.22,0.0,11081.633139133308,-0.003429776114658445,-0.07807537455795988
2026-09-04 18:00:00+00:00,9345.10707207054,9345.10707207054,0.0,0,False,79618.15,0.0,11101.981667512076,0.0018362391285910995,-0.07807537455795988
2026-09-04 19:00:00+00:00,9345.10707207054,9345.10707207054,0.0,0,False,79793.34,0.0,11126.410220151536,0.0022003776777028694,-0.07807537455795988
2026-09-04 20:00:00+00:00,9345.10707207054,9345.10707207054,0.0,0,False,79697.04,0.0,11112.9821156982,-0.0012068676408332202,-0.07807537455795988
2026-09-04 21:00:00+00:00,9345.10707207054,9345.10707207054,0.0,0,False,79624.0,0.0,11102.79739348354,-0.0009164706744441142,-0.07807537455795988
2026-09-04 22:00:00+00:00,9345.10707207054,9345.10707207054,0.0,0,False,79636.09,0.0,11104.4832271579,0.0001518386416154982,-0.07807537455795988
2026-09-04 23:00:00+00:00,9345.10707207054,9345.10707207054,0.0,0,False,79660.77,0.0,11107.924614675121,0.00030990974067157673,-0.07807537455795988
2026-09-05 00:00:00+00:00,9345.10707207054,9345.10707207054,0.0,0,False,79573.36,0.0,11095.736134817738,-0.001097277869646307,-0.07807537455795988
2026-09-05 01:00:00+00:00,9345.10707207054,9345.10707207054,0.0,0,False,79533.34,0.0,11090.155732530899,-0.0005029321370871864,-0.07807537455795988
2026-09-05 02:00:00+00:00,9345.10707207054,9345.10707207054,0.0,0,False,79569.09,0.0,11095.140724578736,0.00044949702854180096,-0.07807537455795988
2026-09-05 03:00:00+00:00,9345.10707207054,9345.10707207054,0.0,0,False,79582.0,0.0,11096.940899329438,0.00016224893359972903,-0.07807537455795988
2026-09-05 04:00:00+00:00,9345.10707207054,9345.10707207054,0.0,0,False,79500.01,0.0,11085.508186098607,-0.0010302580985650511,-0.07807537455795988
2026-09-05 05:00:00+00:00,9345.10707207054,9345.10707207054,0.0,0,False,79577.53,0.0,11096.317601023038,0.0009750942169692856,-0.07807537455795988
2026-09-05 06:00:00+00:00,9345.10707207054,9345.10707207054,0.0,0,False,79644.01,0.0,11105.58759462696,0.000835411704786404,-0.07807537455795988
2026-09-05 07:00:00+00:00,9345.10707207054,9345.10707207054,0.0,0,False,79709.96,0.0,11114.783684852275,0.0008280597624354957,-0.07807537455795988
2026-09-05 08:00:00+00:00,9345.10707207054,9345.10707207054,0.0,0,False,79650.0,0.0,11106.422842245605,-0.0007522271997127961,-0.07807537455795988
2026-09-05 09:00:00+00:00,9345.10707207054,9345.10707207054,0.0,0,False,79631.28,0.0,11103.81251913692,-0.00023502824858756544,-0.07807537455795988
2026-09-05 10:00:00+00:00,9345.10707207054,9345.10707207054,0.0,0,False,79618.01,0.0,11101.962145864896,-0.00016664305785374367,-0.07807537455795988
2026-09-05 11:00:00+00:00,9345.10707207054,9345.10707207054,0.0,0,False,79609.28,0.0,11100.744831722866,-0.00010964855815898122,-0.07807537455795988
2026-09-05 12:00:00+00:00,9345.10707207054,9345.10707207054,0.0,0,False,79704.14,0.0,11113.972142090917,0.0011915696260533792,-0.07807537455795988
2026-09-05 13:00:00+00:00,9345.10707207054,9345.10707207054,0.0,0,False,79613.67,0.0,11101.356974802306,-0.0011350727829193552,-0.07807537455795988
2026-09-05 14:00:00+00:00,9345.10707207054,9345.10707207054,0.0,0,False,79719.76,0.0,11116.150200154896,0.0013325600992895037,-0.07807537455795988
2026-09-05 15:00:00+00:00,9345.10707207054,9345.10707207054,0.0,0,False,79806.01,0.0,11128.17692922136,0.0010819149480632007,-0.07807537455795988
2026-09-05 16:00:00+00:00,9345.10707207054,9345.10707207054,0.0,0,False,80042.0,0.0,11161.083454350568,0.0029570454656233647,-0.07807537455795988
2026-09-05 17:00:00+00:00,9345.10707207054,9345.10707207054,0.0,0,False,80058.6,0.0,11163.39816394481,0.0002073911196622813,-0.07807537455795988
2026-09-05 18:00:00+00:00,9345.10707207054,9345.10707207054,0.0,0,False,79999.98,0.0,11155.224171389726,-0.0007322136534988477,-0.07807537455795988
2026-09-05 19:00:00+00:00,9345.10707207054,9345.10707207054,0.0,0,False,79754.0,0.0,11120.924637293861,-0.003074750768687684,-0.07807537455795988
2026-09-05 20:00:00+00:00,9345.10707207054,9345.10707207054,0.0,0,False,79737.83,0.0,11118.66988704453,-0.00020274845148837706,-0.07807537455795988
2026-09-05 21:00:00+00:00,9345.10707207054,9345.10707207054,0.0,0,False,79906.02,0.0,11142.122357324974,0.002109287398465609,-0.07807537455795988
2026-09-05 22:00:00+00:00,9345.10707207054,9345.10707207054,0.0,0,False,79783.99,0.0,11125.106453000564,-0.0015271690418318107,-0.07807537455795988
2026-09-05 23:00:00+00:00,9345.10707207054,9345.10707207054,0.0,0,False,79831.75,0.0,11131.766123495801,0.0005986163389422039,-0.07807537455795988
2026-09-06 00:00:00+00:00,9345.10707207054,9345.10707207054,0.0,0,False,79868.0,0.0,11136.82083571214,0.00045407998697255536,-0.07807537455795988
2026-09-06 01:00:00+00:00,9345.10707207054,9345.10707207054,0.0,0,False,79951.39,0.0,11148.448765414774,0.0010440977613059843,-0.07807537455795988
2026-09-06 02:00:00+00:00,9345.10707207054,9345.10707207054,0.0,0,False,79907.28,0.0,11142.298052149597,-0.0005517102329301027,-0.07807537455795988
2026-09-06 03:00:00+00:00,9345.10707207054,9345.10707207054,0.0,0,False,80028.01,0.0,11159.132684035903,0.0015108761054061226,-0.07807537455795988
2026-09-06 04:00:00+00:00,9345.10707207054,9345.10707207054,0.0,0,False,79866.01,0.0,11136.543349441507,-0.0020242912450277872,-0.07807537455795988
2026-09-06 05:00:00+00:00,9345.10707207054,9345.10707207054,0.0,0,False,79989.13,0.0,11153.711243733249,0.001541581957080318,-0.07807537455795988
2026-09-06 06:00:00+00:00,9345.10707207054,9345.10707207054,0.0,0,False,79784.65,0.0,11125.198483622986,-0.0025563473436953643,-0.07807537455795988
2026-09-06 07:00:00+00:00,9345.10707207054,9345.10707207054,0.0,0,False,79805.0,0.0,11128.036094480985,0.00025506159392807426,-0.07807537455795988
2026-09-06 08:00:00+00:00,9345.10707207054,9345.10707207054,0.0,0,False,79837.17,0.0,11132.521890122354,0.0004031075747132906,-0.07807537455795988
2026-09-06 09:00:00+00:00,9345.10707207054,9345.10707207054,0.0,0,False,79885.77,0.0,11139.298690500675,0.0006087390121669589,-0.07807537455795988
2026-09-06 10:00:00+00:00,9345.10707207054,9345.10707207054,0.0,0,False,80003.93,0.0,11155.774960720884,0.0014791119870283254,-0.07807537455795988
2026-09-06 11:00:00+00:00,9345.10707207054,9345.10707207054,0.0,0,False,79919.17,0.0,11143.955997756555,-0.0010594479546193192,-0.07807537455795988
2026-09-06 12:00:00+00:00,9345.10707207054,9345.10707207054,0.0,0,False,79922.04,0.0,11144.356191523751,3.591128386348785e-05,-0.07807537455795988
2026-09-06 13:00:00+00:00,9345.10707207054,9345.10707207054,0.0,0,False,79829.98,0.0,11131.519314099307,-0.0011518724997509056,-0.07807537455795988
2026-09-06 14:00:00+00:00,9345.10707207054,9345.10707207054,0.0,0,False,79543.06,0.0,11091.511092606563,-0.003594138442725381,-0.07807537455795988
2026-09-06 15:00:00+00:00,9345.10707207054,9345.10707207054,0.0,0,False,79716.5,0.0,11115.69562465627,0.002180454209330218,-0.07807537455795988
2026-09-06 16:00:00+00:00,9345.10707207054,9345.10707207054,0.0,0,False,79682.0,0.0,11110.884933029683,-0.0004327836771560456,-0.07807537455795988
2026-09-06 17:00:00+00:00,9345.10707207054,9345.10707207054,0.0,0,False,79745.34,0.0,11119.717083975418,0.000794909766321128,-0.07807537455795988
2026-09-06 18:00:00+00:00,9345.10707207054,9345.10707207054,0.0,0,False,79955.34,0.0,11148.999554745935,0.0026333827155293754,-0.07807537455795988
2026-09-06 19:00:00+00:00,9345.10707207054,9345.10707207054,0.0,0,False,79829.99,0.0,11131.520708502678,-0.0015677501965472018,-0.07807537455795988
2026-09-06 20:00:00+00:00,9345.10707207054,9345.10707207054,0.0,0,False,79912.0,0.0,11142.95621054025,0.0010273081582499177,-0.07807537455795988
2026-09-06 21:00:00+00:00,9345.10707207054,9345.10707207054,0.0,0,False,79944.38,0.0,11147.471288652388,0.0004051957152868546,-0.07807537455795988
2026-09-06 22:00:00+00:00,9345.10707207054,9345.10707207054,0.0,0,False,80055.17,0.0,11162.91988358889,0.0013858385042200272,-0.07807537455795988
2026-09-06 23:00:00+00:00,9345.10707207054,9345.10707207054,0.0,0,False,80341.83,0.0,11202.891850594015,0.0035807806041758816,-0.07807537455795988
2026-09-07 00:00:00+00:00,9345.10707207054,9345.10707207054,0.0,0,False,80160.01,0.0,11177.538808520228,-0.00226308014144061,-0.07807537455795988
2026-09-07 01:00:00+00:00,9345.10707207054,9345.10707207054,0.0,0,False,79926.14,0.0,11144.927896905463,-0.0029175395561952255,-0.07807537455795988
2026-09-07 02:00:00+00:00,9345.10707207054,9345.10707207054,0.0,0,False,79874.24,0.0,11137.690943415037,-0.0006493495119368475,-0.07807537455795988
2026-09-07 03:00:00+00:00,9345.10707207054,9345.10707207054,0.0,0,False,79596.39,0.0,11098.947445778904,-0.00347859334874423,-0.07807537455795988
2026-09-07 04:00:00+00:00,9345.10707207054,9345.10707207054,0.0,0,False,79724.0,0.0,11116.741427183788,0.001603213412065596,-0.07807537455795988
2026-09-07 05:00:00+00:00,9345.10707207054,9345.10707207054,0.0,0,False,79759.47,0.0,11121.687375937265,0.00044490993929047207,-0.07807537455795988
2026-09-07 06:00:00+00:00,9345.10707207054,9345.10707207054,0.0,0,False,79659.27,0.0,11107.715454169618,-0.0012562771542991014,-0.07807537455795988
2026-09-07 07:00:00+00:00,9345.10707207054,9345.10707207054,0.0,0,False,79397.83,0.0,11071.260172463697,-0.0032819783560656957,-0.07807537455795988
2026-09-07 08:00:00+00:00,9345.10707207054,9345.10707207054,0.0,0,False,79437.38,0.0,11076.775037792144,0.0004981244449626665,-0.07807537455795988
2026-09-07 09:00:00+00:00,9345.10707207054,9345.10707207054,0.0,0,False,79313.85,0.0,11059.54997296223,-0.0015550613577638428,-0.07807537455795988
2026-09-07 10:00:00+00:00,9345.10707207054,9345.10707207054,0.0,0,False,79360.0,0.0,11065.985144514892,0.0005818655884186619,-0.07807537455795988
2026-09-07 11:00:00+00:00,9345.10707207054,9345.10707207054,0.0,0,False,79420.16,0.0,11074.373875188961,0.0007580645161291422,-0.07807537455795988
2026-09-07 12:00:00+00:00,9345.10707207054,9345.10707207054,0.0,0,False,79606.84,0.0,11100.404597300578,0.002350536689928351,-0.07807537455795988
2026-09-07 13:00:00+00:00,9345.10707207054,9345.10707207054,0.0,0,False,79352.01,0.0,11064.871016222243,-0.003201106839562873,-0.07807537455795988
2026-09-07 14:00:00+00:00,9345.10707207054,9345.10707207054,0.0,0,False,79191.95,0.0,11042.55219588163,-0.0020170881619759884,-0.07807537455795988
2026-09-07 15:00:00+00:00,9345.10707207054,9345.10707207054,0.0,0,False,78821.99,0.0,10990.964848804202,-0.004671686958080845,-0.07807537455795988
2026-09-07 16:00:00+00:00,9345.10707207054,9345.10707207054,0.0,0,False,79028.87,0.0,11019.812265723269,0.0026246482739142873,-0.07807537455795988
2026-09-07 17:00:00+00:00,9345.10707207054,9345.10707207054,0.0,0,False,79185.73,0.0,11041.684876985475,0.001984844272732378,-0.07807537455795988
2026-09-07 18:00:00+00:00,9345.10707207054,9345.10707207054,0.0,0,False,79196.16,0.0,11043.139239700411,0.0001317156512923301,-0.07807537455795988
2026-09-07 19:00:00+00:00,9345.10707207054,9345.10707207054,0.0,0,False,79365.82,0.0,11066.796687276248,0.0021422755850788455,-0.07807537455795988
2026-09-07 20:00:00+00:00,9345.10707207054,9345.10707207054,0.0,0,False,79238.0,0.0,11048.973423400594,-0.0016105169706557287,-0.07807537455795988
2026-09-07 21:00:00+00:00,9345.10707207054,9345.10707207054,0.0,0,False,79164.0,0.0,11038.654838462411,-0.0009338953532397332,-0.07807537455795988
2026-09-07 22:00:00+00:00,9345.10707207054,9345.10707207054,0.0,0,False,78952.19,0.0,11009.11998068192,-0.0026755848618059686,-0.07807537455795988
2026-09-07 23:00:00+00:00,9345.10707207054,9345.10707207054,0.0,0,False,79112.01,0.0,11031.405335341655,0.002024263038175489,-0.07807537455795988
2026-09-08 00:00:00+00:00,9345.10707207054,9345.10707207054,0.0,0,False,79313.08,0.0,11059.442603902738,0.002541586290122133,-0.07807537455795988
2026-09-08 01:00:00+00:00,9345.10707207054,9345.10707207054,0.0,0,False,79441.99,0.0,11077.417857745724,0.0016253309038054553,-0.07807537455795988
2026-09-08 02:00:00+00:00,9345.10707207054,9345.10707207054,0.0,0,False,78930.01,0.0,11006.027194007207,-0.006444702606266506,-0.07807537455795988
2026-09-08 03:00:00+00:00,9345.10707207054,9345.10707207054,0.0,0,False,78906.28,0.0,11002.718274810139,-0.0003006461040611086,-0.07807537455795988
2026-09-08 04:00:00+00:00,9345.10707207054,9345.10707207054,0.0,0,False,78678.71,0.0,10970.98583731849,-0.0028840543490327164,-0.07807537455795988
2026-09-08 05:00:00+00:00,9345.10707207054,9345.10707207054,0.0,0,False,78578.0,0.0,10956.942800978974,-0.0012800159026501445,-0.07807537455795988
2026-09-08 06:00:00+00:00,9345.10707207054,9345.10707207054,0.0,0,False,78323.59,0.0,10921.467784842176,-0.003237674667209922,-0.07807537455795988
2026-09-08 07:00:00+00:00,9345.10707207054,9345.10707207054,0.0,0,False,78482.0,0.0,10943.556528626737,0.0020225068845798333,-0.07807537455795988
2026-09-08 08:00:00+00:00,9345.10707207054,9345.10707207054,0.0,0,False,78418.0,0.0,10934.63234705858,-0.0008154736117836903,-0.07807537455795988
2026-09-08 09:00:00+00:00,9345.10707207054,9345.10707207054,0.0,0,False,78761.99,0.0,10982.598428584055,0.004386620418781462,-0.07807537455795988
2026-09-08 10:00:00+00:00,9345.10707207054,9345.10707207054,0.0,0,False,78568.0,0.0,10955.548397608949,-0.00246299007935169,-0.07807537455795988
2026-09-08 11:00:00+00:00,9345.10707207054,9345.10707207054,0.0,0,False,78430.01,0.0,10936.30702550598,-0.0017563130027492546,-0.07807537455795988
2026-09-08 12:00:00+00:00,9345.10707207054,9345.10707207054,0.0,0,False,78449.99,0.0,10939.093043439289,0.00025474942563441516,-0.07807537455795988
2026-09-08 13:00:00+00:00,9345.10707207054,9345.10707207054,0.0,0,False,77961.66,0.0,10871.00014367088,-0.006224729920296879,-0.07807537455795988
2026-09-08 14:00:00+00:00,9345.10707207054,9345.10707207054,0.0,0,False,78567.52,0.0,10955.481466247187,0.0077712557685405415,-0.07807537455795988
2026-09-08 15:00:00+00:00,9345.10707207054,9345.10707207054,0.0,0,False,78904.0,0.0,11002.400350841774,0.0042826857714231,-0.07807537455795988
2026-09-08 16:00:00+00:00,9345.10707207054,9345.10707207054,0.0,0,False,78735.89,0.0,10978.95903578829,-0.002130563723005241,-0.07807537455795988
2026-09-08 17:00:00+00:00,9345.10707207054,9345.10707207054,0.0,0,False,78504.38,0.0,10946.677203368852,-0.0029403363574095343,-0.07807537455795988
2026-09-08 18:00:00+00:00,9345.10707207054,9345.10707207054,0.0,0,False,78436.0,0.0,10937.142273124624,-0.0008710342021681639,-0.07807537455795988
2026-09-08 19:00:00+00:00,9345.10707207054,9345.10707207054,0.0,0,False,78446.0,0.0,10938.536676494648,0.00012749247794374696,-0.07807537455795988
2026-09-08 20:00:00+00:00,9345.10707207054,9345.10707207054,0.0,0,False,78487.99,0.0,10944.391776245382,0.0005352726716467693,-0.07807537455795988
2026-09-08 21:00:00+00:00,9345.10707207054,9345.10707207054,0.0,0,False,78492.18,0.0,10944.976031257422,5.3383963584785477e-05,-0.07807537455795988
2026-09-08 22:00:00+00:00,9345.10707207054,9345.10707207054,0.0,0,False,78562.44,0.0,10954.773109335214,0.0008951210171510571,-0.07807537455795988
2026-09-08 23:00:00+00:00,9345.10707207054,9345.10707207054,0.0,0,False,78455.8,0.0,10939.903191797273,-0.0013573916492408689,-0.07807537455795988
2026-09-09 00:00:00+00:00,9345.10707207054,9345.10707207054,0.0,0,False,78774.65,0.0,10984.363743250506,0.0040640717448550134,-0.07807537455795988
2026-09-09 01:00:00+00:00,9345.10707207054,9345.10707207054,0.0,0,False,78891.5,0.0,11000.657346629243,0.0014833452132125835,-0.07807537455795988
2026-09-09 02:00:00+00:00,9345.10707207054,9345.10707207054,0.0,0,False,78726.01,0.0,10977.581365258706,-0.0020976911327583725,-0.07807537455795988
2026-09-09 03:00:00+00:00,9345.10707207054,9345.10707207054,0.0,0,False,78638.01,0.0,10965.31061560249,-0.001117800838630112,-0.07807537455795988
2026-09-09 04:00:00+00:00,9345.10707207054,9345.10707207054,0.0,0,False,79171.5,0.0,11039.70064098993,0.006784123860713143,-0.07807537455795988
2026-09-09 05:00:00+00:00,9345.10707207054,9345.10707207054,0.0,0,False,78923.43,0.0,11005.109676589731,-0.0031333244917678416,-0.07807537455795988
2026-09-09 06:00:00+00:00,9345.10707207054,9345.10707207054,0.0,0,False,79159.03,0.0,11037.96181998751,0.002985171830469202,-0.07807537455795988
2026-09-09 07:00:00+00:00,9345.10707207054,9345.10707207054,0.0,0,False,79277.43,0.0,11054.4715558886,0.0014957232295544909,-0.07807537455795988
2026-09-09 08:00:00+00:00,9345.10707207054,9345.10707207054,0.0,0,False,79698.02,0.0,11113.118767228463,0.005305293070171357,-0.07807537455795988
2026-09-09 09:00:00+00:00,9345.10707207054,9345.10707207054,0.0,0,False,78952.01,0.0,11009.09488142126,-0.009360458390308857,-0.07807537455795988
2026-09-09 10:00:00+00:00,9345.10707207054,9345.10707207054,0.0,0,False,78920.01,0.0,11004.632790637183,-0.0004053095038365484,-0.07807537455795988
2026-09-09 11:00:00+00:00,9345.10707207054,9345.10707207054,0.0,0,False,79324.75,0.0,11061.069872635557,0.005128483891474467,-0.07807537455795988
2026-09-09 12:00:00+00:00,9345.10707207054,9345.10707207054,0.0,0,False,79606.14,0.0,11100.306989064677,0.0035473165689143826,-0.07807537455795988
2026-09-09 13:00:00+00:00,9345.10707207054,9345.10707207054,0.0,0,False,79140.69,0.0,11035.404484206883,-0.005846910803613881,-0.07807537455795988
2026-09-09 14:00:00+00:00,9345.10707207054,9345.10707207054,0.0,0,False,78958.01,0.0,11009.931523443276,-0.002308294254194543,-0.07807537455795988
2026-09-09 15:00:00+00:00,9345.10707207054,9345.10707207054,0.0,0,False,78596.7,0.0,10959.55033528092,-0.00457597652220465,-0.07807537455795988
2026-09-09 16:00:00+00:00,9345.10707207054,9345.10707207054,0.0,0,False,78804.9,0.0,10988.58181344483,0.0026489661779691698,-0.07807537455795988
2026-09-09 17:00:00+00:00,9345.10707207054,9345.10707207054,0.0,0,False,78776.01,0.0,10984.553382108828,-0.0003666015691917712,-0.07807537455795988
2026-09-09 18:00:00+00:00,9345.10707207054,9345.10707207054,0.0,0,False,78414.42,0.0,10934.133150652111,-0.0045901030021702205,-0.07807537455795988
2026-09-09 19:00:00+00:00,9345.10707207054,9345.10707207054,0.0,0,False,78234.94,0.0,10909.10639896691,-0.002288864726666451,-0.07807537455795988
2026-09-09 20:00:00+00:00,9345.10707207054,9345.10707207054,0.0,0,False,78324.07,0.0,10921.53471620394,0.0011392607957521061,-0.07807537455795988
2026-09-09 21:00:00+00:00,9345.10707207054,9345.10707207054,0.0,0,False,78145.02,0.0,10896.56792386365,-0.002286015014286269,-0.07807537455795988
2026-09-09 22:00:00+00:00,9345.10707207054,9345.10707207054,0.0,0,False,77924.06,0.0,10865.757186999586,-0.0028275634199083077,-0.07807537455795988
2026-09-09 23:00:00+00:00,9345.10707207054,9345.10707207054,0.0,0,False,78306.43,0.0,10919.074988659215,0.004906956850040833,-0.07807537455795988
2026-09-10 00:00:00+00:00,9345.10707207054,9345.10707207054,0.0,0,False,78180.7,0.0,10901.543155087897,-0.0016056152732284446,-0.07807537455795988
2026-09-10 01:00:00+00:00,9345.10707207054,9345.10707207054,0.0,0,False,78094.0,0.0,10889.453677869784,-0.001108969349212785,-0.07807537455795988
2026-09-10 02:00:00+00:00,9345.10707207054,9345.10707207054,0.0,0,False,78357.86,0.0,10926.246405191252,0.003378748687479227,-0.07807537455795988
2026-09-10 03:00:00+00:00,9345.10707207054,9345.10707207054,0.0,0,False,78328.08,0.0,10922.09387195532,-0.00038005121630424465,-0.07807537455795988
2026-09-10 04:00:00+00:00,9345.10707207054,9345.10707207054,0.0,0,False,78400.0,0.0,10932.122420992535,0.0009181892368610445,-0.07807537455795988
2026-09-10 05:00:00+00:00,9345.10707207054,9345.10707207054,0.0,0,False,78536.71,0.0,10951.185309464143,0.001743750000000155,-0.07807537455795988
2026-09-10 06:00:00+00:00,9345.10707207054,9345.10707207054,0.0,0,False,78416.01,0.0,10934.354860787946,-0.0015368609151058532,-0.07807537455795988
2026-09-10 07:00:00+00:00,9345.10707207054,9345.10707207054,0.0,0,False,78112.0,0.0,10891.963603935828,-0.0038768868755245656,-0.07807537455795988
2026-09-10 08:00:00+00:00,9345.10707207054,9345.10707207054,0.0,0,False,78110.0,0.0,10891.684723261824,-2.560426054887266e-05,-0.07807537455795988
2026-09-10 09:00:00+00:00,9345.10707207054,9345.10707207054,0.0,0,False,77992.01,0.0,10875.232157898903,-0.0015105620279094456,-0.07807537455795988
2026-09-10 10:00:00+00:00,9345.10707207054,9345.10707207054,0.0,0,False,77863.21,0.0,10857.272242492989,-0.0016514512191695419,-0.07807537455795988
2026-09-10 11:00:00+00:00,9345.10707207054,9345.10707207054,0.0,0,False,77840.8,0.0,10854.147384540762,-0.000287812434139445,-0.07807537455795988
2026-09-10 12:00:00+00:00,9345.10707207054,9345.10707207054,0.0,0,False,76896.01,0.0,10722.405548544211,-0.012137465185352636,-0.07807537455795988
2026-09-10 13:00:00+00:00,9345.10707207054,9345.10707207054,0.0,0,False,77174.44,0.0,10761.229921575805,0.003620864073441421,-0.07807537455795988
2026-09-10 14:00:00+00:00,9345.10707207054,9345.10707207054,0.0,0,False,77412.01,0.0,10794.35676243748,0.003078350811486441,-0.07807537455795988
2026-09-10 15:00:00+00:00,9345.10707207054,9345.10707207054,0.0,0,False,77250.0,0.0,10771.766033439711,-0.0020928277149759866,-0.07807537455795988
2026-09-10 16:00:00+00:00,9345.10707207054,9345.10707207054,0.0,0,False,77200.01,0.0,10764.795410992958,-0.0006471197411004326,-0.07807537455795988
2026-09-10 17:00:00+00:00,9345.10707207054,9345.10707207054,0.0,0,False,77328.72,0.0,10782.742776768544,0.0016672277633125177,-0.07807537455795988
2026-09-10 18:00:00+00:00,9345.10707207054,9345.10707207054,0.0,0,False,77252.0,0.0,10772.044914113716,-0.0009921281510930635,-0.07807537455795988
2026-09-10 19:00:00+00:00,9345.10707207054,9345.10707207054,0.0,0,False,77160.83,0.0,10759.332138589203,-0.0011801636203592203,-0.07807537455795988
2026-09-10 20:00:00+00:00,9345.10707207054,9345.10707207054,0.0,0,False,77268.08,0.0,10774.287114732717,0.0013899539442487896,-0.07807537455795988
2026-09-10 21:00:00+00:00,9345.10707207054,9345.10707207054,0.0,0,False,77144.0,0.0,10756.98535771745,-0.001605837753442474,-0.07807537455795988
2026-09-10 22:00:00+00:00,9345.10707207054,9345.10707207054,0.0,0,False,76836.45,0.0,10714.100482072345,-0.0039867001970341764,-0.07807537455795988
2026-09-10 23:00:00+00:00,9345.10707207054,9345.10707207054,0.0,0,False,76568.72,0.0,10676.768120646679,-0.0034844139727953083,-0.07807537455795988
2026-09-11 00:00:00+00:00,9345.10707207054,9345.10707207054,0.0,0,False,76908.59,0.0,10724.159707983701,0.0044387577590430105,-0.07807537455795988
2026-09-11 01:00:00+00:00,9345.10707207054,9345.10707207054,0.0,0,False,76971.43,0.0,10732.922138760936,0.0008170738795236776,-0.07807537455795988
2026-09-11 02:00:00+00:00,9345.10707207054,9345.10707207054,0.0,0,False,76838.68,0.0,10714.411434023861,-0.001724665892266719,-0.07807537455795988
2026-09-11 03:00:00+00:00,9345.10707207054,9345.10707207054,0.0,0,False,76891.8,0.0,10721.818504725432,0.0006913184869912214,-0.07807537455795988
2026-09-11 04:00:00+00:00,9345.10707207054,9345.10707207054,0.0,0,False,77114.01,0.0,10752.803542010748,0.002889905035387441,-0.07807537455795988
2026-09-11 05:00:00+00:00,9345.10707207054,9345.10707207054,0.0,0,False,77252.86,0.0,10772.164832803539,0.0018005807245660144,-0.07807537455795988
2026-09-11 06:00:00+00:00,9345.10707207054,9345.10707207054,0.0,0,False,77298.01,0.0,10778.460564019199,0.0005844443817353273,-0.07807537455795988
2026-09-11 07:00:00+00:00,9345.10707207054,9345.10707207054,0.0,0,False,77230.7,0.0,10769.074834935564,-0.0008707856774061717,-0.07807537455795988
2026-09-11 08:00:00+00:00,9345.10707207054,9345.10707207054,0.0,0,False,77364.93,0.0,10787.791911371403,0.0017380394066091043,-0.07807537455795988
2026-09-11 09:00:00+00:00,9345.10707207054,9345.10707207054,0.0,0,False,77042.0,0.0,10742.762443343201,-0.004174113516292155,-0.07807537455795988
2026-09-11 10:00:00+00:00,9345.10707207054,9345.10707207054,0.0,0,False,76993.25,0.0,10735.964726914332,-0.0006327717348978412,-0.07807537455795988
2026-09-11 11:00:00+00:00,9345.10707207054,9345.10707207054,0.0,0,False,77036.12,0.0,10741.942534161626,0.0005568020573232246,-0.07807537455795988
2026-09-11 12:00:00+00:00,9345.10707207054,9345.10707207054,0.0,0,False,78032.99,0.0,10880.946422909265,0.012940293462339492,-0.07807537455795988
