timestamp,equity
2026-05-15 04:00:00+00:00,10000.0
2026-05-15 05:00:00+00:00,10000.0
2026-05-15 06:00:00+00:00,10000.0
2026-05-15 07:00:00+00:00,10000.0
2026-05-15 08:00:00+00:00,10000.0
2026-05-15 09:00:00+00:00,10000.0
2026-05-15 10:00:00+00:00,10000.0
2026-05-15 11:00:00+00:00,10000.0
2026-05-15 12:00:00+00:00,10000.0
2026-05-15 13:00:00+00:00,10000.0
2026-05-15 14:00:00+00:00,10000.0
2026-05-15 15:00:00+00:00,10000.0
2026-05-15 16:00:00+00:00,10000.0
2026-05-15 17:00:00+00:00,10000.0
2026-05-15 18:00:00+00:00,10000.0
2026-05-15 19:00:00+00:00,10000.0
2026-05-15 20:00:00+00:00,10000.0
2026-05-15 21:00:00+00:00,10000.0
2026-05-15 22:00:00+00:00,10000.0
2026-05-15 23:00:00+00:00,10000.0
2026-05-16 00:00:00+00:00,10000.0
2026-05-16 01:00:00+00:00,10000.0
2026-05-16 02:00:00+00:00,10000.0
2026-05-16 03:00:00+00:00,10000.0
2026-05-16 04:00:00+00:00,10000.0
2026-05-16 05:00:00+00:00,10000.0
2026-05-16 06:00:00+00:00,10000.0
2026-05-16 07:00:00+00:00,10000.0
2026-05-16 08:00:00+00:00,10000.0
2026-05-16 09:00:00+00:00,10000.0
2026-05-16 10:00:00+00:00,9982.737179458003
2026-05-16 11:00:00+00:00,9995.695846654433
2026-05-16 12:00:00+00:00,9991.847216526148
2026-05-16 13:00:00+00:00,9993.742367377281
2026-05-16 14:00:00+00:00,10007.618459938416
2026-05-16 15:00:00+00:00,10014.7035976881
2026-05-16 16:00:00+00:00,9999.08108787155
2026-05-16 17:00:00+00:00,10009.83395504518
2026-05-16 18:00:00+00:00,10017.25043863859
2026-05-16 19:00:00+00:00,10015.07448982194
2026-05-16 20:00:00+00:00,10003.730798047223
2026-05-16 21:00:00+00:00,10001.56008186049
2026-05-16 22:00:00+00:00,9992.24107166196
2026-05-16 23:00:00+00:00,9988.74001004584
2026-05-17 00:00:00+00:00,9968.044805370664
2026-05-17 01:00:00+00:00,9927.131001484282
2026-05-17 02:00:00+00:00,9949.289014677053
2026-05-17 03:00:00+00:00,9975.838189543383
2026-05-17 04:00:00+00:00,9996.813984789493
2026-05-17 05:00:00+00:00,9996.939693801027
2026-05-17 06:00:00+00:00,9987.373859272064
2026-05-17 07:00:00+00:00,9997.091905973048
2026-05-17 08:00:00+00:00,9975.653070420776
2026-05-17 09:00:00+00:00,10001.314819646166
2026-05-17 10:00:00+00:00,10020.31607888892
2026-05-17 11:00:00+00:00,10007.650109824071
2026-05-17 12:00:00+00:00,10002.977568386203
2026-05-17 13:00:00+00:00,9965.93491949031
2026-05-17 14:00:00+00:00,9941.55150925846
2026-05-17 15:00:00+00:00,9949.838612918598
2026-05-17 16:00:00+00:00,9919.751071429433
2026-05-17 17:00:00+00:00,9925.922451516837
2026-05-17 18:00:00+00:00,9948.194292855776
2026-05-17 19:00:00+00:00,9966.73462740717
2026-05-17 20:00:00+00:00,9951.195212856323
2026-05-17 21:00:00+00:00,9964.489937965076
2026-05-17 22:00:00+00:00,9910.983116310583
2026-05-17 23:00:00+00:00,9766.006009600154
2026-05-18 00:00:00+00:00,9714.780940283365
2026-05-18 01:00:00+00:00,9713.219838569514
2026-05-18 02:00:00+00:00,9695.92407414383
2026-05-18 03:00:00+00:00,9670.749549041739
2026-05-18 04:00:00+00:00,9699.164012635718
2026-05-18 05:00:00+00:00,9667.33531244247
2026-05-18 06:00:00+00:00,9654.548263029927
2026-05-18 07:00:00+00:00,9664.663804319904
2026-05-18 08:00:00+00:00,9672.265771471655
2026-05-18 09:00:00+00:00,9651.986044911502
2026-05-18 10:00:00+00:00,9620.118573661537
2026-05-18 11:00:00+00:00,9701.238898845031
2026-05-18 12:00:00+00:00,9743.767243624165
2026-05-18 13:00:00+00:00,9655.124625776014
2026-05-18 14:00:00+00:00,9590.68894841973
2026-05-18 15:00:00+00:00,9588.548291503059
2026-05-18 16:00:00+00:00,9596.59299314934
2026-05-18 17:00:00+00:00,9622.860239620419
2026-05-18 18:00:00+00:00,9548.055763892704
2026-05-18 19:00:00+00:00,9660.851562707465
2026-05-18 20:00:00+00:00,9648.579863774776
2026-05-18 21:00:00+00:00,9689.6093149417
2026-05-18 22:00:00+00:00,9663.009625320563
2026-05-18 23:00:00+00:00,9656.30421863179
2026-05-19 00:00:00+00:00,9684.209555832236
2026-05-19 01:00:00+00:00,9631.46266031542
2026-05-19 02:00:00+00:00,9618.773047462968
2026-05-19 03:00:00+00:00,9640.922712848564
2026-05-19 04:00:00+00:00,9661.220382681464
2026-05-19 05:00:00+00:00,9652.550448603148
2026-05-19 06:00:00+00:00,9663.80007699151
2026-05-19 07:00:00+00:00,9690.042052508947
2026-05-19 08:00:00+00:00,9657.339227505534
2026-05-19 09:00:00+00:00,9623.731205798258
2026-05-19 10:00:00+00:00,9626.178698073809
2026-05-19 11:00:00+00:00,9580.696105529143
2026-05-19 12:00:00+00:00,9617.905949972972
2026-05-19 13:00:00+00:00,9619.464897376478
2026-05-19 14:00:00+00:00,9556.71939321677
2026-05-19 15:00:00+00:00,9566.699510744946
2026-05-19 16:00:00+00:00,9615.061841847235
2026-05-19 17:00:00+00:00,9599.22480625182
2026-05-19 18:00:00+00:00,9586.25113757824
2026-05-19 19:00:00+00:00,9583.359867950145
2026-05-19 20:00:00+00:00,9613.414009986238
2026-05-19 21:00:00+00:00,9607.068441893107
2026-05-19 22:00:00+00:00,9570.92934695628
2026-05-19 23:00:00+00:00,9580.4781590636
2026-05-20 00:00:00+00:00,9577.639590677125
2026-05-20 01:00:00+00:00,9573.856317812028
2026-05-20 02:00:00+00:00,9556.065804424476
2026-05-20 03:00:00+00:00,9573.579664657293
2026-05-20 04:00:00+00:00,9584.839701875662
2026-05-20 05:00:00+00:00,9639.76042943947
2026-05-20 06:00:00+00:00,9655.243740136937
2026-05-20 07:00:00+00:00,9625.820581939055
2026-05-20 08:00:00+00:00,9654.132998530515
2026-05-20 09:00:00+00:00,9638.443766470515
2026-05-20 10:00:00+00:00,9657.86580469854
2026-05-20 11:00:00+00:00,9626.279622547361
2026-05-20 12:00:00+00:00,9658.293037139603
2026-05-20 13:00:00+00:00,9611.345241027304
2026-05-20 14:00:00+00:00,9683.155221445308
2026-05-20 15:00:00+00:00,9687.124969123795
2026-05-20 16:00:00+00:00,9711.949874434615
2026-05-20 17:00:00+00:00,9728.097554037271
2026-05-20 18:00:00+00:00,9679.658630995584
2026-05-20 19:00:00+00:00,9714.046372221886
2026-05-20 20:00:00+00:00,9718.458211757124
2026-05-20 21:00:00+00:00,9693.990235560112
2026-05-20 22:00:00+00:00,9697.101279617802
2026-05-20 23:00:00+00:00,9707.401091555343
2026-05-21 00:00:00+00:00,9754.38360181486
2026-05-21 01:00:00+00:00,9743.714957191085
2026-05-21 02:00:00+00:00,9750.445353985759
2026-05-21 03:00:00+00:00,9767.831898526447
2026-05-21 04:00:00+00:00,9763.417383084552
2026-05-21 05:00:00+00:00,9730.618039486051
2026-05-21 06:00:00+00:00,9700.144326643018
2026-05-21 07:00:00+00:00,9731.607039722014
2026-05-21 08:00:00+00:00,9741.125059032885
2026-05-21 09:00:00+00:00,9699.482464845942
2026-05-21 10:00:00+00:00,9634.73205530692
2026-05-21 11:00:00+00:00,9624.651889950499
2026-05-21 12:00:00+00:00,9635.521069992017
2026-05-21 13:00:00+00:00,9614.158463472684
2026-05-21 14:00:00+00:00,9588.608783474565
2026-05-21 15:00:00+00:00,9621.623958272085
2026-05-21 16:00:00+00:00,9617.708582034238
2026-05-21 17:00:00+00:00,9729.204295582236
2026-05-21 18:00:00+00:00,9664.247701142383
2026-05-21 19:00:00+00:00,9712.403070642002
2026-05-21 20:00:00+00:00,9699.795878636154
2026-05-21 21:00:00+00:00,9691.934666004896
2026-05-21 22:00:00+00:00,9668.009987403475
2026-05-21 23:00:00+00:00,9665.30540600216
2026-05-22 00:00:00+00:00,9623.253340586236
2026-05-22 01:00:00+00:00,9661.489981803777
2026-05-22 02:00:00+00:00,9670.84533623098
2026-05-22 03:00:00+00:00,9694.834777866508
2026-05-22 04:00:00+00:00,9687.071927966503
2026-05-22 05:00:00+00:00,9682.464940625141
2026-05-22 06:00:00+00:00,9645.708006705801
2026-05-22 07:00:00+00:00,9669.800607786186
2026-05-22 08:00:00+00:00,9661.013747932682
2026-05-22 09:00:00+00:00,9655.817877960779
2026-05-22 10:00:00+00:00,9659.967140059798
2026-05-22 11:00:00+00:00,9690.321406848334
2026-05-22 12:00:00+00:00,9727.585459623087
2026-05-22 13:00:00+00:00,9679.758621703906
2026-05-22 14:00:00+00:00,9589.957102448538
2026-05-22 15:00:00+00:00,9594.822545809475
2026-05-22 16:00:00+00:00,9602.698678119657
2026-05-22 17:00:00+00:00,9582.984626897154
2026-05-22 18:00:00+00:00,9525.386739217245
2026-05-22 19:00:00+00:00,9405.126004002192
2026-05-22 20:00:00+00:00,9430.709246170507
2026-05-22 21:00:00+00:00,9441.229987044253
2026-05-22 22:00:00+00:00,9413.812055379964
2026-05-22 23:00:00+00:00,9385.927247971953
2026-05-23 00:00:00+00:00,9371.546934336078
2026-05-23 01:00:00+00:00,9389.837710168344
2026-05-23 02:00:00+00:00,9393.986507521575
2026-05-23 03:00:00+00:00,9402.118014580139
2026-05-23 04:00:00+00:00,9379.359578392114
2026-05-23 05:00:00+00:00,9358.268045493443
2026-05-23 06:00:00+00:00,9359.365709497833
2026-05-23 07:00:00+00:00,9237.030523789106
2026-05-23 08:00:00+00:00,9236.389996633485
2026-05-23 09:00:00+00:00,9257.951118235747
2026-05-23 10:00:00+00:00,9279.205591740232
2026-05-23 11:00:00+00:00,9292.202004975938
2026-05-23 12:00:00+00:00,9296.27500074987
2026-05-23 13:00:00+00:00,9348.352766323644
2026-05-23 14:00:00+00:00,9391.966682444103
2026-05-23 15:00:00+00:00,9376.846169282404
2026-05-23 16:00:00+00:00,9379.190527025468
2026-05-23 17:00:00+00:00,9383.99633127308
2026-05-23 18:00:00+00:00,9430.062412159827
2026-05-23 19:00:00+00:00,9444.576508699382
2026-05-23 20:00:00+00:00,9612.920730799637
2026-05-23 21:00:00+00:00,9540.516370477364
2026-05-23 22:00:00+00:00,9491.292989117082
2026-05-23 23:00:00+00:00,9498.357796556915
2026-05-24 00:00:00+00:00,9511.256624913492
2026-05-24 01:00:00+00:00,9521.29762148282
2026-05-24 02:00:00+00:00,9515.919744969091
2026-05-24 03:00:00+00:00,9501.558014735308
2026-05-24 04:00:00+00:00,9510.461014706014
2026-05-24 05:00:00+00:00,9525.401537153166
2026-05-24 06:00:00+00:00,9551.683085836545
2026-05-24 07:00:00+00:00,9519.053432304878
2026-05-24 08:00:00+00:00,9516.688359007388
2026-05-24 09:00:00+00:00,9541.731297301143
2026-05-24 10:00:00+00:00,9547.730230262823
2026-05-24 11:00:00+00:00,9561.329927286744
2026-05-24 12:00:00+00:00,9540.476833794995
2026-05-24 13:00:00+00:00,9507.597284060826
2026-05-24 14:00:00+00:00,9454.899535581655
2026-05-24 15:00:00+00:00,9444.21131412817
2026-05-24 16:00:00+00:00,9471.522329301777
2026-05-24 17:00:00+00:00,9480.921920143732
2026-05-24 18:00:00+00:00,9463.100845128916
2026-05-24 19:00:00+00:00,9472.198115005322
2026-05-24 20:00:00+00:00,9449.929245452742
2026-05-24 21:00:00+00:00,9386.42968042487
2026-05-24 22:00:00+00:00,9468.825933920243
2026-05-24 23:00:00+00:00,9496.153485623885
2026-05-25 00:00:00+00:00,9505.09285614218
2026-05-25 01:00:00+00:00,9475.774858630572
2026-05-25 02:00:00+00:00,9485.842333794324
2026-05-25 03:00:00+00:00,9479.032246827646
2026-05-25 04:00:00+00:00,9531.366387937447
2026-05-25 05:00:00+00:00,9542.544704664242
2026-05-25 06:00:00+00:00,9543.337995647931
2026-05-25 07:00:00+00:00,9544.641625758375
2026-05-25 08:00:00+00:00,9549.136889445952
2026-05-25 09:00:00+00:00,9564.559421198926
2026-05-25 10:00:00+00:00,9559.523649959874
2026-05-25 11:00:00+00:00,9537.738808222424
2026-05-25 12:00:00+00:00,9537.331131810119
2026-05-25 13:00:00+00:00,9538.83304903537
2026-05-25 14:00:00+00:00,9569.791927386286
2026-05-25 15:00:00+00:00,9562.603845901922
2026-05-25 16:00:00+00:00,9596.385770528534
2026-05-25 17:00:00+00:00,9568.340942438597
2026-05-25 18:00:00+00:00,9563.188989085033
2026-05-25 19:00:00+00:00,9539.463057355919
2026-05-25 20:00:00+00:00,9509.637833248093
2026-05-25 21:00:00+00:00,9519.30948215313
2026-05-25 22:00:00+00:00,9464.976962635685
2026-05-25 23:00:00+00:00,9497.10588732007
2026-05-26 00:00:00+00:00,9420.809348678336
2026-05-26 01:00:00+00:00,9410.983149121084
2026-05-26 02:00:00+00:00,9392.635822123742
2026-05-26 03:00:00+00:00,9402.526691251536
2026-05-26 04:00:00+00:00,9409.004520786402
2026-05-26 05:00:00+00:00,9436.337583521978
2026-05-26 06:00:00+00:00,9436.829843435175
2026-05-26 07:00:00+00:00,9412.220723491675
2026-05-26 08:00:00+00:00,9415.629513483216
2026-05-26 09:00:00+00:00,9411.317417416925
2026-05-26 10:00:00+00:00,9499.964417443112
2026-05-26 11:00:00+00:00,9469.089575005397
2026-05-26 12:00:00+00:00,9476.813130062777
2026-05-26 13:00:00+00:00,9484.996465369934
2026-05-26 14:00:00+00:00,9453.235508719048
2026-05-26 15:00:00+00:00,9403.759002473926
2026-05-26 16:00:00+00:00,9392.228530029279
2026-05-26 17:00:00+00:00,9326.354900436301
2026-05-26 18:00:00+00:00,9309.706836054527
2026-05-26 19:00:00+00:00,9331.084073173219
2026-05-26 20:00:00+00:00,9330.945542740415
2026-05-26 21:00:00+00:00,9302.132432243945
2026-05-26 22:00:00+00:00,9299.313307968618
2026-05-26 23:00:00+00:00,9312.360265504652
2026-05-27 00:00:00+00:00,9352.893448064347
2026-05-27 01:00:00+00:00,9316.917706682927
2026-05-27 02:00:00+00:00,9320.887460387372
2026-05-27 03:00:00+00:00,9297.232029453504
2026-05-27 04:00:00+00:00,9283.100268856651
2026-05-27 05:00:00+00:00,9296.216412570742
2026-05-27 06:00:00+00:00,9303.103665616098
2026-05-27 07:00:00+00:00,9297.476234909802
2026-05-27 08:00:00+00:00,9294.58418446213
2026-05-27 09:00:00+00:00,9264.703678103007
2026-05-27 10:00:00+00:00,9277.936579871166
2026-05-27 11:00:00+00:00,9274.943164646349
2026-05-27 12:00:00+00:00,9283.16837553862
2026-05-27 13:00:00+00:00,9238.293129984722
2026-05-27 14:00:00+00:00,9276.084920686017
2026-05-27 15:00:00+00:00,9325.598596668848
2026-05-27 16:00:00+00:00,9300.553893960172
2026-05-27 17:00:00+00:00,9230.624324017694
2026-05-27 18:00:00+00:00,9270.200413046387
2026-05-27 19:00:00+00:00,9270.978561713797
2026-05-27 20:00:00+00:00,9278.881955184546
2026-05-27 21:00:00+00:00,9155.862772623017
2026-05-27 22:00:00+00:00,9151.379307328603
2026-05-27 23:00:00+00:00,9151.631340448093
2026-05-28 00:00:00+00:00,9174.076685486192
2026-05-28 01:00:00+00:00,9135.737060885773
2026-05-28 02:00:00+00:00,9115.423512301804
2026-05-28 03:00:00+00:00,8959.958648562104
2026-05-28 04:00:00+00:00,8936.013694636027
2026-05-28 05:00:00+00:00,8897.292206228349
2026-05-28 06:00:00+00:00,8917.946326202351
2026-05-28 07:00:00+00:00,8961.114837989404
2026-05-28 08:00:00+00:00,8925.46132571621
2026-05-28 09:00:00+00:00,8965.709327504957
2026-05-28 10:00:00+00:00,8924.195130734866
2026-05-28 11:00:00+00:00,8936.440412794042
2026-05-28 12:00:00+00:00,8952.544160102389
2026-05-28 13:00:00+00:00,8928.913970340944
2026-05-28 14:00:00+00:00,8948.182235510934
2026-05-28 15:00:00+00:00,8977.528604845766
2026-05-28 16:00:00+00:00,9048.029613638235
2026-05-28 17:00:00+00:00,9063.263231740246
2026-05-28 18:00:00+00:00,9097.324038995415
2026-05-28 19:00:00+00:00,9020.519335038167
2026-05-28 20:00:00+00:00,9045.468285442223
2026-05-28 21:00:00+00:00,9058.343102779043
2026-05-28 22:00:00+00:00,9005.6803790588
2026-05-28 23:00:00+00:00,9018.882368334695
2026-05-29 00:00:00+00:00,9037.020331236947
2026-05-29 01:00:00+00:00,9022.494112775645
2026-05-29 02:00:00+00:00,8965.19597905738
2026-05-29 03:00:00+00:00,8972.074769565612
2026-05-29 04:00:00+00:00,9002.28247739266
2026-05-29 05:00:00+00:00,9022.117155788234
2026-05-29 06:00:00+00:00,9040.224850676033
2026-05-29 07:00:00+00:00,9020.59050422309
2026-05-29 08:00:00+00:00,9023.067873223943
2026-05-29 09:00:00+00:00,9036.352190739457
2026-05-29 10:00:00+00:00,9014.244781127392
2026-05-29 11:00:00+00:00,8982.223318345257
2026-05-29 12:00:00+00:00,8951.240354614454
2026-05-29 13:00:00+00:00,8943.393521398384
2026-05-29 14:00:00+00:00,8941.0181367483
2026-05-29 15:00:00+00:00,9046.030189014544
2026-05-29 16:00:00+00:00,9051.651700416107
2026-05-29 17:00:00+00:00,9039.340279345208
2026-05-29 18:00:00+00:00,8972.444202269711
2026-05-29 19:00:00+00:00,8988.840015491656
2026-05-29 20:00:00+00:00,9003.316768921732
2026-05-29 21:00:00+00:00,8965.720301383139
2026-05-29 22:00:00+00:00,8985.921693044098
2026-05-29 23:00:00+00:00,9015.82692278799
2026-05-30 00:00:00+00:00,9082.219839180569
2026-05-30 01:00:00+00:00,9118.308723727969
2026-05-30 02:00:00+00:00,9138.378057756843
2026-05-30 03:00:00+00:00,9088.858109981236
2026-05-30 04:00:00+00:00,9058.692764496553
2026-05-30 05:00:00+00:00,9082.766921369006
2026-05-30 06:00:00+00:00,9083.853241465216
2026-05-30 07:00:00+00:00,9080.12090377832
2026-05-30 08:00:00+00:00,9074.113492231054
2026-05-30 09:00:00+00:00,9085.306632890293
2026-05-30 10:00:00+00:00,9090.479390762626
2026-05-30 11:00:00+00:00,9085.85121216614
2026-05-30 12:00:00+00:00,9097.326084273627
2026-05-30 13:00:00+00:00,9107.378661542532
2026-05-30 14:00:00+00:00,9126.762157246818
2026-05-30 15:00:00+00:00,9126.84825290794
2026-05-30 16:00:00+00:00,9128.228466013372
2026-05-30 17:00:00+00:00,9133.660702667385
2026-05-30 18:00:00+00:00,9136.045044686862
2026-05-30 19:00:00+00:00,9137.031898105615
2026-05-30 20:00:00+00:00,9130.90917335222
2026-05-30 21:00:00+00:00,9133.519346407329
2026-05-30 22:00:00+00:00,9117.114682890104
2026-05-30 23:00:00+00:00,9114.635733095627
2026-05-31 00:00:00+00:00,9134.669419834929
2026-05-31 01:00:00+00:00,9140.375175912166
2026-05-31 02:00:00+00:00,9154.225780121955
2026-05-31 03:00:00+00:00,9155.782639243565
2026-05-31 04:00:00+00:00,9158.622146838898
2026-05-31 05:00:00+00:00,9142.66667410357
2026-05-31 06:00:00+00:00,9141.900132443843
2026-05-31 07:00:00+00:00,9117.36998153294
2026-05-31 08:00:00+00:00,9129.619094784657
2026-05-31 09:00:00+00:00,9109.069825982839
2026-05-31 10:00:00+00:00,9101.349540040275
2026-05-31 11:00:00+00:00,9106.4275858427
2026-05-31 12:00:00+00:00,9108.633072625385
2026-05-31 13:00:00+00:00,9102.975486357029
2026-05-31 14:00:00+00:00,9041.759734198293
2026-05-31 15:00:00+00:00,9040.604852974213
2026-05-31 16:00:00+00:00,9016.673818569647
2026-05-31 17:00:00+00:00,9043.384741136833
2026-05-31 18:00:00+00:00,9030.822209875685
2026-05-31 19:00:00+00:00,9018.410767705254
2026-05-31 20:00:00+00:00,9037.108299845986
2026-05-31 21:00:00+00:00,9057.93421854103
2026-05-31 22:00:00+00:00,9061.69018829384
2026-05-31 23:00:00+00:00,9032.929502393152
2026-06-01 00:00:00+00:00,9064.810945221923
2026-06-01 01:00:00+00:00,8981.849380973388
2026-06-01 02:00:00+00:00,9050.06374480778
2026-06-01 03:00:00+00:00,9043.42555673564
2026-06-01 04:00:00+00:00,9008.659927838307
2026-06-01 05:00:00+00:00,8985.014345840591
2026-06-01 06:00:00+00:00,8957.295951620652
2026-06-01 07:00:00+00:00,8911.616210313821
2026-06-01 08:00:00+00:00,8933.772212453016
2026-06-01 09:00:00+00:00,8940.422258525632
2026-06-01 10:00:00+00:00,8925.542452230133
2026-06-01 11:00:00+00:00,8902.18851074946
2026-06-01 12:00:00+00:00,8904.54666729883
2026-06-01 13:00:00+00:00,8832.097005672456
2026-06-01 14:00:00+00:00,8817.428378818408
2026-06-01 15:00:00+00:00,8790.02580595685
2026-06-01 16:00:00+00:00,8838.5236959134
2026-06-01 17:00:00+00:00,8871.445858211082
2026-06-01 18:00:00+00:00,8867.001393591981
2026-06-01 19:00:00+00:00,8899.266848297992
2026-06-01 20:00:00+00:00,8892.300185135186
2026-06-01 21:00:00+00:00,8842.524682580164
2026-06-01 22:00:00+00:00,8887.408276123277
2026-06-01 23:00:00+00:00,8892.563248475453
2026-06-02 00:00:00+00:00,8862.312586110764
2026-06-02 01:00:00+00:00,8786.577086412586
2026-06-02 02:00:00+00:00,8836.181377567324
2026-06-02 03:00:00+00:00,8858.064933468371
2026-06-02 04:00:00+00:00,8833.425544707436
2026-06-02 05:00:00+00:00,8773.490454615798
2026-06-02 06:00:00+00:00,8757.524421030064
2026-06-02 07:00:00+00:00,8757.176377674505
2026-06-02 08:00:00+00:00,8732.766763735053
2026-06-02 09:00:00+00:00,8699.33371574697
2026-06-02 10:00:00+00:00,8731.583144449705
2026-06-02 11:00:00+00:00,8708.727220608578
2026-06-02 12:00:00+00:00,8675.46264367099
2026-06-02 13:00:00+00:00,8658.726941550809
2026-06-02 14:00:00+00:00,8536.561672323829
2026-06-02 15:00:00+00:00,8433.32051181503
2026-06-02 16:00:00+00:00,8452.887772754955
2026-06-02 17:00:00+00:00,8465.734501320021
2026-06-02 18:00:00+00:00,8431.953002718026
2026-06-02 19:00:00+00:00,8428.442950728226
2026-06-02 20:00:00+00:00,8433.301903542793
2026-06-02 21:00:00+00:00,8417.791096392702
2026-06-02 22:00:00+00:00,8274.313182621816
2026-06-02 23:00:00+00:00,8277.953033683953
2026-06-03 00:00:00+00:00,8305.650788002105
2026-06-03 01:00:00+00:00,8298.217534824855
2026-06-03 02:00:00+00:00,8256.430138599713
2026-06-03 03:00:00+00:00,8151.15285364833
2026-06-03 04:00:00+00:00,8239.66393366941
2026-06-03 05:00:00+00:00,8343.548205531246
2026-06-03 06:00:00+00:00,8318.545837255902
2026-06-03 07:00:00+00:00,8347.734623900931
2026-06-03 08:00:00+00:00,8319.773024043385
2026-06-03 09:00:00+00:00,8318.861180327462
2026-06-03 10:00:00+00:00,8353.596764139578
2026-06-03 11:00:00+00:00,8312.625362111712
2026-06-03 12:00:00+00:00,8303.716552628428
2026-06-03 13:00:00+00:00,8285.327293423981
2026-06-03 14:00:00+00:00,8257.771193274868
2026-06-03 15:00:00+00:00,8170.466728170727
2026-06-03 16:00:00+00:00,8121.415109888088
2026-06-03 17:00:00+00:00,8123.159725707646
2026-06-03 18:00:00+00:00,8109.8564549394
2026-06-03 19:00:00+00:00,8027.320590331536
2026-06-03 20:00:00+00:00,7964.778953915778
2026-06-03 21:00:00+00:00,8093.49180217762
2026-06-03 22:00:00+00:00,8000.311172736368
2026-06-03 23:00:00+00:00,7935.935142398743
2026-06-04 00:00:00+00:00,7861.477908527048
2026-06-04 01:00:00+00:00,7683.359184241364
2026-06-04 02:00:00+00:00,7814.624190061156
2026-06-04 03:00:00+00:00,7975.48791887372
2026-06-04 04:00:00+00:00,7954.00098419204
2026-06-04 05:00:00+00:00,7880.551870308845
2026-06-04 06:00:00+00:00,7889.3319169156275
2026-06-04 07:00:00+00:00,7792.172766490709
2026-06-04 08:00:00+00:00,7793.816882521538
2026-06-04 09:00:00+00:00,7752.170545364723
2026-06-04 10:00:00+00:00,7655.30712953561
2026-06-04 11:00:00+00:00,7687.361968400191
2026-06-04 12:00:00+00:00,7843.197540703249
2026-06-04 13:00:00+00:00,7869.688805791154
2026-06-04 14:00:00+00:00,7831.400845837501
2026-06-04 15:00:00+00:00,7813.869508536399
2026-06-04 16:00:00+00:00,7797.874118703814
2026-06-04 17:00:00+00:00,7795.158790237628
2026-06-04 18:00:00+00:00,7844.236683535694
2026-06-04 19:00:00+00:00,7818.57805095675
2026-06-04 20:00:00+00:00,7821.460767364623
2026-06-04 21:00:00+00:00,7743.612956495953
2026-06-04 22:00:00+00:00,7806.172687586927
2026-06-04 23:00:00+00:00,7813.05663511563
2026-06-05 00:00:00+00:00,7752.120492575567
2026-06-05 01:00:00+00:00,7735.523202552532
2026-06-05 02:00:00+00:00,7638.391049668198
2026-06-05 03:00:00+00:00,7644.069379040734
2026-06-05 04:00:00+00:00,7730.994882746636
2026-06-05 05:00:00+00:00,7518.858021619021
2026-06-05 06:00:00+00:00,7434.071655168664
2026-06-05 07:00:00+00:00,7555.155104876586
2026-06-05 08:00:00+00:00,7481.063302701857
2026-06-05 09:00:00+00:00,7547.72302418489
2026-06-05 10:00:00+00:00,7507.201411457295
2026-06-05 11:00:00+00:00,7415.722866826469
2026-06-05 12:00:00+00:00,7419.384733197727
2026-06-05 13:00:00+00:00,7286.615315652668
2026-06-05 14:00:00+00:00,7310.0157294034525
2026-06-05 15:00:00+00:00,7261.021571253709
2026-06-05 16:00:00+00:00,7386.143133490611
2026-06-05 17:00:00+00:00,7313.979715745776
2026-06-05 18:00:00+00:00,7144.6219876559235
2026-06-05 19:00:00+00:00,7249.451440208022
2026-06-05 20:00:00+00:00,7383.544673155797
2026-06-05 21:00:00+00:00,7374.316104891393
2026-06-05 22:00:00+00:00,7350.939136292789
2026-06-05 23:00:00+00:00,7291.516071781908
2026-06-06 00:00:00+00:00,7348.299434592609
2026-06-06 01:00:00+00:00,7303.037655777266
2026-06-06 02:00:00+00:00,7278.382479028942
2026-06-06 03:00:00+00:00,7230.3672274757855
2026-06-06 04:00:00+00:00,7102.9289875856875
2026-06-06 05:00:00+00:00,7257.342787213075
2026-06-06 06:00:00+00:00,7225.438616118681
2026-06-06 07:00:00+00:00,7270.096530012866
2026-06-06 08:00:00+00:00,7308.8317721645335
2026-06-06 09:00:00+00:00,7267.028178918148
2026-06-06 10:00:00+00:00,7206.6147695333475
2026-06-06 11:00:00+00:00,7243.11072422382
2026-06-06 12:00:00+00:00,7285.976994416703
2026-06-06 13:00:00+00:00,7278.595149562348
2026-06-06 14:00:00+00:00,7293.892766267658
2026-06-06 15:00:00+00:00,7270.657814537034
2026-06-06 16:00:00+00:00,7267.738330669581
2026-06-06 17:00:00+00:00,7213.452526960501
2026-06-06 18:00:00+00:00,7224.413795012472
2026-06-06 19:00:00+00:00,7208.546689136425
2026-06-06 20:00:00+00:00,7229.195262417889
2026-06-06 21:00:00+00:00,7241.542447561344
2026-06-06 22:00:00+00:00,7224.505641992588
2026-06-06 23:00:00+00:00,7267.462011930881
2026-06-07 00:00:00+00:00,7247.380022816209
2026-06-07 01:00:00+00:00,7379.137499623028
2026-06-07 02:00:00+00:00,7387.260160903096
2026-06-07 03:00:00+00:00,7390.376787481699
2026-06-07 04:00:00+00:00,7404.567786176494
2026-06-07 05:00:00+00:00,7416.550142148181
2026-06-07 06:00:00+00:00,7453.892716868544
2026-06-07 07:00:00+00:00,7498.630220082997
2026-06-07 08:00:00+00:00,7620.048201412593
2026-06-07 09:00:00+00:00,7570.878050333917
2026-06-07 10:00:00+00:00,7516.754895847403
2026-06-07 11:00:00+00:00,7543.858168851663
2026-06-07 12:00:00+00:00,7469.845342291417
2026-06-07 13:00:00+00:00,7451.498018595895
2026-06-07 14:00:00+00:00,7488.476520355416
2026-06-07 15:00:00+00:00,7504.339042768502
2026-06-07 16:00:00+00:00,7500.145759912596
2026-06-07 17:00:00+00:00,7511.275559603796
2026-06-07 18:00:00+00:00,7501.149816604295
2026-06-07 19:00:00+00:00,7419.012896177481
2026-06-07 20:00:00+00:00,7486.843965545689
2026-06-07 21:00:00+00:00,7495.510381433409
2026-06-07 22:00:00+00:00,7648.678200635176
2026-06-07 23:00:00+00:00,7718.078044860982
2026-06-08 00:00:00+00:00,7752.484119016833
2026-06-08 01:00:00+00:00,7703.493685655533
2026-06-08 02:00:00+00:00,7690.67615215361
2026-06-08 03:00:00+00:00,7681.804558215112
2026-06-08 04:00:00+00:00,7602.20724692151
2026-06-08 05:00:00+00:00,7599.290904966143
2026-06-08 06:00:00+00:00,7642.3786980371315
2026-06-08 07:00:00+00:00,7676.245945096259
2026-06-08 08:00:00+00:00,7638.868019437367
2026-06-08 09:00:00+00:00,7684.0336928616925
2026-06-08 10:00:00+00:00,7666.98294472322
2026-06-08 11:00:00+00:00,7711.763285880765
2026-06-08 12:00:00+00:00,7762.734860265003
2026-06-08 13:00:00+00:00,7723.714579154122
2026-06-08 14:00:00+00:00,7758.381641820972
2026-06-08 15:00:00+00:00,7747.662937558121
2026-06-08 16:00:00+00:00,7712.576090191898
2026-06-08 17:00:00+00:00,7723.06413178795
2026-06-08 18:00:00+00:00,7716.410127011251
2026-06-08 19:00:00+00:00,7735.207089185911
2026-06-08 20:00:00+00:00,7728.158260911675
2026-06-08 21:00:00+00:00,7739.645797611407
2026-06-08 22:00:00+00:00,7713.428845159847
2026-06-08 23:00:00+00:00,7660.837063343204
2026-06-09 00:00:00+00:00,7529.764158821983
2026-06-09 01:00:00+00:00,7556.688773784025
2026-06-09 02:00:00+00:00,7557.6887944175605
2026-06-09 03:00:00+00:00,7570.306469665025
2026-06-09 04:00:00+00:00,7623.518925311723
2026-06-09 05:00:00+00:00,7650.235766906124
2026-06-09 06:00:00+00:00,7646.595435667041
2026-06-09 07:00:00+00:00,7636.548611171632
2026-06-09 08:00:00+00:00,7602.769359700825
2026-06-09 09:00:00+00:00,7568.919130019409
2026-06-09 10:00:00+00:00,7571.876352609645
2026-06-09 11:00:00+00:00,7554.94978464216
2026-06-09 12:00:00+00:00,7576.150454970707
2026-06-09 13:00:00+00:00,7536.422432466214
2026-06-09 14:00:00+00:00,7415.117422389936
2026-06-09 15:00:00+00:00,7362.422028798311
2026-06-09 16:00:00+00:00,7354.11057361903
2026-06-09 17:00:00+00:00,7412.274349062554
2026-06-09 18:00:00+00:00,7435.069973829197
2026-06-09 19:00:00+00:00,7450.348813796584
2026-06-09 20:00:00+00:00,7469.764661107677
2026-06-09 21:00:00+00:00,7424.486299849072
2026-06-09 22:00:00+00:00,7396.353067425289
2026-06-09 23:00:00+00:00,7401.458183464
2026-06-10 00:00:00+00:00,7404.010021962536
2026-06-10 01:00:00+00:00,7365.783696998963
2026-06-10 02:00:00+00:00,7303.055361313471
2026-06-10 03:00:00+00:00,7323.340200541741
2026-06-10 04:00:00+00:00,7298.107093574135
2026-06-10 05:00:00+00:00,7288.58134768458
2026-06-10 06:00:00+00:00,7294.888737497532
2026-06-10 07:00:00+00:00,7323.373205291947
2026-06-10 08:00:00+00:00,7268.571989226216
2026-06-10 09:00:00+00:00,7280.144481890348
2026-06-10 10:00:00+00:00,7286.122929266118
2026-06-10 11:00:00+00:00,7246.927694104277
2026-06-10 12:00:00+00:00,7312.72328796644
2026-06-10 13:00:00+00:00,7384.002147227197
2026-06-10 14:00:00+00:00,7375.570223084309
2026-06-10 15:00:00+00:00,7427.045312280084
2026-06-10 16:00:00+00:00,7366.359818388623
2026-06-10 17:00:00+00:00,7329.908743336135
2026-06-10 18:00:00+00:00,7322.0331062577
2026-06-10 19:00:00+00:00,7323.409235169931
2026-06-10 20:00:00+00:00,7316.437787372274
2026-06-10 21:00:00+00:00,7246.746368568953
2026-06-10 22:00:00+00:00,7259.661811074409
2026-06-10 23:00:00+00:00,7278.706130286477
2026-06-11 00:00:00+00:00,7312.338053744346
2026-06-11 01:00:00+00:00,7367.499113312326
2026-06-11 02:00:00+00:00,7360.117363253979
2026-06-11 03:00:00+00:00,7421.063875133781
2026-06-11 04:00:00+00:00,7429.872066077239
2026-06-11 05:00:00+00:00,7402.906650643774
2026-06-11 06:00:00+00:00,7427.914638706664
2026-06-11 07:00:00+00:00,7423.881750427592
2026-06-11 08:00:00+00:00,7450.455224938406
2026-06-11 09:00:00+00:00,7446.451254564365
2026-06-11 10:00:00+00:00,7459.206394422203
2026-06-11 11:00:00+00:00,7474.807911020625
2026-06-11 12:00:00+00:00,7435.371575359004
2026-06-11 13:00:00+00:00,7442.508603777554
2026-06-11 14:00:00+00:00,7399.281875019523
2026-06-11 15:00:00+00:00,7405.843024326846
2026-06-11 16:00:00+00:00,7372.277796218474
2026-06-11 17:00:00+00:00,7539.619759167271
2026-06-11 18:00:00+00:00,7524.144020882405
2026-06-11 19:00:00+00:00,7550.565418027907
2026-06-11 20:00:00+00:00,7513.218142463533
2026-06-11 21:00:00+00:00,7538.231642895904
2026-06-11 22:00:00+00:00,7543.651610851575
2026-06-11 23:00:00+00:00,7549.814931366812
2026-06-12 00:00:00+00:00,7549.846956915825
2026-06-12 01:00:00+00:00,7528.383905167241
2026-06-12 02:00:00+00:00,7557.42987965679
2026-06-12 03:00:00+00:00,7545.907182333388
2026-06-12 04:00:00+00:00,7558.000088358836
2026-06-12 05:00:00+00:00,7519.129257350606
2026-06-12 06:00:00+00:00,7461.22538589666
2026-06-12 07:00:00+00:00,7480.204633334822
2026-06-12 08:00:00+00:00,7535.972689967336
2026-06-12 09:00:00+00:00,7566.797387412562
2026-06-12 10:00:00+00:00,7542.371781077844
2026-06-12 11:00:00+00:00,7554.065474469563
2026-06-12 12:00:00+00:00,7527.236835900273
2026-06-12 13:00:00+00:00,7510.39895408121
2026-06-12 14:00:00+00:00,7624.847612633019
2026-06-12 15:00:00+00:00,7561.885710782674
2026-06-12 16:00:00+00:00,7627.770047587901
2026-06-12 17:00:00+00:00,7586.5857339474705
2026-06-12 18:00:00+00:00,7557.830539401663
2026-06-12 19:00:00+00:00,7535.277562419987
2026-06-12 20:00:00+00:00,7521.324754097528
2026-06-12 21:00:00+00:00,7516.484126498966
2026-06-12 22:00:00+00:00,7507.153274361236
2026-06-12 23:00:00+00:00,7520.366077058541
2026-06-13 00:00:00+00:00,7523.940741081296
2026-06-13 01:00:00+00:00,7552.811436249609
2026-06-13 02:00:00+00:00,7527.902727843491
2026-06-13 03:00:00+00:00,7514.909696734928
2026-06-13 04:00:00+00:00,7512.05770467764
2026-06-13 05:00:00+00:00,7517.919027953518
2026-06-13 06:00:00+00:00,7537.000678075232
2026-06-13 07:00:00+00:00,7558.596726067778
2026-06-13 08:00:00+00:00,7552.148430516404
2026-06-13 09:00:00+00:00,7546.465349643504
2026-06-13 10:00:00+00:00,7553.460397897381
2026-06-13 11:00:00+00:00,7570.432818158811
2026-06-13 12:00:00+00:00,7584.948161798962
2026-06-13 13:00:00+00:00,7577.484351861841
2026-06-13 14:00:00+00:00,7588.878040180557
2026-06-13 15:00:00+00:00,7598.243808035629
2026-06-13 16:00:00+00:00,7570.250090807358
2026-06-13 17:00:00+00:00,7561.3370086819195
2026-06-13 18:00:00+00:00,7582.110832823622
2026-06-13 19:00:00+00:00,7589.553094351677
2026-06-13 20:00:00+00:00,7584.494680295354
2026-06-13 21:00:00+00:00,7618.281276261098
2026-06-13 22:00:00+00:00,7606.556151369368
2026-06-13 23:00:00+00:00,7605.629271903077
2026-06-14 00:00:00+00:00,7613.592590425959
2026-06-14 01:00:00+00:00,7618.182493084195
2026-06-14 02:00:00+00:00,7610.438070218028
2026-06-14 03:00:00+00:00,7612.026796937132
2026-06-14 04:00:00+00:00,7569.066898507416
2026-06-14 05:00:00+00:00,7553.538848871558
2026-06-14 06:00:00+00:00,7547.724945443879
2026-06-14 07:00:00+00:00,7558.350400367316
2026-06-14 08:00:00+00:00,7561.038370287198
2026-06-14 09:00:00+00:00,7582.589689765492
2026-06-14 10:00:00+00:00,7559.858062085674
2026-06-14 11:00:00+00:00,7558.54221982601
2026-06-14 12:00:00+00:00,7527.439493627247
2026-06-14 13:00:00+00:00,7526.326035982302
2026-06-14 14:00:00+00:00,7483.9223442336515
2026-06-14 15:00:00+00:00,7493.54248266028
2026-06-14 16:00:00+00:00,7485.180715978089
2026-06-14 17:00:00+00:00,7474.489325431849
2026-06-14 18:00:00+00:00,7479.196695353279
2026-06-14 19:00:00+00:00,7486.071826170934
2026-06-14 20:00:00+00:00,7509.544478770853
2026-06-14 21:00:00+00:00,7694.293696892925
2026-06-14 22:00:00+00:00,7709.92076125584
2026-06-14 23:00:00+00:00,7735.469330180846
2026-06-15 00:00:00+00:00,7722.760951592394
2026-06-15 01:00:00+00:00,7661.987600229611
2026-06-15 02:00:00+00:00,7650.399742536761
2026-06-15 03:00:00+00:00,7702.475532644039
2026-06-15 04:00:00+00:00,7651.950616735309
2026-06-15 05:00:00+00:00,7692.101501163481
2026-06-15 06:00:00+00:00,7695.789810752093
2026-06-15 07:00:00+00:00,7664.418780151864
2026-06-15 08:00:00+00:00,7684.941223542255
2026-06-15 09:00:00+00:00,7685.36985274877
2026-06-15 10:00:00+00:00,7752.721029384223
2026-06-15 11:00:00+00:00,7909.93534984924
2026-06-15 12:00:00+00:00,7975.961545683676
2026-06-15 13:00:00+00:00,8021.7641393304275
2026-06-15 14:00:00+00:00,7996.062623281969
2026-06-15 15:00:00+00:00,8106.1291567917715
2026-06-15 16:00:00+00:00,8116.159157514156
2026-06-15 17:00:00+00:00,8120.337903883796
2026-06-15 18:00:00+00:00,8112.894978851895
2026-06-15 19:00:00+00:00,8070.082364788186
2026-06-15 20:00:00+00:00,8030.537766196062
2026-06-15 21:00:00+00:00,7994.58671013722
2026-06-15 22:00:00+00:00,7948.868085253349
2026-06-15 23:00:00+00:00,7966.989625634564
2026-06-16 00:00:00+00:00,7965.491483542329
2026-06-16 01:00:00+00:00,7962.687278477788
2026-06-16 02:00:00+00:00,7879.526728433955
2026-06-16 03:00:00+00:00,7944.281548469185
2026-06-16 04:00:00+00:00,7904.294000592442
2026-06-16 05:00:00+00:00,7933.294751101984
2026-06-16 06:00:00+00:00,7985.3773149803665
2026-06-16 07:00:00+00:00,7995.46132206802
2026-06-16 08:00:00+00:00,8077.70868825882
2026-06-16 09:00:00+00:00,8024.726066118487
2026-06-16 10:00:00+00:00,8016.926567294807
2026-06-16 11:00:00+00:00,8012.835384348683
2026-06-16 12:00:00+00:00,8024.733119755376
2026-06-16 13:00:00+00:00,7951.048159336852
2026-06-16 14:00:00+00:00,7872.879722025352
2026-06-16 15:00:00+00:00,7901.883385923631
2026-06-16 16:00:00+00:00,7885.540396955375
2026-06-16 17:00:00+00:00,7929.518386232334
2026-06-16 18:00:00+00:00,7939.418310835905
2026-06-16 19:00:00+00:00,7920.459339684625
2026-06-16 20:00:00+00:00,7947.289679305124
2026-06-16 21:00:00+00:00,7931.922371278877
2026-06-16 22:00:00+00:00,7926.741306309798
2026-06-16 23:00:00+00:00,7903.239420757452
2026-06-17 00:00:00+00:00,7896.680715502268
2026-06-17 01:00:00+00:00,7941.239771410999
2026-06-17 02:00:00+00:00,7926.3380010859755
2026-06-17 03:00:00+00:00,7918.7739465967425
2026-06-17 04:00:00+00:00,7922.768993498695
2026-06-17 05:00:00+00:00,7918.7138621315
2026-06-17 06:00:00+00:00,7898.00097672428
2026-06-17 07:00:00+00:00,7881.22600140904
2026-06-17 08:00:00+00:00,7800.697226532235
2026-06-17 09:00:00+00:00,7816.846467555645
2026-06-17 10:00:00+00:00,7799.797991284378
2026-06-17 11:00:00+00:00,7790.684952493489
2026-06-17 12:00:00+00:00,7794.6677868460565
2026-06-17 13:00:00+00:00,7812.88565411384
2026-06-17 14:00:00+00:00,7788.3691559792105
2026-06-17 15:00:00+00:00,7868.223013296074
2026-06-17 16:00:00+00:00,7871.847882311031
2026-06-17 17:00:00+00:00,7924.502323992181
2026-06-17 18:00:00+00:00,7847.289201578456
2026-06-17 19:00:00+00:00,7695.6737944687275
2026-06-17 20:00:00+00:00,7731.640402977186
2026-06-17 21:00:00+00:00,7702.328949683064
2026-06-17 22:00:00+00:00,7707.9832672954
2026-06-17 23:00:00+00:00,7743.321261557694
2026-06-18 00:00:00+00:00,7746.07869553054
2026-06-18 01:00:00+00:00,7755.237065630199
2026-06-18 02:00:00+00:00,7765.747802093768
2026-06-18 03:00:00+00:00,7715.508480672693
2026-06-18 04:00:00+00:00,7661.613356453501
2026-06-18 05:00:00+00:00,7668.975413263079
2026-06-18 06:00:00+00:00,7684.50069659705
2026-06-18 07:00:00+00:00,7741.607071626979
2026-06-18 08:00:00+00:00,7730.285803386499
2026-06-18 09:00:00+00:00,7714.7202758671065
2026-06-18 10:00:00+00:00,7709.2885354862965
2026-06-18 11:00:00+00:00,7695.098230420895
2026-06-18 12:00:00+00:00,7735.045716726327
2026-06-18 13:00:00+00:00,7681.256475988335
2026-06-18 14:00:00+00:00,7677.865084090112
2026-06-18 15:00:00+00:00,7463.800584430344
2026-06-18 16:00:00+00:00,7493.288344231343
2026-06-18 17:00:00+00:00,7471.70790064437
2026-06-18 18:00:00+00:00,7454.366412749596
2026-06-18 19:00:00+00:00,7485.767340560806
2026-06-18 20:00:00+00:00,7521.953465503326
2026-06-18 21:00:00+00:00,7491.6146023492665
2026-06-18 22:00:00+00:00,7493.727660290126
2026-06-18 23:00:00+00:00,7495.740830111036
2026-06-19 00:00:00+00:00,7507.603492150968
2026-06-19 01:00:00+00:00,7515.228421031631
2026-06-19 02:00:00+00:00,7504.4913813754565
2026-06-19 03:00:00+00:00,7460.583316618566
2026-06-19 04:00:00+00:00,7403.490959200613
2026-06-19 05:00:00+00:00,7440.212565786539
2026-06-19 06:00:00+00:00,7451.3653178382065
2026-06-19 07:00:00+00:00,7407.140549849719
2026-06-19 08:00:00+00:00,7410.210311663514
2026-06-19 09:00:00+00:00,7391.298181414364
2026-06-19 10:00:00+00:00,7400.76913739985
2026-06-19 11:00:00+00:00,7413.492609618942
2026-06-19 12:00:00+00:00,7438.719165210597
2026-06-19 13:00:00+00:00,7488.498887627224
2026-06-19 14:00:00+00:00,7488.320183758656
2026-06-19 15:00:00+00:00,7490.89319015261
2026-06-19 16:00:00+00:00,7452.29815211042
2026-06-19 17:00:00+00:00,7483.349789058632
2026-06-19 18:00:00+00:00,7473.421041737989
2026-06-19 19:00:00+00:00,7464.894462851659
2026-06-19 20:00:00+00:00,7495.447525456653
2026-06-19 21:00:00+00:00,7469.938419353657
2026-06-19 22:00:00+00:00,7496.353149881417
2026-06-19 23:00:00+00:00,7517.745770719901
2026-06-20 00:00:00+00:00,7503.4769635436605
2026-06-20 01:00:00+00:00,7515.959746004549
2026-06-20 02:00:00+00:00,7493.362278297815
2026-06-20 03:00:00+00:00,7520.247420573009
2026-06-20 04:00:00+00:00,7572.766097946926
2026-06-20 05:00:00+00:00,7628.624551661087
2026-06-20 06:00:00+00:00,7649.610013808261
2026-06-20 07:00:00+00:00,7616.668204719707
2026-06-20 08:00:00+00:00,7588.645574886831
2026-06-20 09:00:00+00:00,7620.215051421958
2026-06-20 10:00:00+00:00,7593.8418755689245
2026-06-20 11:00:00+00:00,7585.607387782489
2026-06-20 12:00:00+00:00,7581.5985433682135
2026-06-20 13:00:00+00:00,7544.316098368403
2026-06-20 14:00:00+00:00,7596.469839920062
2026-06-20 15:00:00+00:00,7627.046865066281
2026-06-20 16:00:00+00:00,7606.049790141329
2026-06-20 17:00:00+00:00,7572.690238471683
2026-06-20 18:00:00+00:00,7566.888033128727
2026-06-20 19:00:00+00:00,7579.9621156532585
2026-06-20 20:00:00+00:00,7575.7639405700265
2026-06-20 21:00:00+00:00,7587.498748687713
2026-06-20 22:00:00+00:00,7620.410139119649
2026-06-20 23:00:00+00:00,7613.02596454895
2026-06-21 00:00:00+00:00,7610.802388649434
2026-06-21 01:00:00+00:00,7609.404187577672
2026-06-21 02:00:00+00:00,7601.393069583081
2026-06-21 03:00:00+00:00,7619.279538544914
2026-06-21 04:00:00+00:00,7596.828728978242
2026-06-21 05:00:00+00:00,7592.687624082575
2026-06-21 06:00:00+00:00,7603.751697180102
2026-06-21 07:00:00+00:00,7598.432604516203
2026-06-21 08:00:00+00:00,7578.681302660029
2026-06-21 09:00:00+00:00,7605.131705833735
2026-06-21 10:00:00+00:00,7612.433919939224
2026-06-21 11:00:00+00:00,7581.97741148163
2026-06-21 12:00:00+00:00,7589.366761821138
2026-06-21 13:00:00+00:00,7588.164321147161
2026-06-21 14:00:00+00:00,7596.445845471514
2026-06-21 15:00:00+00:00,7608.016562621155
2026-06-21 16:00:00+00:00,7579.208982550935
2026-06-21 17:00:00+00:00,7568.871401548994
2026-06-21 18:00:00+00:00,7597.064815270309
2026-06-21 19:00:00+00:00,7594.328735478709
2026-06-21 20:00:00+00:00,7546.326211343882
2026-06-21 21:00:00+00:00,7524.8462125441665
2026-06-21 22:00:00+00:00,7512.820830231823
2026-06-21 23:00:00+00:00,7465.836016055795
2026-06-22 00:00:00+00:00,7557.053985633405
2026-06-22 01:00:00+00:00,7614.862990393525
2026-06-22 02:00:00+00:00,7551.478227334245
2026-06-22 03:00:00+00:00,7518.938123217893
2026-06-22 04:00:00+00:00,7543.729182844411
2026-06-22 05:00:00+00:00,7557.017631492939
2026-06-22 06:00:00+00:00,7529.593694518003
2026-06-22 07:00:00+00:00,7562.529730651292
2026-06-22 08:00:00+00:00,7549.662152558467
2026-06-22 09:00:00+00:00,7543.34224611817
2026-06-22 10:00:00+00:00,7541.956736518887
2026-06-22 11:00:00+00:00,7592.3457724519
2026-06-22 12:00:00+00:00,7605.757451633054
2026-06-22 13:00:00+00:00,7659.890779314811
2026-06-22 14:00:00+00:00,7575.646705946525
2026-06-22 15:00:00+00:00,7545.9781368844415
2026-06-22 16:00:00+00:00,7529.125232987553
2026-06-22 17:00:00+00:00,7524.070527727429
2026-06-22 18:00:00+00:00,7492.430255993563
2026-06-22 19:00:00+00:00,7502.799454083151
2026-06-22 20:00:00+00:00,7500.619983983771
2026-06-22 21:00:00+00:00,7489.986506443398
2026-06-22 22:00:00+00:00,7451.074493504339
2026-06-22 23:00:00+00:00,7462.651357280767
2026-06-23 00:00:00+00:00,7477.168507970268
2026-06-23 01:00:00+00:00,7475.80213054024
2026-06-23 02:00:00+00:00,7483.005466985736
2026-06-23 03:00:00+00:00,7468.986646058261
2026-06-23 04:00:00+00:00,7419.822662360325
2026-06-23 05:00:00+00:00,7394.668121912626
2026-06-23 06:00:00+00:00,7321.970977800298
2026-06-23 07:00:00+00:00,7298.987919921334
2026-06-23 08:00:00+00:00,7221.351141901195
2026-06-23 09:00:00+00:00,7232.508947731508
2026-06-23 10:00:00+00:00,7231.113400821263
2026-06-23 11:00:00+00:00,7257.870184876984
2026-06-23 12:00:00+00:00,7216.831249300708
2026-06-23 13:00:00+00:00,7235.117740412899
2026-06-23 14:00:00+00:00,7231.875097367725
2026-06-23 15:00:00+00:00,7223.987574289739
2026-06-23 16:00:00+00:00,7233.6316632419985
2026-06-23 17:00:00+00:00,7212.214655417311
2026-06-23 18:00:00+00:00,7207.803722047405
2026-06-23 19:00:00+00:00,7227.110783560147
2026-06-23 20:00:00+00:00,7239.742217380788
2026-06-23 21:00:00+00:00,7248.860032344062
2026-06-23 22:00:00+00:00,7261.743692936961
2026-06-23 23:00:00+00:00,7274.386465421347
2026-06-24 00:00:00+00:00,7293.535395674477
2026-06-24 01:00:00+00:00,7280.924471338308
2026-06-24 02:00:00+00:00,7252.60886289428
2026-06-24 03:00:00+00:00,7253.465809802769
2026-06-24 04:00:00+00:00,7246.756530342058
2026-06-24 05:00:00+00:00,7266.67465640125
2026-06-24 06:00:00+00:00,7251.772156066353
2026-06-24 07:00:00+00:00,7231.9003152941295
2026-06-24 08:00:00+00:00,7252.272748790963
2026-06-24 09:00:00+00:00,7232.942603973384
2026-06-24 10:00:00+00:00,7180.169623900143
2026-06-24 11:00:00+00:00,7237.552650351053
2026-06-24 12:00:00+00:00,7201.639688676752
2026-06-24 13:00:00+00:00,7081.776401462443
2026-06-24 14:00:00+00:00,7070.008724151497
2026-06-24 15:00:00+00:00,6929.34650360388
2026-06-24 16:00:00+00:00,6827.261494504218
2026-06-24 17:00:00+00:00,6685.515586588854
2026-06-24 18:00:00+00:00,6764.376494096241
2026-06-24 19:00:00+00:00,6796.00102718386
2026-06-24 20:00:00+00:00,6937.940996520182
2026-06-24 21:00:00+00:00,6975.595138883213
2026-06-24 22:00:00+00:00,6949.563818236573
2026-06-24 23:00:00+00:00,6978.3405118586525
2026-06-25 00:00:00+00:00,6952.281272678472
2026-06-25 01:00:00+00:00,6961.973864172493
2026-06-25 02:00:00+00:00,6941.985478549484
2026-06-25 03:00:00+00:00,6947.785265149097
2026-06-25 04:00:00+00:00,7002.376991420259
2026-06-25 05:00:00+00:00,7030.142432798116
2026-06-25 06:00:00+00:00,7049.0196556462815
2026-06-25 07:00:00+00:00,7055.3516680384755
2026-06-25 08:00:00+00:00,7031.049032884299
2026-06-25 09:00:00+00:00,7027.3899477603045
2026-06-25 10:00:00+00:00,6975.659476101676
2026-06-25 11:00:00+00:00,6971.149094652621
2026-06-25 12:00:00+00:00,6978.091008736019
2026-06-25 13:00:00+00:00,6617.328593326824
2026-06-25 14:00:00+00:00,6742.372786432476
2026-06-25 15:00:00+00:00,6752.821324240534
2026-06-25 16:00:00+00:00,6725.212098829192
2026-06-25 17:00:00+00:00,6795.392203091768
2026-06-25 18:00:00+00:00,6748.743004802943
2026-06-25 19:00:00+00:00,6737.164040502807
2026-06-25 20:00:00+00:00,6741.665671409175
2026-06-25 21:00:00+00:00,6818.407417842328
2026-06-25 22:00:00+00:00,6788.5183753218635
2026-06-25 23:00:00+00:00,6793.748814964811
2026-06-26 00:00:00+00:00,6778.7264577398255
2026-06-26 01:00:00+00:00,6735.718276241841
2026-06-26 02:00:00+00:00,6629.661286719094
2026-06-26 03:00:00+00:00,6778.112304446934
2026-06-26 04:00:00+00:00,6751.278621754739
2026-06-26 05:00:00+00:00,6769.870073496186
2026-06-26 06:00:00+00:00,6827.813135159031
2026-06-26 07:00:00+00:00,6856.577184910633
2026-06-26 08:00:00+00:00,6806.074456081383
2026-06-26 09:00:00+00:00,6752.075690292876
2026-06-26 10:00:00+00:00,6714.439884795402
2026-06-26 11:00:00+00:00,6704.415540300343
2026-06-26 12:00:00+00:00,6682.033309877825
2026-06-26 13:00:00+00:00,6800.84438615285
2026-06-26 14:00:00+00:00,6761.258309560947
2026-06-26 15:00:00+00:00,6829.508444034283
2026-06-26 16:00:00+00:00,6819.3930087190965
2026-06-26 17:00:00+00:00,6830.508286270713
2026-06-26 18:00:00+00:00,6780.991149159073
2026-06-26 19:00:00+00:00,6822.258488903478
2026-06-26 20:00:00+00:00,6805.2378951284545
2026-06-26 21:00:00+00:00,6793.45557907127
2026-06-26 22:00:00+00:00,6830.813918230813
2026-06-26 23:00:00+00:00,6842.325378272041
2026-06-27 00:00:00+00:00,6834.127155028013
2026-06-27 01:00:00+00:00,6847.822800629272
2026-06-27 02:00:00+00:00,6892.217941751644
2026-06-27 03:00:00+00:00,6884.353534955412
2026-06-27 04:00:00+00:00,6883.8512728403775
2026-06-27 05:00:00+00:00,6876.84845464108
2026-06-27 06:00:00+00:00,6890.664291736399
2026-06-27 07:00:00+00:00,6901.766492986842
2026-06-27 08:00:00+00:00,6887.079730782982
2026-06-27 09:00:00+00:00,6888.305359465376
2026-06-27 10:00:00+00:00,6891.882140629398
2026-06-27 11:00:00+00:00,6888.65237004886
2026-06-27 12:00:00+00:00,6891.205819367622
2026-06-27 13:00:00+00:00,6917.342220375949
2026-06-27 14:00:00+00:00,6935.829445435943
2026-06-27 15:00:00+00:00,6980.19047395322
2026-06-27 16:00:00+00:00,6966.764427696906
2026-06-27 17:00:00+00:00,6901.484720805152
2026-06-27 18:00:00+00:00,6902.02475136793
2026-06-27 19:00:00+00:00,6853.670170733207
2026-06-27 20:00:00+00:00,6862.717860151533
2026-06-27 21:00:00+00:00,6842.653707612702
2026-06-27 22:00:00+00:00,6838.863575725255
2026-06-27 23:00:00+00:00,6807.714242792131
2026-06-28 00:00:00+00:00,6822.1473710457285
2026-06-28 01:00:00+00:00,6831.018584565346
2026-06-28 02:00:00+00:00,6811.6785767737965
2026-06-28 03:00:00+00:00,6825.055435868342
2026-06-28 04:00:00+00:00,6817.199616719908
2026-06-28 05:00:00+00:00,6806.446211409067
2026-06-28 06:00:00+00:00,6797.801471053285
2026-06-28 07:00:00+00:00,6830.59615564147
2026-06-28 08:00:00+00:00,6844.4524080934125
2026-06-28 09:00:00+00:00,6832.763154872618
2026-06-28 10:00:00+00:00,6823.364254477698
2026-06-28 11:00:00+00:00,6845.655628594191
2026-06-28 12:00:00+00:00,6844.397160269647
2026-06-28 13:00:00+00:00,6823.432678569727
2026-06-28 14:00:00+00:00,6825.284864668601
2026-06-28 15:00:00+00:00,6815.710165373678
2026-06-28 16:00:00+00:00,6787.033588990485
2026-06-28 17:00:00+00:00,6780.007546852324
2026-06-28 18:00:00+00:00,6780.3972154504545
2026-06-28 19:00:00+00:00,6757.408917167803
2026-06-28 20:00:00+00:00,6786.059664106706
2026-06-28 21:00:00+00:00,6753.224194204072
2026-06-28 22:00:00+00:00,6717.598449247004
2026-06-28 23:00:00+00:00,6778.675280171764
2026-06-29 00:00:00+00:00,6787.180494140797
2026-06-29 01:00:00+00:00,6763.906489192112
2026-06-29 02:00:00+00:00,6798.946221546521
2026-06-29 03:00:00+00:00,6833.195230728147
2026-06-29 04:00:00+00:00,6800.702169791034
2026-06-29 05:00:00+00:00,6832.609197346945
2026-06-29 06:00:00+00:00,6830.452633483617
2026-06-29 07:00:00+00:00,6821.899739769802
2026-06-29 08:00:00+00:00,6795.831552285492
2026-06-29 09:00:00+00:00,6815.109310725822
2026-06-29 10:00:00+00:00,6822.056720762531
2026-06-29 11:00:00+00:00,6806.636175319526
2026-06-29 12:00:00+00:00,6808.773405178308
2026-06-29 13:00:00+00:00,6780.55185520322
2026-06-29 14:00:00+00:00,6768.446462827923
2026-06-29 15:00:00+00:00,6779.471338499017
2026-06-29 16:00:00+00:00,6782.309888052585
2026-06-29 17:00:00+00:00,6885.7159321101535
2026-06-29 18:00:00+00:00,6871.484430322153
2026-06-29 19:00:00+00:00,6914.368408592804
2026-06-29 20:00:00+00:00,6858.669456603078
2026-06-29 21:00:00+00:00,6871.230996876674
2026-06-29 22:00:00+00:00,6830.806422110312
2026-06-29 23:00:00+00:00,6817.522021035474
2026-06-30 00:00:00+00:00,6754.311385365506
2026-06-30 01:00:00+00:00,6763.927795654489
2026-06-30 02:00:00+00:00,6766.3284695329385
2026-06-30 03:00:00+00:00,6731.482901786987
2026-06-30 04:00:00+00:00,6727.055407265494
2026-06-30 05:00:00+00:00,6745.428999445924
2026-06-30 06:00:00+00:00,6743.314844547106
2026-06-30 07:00:00+00:00,6731.759922700936
2026-06-30 08:00:00+00:00,6712.054418188531
2026-06-30 09:00:00+00:00,6712.409880852939
2026-06-30 10:00:00+00:00,6703.3827478579915
2026-06-30 11:00:00+00:00,6676.882720902281
2026-06-30 12:00:00+00:00,6588.802716886105
2026-06-30 13:00:00+00:00,6653.510037641028
2026-06-30 14:00:00+00:00,6632.1771056171
2026-06-30 15:00:00+00:00,6640.296669078533
2026-06-30 16:00:00+00:00,6672.16617177312
2026-06-30 17:00:00+00:00,6646.987648095574
2026-06-30 18:00:00+00:00,6682.628962180064
2026-06-30 19:00:00+00:00,6676.661435144047
2026-06-30 20:00:00+00:00,6655.19727945292
2026-06-30 21:00:00+00:00,6649.025446555104
2026-06-30 22:00:00+00:00,6644.3384123881115
2026-06-30 23:00:00+00:00,6643.6899027341815
2026-07-01 00:00:00+00:00,6631.987284960323
2026-07-01 01:00:00+00:00,6656.108607767686
2026-07-01 02:00:00+00:00,6688.614571321114
2026-07-01 03:00:00+00:00,6710.627761093301
2026-07-01 04:00:00+00:00,6720.960075731806
2026-07-01 05:00:00+00:00,6707.889503287722
2026-07-01 06:00:00+00:00,6658.163254191531
2026-07-01 07:00:00+00:00,6664.640487943716
2026-07-01 08:00:00+00:00,6687.135091919352
2026-07-01 09:00:00+00:00,6680.678047670712
2026-07-01 10:00:00+00:00,6646.349088247429
2026-07-01 11:00:00+00:00,6638.768618939762
2026-07-01 12:00:00+00:00,6629.856289346987
2026-07-01 13:00:00+00:00,6722.889223274964
2026-07-01 14:00:00+00:00,6734.342362271899
2026-07-01 15:00:00+00:00,6795.445364453753
2026-07-01 16:00:00+00:00,6771.721432130667
2026-07-01 17:00:00+00:00,6802.064591525865
2026-07-01 18:00:00+00:00,6795.841698133793
2026-07-01 19:00:00+00:00,6791.320303132727
2026-07-01 20:00:00+00:00,6786.9083935442895
2026-07-01 21:00:00+00:00,6852.144190372408
2026-07-01 22:00:00+00:00,6817.36309052595
2026-07-01 23:00:00+00:00,6764.16036933055
2026-07-02 00:00:00+00:00,6732.681013711821
2026-07-02 01:00:00+00:00,6786.854667743613
2026-07-02 02:00:00+00:00,6799.147312982683
2026-07-02 03:00:00+00:00,6835.97514275582
2026-07-02 04:00:00+00:00,6807.701846026542
2026-07-02 05:00:00+00:00,6784.212049975477
2026-07-02 06:00:00+00:00,6764.2109513676
2026-07-02 07:00:00+00:00,6775.161108753572
2026-07-02 08:00:00+00:00,6814.04344436249
2026-07-02 09:00:00+00:00,6888.098130329216
2026-07-02 10:00:00+00:00,7025.645604727521
2026-07-02 11:00:00+00:00,7046.826069552059
2026-07-02 12:00:00+00:00,7081.617577506859
2026-07-02 13:00:00+00:00,7151.0366170708485
2026-07-02 14:00:00+00:00,7072.398718908209
2026-07-02 15:00:00+00:00,7095.584283887029
2026-07-02 16:00:00+00:00,7066.645305607141
2026-07-02 17:00:00+00:00,7038.3375521219805
2026-07-02 18:00:00+00:00,7056.740755248373
2026-07-02 19:00:00+00:00,7044.108198126612
2026-07-02 20:00:00+00:00,7070.699609673461
2026-07-02 21:00:00+00:00,7062.632706419554
2026-07-02 22:00:00+00:00,7057.056695969819
2026-07-02 23:00:00+00:00,7062.495423076613
2026-07-03 00:00:00+00:00,7048.083045111636
2026-07-03 01:00:00+00:00,7157.963370818135
2026-07-03 02:00:00+00:00,7199.0115418755995
2026-07-03 03:00:00+00:00,7170.822692868251
2026-07-03 04:00:00+00:00,7113.602526897574
2026-07-03 05:00:00+00:00,7123.882513740505
2026-07-03 06:00:00+00:00,7146.164504487581
2026-07-03 07:00:00+00:00,7152.840821371792
2026-07-03 08:00:00+00:00,7128.261082874124
2026-07-03 09:00:00+00:00,7139.619399392241
2026-07-03 10:00:00+00:00,7176.992959360959
2026-07-03 11:00:00+00:00,7185.814990706322
2026-07-03 12:00:00+00:00,7176.051382453747
2026-07-03 13:00:00+00:00,7195.35453823927
2026-07-03 14:00:00+00:00,7201.249235940287
2026-07-03 15:00:00+00:00,7212.64856991442
2026-07-03 16:00:00+00:00,7207.15510534863
2026-07-03 17:00:00+00:00,7239.475871096924
2026-07-03 18:00:00+00:00,7251.012718788204
2026-07-03 19:00:00+00:00,7267.448034506545
2026-07-03 20:00:00+00:00,7324.960359534054
2026-07-03 21:00:00+00:00,7303.0550036452305
2026-07-03 22:00:00+00:00,7283.460089033684
2026-07-03 23:00:00+00:00,7298.58831340432
2026-07-04 00:00:00+00:00,7330.866916634167
2026-07-04 01:00:00+00:00,7287.086097365506
2026-07-04 02:00:00+00:00,7298.915222000095
2026-07-04 03:00:00+00:00,7311.460532790853
2026-07-04 04:00:00+00:00,7368.968917793981
2026-07-04 05:00:00+00:00,7336.632817649907
2026-07-04 06:00:00+00:00,7295.287137447463
2026-07-04 07:00:00+00:00,7308.569514691791
2026-07-04 08:00:00+00:00,7297.953495852724
2026-07-04 09:00:00+00:00,7257.223679433959
2026-07-04 10:00:00+00:00,7267.907497352761
2026-07-04 11:00:00+00:00,7270.380906639551
2026-07-04 12:00:00+00:00,7285.032383586397
2026-07-04 13:00:00+00:00,7304.6581136810655
2026-07-04 14:00:00+00:00,7313.100011039152
2026-07-04 15:00:00+00:00,7366.552984812462
2026-07-04 16:00:00+00:00,7356.815125895793
2026-07-04 17:00:00+00:00,7403.290956977529
2026-07-04 18:00:00+00:00,7385.209030905504
2026-07-04 19:00:00+00:00,7390.689738045301
2026-07-04 20:00:00+00:00,7375.424368227702
2026-07-04 21:00:00+00:00,7383.493530075542
2026-07-04 22:00:00+00:00,7367.585647903431
2026-07-04 23:00:00+00:00,7356.754431596859
2026-07-05 00:00:00+00:00,7331.47642726488
2026-07-05 01:00:00+00:00,7312.868696124409
2026-07-05 02:00:00+00:00,7289.6867666192165
2026-07-05 03:00:00+00:00,7295.5446090938085
2026-07-05 04:00:00+00:00,7310.593897364373
2026-07-05 05:00:00+00:00,7302.974991431019
2026-07-05 06:00:00+00:00,7302.7334494902425
2026-07-05 07:00:00+00:00,7327.771078195942
2026-07-05 08:00:00+00:00,7316.707350570604
2026-07-05 09:00:00+00:00,7279.54391893953
2026-07-05 10:00:00+00:00,7304.648543000043
2026-07-05 11:00:00+00:00,7304.894192715995
2026-07-05 12:00:00+00:00,7318.525652252107
2026-07-05 13:00:00+00:00,7343.468154653675
2026-07-05 14:00:00+00:00,7354.142284718777
2026-07-05 15:00:00+00:00,7345.399347610316
2026-07-05 16:00:00+00:00,7327.660656463398
2026-07-05 17:00:00+00:00,7328.733642059225
2026-07-05 18:00:00+00:00,7334.296129192379
2026-07-05 19:00:00+00:00,7332.650761515165
2026-07-05 20:00:00+00:00,7314.171276820189
2026-07-05 21:00:00+00:00,7355.366484778033
2026-07-05 22:00:00+00:00,7399.326628260956
2026-07-05 23:00:00+00:00,7385.343811713567
2026-07-06 00:00:00+00:00,7407.619558298252
2026-07-06 01:00:00+00:00,7382.420042990968
2026-07-06 02:00:00+00:00,7370.313076977828
2026-07-06 03:00:00+00:00,7352.40876177898
2026-07-06 04:00:00+00:00,7347.32454204656
2026-07-06 05:00:00+00:00,7330.283593053275
2026-07-06 06:00:00+00:00,7313.117473780859
2026-07-06 07:00:00+00:00,7325.2612539166985
2026-07-06 08:00:00+00:00,7300.506645025482
2026-07-06 09:00:00+00:00,7272.399483288733
2026-07-06 10:00:00+00:00,7307.20583337079
2026-07-06 11:00:00+00:00,7263.915304731217
2026-07-06 12:00:00+00:00,7182.709741459709
2026-07-06 13:00:00+00:00,7191.870030704244
2026-07-06 14:00:00+00:00,7222.590490329083
2026-07-06 15:00:00+00:00,7385.37956989096
2026-07-06 16:00:00+00:00,7404.323830344426
2026-07-06 17:00:00+00:00,7387.145181752537
2026-07-06 18:00:00+00:00,7402.607095380147
2026-07-06 19:00:00+00:00,7405.219800339898
2026-07-06 20:00:00+00:00,7410.996036215262
2026-07-06 21:00:00+00:00,7494.5614692650815
2026-07-06 22:00:00+00:00,7462.552867083009
2026-07-06 23:00:00+00:00,7436.8990886977945
2026-07-07 00:00:00+00:00,7454.9406739763535
2026-07-07 01:00:00+00:00,7410.8702177920195
2026-07-07 02:00:00+00:00,7348.510023153011
2026-07-07 03:00:00+00:00,7327.358954346397
2026-07-07 04:00:00+00:00,7316.206617133956
2026-07-07 05:00:00+00:00,7326.419083322176
2026-07-07 06:00:00+00:00,7358.140792094613
2026-07-07 07:00:00+00:00,7341.4187453065615
2026-07-07 08:00:00+00:00,7332.721564477649
2026-07-07 09:00:00+00:00,7342.90604231179
2026-07-07 10:00:00+00:00,7330.081989082397
2026-07-07 11:00:00+00:00,7352.081011232543
2026-07-07 12:00:00+00:00,7351.576915778939
2026-07-07 13:00:00+00:00,7300.211930489032
2026-07-07 14:00:00+00:00,7371.701242004153
2026-07-07 15:00:00+00:00,7409.525033213007
2026-07-07 16:00:00+00:00,7422.434626425916
2026-07-07 17:00:00+00:00,7450.996928649972
2026-07-07 18:00:00+00:00,7372.67089475559
2026-07-07 19:00:00+00:00,7388.60329893782
2026-07-07 20:00:00+00:00,7368.595805028958
2026-07-07 21:00:00+00:00,7331.516007356981
2026-07-07 22:00:00+00:00,7337.454678753519
2026-07-07 23:00:00+00:00,7315.4745130819165
2026-07-08 00:00:00+00:00,7336.085269482355
2026-07-08 01:00:00+00:00,7253.87813259994
2026-07-08 02:00:00+00:00,7255.490234789272
2026-07-08 03:00:00+00:00,7226.68182025406
2026-07-08 04:00:00+00:00,7226.000468431406
2026-07-08 05:00:00+00:00,7205.781926946379
2026-07-08 06:00:00+00:00,7206.928287852942
2026-07-08 07:00:00+00:00,7228.771086123148
2026-07-08 08:00:00+00:00,7133.1773062426355
2026-07-08 09:00:00+00:00,7132.466362138712
2026-07-08 10:00:00+00:00,7153.8836269785925
2026-07-08 11:00:00+00:00,7170.839344210055
2026-07-08 12:00:00+00:00,7135.634963376469
2026-07-08 13:00:00+00:00,7132.951669597659
2026-07-08 14:00:00+00:00,7118.533818632771
2026-07-08 15:00:00+00:00,7093.319742078559
2026-07-08 16:00:00+00:00,7152.177309435545
2026-07-08 17:00:00+00:00,7158.289237086328
2026-07-08 18:00:00+00:00,7164.682382960843
2026-07-08 19:00:00+00:00,7177.277923986256
2026-07-08 20:00:00+00:00,7157.600308944148
2026-07-08 21:00:00+00:00,7166.026467617421
2026-07-08 22:00:00+00:00,7181.164307973615
2026-07-08 23:00:00+00:00,7183.249493485178
2026-07-09 00:00:00+00:00,7163.064366091835
2026-07-09 01:00:00+00:00,7137.479988498946
2026-07-09 02:00:00+00:00,7120.895734742172
2026-07-09 03:00:00+00:00,7138.595431554948
2026-07-09 04:00:00+00:00,7181.055128358361
2026-07-09 05:00:00+00:00,7204.943908465912
2026-07-09 06:00:00+00:00,7229.53751193483
2026-07-09 07:00:00+00:00,7225.265247263597
2026-07-09 08:00:00+00:00,7210.529348627902
2026-07-09 09:00:00+00:00,7210.089447124336
2026-07-09 10:00:00+00:00,7192.929136641174
2026-07-09 11:00:00+00:00,7197.88606724951
2026-07-09 12:00:00+00:00,7188.995876503234
2026-07-09 13:00:00+00:00,7229.868344205327
2026-07-09 14:00:00+00:00,7211.399449234973
2026-07-09 15:00:00+00:00,7190.406124445776
2026-07-09 16:00:00+00:00,7176.838121926493
2026-07-09 17:00:00+00:00,7226.899549714809
2026-07-09 18:00:00+00:00,7226.97726461046
2026-07-09 19:00:00+00:00,7237.549640453469
2026-07-09 20:00:00+00:00,7240.625273805283
2026-07-09 21:00:00+00:00,7240.056724246236
2026-07-09 22:00:00+00:00,7230.928742331281
2026-07-09 23:00:00+00:00,7222.004817825027
2026-07-10 00:00:00+00:00,7203.871024804868
2026-07-10 01:00:00+00:00,7290.85278071578
2026-07-10 02:00:00+00:00,7313.789711616233
2026-07-10 03:00:00+00:00,7319.668556273775
2026-07-10 04:00:00+00:00,7322.607694599434
2026-07-10 05:00:00+00:00,7335.35146690736
2026-07-10 06:00:00+00:00,7304.180445986396
2026-07-10 07:00:00+00:00,7314.559745585574
2026-07-10 08:00:00+00:00,7352.996415572669
2026-07-10 09:00:00+00:00,7378.61661644078
2026-07-10 10:00:00+00:00,7389.076560204631
2026-07-10 11:00:00+00:00,7398.728998110613
2026-07-10 12:00:00+00:00,7375.842677221634
2026-07-10 13:00:00+00:00,7407.454896562504
2026-07-10 14:00:00+00:00,7336.246806364731
2026-07-10 15:00:00+00:00,7355.8602702545595
2026-07-10 16:00:00+00:00,7374.704943960843
2026-07-10 17:00:00+00:00,7337.131086975376
2026-07-10 18:00:00+00:00,7329.987085693251
2026-07-10 19:00:00+00:00,7352.075724375451
2026-07-10 20:00:00+00:00,7336.990082723209
2026-07-10 21:00:00+00:00,7349.459364980275
2026-07-10 22:00:00+00:00,7357.212785619204
2026-07-10 23:00:00+00:00,7357.05416322973
2026-07-11 00:00:00+00:00,7357.2227283662605
2026-07-11 01:00:00+00:00,7343.197346029082
2026-07-11 02:00:00+00:00,7362.504128436366
2026-07-11 03:00:00+00:00,7366.725458139761
2026-07-11 04:00:00+00:00,7356.840473155091
2026-07-11 05:00:00+00:00,7364.210809798125
2026-07-11 06:00:00+00:00,7359.052881209024
2026-07-11 07:00:00+00:00,7357.182135933237
2026-07-11 08:00:00+00:00,7366.1374529807335
2026-07-11 09:00:00+00:00,7348.278873554636
2026-07-11 10:00:00+00:00,7355.649560471183
2026-07-11 11:00:00+00:00,7360.222606819665
2026-07-11 12:00:00+00:00,7359.30201733143
2026-07-11 13:00:00+00:00,7366.735324019893
2026-07-11 14:00:00+00:00,7389.887784831436
2026-07-11 15:00:00+00:00,7388.244819125035
2026-07-11 16:00:00+00:00,7396.519761171619
2026-07-11 17:00:00+00:00,7405.985847138608
2026-07-11 18:00:00+00:00,7416.9943784166735
2026-07-11 19:00:00+00:00,7407.601453492512
2026-07-11 20:00:00+00:00,7407.17708708742
2026-07-11 21:00:00+00:00,7404.449872990743
2026-07-11 22:00:00+00:00,7364.735542680721
2026-07-11 23:00:00+00:00,7270.839600957298
2026-07-12 00:00:00+00:00,7261.7184266999975
2026-07-12 01:00:00+00:00,7316.613881210194
2026-07-12 02:00:00+00:00,7302.491802360308
2026-07-12 03:00:00+00:00,7324.195960685507
2026-07-12 04:00:00+00:00,7300.093778503551
2026-07-12 05:00:00+00:00,7292.416008932228
2026-07-12 06:00:00+00:00,7264.739895568742
2026-07-12 07:00:00+00:00,7279.121660859091
2026-07-12 08:00:00+00:00,7297.729991167145
2026-07-12 09:00:00+00:00,7290.779648407768
2026-07-12 10:00:00+00:00,7279.269462736315
2026-07-12 11:00:00+00:00,7296.785182318022
2026-07-12 12:00:00+00:00,7298.928297440658
2026-07-12 13:00:00+00:00,7296.108949133363
2026-07-12 14:00:00+00:00,7317.655233138692
2026-07-12 15:00:00+00:00,7317.1083109176325
2026-07-12 16:00:00+00:00,7316.541240329119
2026-07-12 17:00:00+00:00,7299.569211010536
2026-07-12 18:00:00+00:00,7311.530500140737
2026-07-12 19:00:00+00:00,7314.795455009503
2026-07-12 20:00:00+00:00,7309.780536033397
2026-07-12 21:00:00+00:00,7276.9712461305535
2026-07-12 22:00:00+00:00,7248.795593655498
2026-07-12 23:00:00+00:00,7240.731006082111
2026-07-13 00:00:00+00:00,7281.6467402891885
2026-07-13 01:00:00+00:00,7203.174940825933
2026-07-13 02:00:00+00:00,7198.130025445394
2026-07-13 03:00:00+00:00,7140.454994570746
2026-07-13 04:00:00+00:00,7134.146266015931
2026-07-13 05:00:00+00:00,7152.348229353165
2026-07-13 06:00:00+00:00,7158.912820921104
2026-07-13 07:00:00+00:00,7174.939835916325
2026-07-13 08:00:00+00:00,7188.2175688444595
2026-07-13 09:00:00+00:00,7178.474775937936
2026-07-13 10:00:00+00:00,7159.947026313437
2026-07-13 11:00:00+00:00,7162.885944464172
2026-07-13 12:00:00+00:00,7134.824171055136
2026-07-13 13:00:00+00:00,7101.047066352921
2026-07-13 14:00:00+00:00,7156.945486865431
2026-07-13 15:00:00+00:00,7130.432999611734
2026-07-13 16:00:00+00:00,7098.328329485435
2026-07-13 17:00:00+00:00,7045.30243938427
2026-07-13 18:00:00+00:00,7059.829578141861
2026-07-13 19:00:00+00:00,7094.71596459854
2026-07-13 20:00:00+00:00,7073.7002764441295
2026-07-13 21:00:00+00:00,7056.082273836103
2026-07-13 22:00:00+00:00,7045.067187976114
2026-07-13 23:00:00+00:00,7097.699115069449
2026-07-14 00:00:00+00:00,7115.924713613638
2026-07-14 01:00:00+00:00,7101.763708409149
2026-07-14 02:00:00+00:00,7104.300446212069
2026-07-14 03:00:00+00:00,7106.940997842817
2026-07-14 04:00:00+00:00,7123.393738883217
2026-07-14 05:00:00+00:00,7133.929750284622
2026-07-14 06:00:00+00:00,7122.181570623314
2026-07-14 07:00:00+00:00,7115.263275902043
2026-07-14 08:00:00+00:00,7123.959896833958
2026-07-14 09:00:00+00:00,7117.505691438147
2026-07-14 10:00:00+00:00,7135.851433327911
2026-07-14 11:00:00+00:00,7143.404594697723
2026-07-14 12:00:00+00:00,7262.722886857124
2026-07-14 13:00:00+00:00,7288.580312172541
2026-07-14 14:00:00+00:00,7307.572025259728
2026-07-14 15:00:00+00:00,7339.873397987541
2026-07-14 16:00:00+00:00,7335.773318449583
2026-07-14 17:00:00+00:00,7298.963965970565
2026-07-14 18:00:00+00:00,7313.598955868542
2026-07-14 19:00:00+00:00,7328.270065431799
2026-07-14 20:00:00+00:00,7309.930858763913
2026-07-14 21:00:00+00:00,7326.636108006845
2026-07-14 22:00:00+00:00,7333.909844215154
2026-07-14 23:00:00+00:00,7363.384967222132
2026-07-15 00:00:00+00:00,7334.501597271852
2026-07-15 01:00:00+00:00,7307.897725333311
2026-07-15 02:00:00+00:00,7288.566292898493
2026-07-15 03:00:00+00:00,7326.915444299873
2026-07-15 04:00:00+00:00,7335.233531644879
2026-07-15 05:00:00+00:00,7357.485553943495
2026-07-15 06:00:00+00:00,7345.102908681105
2026-07-15 07:00:00+00:00,7308.661441442146
2026-07-15 08:00:00+00:00,7329.787457933189
2026-07-15 09:00:00+00:00,7328.5130090140365
2026-07-15 10:00:00+00:00,7319.362313091712
2026-07-15 11:00:00+00:00,7322.9457645365055
2026-07-15 12:00:00+00:00,7389.659838867665
2026-07-15 13:00:00+00:00,7389.358052788564
2026-07-15 14:00:00+00:00,7418.522128305533
2026-07-15 15:00:00+00:00,7421.746241417482
2026-07-15 16:00:00+00:00,7363.8188759726445
2026-07-15 17:00:00+00:00,7372.059773876259
2026-07-15 18:00:00+00:00,7344.128250174975
2026-07-15 19:00:00+00:00,7342.189579144736
2026-07-15 20:00:00+00:00,7333.557100630823
2026-07-15 21:00:00+00:00,7322.675504401716
2026-07-15 22:00:00+00:00,7327.241724632764
2026-07-15 23:00:00+00:00,7310.382957098634
2026-07-16 00:00:00+00:00,7294.944892370686
2026-07-16 01:00:00+00:00,7318.12087558946
2026-07-16 02:00:00+00:00,7318.227643716453
2026-07-16 03:00:00+00:00,7304.3027640499595
2026-07-16 04:00:00+00:00,7305.261591826569
2026-07-16 05:00:00+00:00,7334.394845514283
2026-07-16 06:00:00+00:00,7312.961029533235
2026-07-16 07:00:00+00:00,7238.082499564715
2026-07-16 08:00:00+00:00,7219.979666855044
2026-07-16 09:00:00+00:00,7211.269203303386
2026-07-16 10:00:00+00:00,7227.669965714724
2026-07-16 11:00:00+00:00,7232.969522213228
2026-07-16 12:00:00+00:00,7200.024752032125
2026-07-16 13:00:00+00:00,7243.48629223779
2026-07-16 14:00:00+00:00,7259.076153297314
2026-07-16 15:00:00+00:00,7274.785354911109
2026-07-16 16:00:00+00:00,7236.5040982541295
2026-07-16 17:00:00+00:00,7165.9159697086125
2026-07-16 18:00:00+00:00,7171.885328848813
2026-07-16 19:00:00+00:00,7186.1175910101265
2026-07-16 20:00:00+00:00,7178.291119698086
2026-07-16 21:00:00+00:00,7182.270504331184
2026-07-16 22:00:00+00:00,7146.2291829062
2026-07-16 23:00:00+00:00,7128.044980574218
2026-07-17 00:00:00+00:00,7146.897274967196
2026-07-17 01:00:00+00:00,7114.474854839165
2026-07-17 02:00:00+00:00,7111.532805776108
2026-07-17 03:00:00+00:00,7131.168633692369
2026-07-17 04:00:00+00:00,7119.277585854922
2026-07-17 05:00:00+00:00,7051.047284283813
2026-07-17 06:00:00+00:00,7078.981098512221
2026-07-17 07:00:00+00:00,7060.845220414382
2026-07-17 08:00:00+00:00,7067.794069346937
2026-07-17 09:00:00+00:00,7074.472756724298
2026-07-17 10:00:00+00:00,7089.7319846277915
2026-07-17 11:00:00+00:00,7090.484952099402
2026-07-17 12:00:00+00:00,7050.505353340901
2026-07-17 13:00:00+00:00,7050.218860096666
2026-07-17 14:00:00+00:00,7050.861520709876
2026-07-17 15:00:00+00:00,7087.721458492191
2026-07-17 16:00:00+00:00,7103.70976791072
2026-07-17 17:00:00+00:00,7143.389275244407
2026-07-17 18:00:00+00:00,7158.8901808229
2026-07-17 19:00:00+00:00,7147.676725304602
2026-07-17 20:00:00+00:00,7141.126913118039
2026-07-17 21:00:00+00:00,7135.8162776176505
2026-07-17 22:00:00+00:00,7117.480815843207
2026-07-17 23:00:00+00:00,7133.77676785505
2026-07-18 00:00:00+00:00,7149.687623329451
2026-07-18 01:00:00+00:00,7149.955261120496
2026-07-18 02:00:00+00:00,7172.128979328311
2026-07-18 03:00:00+00:00,7164.2974448662035
2026-07-18 04:00:00+00:00,7140.173051141034
2026-07-18 05:00:00+00:00,7135.892704249971
2026-07-18 06:00:00+00:00,7121.564033586899
2026-07-18 07:00:00+00:00,7127.138647451352
2026-07-18 08:00:00+00:00,7122.156599703759
2026-07-18 09:00:00+00:00,7110.028182930547
2026-07-18 10:00:00+00:00,7114.566895795623
2026-07-18 11:00:00+00:00,7123.428202260948
2026-07-18 12:00:00+00:00,7133.297410958097
2026-07-18 13:00:00+00:00,7115.944488587062
2026-07-18 14:00:00+00:00,7126.884074154147
2026-07-18 15:00:00+00:00,7118.5427457994965
2026-07-18 16:00:00+00:00,7139.692507374449
2026-07-18 17:00:00+00:00,7161.628827831548
2026-07-18 18:00:00+00:00,7154.57104589805
2026-07-18 19:00:00+00:00,7165.664829343881
2026-07-18 20:00:00+00:00,7173.119722611665
2026-07-18 21:00:00+00:00,7176.577868719704
2026-07-18 22:00:00+00:00,7179.002502496888
2026-07-18 23:00:00+00:00,7179.304933876279
2026-07-19 00:00:00+00:00,7182.22701677841
2026-07-19 01:00:00+00:00,7178.484235765824
2026-07-19 02:00:00+00:00,7192.31107855423
2026-07-19 03:00:00+00:00,7179.10728826909
2026-07-19 04:00:00+00:00,7173.184908905753
2026-07-19 05:00:00+00:00,7175.760178599017
2026-07-19 06:00:00+00:00,7176.670946336997
2026-07-19 07:00:00+00:00,7178.286246653459
2026-07-19 08:00:00+00:00,7185.055023160347
2026-07-19 09:00:00+00:00,7159.289447756831
2026-07-19 10:00:00+00:00,7175.688395064809
2026-07-19 11:00:00+00:00,7167.004636493471
2026-07-19 12:00:00+00:00,7163.559848079897
2026-07-19 13:00:00+00:00,7168.679944725715
2026-07-19 14:00:00+00:00,7180.257586513515
2026-07-19 15:00:00+00:00,7172.5879395207385
2026-07-19 16:00:00+00:00,7162.12199281826
2026-07-19 17:00:00+00:00,7163.45400820618
2026-07-19 18:00:00+00:00,7144.638345758446
2026-07-19 19:00:00+00:00,7149.399421187359
2026-07-19 20:00:00+00:00,7162.625998907398
2026-07-19 21:00:00+00:00,7146.324756026663
2026-07-19 22:00:00+00:00,7176.652113036756
2026-07-19 23:00:00+00:00,7182.742077215708
2026-07-20 00:00:00+00:00,7184.320453083052
2026-07-20 01:00:00+00:00,7170.925674862972
2026-07-20 02:00:00+00:00,7216.837288245804
2026-07-20 03:00:00+00:00,7208.21473410463
2026-07-20 04:00:00+00:00,7173.040318013442
2026-07-20 05:00:00+00:00,7121.822975366413
2026-07-20 06:00:00+00:00,7097.712389700055
2026-07-20 07:00:00+00:00,7152.206883094078
2026-07-20 08:00:00+00:00,7143.282038745567
2026-07-20 09:00:00+00:00,7164.336368622475
2026-07-20 10:00:00+00:00,7160.612838702392
2026-07-20 11:00:00+00:00,7240.720019721188
2026-07-20 12:00:00+00:00,7202.1196097977645
2026-07-20 13:00:00+00:00,7152.375289961064
2026-07-20 14:00:00+00:00,7153.351094038912
2026-07-20 15:00:00+00:00,7291.776974615694
2026-07-20 16:00:00+00:00,7292.331385743428
2026-07-20 17:00:00+00:00,7299.032621837907
2026-07-20 18:00:00+00:00,7293.128208804429
2026-07-20 19:00:00+00:00,7299.104268016367
2026-07-20 20:00:00+00:00,7304.320985898075
2026-07-20 21:00:00+00:00,7299.393906536064
2026-07-20 22:00:00+00:00,7267.637170663007
2026-07-20 23:00:00+00:00,7295.389318906546
2026-07-21 00:00:00+00:00,7320.828856552786
2026-07-21 01:00:00+00:00,7300.1672540914105
2026-07-21 02:00:00+00:00,7325.318274730976
2026-07-21 03:00:00+00:00,7350.645112195211
2026-07-21 04:00:00+00:00,7354.68907400776
2026-07-21 05:00:00+00:00,7385.419624508817
2026-07-21 06:00:00+00:00,7400.110458956805
2026-07-21 07:00:00+00:00,7408.733705579102
2026-07-21 08:00:00+00:00,7359.379156892137
2026-07-21 09:00:00+00:00,7370.250903366682
2026-07-21 10:00:00+00:00,7357.425413597453
2026-07-21 11:00:00+00:00,7373.357614643339
2026-07-21 12:00:00+00:00,7403.863886842082
2026-07-21 13:00:00+00:00,7411.1805448946225
2026-07-21 14:00:00+00:00,7435.058607137477
2026-07-21 15:00:00+00:00,7441.779637825004
2026-07-21 16:00:00+00:00,7413.619759404978
2026-07-21 17:00:00+00:00,7417.882109294913
2026-07-21 18:00:00+00:00,7424.796989107123
2026-07-21 19:00:00+00:00,7428.577620105016
2026-07-21 20:00:00+00:00,7400.43955179795
2026-07-21 21:00:00+00:00,7392.474264154368
2026-07-21 22:00:00+00:00,7372.816882101212
2026-07-21 23:00:00+00:00,7391.67712321797
2026-07-22 00:00:00+00:00,7402.385865987776
2026-07-22 01:00:00+00:00,7386.79131461482
2026-07-22 02:00:00+00:00,7366.704516165156
2026-07-22 03:00:00+00:00,7357.7539147100215
2026-07-22 04:00:00+00:00,7382.612420914145
2026-07-22 05:00:00+00:00,7326.731940174402
2026-07-22 06:00:00+00:00,7320.757357428608
2026-07-22 07:00:00+00:00,7310.06303651546
2026-07-22 08:00:00+00:00,7331.218486570481
2026-07-22 09:00:00+00:00,7333.935644153845
2026-07-22 10:00:00+00:00,7352.561339086908
2026-07-22 11:00:00+00:00,7343.984205886114
2026-07-22 12:00:00+00:00,7300.500089137999
2026-07-22 13:00:00+00:00,7347.812367013318
2026-07-22 14:00:00+00:00,7340.459042306709
2026-07-22 15:00:00+00:00,7381.4505195142965
2026-07-22 16:00:00+00:00,7396.773131290229
2026-07-22 17:00:00+00:00,7367.912418243749
2026-07-22 18:00:00+00:00,7338.599978081539
2026-07-22 19:00:00+00:00,7336.368114629803
2026-07-22 20:00:00+00:00,7342.785551523416
2026-07-22 21:00:00+00:00,7361.677012232743
2026-07-22 22:00:00+00:00,7345.986004355145
2026-07-22 23:00:00+00:00,7336.798578062431
2026-07-23 00:00:00+00:00,7330.02108922655
2026-07-23 01:00:00+00:00,7317.97591002769
2026-07-23 02:00:00+00:00,7311.661214000927
2026-07-23 03:00:00+00:00,7284.157849251333
2026-07-23 04:00:00+00:00,7290.010022825738
2026-07-23 05:00:00+00:00,7290.629717423456
2026-07-23 06:00:00+00:00,7302.987124410396
2026-07-23 07:00:00+00:00,7274.879015090695
2026-07-23 08:00:00+00:00,7284.950361912398
2026-07-23 09:00:00+00:00,7275.658848350666
2026-07-23 10:00:00+00:00,7287.683041992721
2026-07-23 11:00:00+00:00,7269.413698525975
2026-07-23 12:00:00+00:00,7214.510352394253
2026-07-23 13:00:00+00:00,7165.185311963644
2026-07-23 14:00:00+00:00,7161.684657856009
2026-07-23 15:00:00+00:00,7173.38580597998
2026-07-23 16:00:00+00:00,7148.72170352178
2026-07-23 17:00:00+00:00,7127.139750408992
2026-07-23 18:00:00+00:00,7144.5956827462705
2026-07-23 19:00:00+00:00,7140.788902285482
2026-07-23 20:00:00+00:00,7184.488662661563
2026-07-23 21:00:00+00:00,7177.327253851602
2026-07-23 22:00:00+00:00,7185.201785078711
2026-07-23 23:00:00+00:00,7164.707252806218
2026-07-24 00:00:00+00:00,7157.182876012143
2026-07-24 01:00:00+00:00,7169.168304368058
2026-07-24 02:00:00+00:00,7161.827165479763
2026-07-24 03:00:00+00:00,7196.042510988639
2026-07-24 04:00:00+00:00,7173.156164086841
2026-07-24 05:00:00+00:00,7180.177074682865
2026-07-24 06:00:00+00:00,7190.623936622663
2026-07-24 07:00:00+00:00,7202.586839195899
2026-07-24 08:00:00+00:00,7177.9839917625795
2026-07-24 09:00:00+00:00,7160.016141458899
2026-07-24 10:00:00+00:00,7144.892562762833
2026-07-24 11:00:00+00:00,7138.50781917791
2026-07-24 12:00:00+00:00,7105.730315738639
2026-07-24 13:00:00+00:00,7041.102336158808
2026-07-24 14:00:00+00:00,7025.693092184856
2026-07-24 15:00:00+00:00,7020.061105203429
2026-07-24 16:00:00+00:00,6999.591144772077
2026-07-24 17:00:00+00:00,7014.101558675426
2026-07-24 18:00:00+00:00,7004.990072342128
2026-07-24 19:00:00+00:00,7011.281317015988
2026-07-24 20:00:00+00:00,7006.629703042279
2026-07-24 21:00:00+00:00,6993.879488097909
2026-07-24 22:00:00+00:00,7017.914773114075
2026-07-24 23:00:00+00:00,7018.8639095453855
2026-07-25 00:00:00+00:00,7013.998358838309
2026-07-25 01:00:00+00:00,7013.69184894438
2026-07-25 02:00:00+00:00,7012.815520754214
2026-07-25 03:00:00+00:00,7007.909141310022
2026-07-25 04:00:00+00:00,7018.941405767336
2026-07-25 05:00:00+00:00,7003.912051064314
2026-07-25 06:00:00+00:00,6997.691525181492
2026-07-25 07:00:00+00:00,6991.861413170099
2026-07-25 08:00:00+00:00,6981.0610696262975
2026-07-25 09:00:00+00:00,6993.614420609559
2026-07-25 10:00:00+00:00,6990.972857352929
2026-07-25 11:00:00+00:00,6989.009859563473
2026-07-25 12:00:00+00:00,6997.1055064811435
2026-07-25 13:00:00+00:00,7012.7491491287465
2026-07-25 14:00:00+00:00,7017.750312522519
2026-07-25 15:00:00+00:00,7014.497353720541
2026-07-25 16:00:00+00:00,7016.048172547331
2026-07-25 17:00:00+00:00,7028.891365996931
2026-07-25 18:00:00+00:00,7041.55764662403
2026-07-25 19:00:00+00:00,7038.696936350852
2026-07-25 20:00:00+00:00,7023.336786665881
2026-07-25 21:00:00+00:00,7024.041525036726
2026-07-25 22:00:00+00:00,7029.638666307499
2026-07-25 23:00:00+00:00,7028.563234401631
2026-07-26 00:00:00+00:00,7048.501576181168
2026-07-26 01:00:00+00:00,7047.4572678912555
2026-07-26 02:00:00+00:00,7054.80870354357
2026-07-26 03:00:00+00:00,7062.540374205113
2026-07-26 04:00:00+00:00,7062.949346314053
2026-07-26 05:00:00+00:00,7054.447660014098
2026-07-26 06:00:00+00:00,7054.9977573423685
2026-07-26 07:00:00+00:00,7036.914158818628
2026-07-26 08:00:00+00:00,7041.821727239291
2026-07-26 09:00:00+00:00,7050.501906434343
2026-07-26 10:00:00+00:00,7057.378551634528
2026-07-26 11:00:00+00:00,7048.738195694644
2026-07-26 12:00:00+00:00,7047.225000003653
2026-07-26 13:00:00+00:00,7049.670912115744
2026-07-26 14:00:00+00:00,7077.679116929193
2026-07-26 15:00:00+00:00,7127.849688340291
2026-07-26 16:00:00+00:00,7120.748730839326
2026-07-26 17:00:00+00:00,7111.644601813768
2026-07-26 18:00:00+00:00,7114.159771095841
2026-07-26 19:00:00+00:00,7109.665339524668
2026-07-26 20:00:00+00:00,7107.111397265752
2026-07-26 21:00:00+00:00,7133.220119774175
2026-07-26 22:00:00+00:00,7213.696423189747
2026-07-26 23:00:00+00:00,7215.34766144713
2026-07-27 00:00:00+00:00,7181.291959406202
2026-07-27 01:00:00+00:00,7193.380713333775
2026-07-27 02:00:00+00:00,7177.15826564936
2026-07-27 03:00:00+00:00,7188.8427402910675
2026-07-27 04:00:00+00:00,7185.53085014438
2026-07-27 05:00:00+00:00,7208.733065595505
2026-07-27 06:00:00+00:00,7207.838727048672
2026-07-27 07:00:00+00:00,7186.403809092911
2026-07-27 08:00:00+00:00,7179.584613048284
2026-07-27 09:00:00+00:00,7189.59051206065
2026-07-27 10:00:00+00:00,7192.862395431897
2026-07-27 11:00:00+00:00,7171.944415224145
2026-07-27 12:00:00+00:00,7170.156429015357
2026-07-27 13:00:00+00:00,7185.828052037617
2026-07-27 14:00:00+00:00,7101.81257701385
2026-07-27 15:00:00+00:00,7080.814007779368
2026-07-27 16:00:00+00:00,7122.8440064581455
2026-07-27 17:00:00+00:00,7130.8026530280285
2026-07-27 18:00:00+00:00,7110.642022162229
2026-07-27 19:00:00+00:00,7123.625393800541
2026-07-27 20:00:00+00:00,7118.432919368264
2026-07-27 21:00:00+00:00,7096.769640456682
2026-07-27 22:00:00+00:00,6945.0732507564335
2026-07-27 23:00:00+00:00,6941.143763115306
2026-07-28 00:00:00+00:00,6901.487771035586
2026-07-28 01:00:00+00:00,6882.080001789982
2026-07-28 02:00:00+00:00,6879.801462030272
2026-07-28 03:00:00+00:00,6898.28120151469
2026-07-28 04:00:00+00:00,6894.635625504478
2026-07-28 05:00:00+00:00,6907.41438968966
2026-07-28 06:00:00+00:00,6927.716471812795
2026-07-28 07:00:00+00:00,6911.603043260041
2026-07-28 08:00:00+00:00,6908.592504525566
2026-07-28 09:00:00+00:00,6891.961948348476
2026-07-28 10:00:00+00:00,6900.597983712872
2026-07-28 11:00:00+00:00,6895.4472944613635
2026-07-28 12:00:00+00:00,6929.725837872574
2026-07-28 13:00:00+00:00,6871.902678509214
2026-07-28 14:00:00+00:00,6915.960242274295
2026-07-28 15:00:00+00:00,7000.977484914954
2026-07-28 16:00:00+00:00,7018.019562801361
2026-07-28 17:00:00+00:00,6954.655813956432
2026-07-28 18:00:00+00:00,6939.427203947279
2026-07-28 19:00:00+00:00,6957.4062035121
2026-07-28 20:00:00+00:00,6982.210316050174
2026-07-28 21:00:00+00:00,6998.291813690404
2026-07-28 22:00:00+00:00,6998.855914532951
2026-07-28 23:00:00+00:00,7023.425894113975
2026-07-29 00:00:00+00:00,7042.909932988276
2026-07-29 01:00:00+00:00,7009.735767158948
2026-07-29 02:00:00+00:00,7111.453369387765
2026-07-29 03:00:00+00:00,7047.40250726984
2026-07-29 04:00:00+00:00,7082.513184180409
2026-07-29 05:00:00+00:00,7105.0336969266655
2026-07-29 06:00:00+00:00,7131.672253401948
2026-07-29 07:00:00+00:00,7147.134371956524
2026-07-29 08:00:00+00:00,7128.69255292247
2026-07-29 09:00:00+00:00,7148.813997553233
2026-07-29 10:00:00+00:00,7132.2676107657235
2026-07-29 11:00:00+00:00,7123.858149352286
2026-07-29 12:00:00+00:00,7091.075655947445
2026-07-29 13:00:00+00:00,7104.578252571383
2026-07-29 14:00:00+00:00,7040.825786998689
2026-07-29 15:00:00+00:00,7027.122765130547
2026-07-29 16:00:00+00:00,7024.680597078633
2026-07-29 17:00:00+00:00,7088.554019844323
2026-07-29 18:00:00+00:00,7109.45106938868
2026-07-29 19:00:00+00:00,6999.9768312910455
2026-07-29 20:00:00+00:00,6988.091490681662
2026-07-29 21:00:00+00:00,7033.071425182568
2026-07-29 22:00:00+00:00,7053.915408782286
2026-07-29 23:00:00+00:00,7062.76646138017
2026-07-30 00:00:00+00:00,7023.793178800322
2026-07-30 01:00:00+00:00,7089.499587099589
2026-07-30 02:00:00+00:00,7074.8398320706965
2026-07-30 03:00:00+00:00,7071.223146624818
2026-07-30 04:00:00+00:00,7048.810359696771
2026-07-30 05:00:00+00:00,7057.415927345561
2026-07-30 06:00:00+00:00,7046.366357665501
2026-07-30 07:00:00+00:00,7051.263837851801
2026-07-30 08:00:00+00:00,7088.540390100791
2026-07-30 09:00:00+00:00,7108.7122699714855
2026-07-30 10:00:00+00:00,7095.201459338975
2026-07-30 11:00:00+00:00,7122.920836882387
2026-07-30 12:00:00+00:00,7129.137427787744
2026-07-30 13:00:00+00:00,7141.043892323062
2026-07-30 14:00:00+00:00,7128.731489230184
2026-07-30 15:00:00+00:00,7147.3475569045995
2026-07-30 16:00:00+00:00,7144.991518668553
2026-07-30 17:00:00+00:00,7151.572491063763
2026-07-30 18:00:00+00:00,7123.565864452232
2026-07-30 19:00:00+00:00,7143.3553385347395
2026-07-30 20:00:00+00:00,7080.452693916185
2026-07-30 21:00:00+00:00,7065.08079052953
2026-07-30 22:00:00+00:00,7063.414439212225
2026-07-30 23:00:00+00:00,7049.500048289556
2026-07-31 00:00:00+00:00,7044.168083170185
2026-07-31 01:00:00+00:00,7044.74047626379
2026-07-31 02:00:00+00:00,7058.93553321631
2026-07-31 03:00:00+00:00,7053.921165848019
2026-07-31 04:00:00+00:00,7024.892683684036
2026-07-31 05:00:00+00:00,7026.5928680432025
2026-07-31 06:00:00+00:00,7012.410648492153
2026-07-31 07:00:00+00:00,6995.072057774167
2026-07-31 08:00:00+00:00,6981.277292327632
2026-07-31 09:00:00+00:00,6956.999377938776
2026-07-31 10:00:00+00:00,6973.910693030424
2026-07-31 11:00:00+00:00,6963.515586549399
2026-07-31 12:00:00+00:00,6959.731310356281
2026-07-31 13:00:00+00:00,6914.202126473115
2026-07-31 14:00:00+00:00,6872.309953365257
2026-07-31 15:00:00+00:00,6865.798812667451
2026-07-31 16:00:00+00:00,6878.35928337908
2026-07-31 17:00:00+00:00,6900.104584834082
2026-07-31 18:00:00+00:00,6875.095315215388
2026-07-31 19:00:00+00:00,6861.920895093843
2026-07-31 20:00:00+00:00,6856.787034437152
2026-07-31 21:00:00+00:00,6842.5742816876555
2026-07-31 22:00:00+00:00,6851.766574175068
2026-07-31 23:00:00+00:00,6852.384517053224
2026-08-01 00:00:00+00:00,6862.838787246068
2026-08-01 01:00:00+00:00,6870.704263382681
2026-08-01 02:00:00+00:00,6874.843383163686
2026-08-01 03:00:00+00:00,6873.136602745674
2026-08-01 04:00:00+00:00,6882.948371950317
2026-08-01 05:00:00+00:00,6862.306638791012
2026-08-01 06:00:00+00:00,6865.599943773292
2026-08-01 07:00:00+00:00,6857.8848242409085
2026-08-01 08:00:00+00:00,6862.641161023866
2026-08-01 09:00:00+00:00,6849.517291011674
2026-08-01 10:00:00+00:00,6853.71232185984
2026-08-01 11:00:00+00:00,6859.4638849874955
2026-08-01 12:00:00+00:00,6873.462016165338
2026-08-01 13:00:00+00:00,6881.744434232612
2026-08-01 14:00:00+00:00,6859.160116535369
2026-08-01 15:00:00+00:00,6839.950208288596
2026-08-01 16:00:00+00:00,6867.277273888896
2026-08-01 17:00:00+00:00,6835.219320391398
2026-08-01 18:00:00+00:00,6753.339689130763
2026-08-01 19:00:00+00:00,6777.881101692856
2026-08-01 20:00:00+00:00,6791.709311146057
2026-08-01 21:00:00+00:00,6826.890155701461
2026-08-01 22:00:00+00:00,6814.565195608891
2026-08-01 23:00:00+00:00,6813.187196561747
2026-08-02 00:00:00+00:00,6820.494788347198
2026-08-02 01:00:00+00:00,6840.717466194171
2026-08-02 02:00:00+00:00,6898.302914012572
2026-08-02 03:00:00+00:00,6902.391716089498
2026-08-02 04:00:00+00:00,6923.770032280117
2026-08-02 05:00:00+00:00,6920.166137158941
2026-08-02 06:00:00+00:00,6920.1621873733875
2026-08-02 07:00:00+00:00,6924.652753655612
2026-08-02 08:00:00+00:00,6895.806783837752
2026-08-02 09:00:00+00:00,6909.428021988611
2026-08-02 10:00:00+00:00,6899.603561681344
2026-08-02 11:00:00+00:00,6885.371441573402
2026-08-02 12:00:00+00:00,6884.418287868967
2026-08-02 13:00:00+00:00,6895.038529892794
2026-08-02 14:00:00+00:00,6894.766386399634
2026-08-02 15:00:00+00:00,6891.8410139770285
2026-08-02 16:00:00+00:00,6897.9630684033455
2026-08-02 17:00:00+00:00,6908.6579149648005
2026-08-02 18:00:00+00:00,6910.883391340829
2026-08-02 19:00:00+00:00,6916.834906044102
2026-08-02 20:00:00+00:00,6917.015948871696
2026-08-02 21:00:00+00:00,6938.833206451353
2026-08-02 22:00:00+00:00,6926.311141303878
2026-08-02 23:00:00+00:00,6938.7180006356575
2026-08-03 00:00:00+00:00,6906.429704084969
2026-08-03 01:00:00+00:00,6882.791878153846
2026-08-03 02:00:00+00:00,6874.459828396494
2026-08-03 03:00:00+00:00,6850.752007666571
2026-08-03 04:00:00+00:00,6837.166548765985
2026-08-03 05:00:00+00:00,6842.475101825954
2026-08-03 06:00:00+00:00,6815.906913418541
2026-08-03 07:00:00+00:00,6812.4845061277565
2026-08-03 08:00:00+00:00,6801.109251224724
2026-08-03 09:00:00+00:00,6834.583883064541
2026-08-03 10:00:00+00:00,6823.758735034048
2026-08-03 11:00:00+00:00,6805.8746164344475
2026-08-03 12:00:00+00:00,6812.54995100072
2026-08-03 13:00:00+00:00,6886.955090713296
2026-08-03 14:00:00+00:00,6832.158811584985
2026-08-03 15:00:00+00:00,6927.292202654383
2026-08-03 16:00:00+00:00,6864.608706798799
2026-08-03 17:00:00+00:00,6857.3012983736135
2026-08-03 18:00:00+00:00,6903.757810864801
2026-08-03 19:00:00+00:00,6894.7898515189545
2026-08-03 20:00:00+00:00,6903.956913066714
2026-08-03 21:00:00+00:00,6885.0542651736805
2026-08-03 22:00:00+00:00,6904.306942710996
2026-08-03 23:00:00+00:00,6875.974735309567
2026-08-04 00:00:00+00:00,6843.609077875576
2026-08-04 01:00:00+00:00,6894.784154558381
2026-08-04 02:00:00+00:00,6892.129027864875
2026-08-04 03:00:00+00:00,6889.319421453543
2026-08-04 04:00:00+00:00,6907.4378943544125
2026-08-04 05:00:00+00:00,6886.801713442291
2026-08-04 06:00:00+00:00,6871.111993870821
2026-08-04 07:00:00+00:00,6887.6370891362885
2026-08-04 08:00:00+00:00,6869.9527660909735
2026-08-04 09:00:00+00:00,6864.360450790538
2026-08-04 10:00:00+00:00,6841.691376917727
2026-08-04 11:00:00+00:00,6839.86215684098
2026-08-04 12:00:00+00:00,6845.8474028083365
2026-08-04 13:00:00+00:00,6781.244190277328
2026-08-04 14:00:00+00:00,6820.8267232445105
2026-08-04 15:00:00+00:00,6825.942995958168
2026-08-04 16:00:00+00:00,6798.9962784051
2026-08-04 17:00:00+00:00,6784.194247607162
2026-08-04 18:00:00+00:00,6805.447394077328
2026-08-04 19:00:00+00:00,6819.382284727095
2026-08-04 20:00:00+00:00,6811.332361497257
2026-08-04 21:00:00+00:00,6798.496637660226
2026-08-04 22:00:00+00:00,6801.6059536006505
2026-08-04 23:00:00+00:00,6785.9727742588
2026-08-05 00:00:00+00:00,6768.323517172511
2026-08-05 01:00:00+00:00,6795.783567082334
2026-08-05 02:00:00+00:00,6800.451030792567
2026-08-05 03:00:00+00:00,6770.418848925711
2026-08-05 04:00:00+00:00,6768.804103373724
2026-08-05 05:00:00+00:00,6784.544749438149
2026-08-05 06:00:00+00:00,6777.932131149483
2026-08-05 07:00:00+00:00,6768.134002844941
2026-08-05 08:00:00+00:00,6761.100630165792
2026-08-05 09:00:00+00:00,6759.733973969265
2026-08-05 10:00:00+00:00,6745.003999100715
2026-08-05 11:00:00+00:00,6743.46744745177
2026-08-05 12:00:00+00:00,6765.579335383177
2026-08-05 13:00:00+00:00,6763.828125436132
2026-08-05 14:00:00+00:00,6778.24789044981
2026-08-05 15:00:00+00:00,6758.967954703814
2026-08-05 16:00:00+00:00,6781.66798687047
2026-08-05 17:00:00+00:00,6799.199197511113
2026-08-05 18:00:00+00:00,6800.2705606303725
2026-08-05 19:00:00+00:00,6798.782162942787
2026-08-05 20:00:00+00:00,6794.218140992371
2026-08-05 21:00:00+00:00,6777.639367594355
2026-08-05 22:00:00+00:00,6767.525272505619
2026-08-05 23:00:00+00:00,6770.4271040838985
2026-08-06 00:00:00+00:00,6770.739186045598
2026-08-06 01:00:00+00:00,6752.713813505594
2026-08-06 02:00:00+00:00,6732.572606353945
2026-08-06 03:00:00+00:00,6729.734295883516
2026-08-06 04:00:00+00:00,6755.713997411469
2026-08-06 05:00:00+00:00,6776.5211787571225
2026-08-06 06:00:00+00:00,6772.807280625089
2026-08-06 07:00:00+00:00,6762.518721316916
2026-08-06 08:00:00+00:00,6781.6930054012755
2026-08-06 09:00:00+00:00,6753.002497205669
2026-08-06 10:00:00+00:00,6740.461005352315
2026-08-06 11:00:00+00:00,6749.974821484399
2026-08-06 12:00:00+00:00,6719.0963339265745
2026-08-06 13:00:00+00:00,6724.210386029256
2026-08-06 14:00:00+00:00,6751.796940349556
2026-08-06 15:00:00+00:00,6736.370002324924
2026-08-06 16:00:00+00:00,6749.835143741364
2026-08-06 17:00:00+00:00,6731.244627801343
2026-08-06 18:00:00+00:00,6703.648512696141
2026-08-06 19:00:00+00:00,6703.7002773935665
2026-08-06 20:00:00+00:00,6706.135126906963
2026-08-06 21:00:00+00:00,6706.189242464079
2026-08-06 22:00:00+00:00,6693.027297322267
2026-08-06 23:00:00+00:00,6689.557494997482
2026-08-07 00:00:00+00:00,6688.878803037364
2026-08-07 01:00:00+00:00,6693.402311958975
2026-08-07 02:00:00+00:00,6691.116366971385
2026-08-07 03:00:00+00:00,6676.089170029572
2026-08-07 04:00:00+00:00,6674.296772555529
2026-08-07 05:00:00+00:00,6685.800442969221
2026-08-07 06:00:00+00:00,6689.3076056529
2026-08-07 07:00:00+00:00,6686.314390078059
2026-08-07 08:00:00+00:00,6706.566943508237
2026-08-07 09:00:00+00:00,6738.687914779972
2026-08-07 10:00:00+00:00,6736.952247539721
2026-08-07 11:00:00+00:00,6748.1346322656955
2026-08-07 12:00:00+00:00,6774.578728459684
2026-08-07 13:00:00+00:00,6770.435176318885
2026-08-07 14:00:00+00:00,6749.042877640833
2026-08-07 15:00:00+00:00,6754.015627336369
2026-08-07 16:00:00+00:00,6734.709932748117
2026-08-07 17:00:00+00:00,6725.7214644313735
2026-08-07 18:00:00+00:00,6723.309061526907
2026-08-07 19:00:00+00:00,6762.924674308478
2026-08-07 20:00:00+00:00,6755.301902471705
2026-08-07 21:00:00+00:00,6744.32388843192
2026-08-07 22:00:00+00:00,6742.245891595298
2026-08-07 23:00:00+00:00,6744.53183792223
2026-08-08 00:00:00+00:00,6747.1232180826255
2026-08-08 01:00:00+00:00,6754.009071969931
2026-08-08 02:00:00+00:00,6753.728544196482
2026-08-08 03:00:00+00:00,6803.747681574496
2026-08-08 04:00:00+00:00,6794.094162997358
2026-08-08 05:00:00+00:00,6794.05395942264
2026-08-08 06:00:00+00:00,6796.460378513895
2026-08-08 07:00:00+00:00,6799.482838163818
2026-08-08 08:00:00+00:00,6800.346677022526
2026-08-08 09:00:00+00:00,6803.551676148356
2026-08-08 10:00:00+00:00,6812.789517497731
2026-08-08 11:00:00+00:00,6835.277454956969
2026-08-08 12:00:00+00:00,6829.748587192313
2026-08-08 13:00:00+00:00,6834.1871073706525
2026-08-08 14:00:00+00:00,6843.830420727968
2026-08-08 15:00:00+00:00,6843.263265922721
2026-08-08 16:00:00+00:00,6850.105961676561
2026-08-08 17:00:00+00:00,6847.279801418414
2026-08-08 18:00:00+00:00,6831.189413796028
2026-08-08 19:00:00+00:00,6834.146057296269
2026-08-08 20:00:00+00:00,6834.1858779921995
2026-08-08 21:00:00+00:00,6832.178362195453
2026-08-08 22:00:00+00:00,6815.146133742832
2026-08-08 23:00:00+00:00,6818.727445660625
2026-08-09 00:00:00+00:00,6814.889929779287
2026-08-09 01:00:00+00:00,6805.542162252225
2026-08-09 02:00:00+00:00,6800.98797178662
2026-08-09 03:00:00+00:00,6798.000993462976
2026-08-09 04:00:00+00:00,6796.238908712521
2026-08-09 05:00:00+00:00,6799.41760311757
2026-08-09 06:00:00+00:00,6810.60552781473
2026-08-09 07:00:00+00:00,6808.714436205265
2026-08-09 08:00:00+00:00,6803.235071219364
2026-08-09 09:00:00+00:00,6815.835048728191
2026-08-09 10:00:00+00:00,6817.7485037263
2026-08-09 11:00:00+00:00,6815.686518498697
2026-08-09 12:00:00+00:00,6813.145136535422
2026-08-09 13:00:00+00:00,6837.173187722922
2026-08-09 14:00:00+00:00,6842.3212596196145
2026-08-09 15:00:00+00:00,6843.3268010654765
2026-08-09 16:00:00+00:00,6839.156982233113
2026-08-09 17:00:00+00:00,6835.625726668045
2026-08-09 18:00:00+00:00,6832.852349100369
2026-08-09 19:00:00+00:00,6832.780262064142
2026-08-09 20:00:00+00:00,6825.478859496212
2026-08-09 21:00:00+00:00,6832.3369957906
2026-08-09 22:00:00+00:00,6802.419775334723
2026-08-09 23:00:00+00:00,6768.894020742886
2026-08-10 00:00:00+00:00,6784.338777626093
2026-08-10 01:00:00+00:00,6811.883808880005
2026-08-10 02:00:00+00:00,6803.638390863799
2026-08-10 03:00:00+00:00,6789.5023731610645
2026-08-10 04:00:00+00:00,6787.250198958243
2026-08-10 05:00:00+00:00,6808.52192338468
2026-08-10 06:00:00+00:00,6824.147526358885
2026-08-10 07:00:00+00:00,6817.375589704266
2026-08-10 08:00:00+00:00,6788.658913437503
2026-08-10 09:00:00+00:00,6749.982750263529
2026-08-10 10:00:00+00:00,6754.09382405176
2026-08-10 11:00:00+00:00,6784.192393146413
2026-08-10 12:00:00+00:00,6762.2674132229295
2026-08-10 13:00:00+00:00,6758.24946413146
2026-08-10 14:00:00+00:00,6747.844921255961
2026-08-10 15:00:00+00:00,6715.336490697426
2026-08-10 16:00:00+00:00,6673.210059576845
2026-08-10 17:00:00+00:00,6679.6670370012835
2026-08-10 18:00:00+00:00,6669.4662271781335
2026-08-10 19:00:00+00:00,6686.471207223547
2026-08-10 20:00:00+00:00,6689.7385945619435
2026-08-10 21:00:00+00:00,6672.596912204811
2026-08-10 22:00:00+00:00,6656.72559202996
2026-08-10 23:00:00+00:00,6655.650137538876
2026-08-11 00:00:00+00:00,6662.249783535318
2026-08-11 01:00:00+00:00,6672.208585534204
2026-08-11 02:00:00+00:00,6663.154688743836
2026-08-11 03:00:00+00:00,6673.172480691895
2026-08-11 04:00:00+00:00,6661.07220474227
2026-08-11 05:00:00+00:00,6649.658044632372
2026-08-11 06:00:00+00:00,6635.882059986246
2026-08-11 07:00:00+00:00,6635.952434381625
2026-08-11 08:00:00+00:00,6643.5620358521755
2026-08-11 09:00:00+00:00,6655.997123775453
2026-08-11 10:00:00+00:00,6647.25455130247
2026-08-11 11:00:00+00:00,6663.606866111144
2026-08-11 12:00:00+00:00,6645.113696595878
2026-08-11 13:00:00+00:00,6641.985772442211
2026-08-11 14:00:00+00:00,6591.018329947306
2026-08-11 15:00:00+00:00,6563.482348257818
2026-08-11 16:00:00+00:00,6562.128013778452
2026-08-11 17:00:00+00:00,6566.821971640694
2026-08-11 18:00:00+00:00,6557.060700581168
2026-08-11 19:00:00+00:00,6593.3725627602125
2026-08-11 20:00:00+00:00,6604.518062567302
2026-08-11 21:00:00+00:00,6605.3488649334695
2026-08-11 22:00:00+00:00,6597.227575759328
2026-08-11 23:00:00+00:00,6588.49945054518
2026-08-12 00:00:00+00:00,6598.880409610714
2026-08-12 01:00:00+00:00,6605.617558787533
2026-08-12 02:00:00+00:00,6601.8709639871695
2026-08-12 03:00:00+00:00,6605.883314885509
2026-08-12 04:00:00+00:00,6597.281357496435
2026-08-12 05:00:00+00:00,6602.735154420477
2026-08-12 06:00:00+00:00,6583.491052907221
2026-08-12 07:00:00+00:00,6599.524480198404
2026-08-12 08:00:00+00:00,6589.408900861782
2026-08-12 09:00:00+00:00,6631.562441973931
2026-08-12 10:00:00+00:00,6639.142943000199
2026-08-12 11:00:00+00:00,6655.274370147234
2026-08-12 12:00:00+00:00,6641.658372256161
2026-08-12 13:00:00+00:00,6609.797355878048
2026-08-12 14:00:00+00:00,6561.605970133807
2026-08-12 15:00:00+00:00,6574.268781052118
2026-08-12 16:00:00+00:00,6573.33291255015
2026-08-12 17:00:00+00:00,6567.789503970352
2026-08-12 18:00:00+00:00,6553.279363970461
2026-08-12 19:00:00+00:00,6548.57090908878
2026-08-12 20:00:00+00:00,6563.982127557852
2026-08-12 21:00:00+00:00,6542.956280814282
2026-08-12 22:00:00+00:00,6539.718469966186
2026-08-12 23:00:00+00:00,6545.758952576456
2026-08-13 00:00:00+00:00,6545.8193105165155
2026-08-13 01:00:00+00:00,6541.931585069551
2026-08-13 02:00:00+00:00,6554.585433043023
2026-08-13 03:00:00+00:00,6571.627215714111
2026-08-13 04:00:00+00:00,6561.867776701273
2026-08-13 05:00:00+00:00,6588.166831288598
2026-08-13 06:00:00+00:00,6591.915741561846
2026-08-13 07:00:00+00:00,6584.0958969898875
2026-08-13 08:00:00+00:00,6569.085321664551
2026-08-13 09:00:00+00:00,6567.7462899780185
2026-08-13 10:00:00+00:00,6543.300123694737
2026-08-13 11:00:00+00:00,6531.266825042582
2026-08-13 12:00:00+00:00,6562.530648218841
2026-08-13 13:00:00+00:00,6566.468059890613
2026-08-13 14:00:00+00:00,6573.99846728191
2026-08-13 15:00:00+00:00,6512.269655322322
2026-08-13 16:00:00+00:00,6479.322261534383
2026-08-13 17:00:00+00:00,6483.866262732965
2026-08-13 18:00:00+00:00,6485.2404127387
2026-08-13 19:00:00+00:00,6490.259277910429
2026-08-13 20:00:00+00:00,6501.373889112008
2026-08-13 21:00:00+00:00,6499.014708812534
2026-08-13 22:00:00+00:00,6510.819140798364
2026-08-13 23:00:00+00:00,6512.384499630939
2026-08-14 00:00:00+00:00,6517.176520391618
2026-08-14 01:00:00+00:00,6517.331348768377
2026-08-14 02:00:00+00:00,6511.346931412525
2026-08-14 03:00:00+00:00,6497.90395169373
2026-08-14 04:00:00+00:00,6498.862220184936
2026-08-14 05:00:00+00:00,6501.167066557586
2026-08-14 06:00:00+00:00,6467.160942770671
2026-08-14 07:00:00+00:00,6460.883896180562
2026-08-14 08:00:00+00:00,6469.589519810925
2026-08-14 09:00:00+00:00,6451.740700201547
2026-08-14 10:00:00+00:00,6446.225421410645
2026-08-14 11:00:00+00:00,6449.678406741831
2026-08-14 12:00:00+00:00,6437.121786777141
2026-08-14 13:00:00+00:00,6436.5063984957205
2026-08-14 14:00:00+00:00,6426.781079635102
2026-08-14 15:00:00+00:00,6468.971333960601
2026-08-14 16:00:00+00:00,6461.1299047506
2026-08-14 17:00:00+00:00,6445.863698937089
2026-08-14 18:00:00+00:00,6436.857151661353
2026-08-14 19:00:00+00:00,6443.083688964098
2026-08-14 20:00:00+00:00,6433.224870164285
2026-08-14 21:00:00+00:00,6432.0392022164115
2026-08-14 22:00:00+00:00,6412.83533322242
2026-08-14 23:00:00+00:00,6442.785751975482
2026-08-15 00:00:00+00:00,6444.798435895847
2026-08-15 01:00:00+00:00,6449.632059257439
2026-08-15 02:00:00+00:00,6467.0761854542225
2026-08-15 03:00:00+00:00,6459.280269579095
2026-08-15 04:00:00+00:00,6464.190199354836
2026-08-15 05:00:00+00:00,6460.570860320628
2026-08-15 06:00:00+00:00,6458.8543355574675
2026-08-15 07:00:00+00:00,6448.284429109479
2026-08-15 08:00:00+00:00,6434.715344555722
2026-08-15 09:00:00+00:00,6445.553025673711
2026-08-15 10:00:00+00:00,6449.355526193917
2026-08-15 11:00:00+00:00,6446.410396227969
2026-08-15 12:00:00+00:00,6455.129260912702
2026-08-15 13:00:00+00:00,6461.642869437191
2026-08-15 14:00:00+00:00,6455.897464734816
2026-08-15 15:00:00+00:00,6461.992300167827
2026-08-15 16:00:00+00:00,6455.449578132616
2026-08-15 17:00:00+00:00,6453.273844958978
2026-08-15 18:00:00+00:00,6449.753482323903
2026-08-15 19:00:00+00:00,6456.219822152847
2026-08-15 20:00:00+00:00,6453.118783024853
2026-08-15 21:00:00+00:00,6458.967350871289
2026-08-15 22:00:00+00:00,6457.1993901424685
2026-08-15 23:00:00+00:00,6450.899120162723
2026-08-16 00:00:00+00:00,6450.769477762263
2026-08-16 01:00:00+00:00,6447.238330947511
2026-08-16 02:00:00+00:00,6448.671547135981
2026-08-16 03:00:00+00:00,6449.511461883405
2026-08-16 04:00:00+00:00,6441.922042707152
2026-08-16 05:00:00+00:00,6437.029262622385
2026-08-16 06:00:00+00:00,6437.877309416804
2026-08-16 07:00:00+00:00,6441.297457348207
2026-08-16 08:00:00+00:00,6441.879677482087
2026-08-16 09:00:00+00:00,6431.406317604653
2026-08-16 10:00:00+00:00,6430.082278956263
2026-08-16 11:00:00+00:00,6431.196267472959
2026-08-16 12:00:00+00:00,6423.29201983899
2026-08-16 13:00:00+00:00,6428.86911200229
2026-08-16 14:00:00+00:00,6433.683205764178
2026-08-16 15:00:00+00:00,6436.859204753984
2026-08-16 16:00:00+00:00,6452.079654276186
2026-08-16 17:00:00+00:00,6439.414696207004
2026-08-16 18:00:00+00:00,6438.980420177568
2026-08-16 19:00:00+00:00,6437.967546185025
2026-08-16 20:00:00+00:00,6429.337693823779
2026-08-16 21:00:00+00:00,6411.294183920198
2026-08-16 22:00:00+00:00,6399.2427096984775
2026-08-16 23:00:00+00:00,6396.93665901235
2026-08-17 00:00:00+00:00,6397.8285689408
2026-08-17 01:00:00+00:00,6424.988416730856
2026-08-17 02:00:00+00:00,6450.863496942641
2026-08-17 03:00:00+00:00,6452.82308806206
2026-08-17 04:00:00+00:00,6456.46499767186
2026-08-17 05:00:00+00:00,6452.620570858807
2026-08-17 06:00:00+00:00,6475.919670488678
2026-08-17 07:00:00+00:00,6458.777015214251
2026-08-17 08:00:00+00:00,6436.2085216786245
2026-08-17 09:00:00+00:00,6429.129412148954
2026-08-17 10:00:00+00:00,6464.590897108767
2026-08-17 11:00:00+00:00,6456.006258254184
2026-08-17 12:00:00+00:00,6444.06320093459
2026-08-17 13:00:00+00:00,6459.392271071748
2026-08-17 14:00:00+00:00,6483.012735302878
2026-08-17 15:00:00+00:00,6505.519105456068
2026-08-17 16:00:00+00:00,6488.6509168288585
2026-08-17 17:00:00+00:00,6494.75985603421
2026-08-17 18:00:00+00:00,6495.330091484626
2026-08-17 19:00:00+00:00,6484.643260530091
2026-08-17 20:00:00+00:00,6487.932284746263
2026-08-17 21:00:00+00:00,6486.74623491822
2026-08-17 22:00:00+00:00,6479.111080201578
2026-08-17 23:00:00+00:00,6506.640860755812
2026-08-18 00:00:00+00:00,6493.22656372867
2026-08-18 01:00:00+00:00,6469.399401985853
2026-08-18 02:00:00+00:00,6450.316008120989
2026-08-18 03:00:00+00:00,6456.986358751991
2026-08-18 04:00:00+00:00,6461.616265786185
2026-08-18 05:00:00+00:00,6461.493995312076
2026-08-18 06:00:00+00:00,6477.55035268807
2026-08-18 07:00:00+00:00,6464.763698518379
2026-08-18 08:00:00+00:00,6472.135458791434
2026-08-18 09:00:00+00:00,6460.15206495445
2026-08-18 10:00:00+00:00,6463.560933129089
2026-08-18 11:00:00+00:00,6479.697251584043
2026-08-18 12:00:00+00:00,6467.417081435813
2026-08-18 13:00:00+00:00,6464.120148388566
2026-08-18 14:00:00+00:00,6491.916464424749
2026-08-18 15:00:00+00:00,6508.0624784003585
2026-08-18 16:00:00+00:00,6502.44477475094
2026-08-18 17:00:00+00:00,6487.759065528389
2026-08-18 18:00:00+00:00,6495.468238455724
2026-08-18 19:00:00+00:00,6493.878359916624
2026-08-18 20:00:00+00:00,6482.402476078346
2026-08-18 21:00:00+00:00,6484.812348519242
2026-08-18 22:00:00+00:00,6486.28889382991
2026-08-18 23:00:00+00:00,6495.089640796598
2026-08-19 00:00:00+00:00,6463.604159138916
2026-08-19 01:00:00+00:00,6471.489838312895
2026-08-19 02:00:00+00:00,6460.406668409473
2026-08-19 03:00:00+00:00,6473.4412033649605
2026-08-19 04:00:00+00:00,6470.593462169144
2026-08-19 05:00:00+00:00,6469.934982734249
2026-08-19 06:00:00+00:00,6496.307824035026
2026-08-19 07:00:00+00:00,6490.653274846539
2026-08-19 08:00:00+00:00,6509.364702995135
2026-08-19 09:00:00+00:00,6498.166288239011
2026-08-19 10:00:00+00:00,6489.606704947146
2026-08-19 11:00:00+00:00,6499.281256359328
2026-08-19 12:00:00+00:00,6553.78008095057
2026-08-19 13:00:00+00:00,6560.3442499640905
2026-08-19 14:00:00+00:00,6710.060407990663
2026-08-19 15:00:00+00:00,6882.937079433374
2026-08-19 16:00:00+00:00,6867.968679084977
2026-08-19 17:00:00+00:00,6857.474258724154
2026-08-19 18:00:00+00:00,6893.499972026828
2026-08-19 19:00:00+00:00,6898.956255410449
2026-08-19 20:00:00+00:00,7021.318232459811
2026-08-19 21:00:00+00:00,7238.595000063844
2026-08-19 22:00:00+00:00,7158.188771411154
2026-08-19 23:00:00+00:00,7128.887038799331
2026-08-20 00:00:00+00:00,7090.161592902923
2026-08-20 01:00:00+00:00,7130.383895876072
2026-08-20 02:00:00+00:00,7073.368314225073
2026-08-20 03:00:00+00:00,6999.843323369952
2026-08-20 04:00:00+00:00,7037.796193393817
2026-08-20 05:00:00+00:00,7042.773418424506
2026-08-20 06:00:00+00:00,7081.358987323948
2026-08-20 07:00:00+00:00,7069.9725775053
2026-08-20 08:00:00+00:00,7267.348024654078
2026-08-20 09:00:00+00:00,7269.733062451177
2026-08-20 10:00:00+00:00,7295.517442748363
2026-08-20 11:00:00+00:00,7347.643304861721
2026-08-20 12:00:00+00:00,7320.380467112672
2026-08-20 13:00:00+00:00,7377.833930384861
2026-08-20 14:00:00+00:00,7365.88469853271
2026-08-20 15:00:00+00:00,7448.187768509631
2026-08-20 16:00:00+00:00,7476.187361481546
2026-08-20 17:00:00+00:00,7459.998627718552
2026-08-20 18:00:00+00:00,7417.44368796112
2026-08-20 19:00:00+00:00,7449.510637342061
2026-08-20 20:00:00+00:00,7460.481698888306
2026-08-20 21:00:00+00:00,7460.245001841164
2026-08-20 22:00:00+00:00,7445.797823961694
2026-08-20 23:00:00+00:00,7481.595221288023
2026-08-21 00:00:00+00:00,7540.900171355342
2026-08-21 01:00:00+00:00,7646.933334193233
2026-08-21 02:00:00+00:00,7539.98327690039
2026-08-21 03:00:00+00:00,7604.297871135494
2026-08-21 04:00:00+00:00,7628.762919728221
2026-08-21 05:00:00+00:00,7662.472763993719
2026-08-21 06:00:00+00:00,7647.414249071095
2026-08-21 07:00:00+00:00,7725.146096803233
2026-08-21 08:00:00+00:00,8025.405170347956
2026-08-21 09:00:00+00:00,7914.856740728128
2026-08-21 10:00:00+00:00,7884.056578570702
2026-08-21 11:00:00+00:00,7777.445546814684
2026-08-21 12:00:00+00:00,7817.076334794188
2026-08-21 13:00:00+00:00,7823.660567487384
2026-08-21 14:00:00+00:00,7867.886778247553
2026-08-21 15:00:00+00:00,7846.443527778603
2026-08-21 16:00:00+00:00,7877.799972879678
2026-08-21 17:00:00+00:00,7913.9868432556395
2026-08-21 18:00:00+00:00,7898.906973846191
2026-08-21 19:00:00+00:00,7861.344156778886
2026-08-21 20:00:00+00:00,7945.454258904353
2026-08-21 21:00:00+00:00,8143.854152216439
2026-08-21 22:00:00+00:00,8182.145598379603
2026-08-21 23:00:00+00:00,8147.914877273735
2026-08-22 00:00:00+00:00,8165.245510122627
2026-08-22 01:00:00+00:00,8131.542748453434
2026-08-22 02:00:00+00:00,8230.375611079427
2026-08-22 03:00:00+00:00,8278.723017258026
2026-08-22 04:00:00+00:00,8378.614888576198
2026-08-22 05:00:00+00:00,8046.642383829379
2026-08-22 06:00:00+00:00,8046.052970172
2026-08-22 07:00:00+00:00,8045.502125712679
2026-08-22 08:00:00+00:00,8018.032830084439
2026-08-22 09:00:00+00:00,8002.650442366972
2026-08-22 10:00:00+00:00,7953.877854125292
2026-08-22 11:00:00+00:00,7979.818819135937
2026-08-22 12:00:00+00:00,8010.863230310664
2026-08-22 13:00:00+00:00,8023.0673857556385
2026-08-22 14:00:00+00:00,7971.194260419054
2026-08-22 15:00:00+00:00,7962.217787670785
2026-08-22 16:00:00+00:00,8030.393648283084
2026-08-22 17:00:00+00:00,8029.022467618492
2026-08-22 18:00:00+00:00,8042.826395940995
2026-08-22 19:00:00+00:00,8082.729234172938
2026-08-22 20:00:00+00:00,8066.678650071281
2026-08-22 21:00:00+00:00,7918.722418053926
2026-08-22 22:00:00+00:00,7984.485264579514
2026-08-22 23:00:00+00:00,7974.404453058126
2026-08-23 00:00:00+00:00,8035.583717310176
2026-08-23 01:00:00+00:00,7982.331072174194
2026-08-23 02:00:00+00:00,7927.17434871751
2026-08-23 03:00:00+00:00,7851.929066435674
2026-08-23 04:00:00+00:00,7770.00406204117
2026-08-23 05:00:00+00:00,7732.918689053414
2026-08-23 06:00:00+00:00,7762.833393618961
2026-08-23 07:00:00+00:00,7756.67670660677
2026-08-23 08:00:00+00:00,7819.189048979712
2026-08-23 09:00:00+00:00,7820.392393952952
2026-08-23 10:00:00+00:00,7839.076204722513
2026-08-23 11:00:00+00:00,7895.724546387976
2026-08-23 12:00:00+00:00,7879.606693536206
2026-08-23 13:00:00+00:00,7947.059240766002
2026-08-23 14:00:00+00:00,7897.991567150113
2026-08-23 15:00:00+00:00,7895.929040596888
2026-08-23 16:00:00+00:00,7929.266491750566
2026-08-23 17:00:00+00:00,7899.397764841171
2026-08-23 18:00:00+00:00,7921.726869539295
2026-08-23 19:00:00+00:00,7915.91596757944
2026-08-23 20:00:00+00:00,7927.696528873203
2026-08-23 21:00:00+00:00,7981.327568342614
2026-08-23 22:00:00+00:00,7945.206139089179
2026-08-23 23:00:00+00:00,7965.651093940991
2026-08-24 00:00:00+00:00,7959.483961187026
2026-08-24 01:00:00+00:00,7851.532497960671
2026-08-24 02:00:00+00:00,7909.628374096153
2026-08-24 03:00:00+00:00,7842.8918896051855
2026-08-24 04:00:00+00:00,7864.524910947653
2026-08-24 05:00:00+00:00,7879.913346181533
2026-08-24 06:00:00+00:00,7907.697749911334
2026-08-24 07:00:00+00:00,7880.85923656973
2026-08-24 08:00:00+00:00,7860.199258326519
2026-08-24 09:00:00+00:00,7916.889400348062
2026-08-24 10:00:00+00:00,7915.602322123816
2026-08-24 11:00:00+00:00,8004.269522788941
2026-08-24 12:00:00+00:00,8070.276900461352
2026-08-24 13:00:00+00:00,8011.580994807541
2026-08-24 14:00:00+00:00,8093.977226142326
2026-08-24 15:00:00+00:00,8027.753919958215
2026-08-24 16:00:00+00:00,8009.6712513086895
2026-08-24 17:00:00+00:00,7979.8719705325675
2026-08-24 18:00:00+00:00,7996.212688400337
2026-08-24 19:00:00+00:00,7983.640213366878
2026-08-24 20:00:00+00:00,7984.905913459752
2026-08-24 21:00:00+00:00,8025.574104601046
2026-08-24 22:00:00+00:00,8011.519242019558
2026-08-24 23:00:00+00:00,8087.693372923983
2026-08-25 00:00:00+00:00,8240.352644308809
2026-08-25 01:00:00+00:00,8192.26940489538
2026-08-25 02:00:00+00:00,8252.775265410595
2026-08-25 03:00:00+00:00,8272.718599171052
2026-08-25 04:00:00+00:00,8254.933432212249
2026-08-25 05:00:00+00:00,8296.653012008857
2026-08-25 06:00:00+00:00,8267.267035168148
2026-08-25 07:00:00+00:00,8186.457273489127
2026-08-25 08:00:00+00:00,8207.720008696422
2026-08-25 09:00:00+00:00,8152.779672245697
2026-08-25 10:00:00+00:00,8170.859917788566
2026-08-25 11:00:00+00:00,8154.551661976368
2026-08-25 12:00:00+00:00,8140.184036633757
2026-08-25 13:00:00+00:00,8102.061734054276
2026-08-25 14:00:00+00:00,8158.985344578596
2026-08-25 15:00:00+00:00,8182.514120157512
2026-08-25 16:00:00+00:00,8144.606111026531
2026-08-25 17:00:00+00:00,8149.5039937817955
2026-08-25 18:00:00+00:00,8137.82416931875
2026-08-25 19:00:00+00:00,8120.805225806756
2026-08-25 20:00:00+00:00,8039.303006799334
2026-08-25 21:00:00+00:00,8066.831714858255
2026-08-25 22:00:00+00:00,8103.138383302849
2026-08-25 23:00:00+00:00,8066.651775741339
2026-08-26 00:00:00+00:00,8077.354132631235
2026-08-26 01:00:00+00:00,8102.867811122607
2026-08-26 02:00:00+00:00,8133.132013639315
2026-08-26 03:00:00+00:00,8132.72962953413
2026-08-26 04:00:00+00:00,8104.927864365713
2026-08-26 05:00:00+00:00,8131.521860970529
2026-08-26 06:00:00+00:00,8116.523419585262
2026-08-26 07:00:00+00:00,8118.095880646378
2026-08-26 08:00:00+00:00,8097.833884945653
2026-08-26 09:00:00+00:00,8070.419937323967
2026-08-26 10:00:00+00:00,8119.741462686085
2026-08-26 11:00:00+00:00,8097.70276033332
2026-08-26 12:00:00+00:00,8075.771336652408
2026-08-26 13:00:00+00:00,8086.192221887729
2026-08-26 14:00:00+00:00,8022.786356609839
2026-08-26 15:00:00+00:00,8051.408546188258
2026-08-26 16:00:00+00:00,8041.797099579157
2026-08-26 17:00:00+00:00,8091.72151884483
2026-08-26 18:00:00+00:00,8112.729726866759
2026-08-26 19:00:00+00:00,8109.772050851192
2026-08-26 20:00:00+00:00,8110.989243643092
2026-08-26 21:00:00+00:00,8165.320093357015
2026-08-26 22:00:00+00:00,8211.933549064686
2026-08-26 23:00:00+00:00,8331.024810346269
2026-08-27 00:00:00+00:00,8246.0822067281
2026-08-27 01:00:00+00:00,8291.027778998277
2026-08-27 02:00:00+00:00,8274.375036996316
2026-08-27 03:00:00+00:00,8267.643226633378
2026-08-27 04:00:00+00:00,8258.915263709365
2026-08-27 05:00:00+00:00,8313.078629431446
2026-08-27 06:00:00+00:00,8276.260169901201
2026-08-27 07:00:00+00:00,8304.228790791358
2026-08-27 08:00:00+00:00,8387.65274859079
2026-08-27 09:00:00+00:00,8406.192954114933
2026-08-27 10:00:00+00:00,8335.311937688113
2026-08-27 11:00:00+00:00,8324.435363446195
2026-08-27 12:00:00+00:00,8302.841113524077
2026-08-27 13:00:00+00:00,8318.937578538262
2026-08-27 14:00:00+00:00,8388.61083807749
2026-08-27 15:00:00+00:00,8400.814171851956
2026-08-27 16:00:00+00:00,8405.61296980432
2026-08-27 17:00:00+00:00,8402.127873294858
2026-08-27 18:00:00+00:00,8349.273584090555
2026-08-27 19:00:00+00:00,8327.002460219219
2026-08-27 20:00:00+00:00,8342.52845825275
2026-08-27 21:00:00+00:00,8349.060538327485
2026-08-27 22:00:00+00:00,8361.11624762784
2026-08-27 23:00:00+00:00,8346.624964744446
2026-08-28 00:00:00+00:00,8375.311986367431
2026-08-28 01:00:00+00:00,8373.335098911431
2026-08-28 02:00:00+00:00,8255.63625138785
2026-08-28 03:00:00+00:00,8253.596262408944
2026-08-28 04:00:00+00:00,8230.525382758882
2026-08-28 05:00:00+00:00,8244.523898608182
2026-08-28 06:00:00+00:00,8271.816351287905
2026-08-28 07:00:00+00:00,8248.4023188623
2026-08-28 08:00:00+00:00,8227.061039861856
2026-08-28 09:00:00+00:00,8217.6100898824
2026-08-28 10:00:00+00:00,8260.180643677166
2026-08-28 11:00:00+00:00,8259.759937661947
2026-08-28 12:00:00+00:00,8240.386659235059
2026-08-28 13:00:00+00:00,8252.287651786297
2026-08-28 14:00:00+00:00,8269.596203729698
2026-08-28 15:00:00+00:00,8138.988649898538
2026-08-28 16:00:00+00:00,8062.064871138776
2026-08-28 17:00:00+00:00,8070.527975229676
2026-08-28 18:00:00+00:00,8027.448594593303
2026-08-28 19:00:00+00:00,8040.3807286113
2026-08-28 20:00:00+00:00,8018.095629206025
2026-08-28 21:00:00+00:00,8011.375585040931
2026-08-28 22:00:00+00:00,8060.075487335485
2026-08-28 23:00:00+00:00,8065.897541256025
2026-08-29 00:00:00+00:00,8059.537926594335
2026-08-29 01:00:00+00:00,8064.834590188557
2026-08-29 02:00:00+00:00,8050.129704898832
2026-08-29 03:00:00+00:00,8035.853736678806
2026-08-29 04:00:00+00:00,8051.814021958793
2026-08-29 05:00:00+00:00,8047.9458853236765
2026-08-29 06:00:00+00:00,8033.64718604484
2026-08-29 07:00:00+00:00,8043.963423729427
2026-08-29 08:00:00+00:00,8040.646118578041
2026-08-29 09:00:00+00:00,8043.607366549332
2026-08-29 10:00:00+00:00,8041.648724308577
2026-08-29 11:00:00+00:00,8040.932435313733
2026-08-29 12:00:00+00:00,8038.342432678385
2026-08-29 13:00:00+00:00,8046.735344313835
2026-08-29 14:00:00+00:00,8084.180928525264
2026-08-29 15:00:00+00:00,8070.154387072441
2026-08-29 16:00:00+00:00,8088.805689176513
2026-08-29 17:00:00+00:00,8092.184677750341
2026-08-29 18:00:00+00:00,8098.0131308960645
2026-08-29 19:00:00+00:00,8101.006007337945
2026-08-29 20:00:00+00:00,8085.593040352216
2026-08-29 21:00:00+00:00,8080.31849922594
2026-08-29 22:00:00+00:00,8101.458046823408
2026-08-29 23:00:00+00:00,8105.383192687431
2026-08-30 00:00:00+00:00,8088.971012804829
2026-08-30 01:00:00+00:00,8083.498272200852
2026-08-30 02:00:00+00:00,8083.998887176904
2026-08-30 03:00:00+00:00,8080.237854610194
2026-08-30 04:00:00+00:00,8079.97002373668
2026-08-30 05:00:00+00:00,8079.745875687075
2026-08-30 06:00:00+00:00,8095.474815208271
2026-08-30 07:00:00+00:00,8058.776665701769
2026-08-30 08:00:00+00:00,8057.665746453889
2026-08-30 09:00:00+00:00,8037.350952742928
2026-08-30 10:00:00+00:00,8053.242050516142
2026-08-30 11:00:00+00:00,8063.29394092338
2026-08-30 12:00:00+00:00,8125.047126330039
2026-08-30 13:00:00+00:00,8146.578304344678
2026-08-30 14:00:00+00:00,8127.892038156971
2026-08-30 15:00:00+00:00,8114.317352588557
2026-08-30 16:00:00+00:00,8211.44325894855
2026-08-30 17:00:00+00:00,8156.815061920898
2026-08-30 18:00:00+00:00,8165.615492403929
2026-08-30 19:00:00+00:00,8145.227278241268
2026-08-30 20:00:00+00:00,8110.670149356002
2026-08-30 21:00:00+00:00,8098.482417260584
2026-08-30 22:00:00+00:00,8068.755677140598
2026-08-30 23:00:00+00:00,7942.916015001869
2026-08-31 00:00:00+00:00,7974.638198479377
2026-08-31 01:00:00+00:00,7934.36605853567
2026-08-31 02:00:00+00:00,7915.1656766222
2026-08-31 03:00:00+00:00,7948.722774347951
2026-08-31 04:00:00+00:00,7922.747925826808
2026-08-31 05:00:00+00:00,7988.917134006506
2026-08-31 06:00:00+00:00,7996.40700408762
2026-08-31 07:00:00+00:00,8011.756370430881
2026-08-31 08:00:00+00:00,8036.4596749001985
2026-08-31 09:00:00+00:00,8032.169268378694
2026-08-31 10:00:00+00:00,8065.332390399167
2026-08-31 11:00:00+00:00,8034.225602446447
2026-08-31 12:00:00+00:00,7989.611213977726
2026-08-31 13:00:00+00:00,7970.831716847518
2026-08-31 14:00:00+00:00,8053.88967862354
2026-08-31 15:00:00+00:00,8027.596694439395
2026-08-31 16:00:00+00:00,8028.667290583727
2026-08-31 17:00:00+00:00,8073.447982633694
2026-08-31 18:00:00+00:00,8111.8461763345795
2026-08-31 19:00:00+00:00,8072.403794877157
2026-08-31 20:00:00+00:00,8076.152015107743
2026-08-31 21:00:00+00:00,8078.138093489443
2026-08-31 22:00:00+00:00,8036.888008662054
2026-08-31 23:00:00+00:00,8020.094524830157
2026-09-01 00:00:00+00:00,8056.140082911184
2026-09-01 01:00:00+00:00,8041.757993674229
2026-09-01 02:00:00+00:00,8070.004388202502
2026-09-01 03:00:00+00:00,8089.829685459268
2026-09-01 04:00:00+00:00,8092.302522928057
2026-09-01 05:00:00+00:00,8151.812316654332
2026-09-01 06:00:00+00:00,8083.21488382987
2026-09-01 07:00:00+00:00,8079.429896209237
2026-09-01 08:00:00+00:00,7992.75853172239
2026-09-01 09:00:00+00:00,8001.356486113916
2026-09-01 10:00:00+00:00,8014.6342251432125
2026-09-01 11:00:00+00:00,8021.7977276226475
2026-09-01 12:00:00+00:00,7996.418840962819
2026-09-01 13:00:00+00:00,7996.308564671783
2026-09-01 14:00:00+00:00,8009.206714773084
2026-09-01 15:00:00+00:00,7995.930646765994
2026-09-01 16:00:00+00:00,7953.006513182341
2026-09-01 17:00:00+00:00,7912.138300257278
2026-09-01 18:00:00+00:00,7897.657006588991
2026-09-01 19:00:00+00:00,7916.141139026144
2026-09-01 20:00:00+00:00,7926.628141169239
2026-09-01 21:00:00+00:00,7904.9014673582715
2026-09-01 22:00:00+00:00,7904.380287352931
2026-09-01 23:00:00+00:00,7921.645694408687
2026-09-02 00:00:00+00:00,7894.180946758941
2026-09-02 01:00:00+00:00,7868.721239529377
2026-09-02 02:00:00+00:00,7901.862703304495
2026-09-02 03:00:00+00:00,7921.211145940421
2026-09-02 04:00:00+00:00,7907.194125744061
2026-09-02 05:00:00+00:00,7937.7803702844085
2026-09-02 06:00:00+00:00,7913.788206532076
2026-09-02 07:00:00+00:00,7892.750975571372
2026-09-02 08:00:00+00:00,7817.08897845858
2026-09-02 09:00:00+00:00,7803.879345296865
2026-09-02 10:00:00+00:00,7790.209502957237
2026-09-02 11:00:00+00:00,7821.839555026172
2026-09-02 12:00:00+00:00,7792.850824602781
2026-09-02 13:00:00+00:00,7868.0917274326075
2026-09-02 14:00:00+00:00,7842.184240214459
2026-09-02 15:00:00+00:00,7847.825570123259
2026-09-02 16:00:00+00:00,7834.016575640405
2026-09-02 17:00:00+00:00,7857.110054623676
2026-09-02 18:00:00+00:00,7858.815800658012
2026-09-02 19:00:00+00:00,7853.789921493266
2026-09-02 20:00:00+00:00,7858.002210987449
2026-09-02 21:00:00+00:00,7846.211709455368
2026-09-02 22:00:00+00:00,7816.550979934481
2026-09-02 23:00:00+00:00,7851.962505404004
2026-09-03 00:00:00+00:00,7788.977419314016
2026-09-03 01:00:00+00:00,7895.953333997091
2026-09-03 02:00:00+00:00,7975.411238670979
2026-09-03 03:00:00+00:00,7909.366258181577
2026-09-03 04:00:00+00:00,7976.133896669433
2026-09-03 05:00:00+00:00,7954.475268876343
2026-09-03 06:00:00+00:00,7926.359512424349
2026-09-03 07:00:00+00:00,7911.3724669551775
2026-09-03 08:00:00+00:00,7977.899308967161
2026-09-03 09:00:00+00:00,7925.161848034931
2026-09-03 10:00:00+00:00,7952.207645796714
2026-09-03 11:00:00+00:00,7945.856442093426
2026-09-03 12:00:00+00:00,8020.142230982191
2026-09-03 13:00:00+00:00,8050.850240571123
2026-09-03 14:00:00+00:00,8274.22873831594
2026-09-03 15:00:00+00:00,8381.9131471278
2026-09-03 16:00:00+00:00,8390.903544396666
2026-09-03 17:00:00+00:00,8406.000842713629
2026-09-03 18:00:00+00:00,8417.012183123077
2026-09-03 19:00:00+00:00,8441.07599619718
2026-09-03 20:00:00+00:00,8396.183643672068
2026-09-03 21:00:00+00:00,8412.36768524399
2026-09-03 22:00:00+00:00,8364.630572061647
2026-09-03 23:00:00+00:00,8389.727853623206
2026-09-04 00:00:00+00:00,8364.245627401771
2026-09-04 01:00:00+00:00,8372.910923659978
2026-09-04 02:00:00+00:00,8367.464546014227
2026-09-04 03:00:00+00:00,8364.05906211571
2026-09-04 04:00:00+00:00,8382.578223191535
2026-09-04 05:00:00+00:00,8378.481777900617
2026-09-04 06:00:00+00:00,8366.431925917623
2026-09-04 07:00:00+00:00,8352.818896879824
2026-09-04 08:00:00+00:00,8416.161475108533
2026-09-04 09:00:00+00:00,8401.775658788263
2026-09-04 10:00:00+00:00,8416.79759266359
2026-09-04 11:00:00+00:00,8413.312427344923
2026-09-04 12:00:00+00:00,8201.917560392192
2026-09-04 13:00:00+00:00,8199.754725797027
2026-09-04 14:00:00+00:00,8155.630110423655
2026-09-04 15:00:00+00:00,8201.889546249438
2026-09-04 16:00:00+00:00,8232.023464637696
2026-09-04 17:00:00+00:00,8193.028672184102
2026-09-04 18:00:00+00:00,8209.563532083892
2026-09-04 19:00:00+00:00,8227.137669958513
2026-09-04 20:00:00+00:00,8214.367566948209
2026-09-04 21:00:00+00:00,8211.642322060512
2026-09-04 22:00:00+00:00,8211.44518299753
2026-09-04 23:00:00+00:00,8220.321675893863
2026-09-05 00:00:00+00:00,8209.602555411879
2026-09-05 01:00:00+00:00,8207.22006521549
2026-09-05 02:00:00+00:00,8205.288514958333
2026-09-05 03:00:00+00:00,8202.33347444761
2026-09-05 04:00:00+00:00,8192.47308471817
2026-09-05 05:00:00+00:00,8200.89566511154
2026-09-05 06:00:00+00:00,8221.631187641971
2026-09-05 07:00:00+00:00,8222.62391738122
2026-09-05 08:00:00+00:00,8234.009143324925
2026-09-05 09:00:00+00:00,8231.436304487754
2026-09-05 10:00:00+00:00,8229.145097814488
2026-09-05 11:00:00+00:00,8222.271820022017
2026-09-05 12:00:00+00:00,8262.51785836789
2026-09-05 13:00:00+00:00,8234.617010659782
2026-09-05 14:00:00+00:00,8248.927808136359
2026-09-05 15:00:00+00:00,8256.59764271732
2026-09-05 16:00:00+00:00,8286.850226731121
2026-09-05 17:00:00+00:00,8320.568420182373
2026-09-05 18:00:00+00:00,8305.546716205628
2026-09-05 19:00:00+00:00,8272.397734363944
2026-09-05 20:00:00+00:00,8264.359476549216
2026-09-05 21:00:00+00:00,8293.0898637203
2026-09-05 22:00:00+00:00,8264.904134673638
2026-09-05 23:00:00+00:00,8266.311870006904
2026-09-06 00:00:00+00:00,8284.619028880457
2026-09-06 01:00:00+00:00,8314.511147062898
2026-09-06 02:00:00+00:00,8308.583886534336
2026-09-06 03:00:00+00:00,8325.315187934664
2026-09-06 04:00:00+00:00,8308.197478921405
2026-09-06 05:00:00+00:00,8329.629127108106
2026-09-06 06:00:00+00:00,8306.240252538473
2026-09-06 07:00:00+00:00,8292.349839698061
2026-09-06 08:00:00+00:00,8292.161319771461
2026-09-06 09:00:00+00:00,8300.433332213586
2026-09-06 10:00:00+00:00,8310.839875397918
2026-09-06 11:00:00+00:00,8306.819463092192
2026-09-06 12:00:00+00:00,8304.54489719681
2026-09-06 13:00:00+00:00,8290.429454807489
2026-09-06 14:00:00+00:00,8248.199162754176
2026-09-06 15:00:00+00:00,8259.50455659116
2026-09-06 16:00:00+00:00,8265.677705755685
2026-09-06 17:00:00+00:00,8280.0744654743
2026-09-06 18:00:00+00:00,8295.796078742333
2026-09-06 19:00:00+00:00,8283.090031461514
2026-09-06 20:00:00+00:00,8302.344849531622
2026-09-06 21:00:00+00:00,8318.393161446764
2026-09-06 22:00:00+00:00,8324.538548051672
2026-09-06 23:00:00+00:00,8349.66453443401
2026-09-07 00:00:00+00:00,8338.04154001175
2026-09-07 01:00:00+00:00,8310.45077173265
2026-09-07 02:00:00+00:00,8320.86279575884
2026-09-07 03:00:00+00:00,8282.637938609652
2026-09-07 04:00:00+00:00,8290.76976575031
2026-09-07 05:00:00+00:00,8303.349516029233
2026-09-07 06:00:00+00:00,8286.431999936953
2026-09-07 07:00:00+00:00,8258.916840643149
2026-09-07 08:00:00+00:00,8264.639883480197
2026-09-07 09:00:00+00:00,8246.935887702939
2026-09-07 10:00:00+00:00,8256.388081725923
2026-09-07 11:00:00+00:00,8259.749718759796
2026-09-07 12:00:00+00:00,8296.551071380287
2026-09-07 13:00:00+00:00,8272.311390224751
2026-09-07 14:00:00+00:00,8249.783189357364
2026-09-07 15:00:00+00:00,8197.61708056192
2026-09-07 16:00:00+00:00,8228.898669812204
2026-09-07 17:00:00+00:00,8257.978836999451
2026-09-07 18:00:00+00:00,8252.516393359643
2026-09-07 19:00:00+00:00,8268.294369977048
2026-09-07 20:00:00+00:00,8259.615542643443
2026-09-07 21:00:00+00:00,8249.6834427365
2026-09-07 22:00:00+00:00,8225.350698762437
2026-09-07 23:00:00+00:00,8245.435517054932
2026-09-08 00:00:00+00:00,8265.102359740606
2026-09-08 01:00:00+00:00,8286.059535491595
2026-09-08 02:00:00+00:00,8226.95003244742
2026-09-08 03:00:00+00:00,8227.898603395693
2026-09-08 04:00:00+00:00,8204.367267350413
2026-09-08 05:00:00+00:00,8189.833089993091
2026-09-08 06:00:00+00:00,8168.545444751716
2026-09-08 07:00:00+00:00,8195.17126841426
2026-09-08 08:00:00+00:00,8188.4421728888
2026-09-08 09:00:00+00:00,8230.247658984921
2026-09-08 10:00:00+00:00,8202.327356159592
2026-09-08 11:00:00+00:00,8184.413840555619
2026-09-08 12:00:00+00:00,8182.198780667921
2026-09-08 13:00:00+00:00,8134.364671763662
2026-09-08 14:00:00+00:00,8209.78139615348
2026-09-08 15:00:00+00:00,8248.597874113755
2026-09-08 16:00:00+00:00,8236.37748051183
2026-09-08 17:00:00+00:00,8210.296860063845
2026-09-08 18:00:00+00:00,8204.856711254024
2026-09-08 19:00:00+00:00,8197.758639781876
2026-09-08 20:00:00+00:00,8201.224104366365
2026-09-08 21:00:00+00:00,8201.178784892134
2026-09-08 22:00:00+00:00,8214.890503319722
2026-09-08 23:00:00+00:00,8202.796672970208
2026-09-09 00:00:00+00:00,8237.982787798761
2026-09-09 01:00:00+00:00,8246.600752754895
2026-09-09 02:00:00+00:00,8231.249204425261
2026-09-09 03:00:00+00:00,8218.660904985114
2026-09-09 04:00:00+00:00,8280.798666940114
2026-09-09 05:00:00+00:00,8246.229681069763
2026-09-09 06:00:00+00:00,8267.71884815278
2026-09-09 07:00:00+00:00,8275.483690808542
2026-09-09 08:00:00+00:00,8306.931302307203
2026-09-09 09:00:00+00:00,8215.74829801197
2026-09-09 10:00:00+00:00,8225.59332311709
2026-09-09 11:00:00+00:00,8264.913757131919
2026-09-09 12:00:00+00:00,8296.22163702425
2026-09-09 13:00:00+00:00,8237.489581242933
2026-09-09 14:00:00+00:00,8215.681623407547
2026-09-09 15:00:00+00:00,8180.610061797845
2026-09-09 16:00:00+00:00,8192.495500987368
2026-09-09 17:00:00+00:00,8187.2846895370485
2026-09-09 18:00:00+00:00,8148.482779665956
2026-09-09 19:00:00+00:00,8112.985625274089
2026-09-09 20:00:00+00:00,8128.02183428437
2026-09-09 21:00:00+00:00,8102.405163104933
2026-09-09 22:00:00+00:00,8071.993210082283
2026-09-09 23:00:00+00:00,8121.050110577474
2026-09-10 00:00:00+00:00,8109.39749915603
2026-09-10 01:00:00+00:00,8102.79548854894
2026-09-10 02:00:00+00:00,8134.786496659037
2026-09-10 03:00:00+00:00,8134.144595204735
2026-09-10 04:00:00+00:00,8143.251512429009
2026-09-10 05:00:00+00:00,8156.018583038005
2026-09-10 06:00:00+00:00,8146.744656011592
2026-09-10 07:00:00+00:00,8118.914665290723
2026-09-10 08:00:00+00:00,8115.9708769667695
2026-09-10 09:00:00+00:00,8105.670143069894
2026-09-10 10:00:00+00:00,8091.605904700997
2026-09-10 11:00:00+00:00,8087.157821194044
2026-09-10 12:00:00+00:00,7960.285360746704
2026-09-10 13:00:00+00:00,8008.6333833101235
2026-09-10 14:00:00+00:00,8035.215227209191
2026-09-10 15:00:00+00:00,8022.598942802023
2026-09-10 16:00:00+00:00,8031.898024705531
2026-09-10 17:00:00+00:00,8066.96517183217
2026-09-10 18:00:00+00:00,8066.905199210659
2026-09-10 19:00:00+00:00,8052.422909956562
2026-09-10 20:00:00+00:00,8056.792921071432
2026-09-10 21:00:00+00:00,8047.83668930388
2026-09-10 22:00:00+00:00,7996.958276480273
2026-09-10 23:00:00+00:00,7958.312704585403
2026-09-11 00:00:00+00:00,7997.740419803509
2026-09-11 01:00:00+00:00,8014.417819731155
2026-09-11 02:00:00+00:00,7995.89938901479
2026-09-11 03:00:00+00:00,7999.854440988369
2026-09-11 04:00:00+00:00,8027.498151191778
2026-09-11 05:00:00+00:00,8037.999816172727
2026-09-11 06:00:00+00:00,8052.262140828455
2026-09-11 07:00:00+00:00,8043.10407196411
2026-09-11 08:00:00+00:00,8055.747368136137
2026-09-11 09:00:00+00:00,8002.923577840682
2026-09-11 10:00:00+00:00,7975.033759908942
2026-09-11 11:00:00+00:00,7965.585863375791
2026-09-11 12:00:00+00:00,8130.413237801339
2026-09-11 13:00:00+00:00,8339.770865002925
2026-09-11 14:00:00+00:00,8254.852774039433
2026-09-11 15:00:00+00:00,8138.348674482961
2026-09-11 16:00:00+00:00,8154.184729152174
2026-09-11 17:00:00+00:00,8108.132841016695
2026-09-11 18:00:00+00:00,8040.334294935046
2026-09-11 19:00:00+00:00,8089.423463645613
2026-09-11 20:00:00+00:00,8110.05474850973
2026-09-11 21:00:00+00:00,8082.88858965551
2026-09-11 22:00:00+00:00,8076.776116458978
2026-09-11 23:00:00+00:00,8103.729035448124
2026-09-12 00:00:00+00:00,8086.008590720908
2026-09-12 01:00:00+00:00,8087.997299106042
2026-09-12 02:00:00+00:00,8083.264698491953
